title,description,ol_key,created_by,created_at,last_modified_by,last_modified_at,revision
"Eleanor & Park","&#35;# Two misfits. One extraordinary love. ##&#13&#10&#13&#10&#13&#10----------&#13&#10## Eleanor ##&#13&#10...Red hair, wrong clothes. Standing behind him until he turns his head. Lying beside him until he wakes up. Making everyone else seem drabber and flatter and never good enough... Eleanor.&#13&#10## Park ##&#13&#10...He knows she'll love a song before he plays it for her. He laughs at her jokes before she ever gets to the punch line. There's a place on his chest, just below his throat, that makes her want to keep promises... Park. &#13&#10&#13&#10----------&#13&#10&#13&#10Set over the course of one school year, this is the story of two star-crossed sixteen-year-olds -- smart enough to know that first love almost never lasts, but brave and desperate enough to try.","/works/OL16803752W","a2bec9ef-28a6-41cb-937b-adaf51dd5ca7","2025-03-29 17:13:07","a2bec9ef-28a6-41cb-937b-adaf51dd5ca7","2025-03-29 17:13:07",1
"The Hired Girl","Ever since the untimely death of her mother, 14 year-old Joan Skraggs has been desperately unhappy. Under the thumb of her cruel father and three sullen brothers, Joan lives like a servant on their farm just outside of Lancaster, forever cooking, cleaning, and attending to the many demands of the home. But she has little freedom, and less support from her family for her love of reading and blossoming interest in education. But when her father tells Joan she can't go to school anymore, it sets off a journey that will see her become first a runaway, then a hired girl on $6 a week, and finally her very own young woman. Set in America during the optimistic years before the First World War, and told through a series of journal entries, THE HIRED GIRL is the story of a young girl in search of Real Life and True Love. It takes in feminism and housework; money, religion, and social class; literature and education, romanticism and realism, first love and sexual yearnings, cats, hats, and bunions. And it's a comedy.","/works/OL18020192W","a2bec9ef-28a6-41cb-937b-adaf51dd5ca7","2025-03-29 17:13:07","a2bec9ef-28a6-41cb-937b-adaf51dd5ca7","2025-03-29 17:13:07",1
"Oryx and Crake","Oryx and Crake is at once an unforgettable love story and a compelling vision of the future. Snowman, known as Jimmy before mankind was overwhelmed by a plague, is struggling to survive in a world where he may be the last human, and mourning the loss of his best friend, Crake, and the beautiful and elusive Oryx whom they both loved. In search of answers, Snowman embarks on a journey–with the help of the green-eyed Children of Crake–through the lush wilderness that was so recently a great city, until powerful corporations took mankind on an uncontrolled genetic engineering ride. Margaret Atwood projects us into a near future that is both all too familiar and beyond our imagining.","/works/OL675722W","a2bec9ef-28a6-41cb-937b-adaf51dd5ca7","2025-03-29 17:13:07","a2bec9ef-28a6-41cb-937b-adaf51dd5ca7","2025-03-29 17:13:07",1
"Vingt mille lieues sous les mers","A nineteenth-century science fiction tale of an electric submarine, its eccentric captain, and undersea world, which anticipated many of the scientific achievements of the twentieth century.","/works/OL1099280W","a2bec9ef-28a6-41cb-937b-adaf51dd5ca7","2025-03-29 17:13:07","a2bec9ef-28a6-41cb-937b-adaf51dd5ca7","2025-03-29 17:13:07",1
"The Way of Kings","Widely acclaimed for his work completing Robert Jordan’s Wheel of Time saga, Brandon Sanderson now begins a grand cycle of his own, one every bit as ambitious and immersive.&#13&#10&#13&#10Roshar is a world of stone and storms. Uncanny tempests of incredible power sweep across the rocky terrain so frequently that they have shaped ecology and civilization alike. Animals hide in shells, trees pull in branches, and grass retracts into the soilless ground. Cities are built only where the topography offers shelter.&#13&#10&#13&#10It has been centuries since the fall of the ten consecrated orders known as the Knights Radiant, but their Shardblades and Shardplate remain: mystical swords and suits of armor that transform ordinary men into near-invincible warriors. Men trade kingdoms for Shardblades. Wars are fought for them, and won by them.&#13&#10&#13&#10One such war rages on a ruined landscape called the Shattered Plains. There, Kaladin, who traded his medical apprenticeship for a spear, has been reduced to slavery. In a war that makes no sense, where ten armies fight separately against a single foe, he struggles to save his men and to fathom the leaders who consider them expendable.&#13&#10&#13&#10Brightlord Dalinar Kholin commands one of those other armies. Like his brother, the late king, he is fascinated by an ancient text called The Way of Kings. Troubled by overpowering visions of ancient times and the Knights Radiant, he has begun to doubt his own sanity.&#13&#10&#13&#10Across the ocean, an untried young woman named Shallan seeks to train under the eminent scholar and notorious heretic Jasnah Kholin, Dalinar’s niece. Though she genuinely loves learning, Shallan’s motives are less than pure. As she plans a daring theft, her research for Jasnah hints at secrets of the Knights Radiant and the true cause of the war.&#13&#10&#13&#10The result of more than ten years of planning, writing, and worldbuilding, The Way of Kings is but the opening movement of the Stormlight Archive, a bold masterpiece in the making.&#13&#10&#13&#10Speak again the ancient oaths,&#13&#10&#13&#10Life before death.&#13&#10Strength before weakness.&#13&#10Journey before destination.&#13&#10&#13&#10and return to men the Shards they once bore.&#13&#10&#13&#10The Knights Radiant must stand again.&#13&#10&#13&#10-From Cover Flap","/works/OL15358691W","a2bec9ef-28a6-41cb-937b-adaf51dd5ca7","2025-03-29 17:13:07","a2bec9ef-28a6-41cb-937b-adaf51dd5ca7","2025-03-29 17:13:07",1
"The Girl with the Dragon Tattoo","Journalist Mikael Blomkvist and hacker Lisbeth Salander investigate the disappearance of Harriet Vanger which took place forty years ago.","/works/OL24433230W","a2bec9ef-28a6-41cb-937b-adaf51dd5ca7","2025-03-29 17:13:07","a2bec9ef-28a6-41cb-937b-adaf51dd5ca7","2025-03-29 17:13:07",1
"Howl's Moving Castle (Howl's Moving Castle #1)","As the oldest daughter, willful, outspoken Sophie knew that her life could lead to nothing but mistakes. When her father dies, her stepmother sends her two sisters out to make their fortunes while Sophie continues to work in the family hattery. As she whispers her thoughts to the hats she trims, the shop begins to grow in popularity, until she offends the Wicked Witch of the Waste. The witch casts a spell turning Sophie into an old woman. Sophie leaves the shop and happens upon the castle of the Wizard Howl. He has a reputation for finding young women and eating their hearts but that doesn't stop Sophie from moving in and turning the lives of the whole castle, including Howl's apprentice and his fire demon, upside down in a battle against the wicked witch and for Sophie's future.","/works/OL60149W","a2bec9ef-28a6-41cb-937b-adaf51dd5ca7","2025-03-29 17:13:07","a2bec9ef-28a6-41cb-937b-adaf51dd5ca7","2025-03-29 17:13:07",1
"The House of Hades","Hazel stands at a crossroads. She and the remaining crew of the Argo II could return home with the Athena Parthenos statue and try to stop Camp Half-Blood and Camp Jupiter from going to war. Or they could continue their quest to find the House of Hades, where they might be able to open the Doors of Death, rescue their friends Percy and Annabeth from Tartarus, and prevent monsters from being reincarnated in the mortal world. Whichever road they decide to take, they have to hurry, because time is running out. Gaea, the bloodthirsty Earth Mother, has set the date of August 1 for her rise to power.&#13&#10&#13&#10Annabeth and Percy are overwhelmed. How will the two of them make it through Tartarus? Starving, thirsty, and in pain, they are barely able to stumble on in the dark and poisonous landscape that holds new horrors at every turn. They have no way of locating the Doors of Death. Even if they did, a legion of Gaea's strongest monsters guards the Doors on the Tartarus side. Annabeth and Percy can't exactly launch a frontal assault.&#13&#10&#13&#10Despite the terrible odds, Hazel, Annabeth, Percy, and the other demigods of the prophecy know that there is only one choice: to attempt the impossible. Not just for themselves, but for everyone they love. Even though love can be the riskiest choice of all.&#13&#10&#13&#10Join the demigods as they face their biggest challenges yet in The House of Hades, the hair-raising penultimate book in the best-selling Heroes of Olympus series.","/works/OL16808392W","a2bec9ef-28a6-41cb-937b-adaf51dd5ca7","2025-03-29 17:13:07","a2bec9ef-28a6-41cb-937b-adaf51dd5ca7","2025-03-29 17:13:07",1
"Hyperbole and a Half","Every time Allie Brosh posts something new on her hugely popular blog Hyperbole and a Half the internet rejoices.&#13&#10&#13&#10Touching, absurd, and darkly comic, Allie Brosh’s highly anticipated book Hyperbole and a Half showcases her unique voice, leaping wit, and her ability to capture complex emotions with deceptively simple illustrations.&#13&#10&#13&#10This full-color, beautifully illustrated edition features more than fifty percent new content, with ten never-before-seen essays and one wholly revised and expanded piece as well as classics from the website like, “The God of Cake,” “Dogs Don’t Understand Basic Concepts Like Moving,” and her astonishing, “Adventures in Depression,” and “Depression Part Two,” which have been hailed as some of the most insightful meditations on the disease ever written.&#13&#10&#13&#10Brosh’s debut marks the launch of a major new American humorist who will surely make even the biggest scrooge or snob laugh. We dare you not to.&#13&#10&#13&#10FROM THE AUTHOR:&#13&#10This is a book I wrote. Because I wrote it, I had to figure out what to put on the back cover to explain what it is. I tried to write a long, third-person summary that would imply how great the book is and also sound vaguely authoritative—like maybe someone who isn’t me wrote it—but I soon discovered that I’m not sneaky enough to pull it off convincingly. So I decided to just make a list of things that are in the book:&#13&#10&#13&#10Pictures&#13&#10Words&#13&#10Stories about things that happened to me&#13&#10Stories about things that happened to other people because of me&#13&#10Eight billion dollars*&#13&#10Stories about dogs&#13&#10The secret to eternal happiness*&#13&#10&#13&#10*These are lies. Perhaps I have underestimated my sneakiness!","/works/OL16808806W","a2bec9ef-28a6-41cb-937b-adaf51dd5ca7","2025-03-29 17:13:07","a2bec9ef-28a6-41cb-937b-adaf51dd5ca7","2025-03-29 17:13:07",1
"The Battle of the Labyrinth","Percy Jackson isn't expecting freshman orientation to be any fun, but when a mysterious mortal acquaintance appears, pursued by demon cheerleaders, things quickly go from bad to worse. Time is running out for Percy. War between the gods and the Titans is drawing near. Even Camp Half-Blood isn't safe, as Kronos's army prepares to invade its once impenetrable borders. To stop them, Percy and his friends must set out on a quest through the Labyrinth -- a sprawling underground world with surprises and danger at every turn.  Along the way Percy will confront powerful enemies, find out the truth about the lost god Pan, and face the Titan lord Kronos's most terrible secret. The final war begins . . . with the Battle of the Labyrinth. - Publisher.","/works/OL492640W","a2bec9ef-28a6-41cb-937b-adaf51dd5ca7","2025-03-29 17:13:07","a2bec9ef-28a6-41cb-937b-adaf51dd5ca7","2025-03-29 17:13:07",1
"Snow Crash","Within the Metaverse, Hiro is offered a datafile named Snow Crash by a man named Raven who hints that it is a form of narcotic. Hiro's friend and fellow hacker Da5id views a bitmap image contained in the file which causes his computer to crash and Da5id to suffer brain damage in the real world.&#13&#10&#13&#10This is the future we now live where all can be brought to life in the metaverse and now all can be taken away. Follow on an adventure with Hiro and YT as they work with the mob to uncover a plot of biblical proportions.","/works/OL38501W","a2bec9ef-28a6-41cb-937b-adaf51dd5ca7","2025-03-29 17:13:07","a2bec9ef-28a6-41cb-937b-adaf51dd5ca7","2025-03-29 17:13:07",1
"Wings of Fire","Avul Pakir Jainulabdeen Abdul Kalam, the son of a little-educated boat-owner in Rameswaram, Tamil Nadu, had an unparalleled career as a defence scientist, culminating in the highest civilian award of India, the Bharat Ratna. As chief of the country’s defence research and development programme, Kalam demonstrated the great potential for dynamism and innovation that existed in seemingly moribund research establishments. This is the story of Kalam’s rise from obscurity and his personal and professional struggles, as well as the story of Agni, Prithvi, Akash, Trishul and Nag—missiles that have become household names in India and that have raised the nation to the level of a missile power of international reckoning. This is also the saga of independent India’s struggle for technological self-sufficiency and defensive autonomy—a story as much about politics, domestic and international, as it is about science.","/works/OL1037811W","a2bec9ef-28a6-41cb-937b-adaf51dd5ca7","2025-03-29 17:13:07","a2bec9ef-28a6-41cb-937b-adaf51dd5ca7","2025-03-29 17:13:07",1
"The Kingdom of Fantasy","'The Kingdom of Fantasy' is a children's novel written by Italian author Geronimo Stilton. The book follows the adventures of Geronimo, a mouse journalist who is magically transported to a fantasy world called the Kingdom of Fantasy.&#13&#10&#13&#10In the story, Geronimo receives a mysterious invitation to visit the Kingdom of Fantasy from a queen who is in danger. He sets off on a quest to save her, encountering various magical creatures along the way, including fairies, trolls, and dragons. Throughout his journey, Geronimo must overcome challenges and use his intelligence and bravery to complete his mission.&#13&#10&#13&#10The book is filled with vivid descriptions of the Kingdom of Fantasy, including its landscapes, creatures, and culture. It also teaches valuable lessons about friendship, courage, and perseverance, making it an engaging and educational read for children.","/works/OL15493152W","a2bec9ef-28a6-41cb-937b-adaf51dd5ca7","2025-03-29 17:13:07","a2bec9ef-28a6-41cb-937b-adaf51dd5ca7","2025-03-29 17:13:07",1
"The Mote in God's Eye","Science fiction classic about the rise, fall and subsequent rise of a civilization where the peak catastrophe is known as the 'crazy eddy point'. Introduces the concept of frictionless toilets that don't have any water in them but I suspect the authors didn't think it all the way through - I don't recall a negative air pressure that would keep odours in their rightfull place. Nevertheless a fascinating read.&#13&#10I haven't read this for donkeys years which is why I'm searching for an e-copy.","/works/OL15331302W","a2bec9ef-28a6-41cb-937b-adaf51dd5ca7","2025-03-29 17:13:07","a2bec9ef-28a6-41cb-937b-adaf51dd5ca7","2025-03-29 17:13:07",1
"Shadows of Self","Shadows of Self shows Mistborn’s society evolving as technology and magic mix, the economy grows, democracy contends with corruption, and religion becomes a growing cultural force, with four faiths competing for converts.&#13&#10&#13&#10This bustling, optimistic, but still shaky society now faces its first instance of terrorism, crimes intended to stir up labor strife and religious conflict. Wax and Wayne, assisted by the lovely, brilliant Marasi, must unravel the conspiracy before civil strife stops Scadrial’s progress in its tracks.&#13&#10&#13&#10Shadows of Self will give fans of The Alloy of Law everything they’ve been hoping for and, this being a Brandon Sanderson book, more, much more.","/works/OL17349393W","a2bec9ef-28a6-41cb-937b-adaf51dd5ca7","2025-03-29 17:13:07","a2bec9ef-28a6-41cb-937b-adaf51dd5ca7","2025-03-29 17:13:07",1
"They Both Die at the End","Adam Silvera reminds us that there’s no life without death and no love without loss in this devastating yet uplifting story about two people whose lives change over the course of one unforgettable day.&#13&#10&#13&#10On September 5, a little after midnight, Death-Cast calls Mateo Torrez and Rufus Emeterio to give them some bad news: They’re going to die today.&#13&#10&#13&#10Mateo and Rufus are total strangers, but, for different reasons, they’re both looking to make a new friend on their End Day. The good news: There’s an app for that. It’s called the Last Friend, and through it, Rufus and Mateo are about to meet up for one last great adventure—to live a lifetime in a single day.&#13&#10&#13&#10In the tradition of Before I Fall and If I Stay, They Both Die at the End is a tour de force from acclaimed author Adam Silvera, whose debut, More Happy Than Not, the New York Times called “profound.”&#13&#10&#13&#10Plus don't miss The First to Die at the End: #1 New York Times bestselling author Adam Silvera returns to the universe of international phenomenon They Both Die at the End in this prequel. New star-crossed lovers are put to the test on the first day of Death-Cast’s fateful calls.","/works/OL19713513W","a2bec9ef-28a6-41cb-937b-adaf51dd5ca7","2025-03-29 17:13:07","a2bec9ef-28a6-41cb-937b-adaf51dd5ca7","2025-03-29 17:13:07",1
"Steal like an artist","When asked to talk to students at Broome Community College in upstate New York in the spring of 2011, Austin Kleon wrote a simple list often things he wished he'd heard when he was their age: 'Steal like an artist; Don't wait until you know who you are to start making things; Write the book you want to read; Use your hands; Side projects are important; Do good work and put it where people can see it; Geography is no longer our master; Be nice (the world is a small town.); Be boring (it's the only way to get work done.); and, Creativity is subtraction.' After giving the speech, he posted the text and slides to his popular blog, where it quickly went viral. Now Kleon has expanded his original manifesto into an illustrated guide to the creative life for writers, artists, entrepreneurs, designers, photographers, musicians, and anyone attempting to make things - art, a career, a life - in the digital age. Brief, direct, and visually interactive, the book includes illustrative anecdotes and mini-exercise sections calling out practical actions readers can take to unleash their own creative spirits.","/works/OL16489931W","a2bec9ef-28a6-41cb-937b-adaf51dd5ca7","2025-03-29 17:13:07","a2bec9ef-28a6-41cb-937b-adaf51dd5ca7","2025-03-29 17:13:07",1
"The Diamond Age","The story of an engineer who creates a device to raise a girl capable of thinking for herself reveals what happens when a young girl of the poor underclass obtains the device.","/works/OL38499W","a2bec9ef-28a6-41cb-937b-adaf51dd5ca7","2025-03-29 17:13:07","a2bec9ef-28a6-41cb-937b-adaf51dd5ca7","2025-03-29 17:13:07",1
"Charlie and the Chocolate Factory","Charlie and the Chocolate Factory is a 1964 children's novel by British author Roald Dahl. The story features the adventures of young Charlie Bucket inside the chocolate factory of eccentric chocolatier Willy Wonka.&#13&#10&#13&#10Charlie and the Chocolate Factory was first published in the United States by Alfred A. Knopf, Inc. in 1964 and in the United Kingdom by George Allen & Unwin 11 months later. &#13&#10&#13&#10In the 2012 survey published by SLJ, a monthly with primarily US audience, Charlie was the second of four books by Dahl among their Top 100 Chapter Books, one more than any other writer. Time magazine in the US included the novel in its list of the 100 Best Young-Adult Books of All Time.","/works/OL45790W","a2bec9ef-28a6-41cb-937b-adaf51dd5ca7","2025-03-29 17:13:07","a2bec9ef-28a6-41cb-937b-adaf51dd5ca7","2025-03-29 17:13:07",1
"Rich Dad, Poor Dad","April of 2022 marks a 25-year milestone for the personal finance classic Rich Dad Poor Dad that still ranks as the #1 Personal Finance book of all time. And although 25 years have passed since Rich Dad Poor Dad was first published, readers will find that very little in the book itself has changed — and for good reason. While so much in our world is changing a high speed, the lessons about money and the principles of Rich Dad Poor Dad haven’t changed. Today, as money continues to play a key role in our daily lives, the messages in Robert Kiyosaki’s international bestseller are more timely and more important than ever.&#13&#10&#13&#10Milestones &#13&#10&#13&#10While there is a milestone  to commemorate — and a new section in the book on Why Milestones Are Important — preserving the integrity of the original content is testimony to the fact that this book has truly stood the test of time. The sidebars throughout the book (that were updated for the 20-year anniversary edition) have been updated again, but the core principles that parents and grandparents — those who embraced Robert’s story and messages 25 years ago — are sharing them with new generations who have found that its timeless wisdom and no-nonsense lessons can be applied to anyone’s life and their vision for a future that includes taking control of their finances.&#13&#10People of all cultures and countries celebrate milestones. We use them to measure time, mark progress, reflect on the lessons we’ve learned, and celebrate accomplishments… and they give meaning to our life’s journey. They are a way that we integrate past, present, and future… looking back at where we started, where we are today… and the promise of all that the future can hold.","/works/OL2010879W","a2bec9ef-28a6-41cb-937b-adaf51dd5ca7","2025-03-29 17:13:07","a2bec9ef-28a6-41cb-937b-adaf51dd5ca7","2025-03-29 17:13:07",1
"The Shining","The Shining is a 1977 horror novel by American author Stephen King. It is King's third published novel and first hardback bestseller; its success firmly established King as a preeminent author in the horror genre. The setting and characters are influenced by King's personal experiences, including both his visit to The Stanley Hotel in 1974 and his struggle with alcoholism. The book was followed by a sequel, Doctor Sleep, published in 2013.&#13&#10&#13&#10The Shining centers on the life of Jack Torrance, a struggling writer and recovering alcoholic who accepts a position as the off-season caretaker of the historic Overlook Hotel in the Colorado Rockies. His family accompanies him on this job, including his young son Danny Torrance, who possesses 'the shining', an array of psychic abilities that allow Danny to see the hotel's horrific past. Soon, after a winter storm leaves them snowbound, the supernatural forces inhabiting the hotel influence Jack's sanity, leaving his wife and son in incredible danger.&#13&#10&#13&#10&#13&#10----------&#13&#10Also contained in:&#13&#10&#13&#10 - [Carrie / Night Shift / 'Salem's Lot / Shining](https://openlibrary.org/works/OL14917547W)&#13&#10 - [Works (Danse Macabre / Salem's Lot / Shining)](https://openlibrary.org/works/OL24233994W)","/works/OL81633W","a2bec9ef-28a6-41cb-937b-adaf51dd5ca7","2025-03-29 17:13:07","a2bec9ef-28a6-41cb-937b-adaf51dd5ca7","2025-03-29 17:13:07",1
"A Fire upon the Deep","Thousands of years in the future, humanity is no longer alone in a universe where a mind's potential is determined by its location in space, from superintelligent entities in the Transcend, to the limited minds of the Unthinking Depths, where only simple creatures, and technology, can function. Nobody knows what strange force partitioned space into these 'regions of thought,' but when the warring Straumli realm use an ancient Transcendent artifact as a weapon, they unwittingly unleash an awesome power that destroys thousands of worlds and enslaves all natural and artificial intelligence.&#13&#10&#13&#10Fleeing this galactic threat, Ravna crash lands on a strange world with a ship-hold full of cryogenically frozen children, the only survivors from a destroyed space-lab. They are taken captive by the Tines, an alien race with a harsh medieval culture, and used as pawns in a ruthless power struggle.","/works/OL1975714W","a2bec9ef-28a6-41cb-937b-adaf51dd5ca7","2025-03-29 17:13:07","a2bec9ef-28a6-41cb-937b-adaf51dd5ca7","2025-03-29 17:13:07",1
"The Hero of Ages","This book is not only the third book in a trilogy, but it’s Act Three of the the three-act structure for the Mistborn Trilogy—it’s the part of the story where the heroes have discovered that what they thought was the problem all along was not the true danger, and now they’re fighting for not only their own survival but that of the world they live in. The mists are killing people and staying out much longer than they should. The Ashmounts are spewing more and more choking ash into the sky, burying the crops that everyone needs to eat to live. And Ruin, the creature Vin was tricked into freeing from its prison of a millennium, is loose to wreak havoc upon the land. Life under the Lord Ruler is starting to look like paradise in comparison.&#13&#10&#13&#10While the first book in the trilogy turned the standard fantasy story on its head, this volume (perhaps inevitably?) returns in a way to the tropes the first volume was a reaction against. Yet in this case the enemy is not a human or humanlike Dark Lord, but something more like a force of nature—entropy itself given a will and a guiding personality in the form of Ruin.&#13&#10&#13&#10Ultimately, the book is about how the characters we have grown to love from the previous volumes—Vin, Elend, Sazed, TenSoon, Spook, Marsh, and others—find the courage and faith to fight on in the face of overwhelming odds, just as Kelsier taught them when he plotted the downfall of the Final Empire.","/works/OL5738154W","a2bec9ef-28a6-41cb-937b-adaf51dd5ca7","2025-03-29 17:13:07","a2bec9ef-28a6-41cb-937b-adaf51dd5ca7","2025-03-29 17:13:07",1
"The Night Circus","The circus arrives without warning. No announcements precede it. It is simply there, when yesterday it was not. Within the black-and-white striped canvas tents is an utterly unique experience full of breathtaking amazements. It is called Le Cirque des Rêves, and it is only open at night. But behind the scenes, a fierce competition is underway—a duel between two young magicians, Celia and Marco, who have been trained since childhood expressly for this purpose by their mercurial instructors. Unbeknownst to them, this is a game in which only one can be left standing, and the circus is but the stage for a remarkable battle of imagination and will. Despite themselves, however, Celia and Marco tumble headfirst into love—a deep, magical love that makes the lights flicker and the room grow warm whenever they so much as brush hands. True love or not, the game must play out, and the fates of everyone involved, from the cast of extraordinary circus per formers to the patrons, hang in the balance, suspended as precariously as the daring acrobats overhead. Written in rich, seductive prose, this spell-casting novel is a feast for the senses and the heart. - Publisher.","/works/OL16086747W","a2bec9ef-28a6-41cb-937b-adaf51dd5ca7","2025-03-29 17:13:07","a2bec9ef-28a6-41cb-937b-adaf51dd5ca7","2025-03-29 17:13:07",1
"The selfish gene","As influential today as when it was first published, The Selfish Gene has become a classic exposition of evolutionary thought. Professor Dawkins articulates a gene's eye view of evolution - a view giving centre stage to these persistent units of information, and in which organisms can be seen as vehicles for their replication. This imaginative, powerful, and stylistically brilliant work not only brought the insights of Neo-Darwinism to a wide audience, but galvanized the biology&#13&#10community, generating much debate and stimulating whole new areas of research. Forty years later, its insights remain as relevant today as on the day it was published.&#13&#10&#13&#10This 40th anniversary edition includes a new epilogue from the author discussing the continuing relevance of these ideas in evolutionary biology today, as well as the original prefaces and foreword, and extracts from early reviews.&#13&#10&#13&#10Oxford Landmark Science books are 'must-read' classics of modern science writing which have crystallized big ideas, and shaped the way we think.","/works/OL1966488W","a2bec9ef-28a6-41cb-937b-adaf51dd5ca7","2025-03-29 17:13:07","a2bec9ef-28a6-41cb-937b-adaf51dd5ca7","2025-03-29 17:13:07",1
"Night Owl","Night Owl: A Nationbuilder's Manual is a 2021 memoir authored by former Build Build Build Committee Chairperson Anna Mae Yu Lamentillo,[1] providing a narrative of the Philippines' infrastructure policy from 2016 to 2022.","/works/OL37909009W","a2bec9ef-28a6-41cb-937b-adaf51dd5ca7","2025-03-29 17:13:07","a2bec9ef-28a6-41cb-937b-adaf51dd5ca7","2025-03-29 17:13:07",1
"Tale of Despereaux","The adventures of Desperaux Tilling, a small mouse of unusual talents, the princess that he loves, the servant girl who longs to be a princess, and a devious rat determined to bring them all to ruin.","/works/OL468677W","a2bec9ef-28a6-41cb-937b-adaf51dd5ca7","2025-03-29 17:13:07","a2bec9ef-28a6-41cb-937b-adaf51dd5ca7","2025-03-29 17:13:07",1
"Small Gods","In the beginning was the Word.&#13&#10&#13&#10And the Word was: 'Hey, you!'&#13&#10&#13&#10For Brutha the novice is the Chosen One. He wants peace and justice and brotherly love.&#13&#10&#13&#10He also wants the Inquisition to stop torturing him now, please...","/works/OL453697W","a2bec9ef-28a6-41cb-937b-adaf51dd5ca7","2025-03-29 17:13:07","a2bec9ef-28a6-41cb-937b-adaf51dd5ca7","2025-03-29 17:13:07",1
"The Third Wheel","Love is in the air - but what does that mean for Greg Heffley? A Valentine's Day dance at Greg's middle school has turned his world upside down. As Greg scrambles to find a date, he's worried he'll be left out in the cold on the big night. His best friend, Rowley, doesn't have any prospects either, but that's a small consolation. An unexpected twist gives Greg a partner for the dance and leaves Rowley the odd man out. But a lot can happen in one night, and in the end, you never know who's going to be lucky in love.","/works/OL16797312W","a2bec9ef-28a6-41cb-937b-adaf51dd5ca7","2025-03-29 17:13:07","a2bec9ef-28a6-41cb-937b-adaf51dd5ca7","2025-03-29 17:13:07",1
"The Clan of the Cave Bear","The Clan of the Cave Bear is a 1980 novel and epic work of prehistoric fiction by Jean M. Auel about prehistoric times. It is the first book in the Earth's Children book series, which speculates on the possibilities of interactions between Neanderthal and modern Cro-Magnon humans.&#13&#10&#13&#10&#13&#10----------&#13&#10Also contained in:&#13&#10[Earth's Children](https://openlibrary.org/works/OL2746374W)","/works/OL2746369W","a2bec9ef-28a6-41cb-937b-adaf51dd5ca7","2025-03-29 17:13:07","a2bec9ef-28a6-41cb-937b-adaf51dd5ca7","2025-03-29 17:13:07",1
"The Great Hunt (The Wheel of Time Book 2)","Now in development for TV!&#13&#10&#13&#10Since its debut in 1990, The Wheel of Time® by Robert Jordan has captivated millions of readers around the globe with its scope, originality, and compelling characters.&#13&#10&#13&#10The Wheel of Time turns and Ages come and go, leaving memories that become legend. Legend fades to myth, and even myth is long forgotten when the Age that gave it birth returns again. In the Third Age, an Age of Prophecy, the World and Time themselves hang in the balance. What was, what will be, and what is, may yet fall under the Shadow.&#13&#10&#13&#10For centuries, gleemen have told the tales of The Great Hunt of the Horn. So many tales about each of th Hunters, and so many Hunters to tell of...Now the Horn itself is found: the Horn of Valere long thought only legend, the Horn which will raise the dead heroes of the ages. And it is stolen.&#13&#10&#13&#10TV series update: 'Sony will produce along with Red Eagle Entertainment and Radar Pictures. Rafe Judkins is attached to write and executive produce. Judkins previously worked on shows such as ABC’s “Agents of SHIELD,” the Netflix series “Hemlock Grove,” and the NBC series “Chuck.” Red Eagle partners Rick Selvage and Larry Mondragon will executive produce along with Radar’s Ted Field and Mike Weber. Darren Lemke will also executive produce, with Jordan’s widow Harriet McDougal serving as consulting producer.' —*Variety*&#13&#10&#13&#10The Wheel of Time**®**&#13&#10New Spring: The Novel&#13&#10#1 The Eye of the World&#13&#10#2 The Great Hunt&#13&#10#3 The Dragon Reborn&#13&#10#4 The Shadow Rising&#13&#10#5 The Fires of Heaven&#13&#10#6 Lord of Chaos&#13&#10#7 A Crown of Swords&#13&#10#8 The Path of Daggers&#13&#10#9 Winter's Heart&#13&#10#10 Crossroads of Twilight&#13&#10#11 Knife of Dreams&#13&#10&#13&#10By Robert Jordan and Brandon Sanderson&#13&#10#12 The Gathering Storm&#13&#10#13 Towers of Midnight&#13&#10#14 A Memory of Light","/works/OL7924135W","a2bec9ef-28a6-41cb-937b-adaf51dd5ca7","2025-03-29 17:13:07","a2bec9ef-28a6-41cb-937b-adaf51dd5ca7","2025-03-29 17:13:07",1
"Dark Matter","One night after an evening out, Jason Dessen, forty-year-old physics professor living with his wife and son in Chicago, is kidnapped at gunpoint by a masked man, driven to an abandoned industrial site and injected with a powerful drug. As he wakes, a man Jason's never met smiles down at him and says, 'Welcome back, my friend.' But this life is not the one he knows. His wife is not his wife; his son was never born; and he's not an ordinary college professor, but a celebrated genius who has achieved something impossible. Is it this world or the other that's the dream? How can he possibly make it back to the family he loves? The answers lie in a journey more wondrous and horrifying than anything he could have imagined--one that will force him to confront the darkest parts of himself as he battles a terrifying, seemingly unbeatable foe. --","/works/OL17358795W","a2bec9ef-28a6-41cb-937b-adaf51dd5ca7","2025-03-29 17:13:07","a2bec9ef-28a6-41cb-937b-adaf51dd5ca7","2025-03-29 17:13:07",1
"Normal People","At school Connell and Marianne pretend not to know each other. He’s popular and well-adjusted, star of the school soccer team while she is lonely, proud, and intensely private. But when Connell comes to pick his mother up from her housekeeping job at Marianne’s house, a strange and indelible connection grows between the two teenagers - one they are determined to conceal.&#13&#10&#13&#10A year later, they’re both studying at Trinity College in Dublin. Marianne has found her feet in a new social world while Connell hangs at the sidelines, shy and uncertain. Throughout their years in college, Marianne and Connell circle one another, straying toward other people and possibilities but always magnetically, irresistibly drawn back together. Then, as she veers into self-destruction and he begins to search for meaning elsewhere, each must confront how far they are willing to go to save the other.&#13&#10&#13&#10Sally Rooney brings her brilliant psychological acuity and perfectly spare prose to a story that explores the subtleties of class, the electricity of first love, and the complex entanglements of family and friendship.","/works/OL20150260W","a2bec9ef-28a6-41cb-937b-adaf51dd5ca7","2025-03-29 17:13:07","a2bec9ef-28a6-41cb-937b-adaf51dd5ca7","2025-03-29 17:13:07",1
"The Final Empire","For a thousand years ashes have fallen from the sky.  For a thousand years nothing has flourished.  For a thousand years the skaa have been enslaved and live in misery, mired in inevitable fear.  For a thousand years the Lord Ruler has reigned with absolute power, ruling thanks to terror, his powers and his immortality, aided by 'benders' and 'inquisitors', along with the powerful magic of Allomancy.","/works/OL5738148W","a2bec9ef-28a6-41cb-937b-adaf51dd5ca7","2025-03-29 17:13:07","a2bec9ef-28a6-41cb-937b-adaf51dd5ca7","2025-03-29 17:13:07",1
"The Stand","One man escapes from a biological weapon facility after an accident, carrying with him the deadly virus known as Captain Tripps, a rapidly mutating flu that - in the ensuing weeks - wipes out most of the world's population. In the aftermath, survivors choose between following an elderly black woman to Boulder or the dark man, Randall Flagg, who has set up his command post in Las Vegas. The two factions prepare for a confrontation between the forces of good and evil.&#13&#10([source][1])&#13&#10&#13&#10&#13&#10  [1]: https://stephenking.com/library/novel/stand_the.html","/works/OL81618W","a2bec9ef-28a6-41cb-937b-adaf51dd5ca7","2025-03-29 17:13:07","a2bec9ef-28a6-41cb-937b-adaf51dd5ca7","2025-03-29 17:13:07",1
"Guess How Much I Love You","Welcome the family classic with an elegant, refreshed cover — the quintessential picture book, just waiting to be shared.&#13&#10&#13&#10Sometimes, when you love someone very, very much, you want to find a way of describing how much you treasure them. But, as Little Nutbrown Hare and Big Nutbrown Hare discover, love is not an easy thing to measure! For two decades, Sam McBratney’s timelessly endearing story, beautifully rendered in Anita Jeram’s exquisite watercolors, has captured the deep and tender bond between parent and child. Guess How Much I Love You is one of the world’s best-loved picture books.","/works/OL58402W","a2bec9ef-28a6-41cb-937b-adaf51dd5ca7","2025-03-29 17:13:07","a2bec9ef-28a6-41cb-937b-adaf51dd5ca7","2025-03-29 17:13:07",1
"The Ocean at the End of the Lane","A middle-aged man returns to his childhood home to attend a funeral. Although the house he lived in is long gone, he is drawn to the farm at the end of the road, where, when he was seven, he encountered a most remarkable girl, Lettie Hempstock, and her mother and grandmother. He hasn't thought of Lettie in decades, and yet as he sits by the pond (a pond that she'd claimed was an ocean) behind the ramshackle old farmhouse, the unremembered past comes flooding back. And it is a past too strange, too frightening, too dangerous to have happened to anyone, let alone a small boy.&#13&#10&#13&#10Forty years earlier, a man committed suicide in a stolen car at this farm at the end of the road. Like a fuse on a firework, his death lit a touchpaper and resonated in unimaginable ways. The darkness was unleashed, something scary and thoroughly incomprehensible to a little boy. And Lettie—magical, comforting, wise beyond her years—promised to protect him, no matter what.&#13&#10&#13&#10A groundbreaking work from a master, The Ocean at the End of the Lane is told with a rare understanding of all that makes us human, and shows the power of stories to reveal and shelter us from the darkness inside and out. It is a stirring, terrifying, and elegiac fable as delicate as a butterfly's wing and as menacing as a knife in the dark.","/works/OL16804661W","a2bec9ef-28a6-41cb-937b-adaf51dd5ca7","2025-03-29 17:13:07","a2bec9ef-28a6-41cb-937b-adaf51dd5ca7","2025-03-29 17:13:07",1
"Death Masks","Harry Dresden, Chicago's only practicing professional wizard, is hired by a mysterious priest to find the stolen shroud of Turin.","/works/OL5685114W","a2bec9ef-28a6-41cb-937b-adaf51dd5ca7","2025-03-29 17:13:07","a2bec9ef-28a6-41cb-937b-adaf51dd5ca7","2025-03-29 17:13:07",1
"Turtles All the Way Down","**SIXTEEN-YEAR-OLD AZA NEVER INTENDED** to pursue the mystery of fugitive billionaire Russell Pickett, but there's a hundred-thousand-dollar reward at sake and  her Best and Most Fearless Friend, Daisy, is eager to investigate. So together, they navigate the short distance and broad divides that separate them from Russell Pickett's son, Davis.&#13&#10&#13&#10Aza is trying. She is trying to be a good daughter, a good friend, a good student, and maybe even a good detective, while also living within the ever-tightening spiral of her own thoughts.&#13&#10&#13&#10In his long-awaited return, John Green, the acclaimed, award-winning author of *Looking for Alaska* and *The Fault in Our Stars*, shares Aza's story with shattering, unflinching clarity in this brilliant novel of love, resilience, and the power of lifelong friendship.&#13&#10&#13&#10This description comes from the publisher.","/works/OL17842319W","a2bec9ef-28a6-41cb-937b-adaf51dd5ca7","2025-03-29 17:13:07","a2bec9ef-28a6-41cb-937b-adaf51dd5ca7","2025-03-29 17:13:07",1
"Keeper of the Lost Cities","Twelve-year-old Sophie has never quite fit into her life. She’s skipped multiple grades and doesn’t really connect with the older kids at school, but she’s not comfortable with her family, either. The reason? Sophie’s a Telepath, someone who can read minds. No one knows her secret—at least, that’s what she thinks…&#13&#10&#13&#10But the day Sophie meets Fitz, a mysterious (and adorable) boy, she learns she’s not alone. He’s a Telepath too, and it turns out the reason she has never felt at home is that, well…she isn’t. Fitz opens Sophie’s eyes to a shocking truth, and she is forced to leave behind her family for a new life in a place that is vastly different from what she has ever known.&#13&#10&#13&#10But Sophie still has secrets, and they’re buried deep in her memory for good reason: The answers are dangerous and in high-demand. What is her true identity, and why was she hidden among humans? The truth could mean life or death—and time is running out.","/works/OL16361049W","a2bec9ef-28a6-41cb-937b-adaf51dd5ca7","2025-03-29 17:13:07","a2bec9ef-28a6-41cb-937b-adaf51dd5ca7","2025-03-29 17:13:07",1
"Le Comte de Monte Cristo","xxix, 608 pages ; 21 cm","/works/OL36287W","a2bec9ef-28a6-41cb-937b-adaf51dd5ca7","2025-03-29 17:13:07","a2bec9ef-28a6-41cb-937b-adaf51dd5ca7","2025-03-29 17:13:07",1
"Mere Christianity","First broadcast as informal radio 'talks' and later published as three separate books, The Case for Christianity, Christian Behaviour, and Beyond Personality are presented together in Mere Christianity. In his remarkably direct and accessible style, the renowned Christian apologist shows how the power of Christianity manifests itself -- not in any single denomination but as 'mere' Christianity, a total force. For Lewis sets out to prove only that 'in the center of each there is something, or a Someone, who against all divergencies of belief, all differences of temperament, all memories of mutual persecution, speaks with the same voice.' - Back cover.","/works/OL71056W","a2bec9ef-28a6-41cb-937b-adaf51dd5ca7","2025-03-29 17:13:07","a2bec9ef-28a6-41cb-937b-adaf51dd5ca7","2025-03-29 17:13:07",1
"A Closed and Common Orbit","Once, Lovelace had eyes and ears everywhere. She was a ship's artificial intelligence system - possessing a personality and very human emotions. But when her ship was badly damaged, Lovelace was forced to reboot and reset. Now housed in an illegal synthetic body, she's never felt so isolated.&#13&#10But Lovelace is not alone. Pepper, an engineer who risked her life to reinstall Lovelace's program, has remained by her side and is determined to help her.","/works/OL17897265W","a2bec9ef-28a6-41cb-937b-adaf51dd5ca7","2025-03-29 17:13:07","a2bec9ef-28a6-41cb-937b-adaf51dd5ca7","2025-03-29 17:13:07",1
"Number the Stars","Ten-year-old Annemarie Johansen and her best friend, Ellen Rosen, often think about life before the war. But it's now 1943, and their life in Copenhagen is filled with school, food shortages, and the Nazi soldiers marching in their town.&#13&#10The Nazis won't stop. The Jews of Denmark are being 'relocated,' so Ellen moves in with the Johansens and pretends to be part of the family. Then Annemarie is asked to go on a dangerous mission. Somehow she must find the strength and courage to save her best friend's life. There's no turning back now.","/works/OL1846074W","a2bec9ef-28a6-41cb-937b-adaf51dd5ca7","2025-03-29 17:13:07","a2bec9ef-28a6-41cb-937b-adaf51dd5ca7","2025-03-29 17:13:07",1
"Little Women","Louisa May Alcotts classic novel, set during the Civil War, has always captivated even the most reluctant readers. Little girls, especially, love following the adventures of the four March sisters--Meg, Beth, Amy, and most of all, the tomboy Jo--as they experience the joys and disappointments, tragedies and triumphs, of growing up. This simpler version captures all the charm and warmth of the original.","/works/OL29983W","a2bec9ef-28a6-41cb-937b-adaf51dd5ca7","2025-03-29 17:13:07","a2bec9ef-28a6-41cb-937b-adaf51dd5ca7","2025-03-29 17:13:07",1
"Going Postal","Suddenly, condemned arch-swindler Moist von Lipwig found himself with a noose around his neck and dropping through a trapdoor into ... a government job? By all rights, Moist should be meeting his maker rather than being offered a position as Postmaster by Lord Vetinari, supreme ruler of Ankh-Morpork. Getting the moribund Postal Service up and running again, however, may prove an impossible task, what with literally mountains of decades-old undelivered mail clogging every nook and cranny of the broken-down post office. Worse still, Moist could swear the mail is talking to him. Worst of all, it means taking on the gargantuan, greedy Grand Trunk clacks communication monopoly and its bloodthirsty piratical headman. But if the bold and undoable are what's called for, Moist's the man for the job -- to move the mail, continue breathing, get the girl, and specially deliver that invaluable commodity that every being, human or otherwise, requires: hope.","/works/OL453733W","a2bec9ef-28a6-41cb-937b-adaf51dd5ca7","2025-03-29 17:13:07","a2bec9ef-28a6-41cb-937b-adaf51dd5ca7","2025-03-29 17:13:07",1
"Latidos Que No Dije","'Latidos que no dije' es una <a href='https://somoslibros.net/' target='_blank'>novela</a> que sigue la vida de Leire, una joven que atraviesa un momento difícil después de romper con su novio. Decidida a empezar de nuevo, se muda a Madrid en busca de una nueva vida y oportunidades para redescubrirse a sí misma.&#13&#10&#13&#10A lo largo de la historia, la narrativa se desarrolla a través del diario personal de Leire, donde comparte sus pensamientos más íntimos y sentimientos mientras intenta superar el dolor de su ruptura. En este diario, el lector se sumerge en sus emociones, sus luchas internas y sus reflexiones más profundas sobre la vida y el amor.&#13&#10&#13&#10En Madrid, Leire encuentra un entorno lleno de posibilidades y conoce a diversas personas que la acompañan en su viaje de autodescubrimiento. Estas nuevas conexiones y experiencias la ayudan a entenderse mejor y a explorar su identidad, enfrentándose a sus propios miedos y deseos.&#13&#10&#13&#10A medida que Leire se sumerge en esta nueva vida y se relaciona con diferentes personas, descubre que el amor verdadero puede ser más complejo y desafiante de lo que pensaba. La novela explora las complejidades de las relaciones humanas, mostrando cómo el amor puede ser un camino de descubrimiento personal y transformación.&#13&#10&#13&#10'Latidos que no dije' es una historia emocionalmente cargada, llena de reflexiones profundas sobre el amor, la identidad y la superación personal. A través de las palabras de Leire, el lector es llevado en un viaje íntimo y conmovedor que explora los altibajos de las emociones humanas y la importancia de ser auténtico con uno mismo.&#13&#10&#13&#10Reseña ofrecida por <a href='https://somoslibros.net/' target='_blank'>somoslibros.net</a>","/works/OL28914133W","a2bec9ef-28a6-41cb-937b-adaf51dd5ca7","2025-03-29 17:13:07","a2bec9ef-28a6-41cb-937b-adaf51dd5ca7","2025-03-29 17:13:07",1
"Six of Crows","BOOK ONE of the [Six of Crows Duology](https://openlibrary.org/works/OL19758128W/Six_of_Crows_Crooked_Kingdom)&#13&#10&#13&#10Six of Crows is a fantasy novel written by the Israeli-American author Leigh Bardugo published by Henry Holt and Co. in 2015. The story follows a thieving crew and is primarily set in the city of Ketterdam, loosely inspired by Dutch Republic–era Amsterdam. The plot is told from third-person viewpoints of seven different characters.&#13&#10&#13&#10The novel is followed by [Crooked Kingdom](https://openlibrary.org/works/OL17597665W) (2016) and is part of the Grishaverse. &#13&#10&#13&#10Followed by: [Crooked Kingdom][2]&#13&#10&#13&#10&#13&#10  [2]: https://openlibrary.org/works/OL17597665W/Crooked_Kingdom","/works/OL17332479W","a2bec9ef-28a6-41cb-937b-adaf51dd5ca7","2025-03-29 17:13:07","a2bec9ef-28a6-41cb-937b-adaf51dd5ca7","2025-03-29 17:13:07",1
"To All the Boys I've Loved Before","What if all the crushes you ever had found out how you felt about them… all at once? &#13&#10&#13&#10Sixteen-year-old Lara Jean Covey keeps her love letters in a hatbox her mother gave her. They aren’t love letters that anyone else wrote for her; these are ones she’s written. One for every boy she’s ever loved—five in all. When she writes, she pours out her heart and soul and says all the things she would never say in real life, because her letters are for her eyes only. Until the day that her sister Kathrine, secretly mailed the letters and Lara Jean’s love life goes from imaginary to out of control.","/works/OL17203233W","a2bec9ef-28a6-41cb-937b-adaf51dd5ca7","2025-03-29 17:13:07","a2bec9ef-28a6-41cb-937b-adaf51dd5ca7","2025-03-29 17:13:07",1
"The C Programming Language","Very well known, classic introduction to the C Programming Language. Both a text for learning, a reference, and, to some, the definition of proper C language features and use.","/works/OL4617640W","a2bec9ef-28a6-41cb-937b-adaf51dd5ca7","2025-03-29 17:13:07","a2bec9ef-28a6-41cb-937b-adaf51dd5ca7","2025-03-29 17:13:07",1
"The Witches","","/works/OL45886W","a2bec9ef-28a6-41cb-937b-adaf51dd5ca7","2025-03-29 17:13:07","a2bec9ef-28a6-41cb-937b-adaf51dd5ca7","2025-03-29 17:13:07",1
"Mrs. Frisby and the Rats of Nimh","Mrs. Frisby, a widowed mouse with four small children, is faced with a terrible problem. She must move her family to their summer quarters immediately, or face almost certain death. But her youngest son, Timothy, lies ill with pneumonia and must not be moved. Fortunately, she encounters the rats of NIMH, an extraordinary breed of highly intelligent creatures, who come up with a brilliant solution to her dilemma. And Mrs. Frisby in turn renders them a great service.","/works/OL5092623W","a2bec9ef-28a6-41cb-937b-adaf51dd5ca7","2025-03-29 17:13:07","a2bec9ef-28a6-41cb-937b-adaf51dd5ca7","2025-03-29 17:13:07",1
"Wizard's First Rule","Richard Cypher's father was brutally murdered a month ago, in his home with his guts ripped out of his stomach.  While coping with this sudden loss, Richard saves Kahlan Amnell from four mercenaries, and with the help of Richard's grandfather the three flee to the midlands to stop Darken Rahl's ever expanding empire.  Secrets will be revealed, many will perish, and the legends begins.","/works/OL2010436W","a2bec9ef-28a6-41cb-937b-adaf51dd5ca7","2025-03-29 17:13:07","a2bec9ef-28a6-41cb-937b-adaf51dd5ca7","2025-03-29 17:13:07",1
"Wolves of the Calla","[The Dark Tower][1] V&#13&#10&#13&#10After escaping the perilous wreckage of Blaine the insane Mono and eluding the evil clutches of the vindictive sorcerer Randall Flagg, Roland and his ka-tet find themselves back on the southeasterly path of the Beam. Here, in the borderlands that lie between Mid-World and End-World, Roland and his friends are approached by a frightened band of representatives from the nearby town of Calla Bryn Sturgis. In less than a month, the Calla will be attacked by the Wolves--those masked riders that gallop out of Thunderclap once a generation to steal the town's children. The Calla folken need the kind of help that only gunslingers can give, and if the tet agrees to help, the town's priest--Father Callahan, once of 'Salem's Lot, Maine--promises to give them Black Thirteen, the most potent and treacherous of Maerlyn's magic balls. He used it to enter Mid-World, and now it sleeps fitfully beneath the floorboards of his church. Meanwhile, in the New York of 1977, the Sombra Corporation plots to destroy the lot at Second Avenue and Forty-Sixth Street. How can Roland and his friends both save the rose and fight the Wolves? Only by using the magic of Black Thirteen, but how can anyone trust this sinister and treacherous object which is, in actuality, the eye of the Crimson King himself? Time is running out on all levels of the Tower, but unless our ka-tet can defeat the minions of Thunderclap both in our world and in Mid-World, they will never reach that great lynchpin of the time/space continuum which, even now, begins to totter . . .&#13&#10([source][2])&#13&#10&#13&#10&#13&#10  [1]: https://openlibrary.org/works/OL81600W/The_Dark_Tower_1-7&#13&#10  [2]: https://stephenking.com/library/novel/dark_tower_wolves_of_the_calla_the.html","/works/OL81594W","a2bec9ef-28a6-41cb-937b-adaf51dd5ca7","2025-03-29 17:13:07","a2bec9ef-28a6-41cb-937b-adaf51dd5ca7","2025-03-29 17:13:07",1
"The Fault in Our Stars","Despite the tumor-shrinking medical miracle that has bought her a few years, Hazel has never been anything but terminal, her final chapter inscribed upon diagnosis. But when a gorgeous plot twist named Augustus Waters suddenly appears at Cancer Kid Support Group, Hazel's story is about to be completely rewritten.&#13&#10([source][1])&#13&#10&#13&#10&#13&#10  [1]: http://www.johngreenbooks.com/the-fault-in-our-stars","/works/OL16444438W","a2bec9ef-28a6-41cb-937b-adaf51dd5ca7","2025-03-29 17:13:07","a2bec9ef-28a6-41cb-937b-adaf51dd5ca7","2025-03-29 17:13:07",1
"The Sea of Monsters","It is the second book in the Percy Jackson series where Percy is sent on a quest (well, I wouldn't say SENT) to retrieve the golden fleece that will hep cure Thalia's tree to protect camp-half blood. Old enemies appear and new ones emerge. How will Percy and his band of loyal friends survive?","/works/OL492646W","a2bec9ef-28a6-41cb-937b-adaf51dd5ca7","2025-03-29 17:13:07","a2bec9ef-28a6-41cb-937b-adaf51dd5ca7","2025-03-29 17:13:07",1
"The Voyage of the Dawn Treader","Lucy, Edmund, and their cousin travel back to Narnia through a painting where they board a ship named 'The Dawn Treader.' They find King Caspian and a mouse on the ship and they find mystical creatures and go on a mission that will decide Narnia's fate!","/works/OL71132W","a2bec9ef-28a6-41cb-937b-adaf51dd5ca7","2025-03-29 17:13:07","a2bec9ef-28a6-41cb-937b-adaf51dd5ca7","2025-03-29 17:13:07",1
"The Perks of Being a Wallflower","The Perks of Being a Wallflower is a young adult coming-of-age epistolary novel by American writer Stephen Chbosky, which was first published on February 1, 1999, by Pocket Books. Set in the early 1990s, the novel follows Charlie, an introverted observing teenager, through his freshman year of high school in a Pittsburgh suburb. The novel details Charlie's unconventional style of thinking as he navigates between the worlds of adolescence and adulthood, and attempts to deal with poignant questions spurred by his interactions with both his friends and family.","/works/OL875437W","a2bec9ef-28a6-41cb-937b-adaf51dd5ca7","2025-03-29 17:13:07","a2bec9ef-28a6-41cb-937b-adaf51dd5ca7","2025-03-29 17:13:07",1
"Duma Key","Duma Key is a novel by American writer Stephen King published on January 22, 2008 by Scribner. The book reached No. 1 on the New York Times Best Seller List. It is King's first novel to be set in Florida and/or Minnesota.","/works/OL149119W","a2bec9ef-28a6-41cb-937b-adaf51dd5ca7","2025-03-29 17:13:07","a2bec9ef-28a6-41cb-937b-adaf51dd5ca7","2025-03-29 17:13:07",1
"East of Eden","Steinbeck considered East of Eden to be his masterpiece. In his journal, Journal of a Novel (often read as a companion to the novel) he notes that “this is the book I have always wanted and have worked and prayed to be able to write Set primarily in the Salinas Valley in the early twentieth century, the novel traces three generations of two families – the Trasks and the Hamiltons – as they grapple with the ever-present forces of good and evil. From this plot emerged some of Steinbeck’s most fascinating characters – many of whom are modeled after people in his own life.&#13&#10&#13&#10Part allegory, part autobiography, and part epic, East of Eden was an ambitious project from the start – a gift to Steinbeck’s sons that was meant to teach them about identity, grief, and what it means to be human. Tinged with biblical echoes of the fall of Adam and Eve and the rivalry of Cain and Abel, this sprawling saga has captivated audiences everywhere for generations. It is through the popularization of East of Eden that the Salinas Valley was truly transformed into “the valley of the world”; a place where everyone is able to find a piece of themselves in the golden, rolling hills.&#13&#10([source][1])&#13&#10&#13&#10&#13&#10----------&#13&#10Contains:&#13&#10&#13&#10 - [East of Eden 1/2][2]&#13&#10 - [East of Eden 2/2][3]&#13&#10&#13&#10----------&#13&#10Also contained in:&#13&#10&#13&#10 - [East of Eden / The Wayward Bus][4]&#13&#10 - [The Grapes of Wrath / The Moon is Down / Cannery Row / East of Eden / Of Mice and Men][5]&#13&#10 - [Novels 1942-1952](https://openlibrary.org/works/OL15334093W/Novels_1942-1952)&#13&#10 - [Reader's Digest Condensed Books: Spring 1953 Selections](https://openlibrary.org/works/OL15158232W)&#13&#10&#13&#10&#13&#10  [1]: http://www.steinbeck.org/about-john/his-works/&#13&#10  [2]: https://openlibrary.org/works/OL17811975W/East_of_Eden_1_2&#13&#10  [3]: https://openlibrary.org/works/OL18023025W/East_of_Eden_2_2&#13&#10  [4]: https://openlibrary.org/works/OL15138391W/East_of_Eden_The_Wayward_Bus&#13&#10  [5]: https://openlibrary.org/works/OL23165W/The_Grapes_of_Wrath_The_Moon_is_Down_Cannery_Row_East_of_Eden_Of_Mice_and_Men","/works/OL23166W","a2bec9ef-28a6-41cb-937b-adaf51dd5ca7","2025-03-29 17:13:07","a2bec9ef-28a6-41cb-937b-adaf51dd5ca7","2025-03-29 17:13:07",1
"The Adventures of Captain Underpants","When George and Harold hypnotize their principal into thinking that he is the superhero Captain Underpants, he leads them to the lair of the nefarious Dr. Diaper, where they must defeat his evil robot henchmen.","/works/OL14871228W","a2bec9ef-28a6-41cb-937b-adaf51dd5ca7","2025-03-29 17:13:07","a2bec9ef-28a6-41cb-937b-adaf51dd5ca7","2025-03-29 17:13:07",1
"The Summer I Turned Pretty Trilogy","Belly has always lived for the summertime, because summer means all her favorite things: swimming, the beach, and the Fischer boys, Conrad and Jeremiah. For as long as she can remember, she's shared her summers with the brothers at Cousins Beach. And for as long as she can remember, she's been in love with Conrad. Then one summer it seems like he might have feelings for her too -- but so does Jeremiah. As the summer seasons pass, Belly has to choose between two brothers who love her ... and she'll have to break one of their hearts.","/works/OL17508740W","a2bec9ef-28a6-41cb-937b-adaf51dd5ca7","2025-03-29 17:13:07","a2bec9ef-28a6-41cb-937b-adaf51dd5ca7","2025-03-29 17:13:07",1
"A Thousand Splendid Suns","After 103 weeks on the New York Times bestseller list and with four million copies of The Kite Runner shipped, Khaled Hosseini returns with a beautiful, riveting, and haunting novel that confirms his place as one of the most important literary writers today.&#13&#10&#13&#10Propelled by the same superb instinct for storytelling that made The Kite Runner a beloved classic, A Thousand Splendid Suns is at once an incredible chronicle of thirty years of Afghan history and a deeply moving story of family, friendship, faith, and the salvation to be found in love.&#13&#10&#13&#10Born a generation apart and with very different ideas about love and family, Mariam and Laila are two women brought jarringly together by war, by loss and by fate. As they endure the ever escalating dangers around them—in their home as well as in the streets of Kabul—they come to form a bond that makes them both sisters and mother-daughter to each other, and that will ultimately alter the course not just of their own lives but of the next generation. With heart-wrenching power and suspense, Hosseini shows how a woman's love for her family can move her to shocking and heroic acts of self-sacrifice, and that in the end it is love, or even the memory of love, that is often the key to survival.&#13&#10&#13&#10A stunning accomplishment, A Thousand Splendid Suns is a haunting, heartbreaking, compelling story of an unforgiving time, an unlikely friendship, and an indestructible love.&#13&#10([source][1])&#13&#10&#13&#10&#13&#10  [1]: https://khaledhosseini.com/books/a-thousand-splendid-suns/","/works/OL5782000W","a2bec9ef-28a6-41cb-937b-adaf51dd5ca7","2025-03-29 17:13:07","a2bec9ef-28a6-41cb-937b-adaf51dd5ca7","2025-03-29 17:13:07",1
"The Martian Chronicles","This is a collection of science fiction short stories, cleverly cobbled together to form a coherent and very readable novel about a future colonization of Mars. As the stories progress chronologically the author tells how the first humans colonized Mars, initially sharing the planet with a handful of Martians. When Earth is devastated by nuclear war the colony is left to fend for itself and the colonists determine to build a new Earth on Mars.","/works/OL103134W","a2bec9ef-28a6-41cb-937b-adaf51dd5ca7","2025-03-29 17:13:07","a2bec9ef-28a6-41cb-937b-adaf51dd5ca7","2025-03-29 17:13:07",1
"Cabin Fever","Greg Heffley is in big trouble. School property has been damaged, and Greg is the prime suspect. But the crazy thing is, he’s innocent. Or at least sort of.&#13&#10&#13&#10The authorities are closing in, but when a surprise blizzard hits, the Heffley family is trapped indoors. Greg knows that when the snow melts he’s going to have to face the music, but could any punishment be worse than being stuck inside with your family for the holidays?","/works/OL16224122W","a2bec9ef-28a6-41cb-937b-adaf51dd5ca7","2025-03-29 17:13:07","a2bec9ef-28a6-41cb-937b-adaf51dd5ca7","2025-03-29 17:13:07",1
"Simon vs. the Homo Sapiens Agenda","Sixteen-year-old and not-so-openly gay Simon Spier prefers to save his drama for the school musical. But when an email falls into the wrong hands, his secret is at risk of being thrust into the spotlight. Now Simon is actually being blackmailed: if he doesn’t play wingman for class clown Martin, his sexual identity will become everyone’s business. Worse, the privacy of Blue, the pen name of the boy he’s been emailing, will be compromised.&#13&#10&#13&#10With some messy dynamics emerging in his once tight-knit group of friends, and his email correspondence with Blue growing more flirtatious every day, Simon’s junior year has suddenly gotten all kinds of complicated. Now, change-averse Simon has to find a way to step out of his comfort zone before he’s pushed out—without alienating his friends, compromising himself, or fumbling a shot at happiness with the most confusing, adorable guy he’s never met.","/works/OL17357353W","a2bec9ef-28a6-41cb-937b-adaf51dd5ca7","2025-03-29 17:13:07","a2bec9ef-28a6-41cb-937b-adaf51dd5ca7","2025-03-29 17:13:07",1
"The School for Good and Evil","**A dark and enchanting fantasy adventure perfect for those who prefer their fairytales with a twist. The first in the bestselling School for Good and Evil series.**&#13&#10&#13&#10Every four years, two girls are kidnapped from the village of Gavaldon. Legend has it these lost children are sent to the School for Good and Evil, the fabled institution where they become fairytale heroes or villains.&#13&#10&#13&#10With her glass slippers and devotion to good deeds, Sophie knows she'll join the ranks of past students like Cinderella, Rapunzel, and Snow White at the School for Good. Meanwhile, Agatha, with her shapeless black dresses and wicked black cat, seems a natural fit for the villains in the School for Evil.&#13&#10&#13&#10But the two girls soon find their fortunes reversed – Sophie's dumped in the School for Evil to take Uglification, Death Curses and Henchmen Training, while Agatha finds herself in the School for Good, thrust among handsome princes and fair maidens for classes in Princess Etiquette and Animal Communication.&#13&#10&#13&#10But what if the mistake is actually the first clue to discovering who Sophie and Agatha really are?","/works/OL16810944W","a2bec9ef-28a6-41cb-937b-adaf51dd5ca7","2025-03-29 17:13:07","a2bec9ef-28a6-41cb-937b-adaf51dd5ca7","2025-03-29 17:13:07",1
"Before December","A passionate love story with a dangerous countdown. Everything will all end before December.&#13&#10&#13&#10One of the most addictive love stories on Wattpad finally comes to print.&#13&#10 &#13&#10For Jenna Brown, her first year in college meant being away from her family and friends and facing the world for the first time in her life.&#13&#10&#13&#10Her boyfriend had made his intentions clear to her: from that moment on, they would have a long-distance and open relationship. They both were free to do whatever they wanted because they knew they loved each other.&#13&#10&#13&#10So, it was okay if she kept getting closer and closer to her roommate's boyfriend’s best friend, right?&#13&#10&#13&#10Either way, why would it matter if she got together with him while she was away from her boyfriend? Everything would return to normal in December. Would things change?&#13&#10&#13&#10She had until then to find out.","/works/OL26128903W","a2bec9ef-28a6-41cb-937b-adaf51dd5ca7","2025-03-29 17:13:07","a2bec9ef-28a6-41cb-937b-adaf51dd5ca7","2025-03-29 17:13:07",1
"Equal Rites","Terry Pratchett's profoundly irreverent novels, consistent number one bestsellers in England, have garnered him a revered position in the halls of parody along with Mark Twain, Kurt Vonnegut, Douglas Adams, and Carl Hiaasen.In Equal Rites, a dying wizard tries to pass on his powers to an eighth son of an eighth son, who is just at that moment being born. The fact that the son is actually a daughter is discovered just a little too late...","/works/OL453670W","a2bec9ef-28a6-41cb-937b-adaf51dd5ca7","2025-03-29 17:13:07","a2bec9ef-28a6-41cb-937b-adaf51dd5ca7","2025-03-29 17:13:07",1
"The Subtle Art of Not Giving a F*ck","In this book, blogger and former internet entrepreneur Mark Manson explains in simple, no expletives barred terms how to achieve happiness by caring more about fewer things and not caring at all about more.&#13&#10     He explains how the metrics we use to define ourselves may be the very things holding us back. By redefining our metrics, questioning ourselves and doubting everything, we may be able to find that we're better off than we think, and thereby become happier people.","/works/OL17590212W","a2bec9ef-28a6-41cb-937b-adaf51dd5ca7","2025-03-29 17:13:07","a2bec9ef-28a6-41cb-937b-adaf51dd5ca7","2025-03-29 17:13:07",1
"Grave Peril","Now in hardcover from the New York Times bestselling author of The Dresden Files.Harry Dresden's faced some pretty terrifying foes during his career. Giant scorpions. Oversexed vampires. Psychotic werewolves. All par for the course for Chicago's only professional wizard.But in all of Harry's years of supernatural sleuthing, he's never faced anything like this: the spirit world's gone postal. All over Chicago, ghosts are causing trouble—and not just of the door-slamming, 'boo'- shouting variety. These ghosts are tormented, violent, and deadly.Someone—or something—is stirring them up to wreak unearthly havoc. But why? And why do so many of the victims have ties to Harry? If Harry doesn't figure it out soon, he could wind up a ghost himself.","/works/OL5961784W","a2bec9ef-28a6-41cb-937b-adaf51dd5ca7","2025-03-29 17:13:07","a2bec9ef-28a6-41cb-937b-adaf51dd5ca7","2025-03-29 17:13:07",1
"Into the Wild","A fantastic book about a house cat named Rusty who joins a Clan of wild cat's and fights through taunting, terrible events, and a suspicious warrior named Tigerclaw. But a prophecy given to the leader Bluestar garentees *Fire alone will save our Clan*&#13&#10&#13&#10&#13&#10----------&#13&#10**Books in this arc**&#13&#10&#13&#10 1. Into the Wild&#13&#10 2. [Fire and Ice][2]&#13&#10 3. [Forest of Secrets][3]&#13&#10 4. [Rising Storm][4]&#13&#10 5. [A Dangerous Path][5]&#13&#10 6. [The Darkest Hour][6]&#13&#10&#13&#10  [1]: https://openlibrary.org/works/OL5714317W/Into_the_Wild_(Warriors&#13&#10  [2]: https://openlibrary.org/works/OL5714289W/Fire_and_Ice_(Warriors&#13&#10  [3]: https://openlibrary.org/works/OL5714292W/Forest_of_Secrets&#13&#10  [4]: https://openlibrary.org/works/OL5714301W/Rising_Storm_(Warriors&#13&#10  [5]: https://openlibrary.org/works/OL5714284W/A_Dangerous_Path_(Warriors&#13&#10  [6]: https://openlibrary.org/works/OL5714310W/The_Darkest_Hour_(Warriors&#13&#10&#13&#10----------&#13&#10**Arcs in this series**&#13&#10&#13&#10 1. The Prophecies Begin&#13&#10 2. [The New Prophecy][b]&#13&#10 3. [The Power of Three][c]&#13&#10 4. [Omen of the Stars][d]&#13&#10 5. [Dawn of the Clans][e]&#13&#10 6. [A Vision of Shadows][f]&#13&#10 7. [The Broken Code][g]&#13&#10 8. [A Starless Clan][h]&#13&#10 9. [Changing Skies][i]&#13&#10 S. [Super Editions][s]&#13&#10&#13&#10  [a]: https://openlibrary.org/books/OL9228970M/INTO&#13&#10  [b]: https://openlibrary.org/books/OL9235572M/Midnight_(Warriors_The_New_Prophecy_Book_1)&#13&#10  [c]: https://openlibrary.org/books/OL7283723M/The_Sight_(Warriors_Power_of_Three_Book_1)&#13&#10  [d]: https://openlibrary.org/books/OL24084711M/Warriors_Omen_of_the_Stars_1&#13&#10  [e]: https://openlibrary.org/books/OL25995097M/Dawn_of_the_Clans&#13&#10  [f]: https://openlibrary.org/books/OL26884472M/The_apprentice's_quest&#13&#10  [g]: https://openlibrary.org/books/OL27958224M/Warriors_The_Broken_Code_1&#13&#10  [h]: https://openlibrary.org/books/OL32444897M/River/&#13&#10  [i]: https://openlibrary.org/works/OL38298179W&#13&#10  [s]: https://openlibrary.org/books/OL7288445M/Firestar's_Quest","/works/OL265501W","a2bec9ef-28a6-41cb-937b-adaf51dd5ca7","2025-03-29 17:13:07","a2bec9ef-28a6-41cb-937b-adaf51dd5ca7","2025-03-29 17:13:07",1
"The Adventures of Sherlock Holmes [12 stories]","The Adventures of Sherlock Holmes is a collection of twelve short stories by Arthur Conan Doyle, first published on 14 October 1892. It contains the earliest short stories featuring the consulting detective Sherlock Holmes, which had been published in twelve monthly issues of The Strand Magazine from July 1891 to June 1892. The stories are collected in the same sequence, which is not supported by any fictional chronology. The only characters common to all twelve are Holmes and Dr. Watson and all are related in first-person narrative from Watson's point of view.&#13&#10&#13&#10&#13&#10Contains:&#13&#10[Scandal in Bohemia](https://openlibrary.org/works/OL14930611W/A_Scandal_in_Bohemia)&#13&#10[Red-headed League](https://openlibrary.org/works/OL14930336W/The_Red-Headed_League)&#13&#10[Case of Identity](https://openlibrary.org/works/OL14929939W/A_Case_of_Identity)&#13&#10[Boscombe Valley Mystery](https://openlibrary.org/works/OL18495288W/The_Boscombe_Valley_Mystery)&#13&#10[Five Orange Pips](https://openlibrary.org/works/OL1518120W/Five_Orange_Pips)&#13&#10[Man with the Twisted Lip](https://openlibrary.org/works/OL14930258W/The_Man_With_the_Twisted_Lip)&#13&#10[Adventure of the Blue Carbuncle](https://openlibrary.org/works/OL1518317W/Adventure_of_the_Blue_Carbuncle)&#13&#10[Adventure of the Speckled Band](https://openlibrary.org/works/OL262561W/Adventure_of_the_Speckled_Band)&#13&#10[Adventure of the Engineer's Thumb](https://openlibrary.org/works/OL1518318W/Adventure_of_the_Engineer's_Thumb)&#13&#10[Adventure of the Noble Bachelor](https://openlibrary.org/works/OL14929841W/Adventure_of_the_Noble_Bachelor)&#13&#10[Adventure of the Beryl Coronet](https://openlibrary.org/works/OL14929825W/Adventure_of_the_Beryl_Coronet)&#13&#10[Adventure of the Copper Beeches](https://openlibrary.org/works/OL1518116W/Adventure_of_the_Copper_Beeches)&#13&#10&#13&#10&#13&#10----------&#13&#10Also contained in:&#13&#10&#13&#10 - [Adventures and Memoirs of Sherlock Holmes](https://openlibrary.org/works/OL1518128W)&#13&#10 - [Adventures of Sherlock Holmes](https://openlibrary.org/works/OL20624138W)&#13&#10 - [Celebrated Cases of Sherlock Holmes](https://openlibrary.org/works/OL16076930W)&#13&#10 - [Complete Sherlock Holmes](https://openlibrary.org/works/OL18188824W)&#13&#10 - [Complete Sherlock Holmes: Volume I](https://openlibrary.org/works/OL14929975W)&#13&#10 - [Illustrated Sherlock Holmes](https://openlibrary.org/works/OL1518342W)&#13&#10 - [Obras completas de Conan Doyle: II](https://openlibrary.org/works/OL20787319W)&#13&#10 - [Original Illustrated Sherlock Holmes](https://openlibrary.org/works/OL262528W)&#13&#10 - [Original Illustrated 'Strand' Sherlock Holmes](https://openlibrary.org/works/OL262529W)&#13&#10 - [Short Stories](https://openlibrary.org/works/OL18188661W)&#13&#10 - [Works](https://openlibrary.org/works/OL16173818W)&#13&#10 - [Works](https://openlibrary.org/works/OL14930383W)","/works/OL262421W","a2bec9ef-28a6-41cb-937b-adaf51dd5ca7","2025-03-29 17:13:07","a2bec9ef-28a6-41cb-937b-adaf51dd5ca7","2025-03-29 17:13:07",1
"The Last Straw","Greg has to try and explain to his dad why he should not go to military school and that is just one of his problems he has to try and impress a girl solve a sweet mystery and try to get kicked off the football team","/works/OL15505465W","a2bec9ef-28a6-41cb-937b-adaf51dd5ca7","2025-03-29 17:13:07","a2bec9ef-28a6-41cb-937b-adaf51dd5ca7","2025-03-29 17:13:07",1
"Reminders of Him","","/works/OL26758111W","a2bec9ef-28a6-41cb-937b-adaf51dd5ca7","2025-03-29 17:13:07","a2bec9ef-28a6-41cb-937b-adaf51dd5ca7","2025-03-29 17:13:07",1
"Good Omens","Armageddon only happens once, you know. They don't let you go around again until you get it right.&#13&#10&#13&#10According to the Nice and Accurate Prophecies of Agnes Nutter, Witch - the world's only totally reliable guide to the future, written in 1655, before she exploded - the world will end on a Saturday.&#13&#10&#13&#10Next Saturday, in fact. Just after tea...&#13&#10&#13&#10People have been predicting the end of the world almost from its very beginning, so it's only natural to be sceptical when a new date is set for Judgement Day.&#13&#10&#13&#10This time though, the armies of Good and Evil really do appear to be massing. The four Bikers of the Apocalypse are hitting the road. But both the angels and demons - well, one fast-living demon and a somewhat fussy angel - would quite like the Rapture not to happen.&#13&#10&#13&#10Oh, and someone seems to have misplaced the Antichrist...","/works/OL453936W","a2bec9ef-28a6-41cb-937b-adaf51dd5ca7","2025-03-29 17:13:07","a2bec9ef-28a6-41cb-937b-adaf51dd5ca7","2025-03-29 17:13:07",1
"Second Foundation","After years of struggle, the Foundation lay in ruins -- destroyed by the mutant mind power of the Mule. But it was rumored that there was a Second Foundation hidden somewhere at the end of the Galaxy, established to preserve the knowledge of mankind through the long centuries of barbarism. The Mule had failed to find it the first time -- but now he was certain he knew where it lay.&#13&#10&#13&#10The fate of the Foundation rests on young Arkady Darell, only fourteen years old and burdened with a terrible secret. As its scientists girded for a final showdown with the Mule, the survivors of the First Foundation began their desperate search. They too wanted the Second Foundation destroyed... before it destroyed them.","/works/OL46309W","a2bec9ef-28a6-41cb-937b-adaf51dd5ca7","2025-03-29 17:13:07","a2bec9ef-28a6-41cb-937b-adaf51dd5ca7","2025-03-29 17:13:07",1
"Think and Grow Rich","Napoleon Hill's quintessential volume Think and grow rich, the all-time bestseller in the field of professional success, outlines the laws of success and sets the standard of today's motivational thinking.","/works/OL527464W","a2bec9ef-28a6-41cb-937b-adaf51dd5ca7","2025-03-29 17:13:07","a2bec9ef-28a6-41cb-937b-adaf51dd5ca7","2025-03-29 17:13:07",1
"Ready Player One","In the year 2044. reality is an ugly place. The only time teenage Wade Watts *really* feels alive is when he's jacked into the virtual utopia known as the OASIS. Wade's devoted his life to studying the puzzles hidden within this world's digital confines--puzzles that are based on their creator's obsession with the pop culture of decades past and that promise massive power and fortune to whoever can unlock them. &#13&#10&#13&#10But when Wade stumbles upon the first clue, he finds himself beset by players willing to kill to take this ultimate prize. The race is on, and if Wade's going to survive, he'll have to win--and confront the real world he's always been so desperate to escape. (Provided by publisher).","/works/OL15936512W","a2bec9ef-28a6-41cb-937b-adaf51dd5ca7","2025-03-29 17:13:07","a2bec9ef-28a6-41cb-937b-adaf51dd5ca7","2025-03-29 17:13:07",1
"Me Before You","Louisa Clark is an ordinary young woman living an exceedingly ordinary life—steady boyfriend, close family—who has never been farther afield than their tiny village. She takes a badly needed job working for ex-Master of the Universe Will Traynor, who is wheelchair-bound after an accident. Will has always lived a huge life—big deals, extreme sports, worldwide travel—and now he’s pretty sure he cannot live the way he is.&#13&#10&#13&#10Will is acerbic, moody, bossy—but Lou refuses to treat him with kid gloves, and soon his happiness means more to her than she expected. When she learns that Will has shocking plans of his own, she sets out to show him that life is still worth living.&#13&#10&#13&#10A love story for this generation, Me Before You brings to life two people who couldn’t have less in common—a heartbreakingly romantic novel that asks, What do you do when making the person you love happy also means breaking your own heart?","/works/OL16817509W","a2bec9ef-28a6-41cb-937b-adaf51dd5ca7","2025-03-29 17:13:07","a2bec9ef-28a6-41cb-937b-adaf51dd5ca7","2025-03-29 17:13:07",1
"A Little Life","A Little Life is a 2015 novel by American novelist Hanya Yanagihara. The novel was written over the course of eighteen months. Despite the length and difficult subject matter, it became a bestseller.","/works/OL17370186W","a2bec9ef-28a6-41cb-937b-adaf51dd5ca7","2025-03-29 17:13:07","a2bec9ef-28a6-41cb-937b-adaf51dd5ca7","2025-03-29 17:13:07",1
"Read People Like a Book","Speed read people, decipher body language, detect lies, and understand human nature.&#13&#10Is it possible to analyze people without them saying a word? Yes, it is. Learn how to become a “mind reader” and forge deep connections.&#13&#10How to get inside people’s heads without them knowing.&#13&#10Read People Like a Book isn’t a normal book on body language of facial expressions. Yes, it includes all of those things, as well as new techniques on how to truly detect lies in your everyday life, but this book is more about understanding human psychology and nature. We are who we are because of our experiences and pasts, and this guides our habits and behaviors more than anything else. Parts of this book read like the most interesting and applicable psychology textbook you’ve ever read. Take a look inside yourself and others!&#13&#10Understand the subtle signals that you are sending out and increase your emotional intelligence.&#13&#10Patrick King is an internationally bestselling author and social skills coach. His writing draws of a variety of sources, from scientific research, academic experience, coaching, and real life experience.&#13&#10Learn the keys to influencing and persuading others.&#13&#10•What people’s limbs can tell us about their emotions.•Why lie detecting isn’t so reliable when ignoring context.•Diagnosing personality as a means to understanding motivation.•Deducing the most with the least amount of information.•Exactly the kinds of eye contact to use and avoid&#13&#10Find shortcuts to connect quickly and deeply with strangers.&#13&#10The art of reading and analyzing people is truly the art of understanding human nature. Consider it like a cheat code that will allow you to see through people’s actions and words.&#13&#10Decode people’s thoughts and intentions, and you can go in any direction you want with them.","/works/OL25291486W","a2bec9ef-28a6-41cb-937b-adaf51dd5ca7","2025-03-29 17:13:07","a2bec9ef-28a6-41cb-937b-adaf51dd5ca7","2025-03-29 17:13:07",1
"The Lightning Thief","Twelve-year-old Percy Jackson is on the most dangerous quest of his life.  With the help of a satyr and a daughter of Athena, Percy must journey across the United States to catch a thief who has stolen the original weapon of mass destruction—Zeus’ master bolt.  Along the way, he must face a host of mythological enemies determined to stop him.  Most of all, he must come to terms with a father he has never known, and an Oracle that has warned him of betrayal by a friend.","/works/OL492658W","a2bec9ef-28a6-41cb-937b-adaf51dd5ca7","2025-03-29 17:13:07","a2bec9ef-28a6-41cb-937b-adaf51dd5ca7","2025-03-29 17:13:07",1
"Harry Potter and the Goblet of Fire","The fourth book in the Harry Potter franchise sees Harry returning for his fourth year at Hogwarts School of Witchcraft and Wizardry, along with his friends, Ron and Hermione . There is an upcoming tournament between the three major schools of magic, with one participant selected from each school by the Goblet of Fire. When Harry's name is drawn, even though he is not eligible and is a fourth player, he must compete in the dangerous contest.&#13&#10&#13&#10&#13&#10----------&#13&#10Contains:&#13&#10&#13&#10 - [Harry Potter and the Goblet of Fire. 2/4](https://openlibrary.org/works/OL17910198W/Harry_Potter_and_the_Goblet_of_Fire._2_4)","/works/OL82560W","a2bec9ef-28a6-41cb-937b-adaf51dd5ca7","2025-03-29 17:13:07","a2bec9ef-28a6-41cb-937b-adaf51dd5ca7","2025-03-29 17:13:07",1
"Permanent Record","Edward Snowden, the man who risked everything to expose the US government’s system of mass surveillance, reveals for the first time the story of his life, including how he helped to build that system and what motivated him to try to bring it down.&#13&#10&#13&#10In 2013, twenty-nine-year-old Edward Snowden shocked the world when he broke with the American intelligence establishment and revealed that the United States government was secretly pursuing the means to collect every single phone call, text message, and email. The result would be an unprecedented system of mass surveillance with the ability to pry into the private lives of every person on earth. Six years later, Snowden reveals for the very first time how he helped to build this system and why he was moved to expose it.&#13&#10&#13&#10Spanning the bucolic Beltway suburbs of his childhood and the clandestine CIA and NSA postings of his adulthood, Permanent Record is the extraordinary account of a bright young man who grew up online – a man who became a spy, a whistleblower, and, in exile, the Internet’s conscience. Written with wit, grace, passion, and an unflinching candor, Permanent Record is a crucial memoir of our digital age and destined to be a classic.","/works/OL20080323W","a2bec9ef-28a6-41cb-937b-adaf51dd5ca7","2025-03-29 17:13:07","a2bec9ef-28a6-41cb-937b-adaf51dd5ca7","2025-03-29 17:13:07",1
"Married at first sight","Romance","/works/OL35223328W","a2bec9ef-28a6-41cb-937b-adaf51dd5ca7","2025-03-29 17:13:07","a2bec9ef-28a6-41cb-937b-adaf51dd5ca7","2025-03-29 17:13:07",1
"Roadside Picnic","[Comment by Hari Kunru in The Guardian][1]:&#13&#10&#13&#10> Soviet-era Russian science fiction deserves a wider audience in English. The Strugatsky brothers collaborated on numerous novels and stories, the best known of which is this, partly because it was filmed by Andrei Tarkovsky as Stalker, in 1977. The novel takes place 10 years after a mysterious alien visitation, which seems to have no rational explanation. No one saw the visitors. Their presence caused disease and blindness in the areas where they landed. Now, in the six 'Zones', the laws of physics (and, seemingly, of reality) are disturbed by anomalies, and littered with inexplicable, deadly wreckage. Only a few brave 'stalkers' risk their lives to enter the zones to gather alien artefacts for sale. Some of these artefacts offer the promise of extraordinary powers. Unlike Tarkovsky's film, which concentrates on the hallucinatory, vacated landscape of the zones, the novels portray a society adapting to an inexplicable, terrifying event, an eruption of the unknown. Though written in 1971 and published in English in 1977, the novel was heavily bowdlerised by Soviet censors, and an authoritative text wasn't available in Russian until 2000. It's a book with an extraordinary atmosphere – and a demonstration of how science fiction, by using a single bold central metaphor, can open up the possibilities of the novel.&#13&#10&#13&#10Original Title: Пикник на обочине&#13&#10&#13&#10&#13&#10  [1]: http://www.guardian.co.uk/books/2011/may/14/science-fiction-authors-choice","/works/OL7967812W","a2bec9ef-28a6-41cb-937b-adaf51dd5ca7","2025-03-29 17:13:07","a2bec9ef-28a6-41cb-937b-adaf51dd5ca7","2025-03-29 17:13:07",1
"The Gathering Storm","","/works/OL1946681W","a2bec9ef-28a6-41cb-937b-adaf51dd5ca7","2025-03-29 17:13:07","a2bec9ef-28a6-41cb-937b-adaf51dd5ca7","2025-03-29 17:13:07",1
"Song of Susannah","[The Dark Tower][1] VI&#13&#10&#13&#10Susannah, now pregnant, has yet another taking control of her.  The demon-mother, Mia, uses Susannah and Black Thirteen to transport to New York City of 1999.  Jake, Oy, and Pere Callahan must rescue Susannah while Eddie and Roland transport to the Maine of 1977.  A vacant lot in New York is the prize that must be saved and ties these together.&#13&#10([source][2])&#13&#10&#13&#10&#13&#10  [1]: https://openlibrary.org/works/OL81600W/The_Dark_Tower_1-7&#13&#10  [2]: https://www.stephenking.com/library/novel/dark_tower_song_of_susannah_the.html","/works/OL149200W","a2bec9ef-28a6-41cb-937b-adaf51dd5ca7","2025-03-29 17:13:07","a2bec9ef-28a6-41cb-937b-adaf51dd5ca7","2025-03-29 17:13:07",1
"The Selection (The Selection #1)","For thirty-five girls, the Selection is the chance of a lifetime. The opportunity to escape the life laid out for them since birth. To be swept up in a world of glittering gowns and priceless jewels. To live in a palace and compete for the heart of gorgeous Prince Maxon.&#13&#10&#13&#10But for America Singer, being Selected is a nightmare. It means turning her back on her secret love with Aspen, who is a caste below her. Leaving her home to enter a fierce competition for a crown she doesn't want. Living in a palace that is constantly threatened by violent rebel attacks.&#13&#10&#13&#10Then America meets Prince Maxon. Gradually, she starts to question all the plans she's made for herself—and realizes that the life she's always dreamed of may not compare to a future she never imagined.","/works/OL16361029W","a2bec9ef-28a6-41cb-937b-adaf51dd5ca7","2025-03-29 17:13:07","a2bec9ef-28a6-41cb-937b-adaf51dd5ca7","2025-03-29 17:13:07",1
"Persepolis Rising (The Expanse Book 7)","The seventh book in the NYT bestselling Expanse series, Persepolis Rising finds an old enemy returning home with more power and technology than anyone thought possible, and the crew of the aging gunship Rocinante tries to rally forces against the new invasion. Now a Prime Original series. &#13&#10&#13&#10HUGO AWARD WINNER FOR BEST SERIES&#13&#10&#13&#10An old enemy returns.&#13&#10&#13&#10In the thousand-sun network of humanity's expansion, new colony worlds are struggling to find their way. Every new planet lives on a knife edge between collapse and wonder, and the crew of the aging gunship Rocinante have their hands more than full keeping the fragile peace.&#13&#10&#13&#10In the vast space between Earth and Jupiter, the inner planets and belt have formed a tentative and uncertain alliance still haunted by a history of wars and prejudices. On the lost colony world of Laconia, a hidden enemy has a new vision for all of humanity and the power to enforce it.&#13&#10&#13&#10New technologies clash with old as the history of human conflict returns to its ancient patterns of war and subjugation. But human nature is not the only enemy, and the forces being unleashed have their own price. A price that will change the shape of humanity -- and of the Rocinante -- unexpectedly and forever. . .","/works/OL19661329W","a2bec9ef-28a6-41cb-937b-adaf51dd5ca7","2025-03-29 17:13:07","a2bec9ef-28a6-41cb-937b-adaf51dd5ca7","2025-03-29 17:13:07",1
"Throne of Glass","Lethal. Loyal. Legendary.&#13&#10&#13&#10Enter the world of Throne of Glass with the first book in the #1 bestselling series by Sarah J. Maas.&#13&#10&#13&#10In a land without magic, an assassin is summoned to the castle. She has no love for the vicious king who rules from his throne of glass, but she has not come to kill him. She has come to win her freedom. If she defeats twenty-three murderers, thieves, and warriors in a competition, she will be released from prison to serve as the King’s Champion.&#13&#10&#13&#10Her name is Celaena Sardothien.&#13&#10&#13&#10The Crown Prince will provoke her. The Captain of the Guard will protect her. And a princess from a faraway country will befriend her. But something rotten dwells in the castle, and it’s there to kill. When her competitors start dying mysteriously, one by one, Celaena’s fight for freedom becomes a fight for survival—and a desperate quest to root out the evil before it destroys her world.","/works/OL16607146W","a2bec9ef-28a6-41cb-937b-adaf51dd5ca7","2025-03-29 17:13:07","a2bec9ef-28a6-41cb-937b-adaf51dd5ca7","2025-03-29 17:13:07",1
"En man som heter Ove","A grumpy yet loveable man finds his solitary world turned on its head when a boisterous young family moves in next door.&#13&#10&#13&#10Meet Ove. He's a curmudgeon, the kind of man who points at people he dislikes as if they were burglars caught outside his bedroom window. He has staunch principles, strict routines, and a short fuse. People call him the bitter neighbor from hell, but must Ove be bitter just because he doesn't walk around with a smile plastered to his face all the time?&#13&#10&#13&#10Behind the cranky exterior there is a story and a sadness. So when one November morning a chatty young couple with two chatty young daughters move in next door and accidentally flatten Ove's mailbox, it is the lead-in to a comical and heartwarming tale of unkempt cats, unexpected friendship, and the ancient art of backing up a U-Haul. All of which will change one cranky old man and a local residents' association to their very foundations.&#13&#10&#13&#10(Previous notes):&#13&#10Loved this book (translation from Swedish). Quirky story of a curmudgeon which is also a film (with English subtitles) on Netflix. Backman is a successful journalist, author, and blogger. Also enjoyed ‘Britt-Marie Was Here’ and I look forward to checking out his latest new release.","/works/OL16793865W","a2bec9ef-28a6-41cb-937b-adaf51dd5ca7","2025-03-29 17:13:07","a2bec9ef-28a6-41cb-937b-adaf51dd5ca7","2025-03-29 17:13:07",1
"The 48 Laws of Power","Amoral, cunning, ruthless, and instructive, this piercing work distills three thousand years of the history of power in to forty-eight well explicated laws. As attention--grabbing in its design as it is in its content, this bold volume outlines the laws of power in their unvarnished essence, synthesizing the philosophies of Machiavelli, Sun-tzu, Carl von Clausewitz, and other great thinkers. Some laws teach the need for prudence ('Law 1: Never Outshine the Master'), the virtue of stealth ('Law 3: Conceal Your Intentions'), and many demand the total absence of mercy ('Law 15: Crush Your Enemy Totally'), but like it or not, all have applications in real life. Illustrated through the tactics of Queen Elizabeth I, Henry Kissinger, P. T. Barnum, and other famous figures who have wielded--or been victimized by--power, these laws will fascinate any reader interested in gaining, observing, or defending against ultimate control.","/works/OL1968368W","a2bec9ef-28a6-41cb-937b-adaf51dd5ca7","2025-03-29 17:13:07","a2bec9ef-28a6-41cb-937b-adaf51dd5ca7","2025-03-29 17:13:07",1
"The Hunchback of Notre Dame","In fifteenth-century Paris, a disfigured man named Quasimodo, who was abandoned as an infant in the cathedral of Notre-Dame and now lives in its bell tower, must come to the aid of a beautiful gypsy girl named Esmeralda after she repels the advances of the cruel archdeacon Don Claude Frollo.","/works/OL15202030W","a2bec9ef-28a6-41cb-937b-adaf51dd5ca7","2025-03-29 17:13:07","a2bec9ef-28a6-41cb-937b-adaf51dd5ca7","2025-03-29 17:13:07",1
"The Throne of Fire","Ever since the gods of Ancient Egypt were unleashed in the modern world, Carter Kane and his sister Sadie have been in trouble. As descendants of the House of Life, the Kanes have some powers at their command, but the devious gods haven't given them much time to master their skills at Brooklyn House, which has become a training ground for young magicians.&#13&#10&#13&#10And now their most threatening enemy yet - the chaos snake Apophis - is rising. If they don't prevent him from breaking free in a few days' time, the world will come to an end. In other words, it's a typical week for the Kane family.&#13&#10&#13&#10To have any chance of battling the Forces of Chaos, the Kanes must revive the sun god Ra. But that would be a feat more powerful than any magician has ever accomplished.&#13&#10&#13&#10First they have to search the world for the three sections of the Book of Ra, then they have to learn how to chant its spells. Oh, and did we mention that no one knows where Ra is exactly?&#13&#10&#13&#10Narrated in two different wisecracking voices, featuring a large cast of new and unforgettable characters, and with adventures spanning the globe, this second installment in the Kane Chronicles is nothing short of a thrill ride.","/works/OL15946464W","a2bec9ef-28a6-41cb-937b-adaf51dd5ca7","2025-03-29 17:13:07","a2bec9ef-28a6-41cb-937b-adaf51dd5ca7","2025-03-29 17:13:07",1
"The Red Pyramid","Since their mother’s death, Carter and Sadie have become near strangers.  While Sadie has lived with her grandparents in London, her brother has traveled the world with their father, the brilliant Egyptologist, Dr. Julius Kane.&#13&#10&#13&#10One night, Dr. Kane brings the siblings together for a “research experiment” at the British Museum, where he hopes to set things right for his family.  Instead, he unleashes the Egyptian god Set, who banishes him to oblivion and forces the children to flee for their lives.&#13&#10&#13&#10Soon, Sadie and Carter discover that the gods of Egypt are waking, and the worst of them—Set—has his sights on the Kanes.  To stop him, the siblings embark on a dangerous journey across the globe—a quest that brings them ever closer to the truth about their family, and their links to a secret order that has existed since the time of the pharaohs.","/works/OL15183119W","a2bec9ef-28a6-41cb-937b-adaf51dd5ca7","2025-03-29 17:13:07","a2bec9ef-28a6-41cb-937b-adaf51dd5ca7","2025-03-29 17:13:07",1
"Harry Potter and the Order of the Phoenix","After the Dementors’ attack on his cousin Dudley, Harry knows he is about to become Voldemort’s next target.&#13&#10&#13&#10Although many are denying the Dark Lord’s return, Harry is not alone, and a secret order is gathering at Grimmauld Place to fight against the Dark forces.&#13&#10&#13&#10Meanwhile, Voldemort’s savage assaults on Harry’s mind are growing stronger every day.&#13&#10&#13&#10He must allow Professor Snape to teach him to protect himself before he runs out of time.&#13&#10([source][1])&#13&#10&#13&#10&#13&#10----------&#13&#10This work has also been published in multiple volumes. See:&#13&#10&#13&#10 - [Harry Potter and the Order of the Phoenix: III](https://openlibrary.org/works/OL17937113W/Harry_Potter_and_the_Order_of_the_Phoenix_Chapters_17-23)&#13&#10 - [Harry Potter and the Order of the Phoenix: IV](https://openlibrary.org/works/OL17915213W/Harry_Potter_and_the_Order_of_the_Phoenix_Chapters_24-30)&#13&#10&#13&#10  [1]: https://www.jkrowling.com/book/harry-potter-order-phoenix/","/works/OL82548W","a2bec9ef-28a6-41cb-937b-adaf51dd5ca7","2025-03-29 17:13:07","a2bec9ef-28a6-41cb-937b-adaf51dd5ca7","2025-03-29 17:13:07",1
"The Giver","At the age of twelve, Jonas, a young boy from a seemingly utopian, futuristic world, is singled out to receive special training from The Giver, who alone holds the memories of the true joys and pain of life.","/works/OL1846076W","a2bec9ef-28a6-41cb-937b-adaf51dd5ca7","2025-03-29 17:13:07","a2bec9ef-28a6-41cb-937b-adaf51dd5ca7","2025-03-29 17:13:07",1
"Last Argument of Kings","The King of the Union lies on his deathbed, the peasants revolt, and the nobles scramble to steal his crown. No one believes that the shadow of war is about to fall across the heart of the Union. Only the First of the Magi can save the world, but there are risks.","/works/OL8400952W","a2bec9ef-28a6-41cb-937b-adaf51dd5ca7","2025-03-29 17:13:07","a2bec9ef-28a6-41cb-937b-adaf51dd5ca7","2025-03-29 17:13:07",1
"The Getaway","With the cold weather and the stress of the approaching holiday season, the Heffleys decide to escape to a tropical island resort for some much-needed rest and relaxation. A few days in paradise should do wonders for Greg and his frazzled family.&#13&#10&#13&#10But the Heffleys soon discover that paradise isn't everything it's cracked up to be. Sun poisoning, stomach troubles, and venomous critters all threaten to ruin the family's vacation. Can their trip be saved, or will this island getaway end in disaster?","/works/OL17812914W","a2bec9ef-28a6-41cb-937b-adaf51dd5ca7","2025-03-29 17:13:07","a2bec9ef-28a6-41cb-937b-adaf51dd5ca7","2025-03-29 17:13:07",1
"The Seven Husbands of Evelyn Hugo","Aging and reclusive Hollywood movie icon Evelyn Hugo is finally ready to tell the truth about her glamorous and scandalous life. But when she chooses unknown magazine reporter Monique Grant for the job, no one is more astounded than Monique herself. Why her? Why now?&#13&#10&#13&#10Monique is not exactly on top of the world. Her husband has left her, and her professional life is going nowhere. Regardless of why Evelyn has selected her to write her biography, Monique is determined to use this opportunity to jumpstart her career.&#13&#10&#13&#10Summoned to Evelyn's luxurious apartment, Monique listens in fascination as the actress tells her story. From making her way to Los Angeles in the 1950s to her decision to leave show business in the '80s, and, of course, the seven husbands along the way, Evelyn unspools a tale of ruthless ambition, unexpected friendship, and a great forbidden love. Monique begins to feel a very real connection to the legendary star, but as Evelyn's story near its conclusion, it becomes clear that her life intersects with Monique's own in tragic and irreversible ways.&#13&#10&#13&#10Written with Reid's signature talent for creating 'complex, likable characters' (Real Simple), this is a mesmerizing journey through the splendor of old Hollywood into the harsh realities of the present day as two women struggle with what it means—and what it costs—to face the truth","/works/OL18203673W","a2bec9ef-28a6-41cb-937b-adaf51dd5ca7","2025-03-29 17:13:07","a2bec9ef-28a6-41cb-937b-adaf51dd5ca7","2025-03-29 17:13:07",1
"Oliver Twist","Oliver Twist; or, The Parish Boy's Progress, is the second novel by English author Charles Dickens. It was originally published as a serial from 1837 to 1839, and as a three-volume book in 1838. The story follows the titular orphan, who, after being raised in a workhouse, escapes to London, where he meets a gang of juvenile pickpockets led by the elderly criminal Fagin, discovers the secrets of his parentage, and reconnects with his remaining family.&#13&#10&#13&#10Oliver Twist unromantically portrays the sordid lives of criminals, and exposes the cruel treatment of the many orphans in London in the mid-19th century.[2] The alternative title, The Parish Boy's Progress, alludes to Bunyan's The Pilgrim's Progress, as well as the 18th-century caricature series by painter William Hogarth, A Rake's Progress and A Harlot's Progress.&#13&#10&#13&#10In an early example of the social novel, Dickens satirises child labour, domestic violence, the recruitment of children as criminals, and the presence of street children. The novel may have been inspired by the story of Robert Blincoe, an orphan whose account of working as a child labourer in a cotton mill was widely read in the 1830s. It is likely that Dickens's own experiences as a youth contributed as well, considering he spent two years of his life in the workhouse at the age of 12 and subsequently, missed out on some of his education.","/works/OL8193478W","a2bec9ef-28a6-41cb-937b-adaf51dd5ca7","2025-03-29 17:13:07","a2bec9ef-28a6-41cb-937b-adaf51dd5ca7","2025-03-29 17:13:07",1
"Before they are hanged","Superior Glokta has a problem. How do you defend a city surrounded by enemies and riddled with traitors, when your allies can by no means be trusted, and your predecessor vanished without a trace? It’s enough to make a torturer want to run – if he could even walk without a stick.&#13&#10&#13&#10Northmen have spilled over the border of Angland and are spreading fire and death across the frozen country. Crown Prince Ladisla is poised to drive them back and win undying glory. There is only one problem – he commands the worst-armed, worst-trained, worst-led army in the world.&#13&#10&#13&#10And Bayaz, the First of the Magi, is leading a party of bold adventurers on a perilous mission through the ruins of the past. The most hated woman in the South, the most feared man in the North, and the most selfish boy in the Union make a strange alliance, but a deadly one. They might even stand a chance of saving mankind from the Eaters. If they didn’t hate each other quite so much.&#13&#10&#13&#10Ancient secrets will be uncovered. Bloody battles will be won and lost. Bitter enemies will be forgiven – but not before they are hanged.","/works/OL8400946W","a2bec9ef-28a6-41cb-937b-adaf51dd5ca7","2025-03-29 17:13:07","a2bec9ef-28a6-41cb-937b-adaf51dd5ca7","2025-03-29 17:13:07",1
"Le petit prince","*Le Petit Prince* est une œuvre de langue française, la plus connue d'Antoine de Saint-Exupéry. Publié en 1943 à New York simultanément à sa traduction anglaise, c'est une œuvre poétique et philosophique sous l'apparence d'un conte pour enfants.&#13&#10&#13&#10Traduit en quatre cent cinquante-sept langues et dialectes, *Le Petit Prince* est le deuxième ouvrage le plus traduit au monde après la Bible.&#13&#10&#13&#10Le langage, simple et dépouillé, parce qu'il est destiné à être compris par des enfants, est en réalité pour le narrateur le véhicule privilégié d'une conception symbolique de la vie. Chaque chapitre relate une rencontre du petit prince qui laisse celui-ci perplexe, par rapport aux comportements absurdes des « grandes personnes ». Ces différentes rencontres peuvent être lues comme une allégorie.&#13&#10&#13&#10Les aquarelles font partie du texte et participent à cette pureté du langage : dépouillement et profondeur sont les qualités maîtresses de l'œuvre.&#13&#10&#13&#10On peut y lire une invitation de l'auteur à retrouver l'enfant en soi, car « toutes les grandes personnes ont d'abord été des enfants. (Mais peu d'entre elles s'en souviennent.) ». L'ouvrage est dédié à Léon Werth, mais « quand il était petit garçon ».&#13&#10&#13&#10(Wikipedia)","/works/OL10263W","a2bec9ef-28a6-41cb-937b-adaf51dd5ca7","2025-03-29 17:13:07","a2bec9ef-28a6-41cb-937b-adaf51dd5ca7","2025-03-29 17:13:07",1
"The Wind in the Willows","The adventures of four amiable animals, Rat, Toad, Mole and Badger, along a river in the English countryside.","/works/OL16312108W","a2bec9ef-28a6-41cb-937b-adaf51dd5ca7","2025-03-29 17:13:07","a2bec9ef-28a6-41cb-937b-adaf51dd5ca7","2025-03-29 17:13:07",1
"P.S. I Still Love You","Lara Jean didn't expect to really fall for Peter. But suddenly they are together for real - and it's far more complicated than when they were pretending!&#13&#10&#13&#10Except suddenly they weren’t. Now Lara Jean is more confused than ever.&#13&#10When another boy from her past returns to her life, Lara Jean’s feelings for him return too. Can a girl be in love with two boys at once?&#13&#10&#13&#10In this charming and heartfelt sequel to the New York Times bestseller To All the Boys I've Loved Before, we see first love through the eyes of the unforgettable Lara Jean. Love is never easy, but maybe that’s part of what makes it so amazing.","/works/OL17356811W","a2bec9ef-28a6-41cb-937b-adaf51dd5ca7","2025-03-29 17:13:07","a2bec9ef-28a6-41cb-937b-adaf51dd5ca7","2025-03-29 17:13:07",1
"It Ends With Us","Lily hasn’t always had it easy, but that’s never stopped her from working hard for the life she wants. She’s come a long way from the small town where she grew up—she graduated from college, moved to Boston, and started her own business. And when she feels a spark with a gorgeous neurosurgeon named Ryle Kincaid, everything in Lily’s life seems too good to be true.&#13&#10&#13&#10Ryle is assertive, stubborn, maybe even a little arrogant. He’s also sensitive, brilliant, and has a total soft spot for Lily. And the way he looks in scrubs certainly doesn’t hurt. Lily can’t get him out of her head. But Ryle’s complete aversion to relationships is disturbing. Even as Lily finds herself becoming the exception to his “no dating” rule, she can’t help but wonder what made him that way in the first place.&#13&#10&#13&#10As questions about her new relationship overwhelm her, so do thoughts of Atlas Corrigan—her first love and a link to the past she left behind. He was her kindred spirit, her protector. When Atlas suddenly reappears, everything Lily has built with Ryle is threatened.&#13&#10&#13&#10With this bold and deeply personal novel, It Ends With Us is a heart-wrenching story and an unforgettable tale of love that comes at the ultimate price.","/works/OL18020194W","a2bec9ef-28a6-41cb-937b-adaf51dd5ca7","2025-03-29 17:13:07","a2bec9ef-28a6-41cb-937b-adaf51dd5ca7","2025-03-29 17:13:07",1
"The Cat in the Hat","Two children sitting at home on a rainy day are visited by the Cat in the Hat, who shows them some tricks and games. Includes a Latin-English glossary and a note on the verse form and rhythm.","/works/OL1898309W","a2bec9ef-28a6-41cb-937b-adaf51dd5ca7","2025-03-29 17:13:07","a2bec9ef-28a6-41cb-937b-adaf51dd5ca7","2025-03-29 17:13:07",1
"The Light Fantastic","From the back cover:&#13&#10&#13&#10In *The Light Fantastic* only one individual can save the world from a disastrous collision.  Unfortunately, the hero happens to be the singularly inept wizard Rincewind, who was last seen falling off the edge of the world....","/works/OL453680W","a2bec9ef-28a6-41cb-937b-adaf51dd5ca7","2025-03-29 17:13:07","a2bec9ef-28a6-41cb-937b-adaf51dd5ca7","2025-03-29 17:13:07",1
"Harry Potter and the Deathly Hallows","Harry Potter is leaving Privet Drive for the last time. But as he climbs into the sidecar of Hagrid’s motorbike and they take to the skies, he knows Lord Voldemort and the Death Eaters will not be far behind.&#13&#10&#13&#10The protective charm that has kept him safe until now is broken. But the Dark Lord is breathing fear into everything he loves. And he knows he can’t keep hiding.&#13&#10&#13&#10To stop Voldemort, Harry knows he must find the remaining Horcruxes and destroy them.&#13&#10&#13&#10He will have to face his enemy in one final battle.&#13&#10&#13&#10([source][1])&#13&#10&#13&#10&#13&#10----------&#13&#10See also:&#13&#10&#13&#10 - [Harry Potter and the Deathly Hallows: 2/2][2]&#13&#10&#13&#10&#13&#10  [1]: https://www.jkrowling.com/book/harry-potter-deathly-hallows/&#13&#10  [2]: https://openlibrary.org/works/OL17922343W/Harry_Potter_and_the_Deathly_Hallows_Chapters_20-36","/works/OL82586W","a2bec9ef-28a6-41cb-937b-adaf51dd5ca7","2025-03-29 17:13:07","a2bec9ef-28a6-41cb-937b-adaf51dd5ca7","2025-03-29 17:13:07",1
"Roller Girl","Roller Girl is a young adult graphic novel written and illustrated by Victoria Jamieson, published by Dial Books for Young Readers in 2015. It is set in contemporary Portland, Oregon and details how the hero, Astrid, becomes a roller derby skater. It was named a Newbery Honor book in 2016.","/works/OL17342469W","a2bec9ef-28a6-41cb-937b-adaf51dd5ca7","2025-03-29 17:13:07","a2bec9ef-28a6-41cb-937b-adaf51dd5ca7","2025-03-29 17:13:07",1
"The Foundation Trilogy","- Foundation&#13&#10 - Foundation and Empire&#13&#10 - Second Foundation&#13&#10&#13&#10Isaac Asimov's Foundation novels are some of the great masterworks of science fiction. Unsurpassed for their unique blend of nonstop action, daring ideas, and extensive world-building, they chronicle the struggle of a courageous group of men and women working to preserve humanity’s light against an inexorable tide of darkness and violence.&#13&#10&#13&#10Led by its founding father, the great psychohistorian Hari Seldon, and taking advantage of its superior science and technology, the Foundation has survived the greed and barbarism of its neighboring warrior-planets. Yet now it must face the Empire—still the mightiest force in the Galaxy even in its death throes. When an ambitious general determined to restore the Empire’s glory turns the vast imperial fleet toward the Foundation, the only hope for the small planet of scholars and scientists lies in the prophecies of Hari Seldon.&#13&#10&#13&#10But not even Hari Seldon could have predicted the birth of the extraordinary creature called The Mule, a mutant intelligence with a power greater than a dozen battle fleets… a power that can turn the strongest-willed human into an obedient slave.","/works/OL46390W","a2bec9ef-28a6-41cb-937b-adaf51dd5ca7","2025-03-29 17:13:07","a2bec9ef-28a6-41cb-937b-adaf51dd5ca7","2025-03-29 17:13:07",1
"Murder on the Orient Express","***While en route from Syria to Paris, in the middle of a freezing winter's night, the Orient Express is stopped dead in its tracks by a snowdrift.*** Passengers awake to find the train still stranded and to discover that a wealthy American has been brutally stabbed to death in his private compartment. Incredibly, that compartment is locked from the inside. With no escape into the wintery landscape the killer must still be on board. ***Fortunately, the brilliant Belgian inspector Hercule Poirot is also on board, having booked the last available berth.***&#13&#10&#13&#10***Murder on the Orient Express is one of Agatha Christie’s most famous novels***, owing no doubt to a combination of its romantic setting and the ingeniousness of its plot; its non-exploitative reference to the sensational kidnapping and murder of the infant son of Charles and Anne Morrow Lindbergh only two years prior; and a popular ***1974 film adaptation, starring Albert Finney as Poirot - one of the few cinematic versions of a Christie work that met with the approval, however mild, of the author herself.***","/works/OL471576W","a2bec9ef-28a6-41cb-937b-adaf51dd5ca7","2025-03-29 17:13:07","a2bec9ef-28a6-41cb-937b-adaf51dd5ca7","2025-03-29 17:13:07",1
"Hard Luck","Greg Heffley and his family and friends are back in Diary of a Wimpy Kid Book 8, the latest installment in the #1 bestselling series by Jeff Kinney and one of the most anticipated books of 2013. A global phenomenon, the Diary of a Wimpy Kid series has more than 85 million books in print around the world.&#13&#10&#13&#10Greg Heffley's on a losing streak. His best friend, Rowley Jefferson, has ditched him, and finding new friends in middle school is proving to be a tough task. To change his fortunes, Greg decides to take a leap of faith and turn his decisions over to chance. Will a roll of the dice turn things around, or is Greg's life destined to be just another hard-luck story?","/works/OL16810620W","a2bec9ef-28a6-41cb-937b-adaf51dd5ca7","2025-03-29 17:13:07","a2bec9ef-28a6-41cb-937b-adaf51dd5ca7","2025-03-29 17:13:07",1
"The Summer I Turned Pretty","This book is fresh fun and exciting. 15 year Belly Conklin is enjoying another summer with the people that she loves in Cousins, a place she's been going to since she was a baby! The fishers, Aka Jerimiah and Conrad, are finally grown up, and Belly feels like she can fit in aswell. Belly would be turning 16 this year, as now she feels as if she can fit in with the boys. She thinks the summer will be fun, Hanging out on the beach and Playing with the people she loves, Belly is looking foward to her summer vacation. But that's when she finds out that Susannah Fisher is diagnosed with Cancer, which changes everything. Things are different in the Summer house. Her first love, Conrad is different, he's distant. While the stay in the house was supposed to be enjoying, they need to focus on things that matter the most. Sussanah. Belly decides that it's time she acts like the adult that she is. Choosing between her 2 lovers Jerimiah and Conrad Fisher. Will either of them like her? Because this...Is the Summer I turned Pretty.","/works/OL5819962W","a2bec9ef-28a6-41cb-937b-adaf51dd5ca7","2025-03-29 17:13:07","a2bec9ef-28a6-41cb-937b-adaf51dd5ca7","2025-03-29 17:13:07",1
"Where the Wild Things Are","This is an inspired children's book about a boy's passage through tempestuous aspects of life.&#13&#10&#13&#10Max, a naughty little boy, sent to bed without his supper, sails to the land of the wild things, where he becomes their king.","/works/OL2568879W","a2bec9ef-28a6-41cb-937b-adaf51dd5ca7","2025-03-29 17:13:07","a2bec9ef-28a6-41cb-937b-adaf51dd5ca7","2025-03-29 17:13:07",1
"Kitchen Confidential","A celebrity chef shares anecdotes of his experience in the restaurant industry, and of his journey from dishwasher to a position of fame in the food industry.","/works/OL3348011W","a2bec9ef-28a6-41cb-937b-adaf51dd5ca7","2025-03-29 17:13:07","a2bec9ef-28a6-41cb-937b-adaf51dd5ca7","2025-03-29 17:13:07",1
"The Shadow Rising","The Wheel of Time turns and Ages come and go, leaving memories that become legend. Legend fades to myth, and even myth is long forgotten when the Age that gave it birth returns again. In the Third Age, an Age of Prophecy, the World and Time themselves hang in the balance. What was, what will be, and what is, may yet fall under the Shadow.&#13&#10The seals of Shayol Ghul are weak now, and the Dark One reaches out. The Shadow is rising to cover humankind.&#13&#10In Tar Valon, Min sees portents of hideous doom. Will the White Tower itself be broken?&#13&#10In the Two Rivers, the Whitecloaks ride in pursuit of a man with golden eyes, and in pursuit of the Dragon Reborn.&#13&#10In Cantorin, among the Sea Folk, High Lady Suroth plans the return of the Seanchan armies to the mainland.&#13&#10In the Stone of Tear, the Lord Dragon considers his next move. It will be something no one expects, not the Black Ajah, not Tairen nobles, not Aes Sedai, not Egwene or Elayne or Nynaeve.&#13&#10Against the Shadow rising stands the Dragon Reborn...","/works/OL7924199W","a2bec9ef-28a6-41cb-937b-adaf51dd5ca7","2025-03-29 17:13:07","a2bec9ef-28a6-41cb-937b-adaf51dd5ca7","2025-03-29 17:13:07",1
"The Song of Achilles","This is the story of the seige of Troy from the perspective of Achilles best-friend Patroclus.  Although Patroclus is outcast from his home for disappointing his father he manages to be the only mortal who can keep up with the half-God Archilles.  Even though many will know the facts behind the story the telling is fresh and engaging.","/works/OL16509148W","a2bec9ef-28a6-41cb-937b-adaf51dd5ca7","2025-03-29 17:13:07","a2bec9ef-28a6-41cb-937b-adaf51dd5ca7","2025-03-29 17:13:07",1
"Trading in the zone","Maximizing the trader’s state of mind is the key to successful results. Conflicts, contradictions and paradoxes in thinking can spell disaster for even a highly motivated, astute and well grounded trader. Mark Douglas, a trader, personal trading coach, and industry consultant since 1982, sends the message that 'thinking strategy' will profoundly influence a trader’s success rate. Douglas addresses five very specific issues to give traders the insight and understanding about themselves that will make them consistent winners in the market.Trading In The Zone offers specific solutions to the “people factor” of commodity price movement. It uncovers the true culprit for lack of consistency when it comes to stock picking: lack of focus and self-confidence. Through simple exercises, traders will learn how to think in terms of probabilities, and adopt the specific beliefs necessary to developing a winner’s mindset. Along the way, they’ll gain valuable insights into their own entrenched misconceptions about the market.Backed by compelling examples, Trading In The Zone adds a new dimension to getting an edge on the market. Through a better understanding of themselves, as well as of Wall Street’s realities, traders will come to leverage the power of their psyche for unprecedented profitability.","/works/OL4461578W","a2bec9ef-28a6-41cb-937b-adaf51dd5ca7","2025-03-29 17:13:07","a2bec9ef-28a6-41cb-937b-adaf51dd5ca7","2025-03-29 17:13:07",1
"The Hunger Games","The Hunger Games is a 2008 dystopian novel by the American writer Suzanne Collins. It is written in the perspective of 16-year-old Katniss Everdeen, who lives in the future, post-apocalyptic nation of Panem in North America. The Capitol, a highly advanced metropolis, exercises political control over the rest of the nation. The Hunger Games is an annual event in which one boy and one girl aged 12–18 from each of the twelve districts surrounding the Capitol are selected by lottery to compete in a televised battle royale to the death.&#13&#10&#13&#10The book received critical acclaim from major reviewers and authors. It was praised for its plot and character development. In writing The Hunger Games, Collins drew upon Greek mythology, Roman gladiatorial games, and contemporary reality television for thematic content. The novel won many awards, including the California Young Reader Medal, and was named one of Publishers Weekly's 'Best Books of the Year' in 2008.&#13&#10&#13&#10The Hunger Games was first published in hardcover on September 14, 2008, by Scholastic, featuring a cover designed by Tim O'Brien.","/works/OL5735363W","a2bec9ef-28a6-41cb-937b-adaf51dd5ca7","2025-03-29 17:13:07","a2bec9ef-28a6-41cb-937b-adaf51dd5ca7","2025-03-29 17:13:07",1
"Because of Winn-Dixie","Ten-year-old India Opal Buloni describes her first summer in the town of Naomi, Florida, and all the good things that happen to her because of her big ugly dog Winn-Dixie.","/works/OL468658W","a2bec9ef-28a6-41cb-937b-adaf51dd5ca7","2025-03-29 17:13:07","a2bec9ef-28a6-41cb-937b-adaf51dd5ca7","2025-03-29 17:13:07",1
"Milk and Honey","The book is divided into four chapters, each chapter serves a different purpose. They deal with different pains; heal different heartaches. Milk and honey takes readers through a journey of the most bitter moments in life and finds sweetness in them, because there is sweetness everywhere If you are just willing to look.","/works/OL17606111W","a2bec9ef-28a6-41cb-937b-adaf51dd5ca7","2025-03-29 17:13:07","a2bec9ef-28a6-41cb-937b-adaf51dd5ca7","2025-03-29 17:13:07",1
"How the Grinch Stole Christmas!","The Grinch tries to stop Christmas from arriving by stealing all the presents and food from the village, but much to his surprise it comes anyway. Could Christmas be more than presents?","/works/OL261169W","a2bec9ef-28a6-41cb-937b-adaf51dd5ca7","2025-03-29 17:13:07","a2bec9ef-28a6-41cb-937b-adaf51dd5ca7","2025-03-29 17:13:07",1
"Fourth Wing","Twenty-year-old Violet Sorrengail was supposed to enter the Scribe Quadrant, living a quiet life among books and history. Now, the commanding general—also known as her tough-as-talons mother—has ordered Violet to join the hundreds of candidates striving to become the elite of Navarre: dragon riders.&#13&#10&#13&#10But when you’re smaller than everyone else and your body is brittle, death is only a heartbeat away...because dragons don’t bond to “fragile” humans. They incinerate them.&#13&#10&#13&#10With fewer dragons willing to bond than cadets, most would kill Violet to better their own chances of success. The rest would kill her just for being her mother’s daughter—like Xaden Riorson, the most powerful and ruthless wingleader in the Riders Quadrant.&#13&#10&#13&#10She’ll need every edge her wits can give her just to see the next sunrise.&#13&#10&#13&#10Yet, with every day that passes, the war outside grows more deadly, the kingdom's protective wards are failing, and the death toll continues to rise. Even worse, Violet begins to suspect leadership is hiding a terrible secret.&#13&#10&#13&#10Friends, enemies, lovers. Everyone at Basgiath War College has an agenda—because once you enter, there are only two ways out: graduate or die.","/works/OL29226517W","a2bec9ef-28a6-41cb-937b-adaf51dd5ca7","2025-03-29 17:13:07","a2bec9ef-28a6-41cb-937b-adaf51dd5ca7","2025-03-29 17:13:07",1
"The Power of Your Subconscious Mind","Examines the connection between the mental dynamics of thinking in relation to one's quality of life while offering simple techniques designed to create new, more innovative thought processes and stimulate creativity, in a revised and expanded edition of the best-selling work.","/works/OL55806W","a2bec9ef-28a6-41cb-937b-adaf51dd5ca7","2025-03-29 17:13:07","a2bec9ef-28a6-41cb-937b-adaf51dd5ca7","2025-03-29 17:13:07",1
"Life, the Universe and Everything","Life, the Universe and Everything is the third book in the five-volume Hitchhiker's Guide to the Galaxy science fiction 'trilogy' by British writer Douglas Adams. The title refers to the Answer to Life, the Universe, and Everything.&#13&#10&#13&#10&#13&#10----------&#13&#10Also contained in:&#13&#10&#13&#10 - [Hitch Hiker's Guide to the Galaxy: A Trilogy in Four Parts][1]&#13&#10 - [Hitchhiker's Trilogy](https://openlibrary.org/works/OL2163696W)&#13&#10 - [More Than Complete Hitchhiker's Guide][2]&#13&#10 - [Ultimate Hitchhiker's Guide to the Galaxy](https://openlibrary.org/works/OL2163706W)&#13&#10&#13&#10  [1]: https://openlibrary.org/works/OL2163692W&#13&#10  [2]: https://openlibrary.org/works/OL2163713W","/works/OL2163623W","a2bec9ef-28a6-41cb-937b-adaf51dd5ca7","2025-03-29 17:13:07","a2bec9ef-28a6-41cb-937b-adaf51dd5ca7","2025-03-29 17:13:07",1
"The Giving Tree","From Shel Silverstein, New York Times bestselling author of Where the Sidewalk Ends and A Light in the Attic, comes a poignant picture book about love and acceptance, cherished for over fifty years. This classic is perfect for both young readers and lifelong fans.&#13&#10&#13&#10'Once there was a tree...and she loved a little boy.'&#13&#10&#13&#10So begins a story of unforgettable perception, beautifully written and illustrated by the gifted and versatile Shel Silverstein. This moving parable for all ages offers a touching interpretation of the gift of giving and a serene acceptance of another's capacity to love in return.&#13&#10&#13&#10Every day the boy would come to the tree to eat her apples, swing from her branches, or slide down her trunk...and the tree was happy. But as the boy grew older he began to want more from the tree, and the tree gave and gave and gave. This is a tender story, touched with sadness, aglow with consolation.&#13&#10&#13&#10The Giving Tree is a meaningful gift for milestone events such as graduations, birthdays, and baby showers.&#13&#10&#13&#10Shel Silverstein's incomparable career as a bestselling children's book author and illustrator began with Lafcadio, the Lion Who Shot Back. He is also the creator of picture books including A Giraffe and a Half, Who Wants a Cheap Rhinoceros?, The Missing Piece, The Missing Piece Meets the Big O, and the perennial favorite The Giving Tree, and of classic poetry collections such as Where the Sidewalk Ends, A Light in the Attic, Falling Up, Every Thing On It, Don't Bump the Glump!, and Runny Babbit plus Runny Babbit Returns.","/works/OL3368288W","a2bec9ef-28a6-41cb-937b-adaf51dd5ca7","2025-03-29 17:13:07","a2bec9ef-28a6-41cb-937b-adaf51dd5ca7","2025-03-29 17:13:07",1
"Time Traveler's Wife","Audrey Niffenegger's innovative debut, The Time Traveler's Wife, is the story of Clare, a beautiful art student, and Henry, an adventuresome librarian, who have known each other since Clare was six and Henry was thirty-six, and were married when Clare was twenty-three and Henry thirty-one. Impossible but true, because Henry is one of the first people diagnosed with Chrono-Displacement Disorder: periodically his genetic clock resets and he finds himself misplaced in time, pulled to moments of emotional gravity in his life, past and future. His disappearances are spontaneous, his experiences unpredictable, alternately harrowing and amusing.&#13&#10([source][1])&#13&#10&#13&#10&#13&#10  [1]: https://www.audreyniffenegger.com/published-books/2015/4/22/the-time-travelers-wife-2005","/works/OL4720160W","a2bec9ef-28a6-41cb-937b-adaf51dd5ca7","2025-03-29 17:13:07","a2bec9ef-28a6-41cb-937b-adaf51dd5ca7","2025-03-29 17:13:07",1
"How to Win Friends and Influence People","Available for the first time ever in trade paperback, Dale Carnegie's enduring classic, the inspirational personal development guide that shows how to achieve lifelong success. One of the top-selling books of all time, 'How to Win Friends & Influence People' has sold more than 15 million copies in all its editions.","/works/OL1063267W","a2bec9ef-28a6-41cb-937b-adaf51dd5ca7","2025-03-29 17:13:07","a2bec9ef-28a6-41cb-937b-adaf51dd5ca7","2025-03-29 17:13:07",1
"Good Girl, Bad Blood","More dark secrets are exposed in this addictive, true-crime fueled sequel when Pip finds herself in another deadly case.&#13&#10&#13&#10Pip is not a detective anymore. With the help of Ravi Singh, she released a true-crime podcast about the murder case they solved together last year. The podcast has gone viral, yet Pip insists her investigating days are behind her.&#13&#10&#13&#10But she will have to break that promise when someone she knows goes missing. Jamie Reynolds has disappeared, on the very same night the town hosted a memorial for the sixth-year anniversary of the deaths of Andie Bell and Sal Singh.&#13&#10&#13&#10The police won't do anything about it. And if they won't look for Jamie then Pip will, uncovering more of her town's dark secrets along the way... and this time everyone is listening. But will she find him before it's too late?","/works/OL21084352W","a2bec9ef-28a6-41cb-937b-adaf51dd5ca7","2025-03-29 17:13:07","a2bec9ef-28a6-41cb-937b-adaf51dd5ca7","2025-03-29 17:13:07",1
"After (After Series, Book 1)","Now a major motion picture!&#13&#10&#13&#10Experience the internet's most talked-about book from Anna Todd, the writer Cosmopolitan called “the biggest literary phenomenon of her generation”—now with new exclusive material!&#13&#10&#13&#10There was the time before Tessa met Hardin, and then there’s everything AFTER... Life will never be the same. #Hessa&#13&#10&#13&#10Tessa is a good girl with a sweet, reliable boyfriend back home. She’s got direction, ambition, and a mother who’s intent on keeping her that way.&#13&#10&#13&#10But she’s barely moved into her freshman dorm when she runs into Hardin. With his tousled brown hair, cocky British accent, and tattoos, Hardin is cute and different from what she’s used to.&#13&#10&#13&#10But he’s also rude—to the point of cruelty, even. For all his attitude, Tessa should hate Hardin. And she does—until she finds herself alone with him in his room. Something about his dark mood grabs her, and when they kiss it ignites within her a passion she’s never known before.&#13&#10&#13&#10He'll call her beautiful, then insist he isn’t the one for her and disappear again and again. Despite the reckless way he treats her, Tessa is compelled to dig deeper and find the real Hardin beneath all his lies. He pushes her away again and again, yet every time she pushes back, he only pulls her in deeper.&#13&#10&#13&#10Tessa already has the perfect boyfriend. So why is she trying so hard to overcome her own hurt pride and Hardin's prejudice about nice girls like her?&#13&#10&#13&#10Unless...could this be love?","/works/OL17719508W","a2bec9ef-28a6-41cb-937b-adaf51dd5ca7","2025-03-29 17:13:07","a2bec9ef-28a6-41cb-937b-adaf51dd5ca7","2025-03-29 17:13:07",1
"Catching Fire","Against all odds, Katniss Everdeen has won the Hunger Games. She and fellow District 12 tribute Peeta Mellark are miraculously still alive. Katniss should be relieved, happy even. After all, she has returned to her family and her longtime friend, Gale. Yet nothing is the way Katniss wishes it to be. Gale holds her at an icy distance. Peeta has turned his back on her completely. And there are whispers of a rebellion against the Capitol—a rebellion that Katniss and Peeta may have helped create. &#13&#10&#13&#10Much to her shock, Katniss has fueled an unrest that she's afraid she cannot stop. And what scares her even more is that she's not entirely convinced she should try. As time draws near for Katniss and Peeta to visit the districts on the Capitol's cruel Victory Tour, the stakes are higher than ever. If they can't prove, without a shadow of a doubt, that they are lost in their love for each other, the consequences will be horrifying.&#13&#10&#13&#10In Catching Fire, the second novel of the Hunger Games trilogy, Suzanne Collins continues the story of Katniss Everdeen, testing her more than ever before . . . and surprising readers at every turn.","/works/OL5735360W","a2bec9ef-28a6-41cb-937b-adaf51dd5ca7","2025-03-29 17:13:07","a2bec9ef-28a6-41cb-937b-adaf51dd5ca7","2025-03-29 17:13:07",1
"The Drawing of the Three","[The Dark Tower][1] II&#13&#10&#13&#10Part II of an epic saga. Roland, the last gunslinger, encounters three mysterious doorways on the beach. Each one enters into a different person living in New York. Through these doorways, Roland draws the companions who will assist him on his quest to save the Dark Tower. &#13&#10([source][2])&#13&#10&#13&#10&#13&#10  [1]: https://openlibrary.org/works/OL81600W/The_Dark_Tower_1-7&#13&#10  [2]: https://stephenking.com/library/novel/dark_tower_the_drawing_of_the_three_the.html","/works/OL81616W","a2bec9ef-28a6-41cb-937b-adaf51dd5ca7","2025-03-29 17:13:07","a2bec9ef-28a6-41cb-937b-adaf51dd5ca7","2025-03-29 17:13:07",1
"The Mark of Athena","Annabeth is terrified. Just when she's about to be reunited with Percy—after six months of being apart, thanks to Hera—it looks like Camp Jupiter is preparing for war. As Annabeth and her friends Jason, Piper, and Leo fly in on the Argo II, she can't blame the Roman demigods for thinking the ship is a Greek weapon. With its steaming bronze dragon figurehead, Leo's fantastical creation doesn't appear friendly. Annabeth hopes that the sight of their praetor Jason on deck will reassure the Romans that the visitors from Camp Half-Blood are coming in peace.&#13&#10&#13&#10And that's only one of her worries. In her pocket, Annabeth carries a gift from her mother that came with an unnerving command: Follow the Mark of Athena. Avenge me. Annabeth already feels weighed down by the prophecy that will send seven demigods on a quest to find—and close—the Doors of Death. What more does Athena want from her?&#13&#10&#13&#10Annabeth's biggest fear, though, is that Percy might have changed. What if he's now attached to Roman ways? Does he still need his old friends? As the daughter of the goddess of war and wisdom, Annabeth knows she was born to be a leader—but never again does she want to be without Seaweed Brain by her side&#13&#10&#13&#10Narrated by four different demigods, The Mark of Athena is an unforgettable journey across land and sea to Rome, where important discoveries, surprising sacrifices, and unspeakable horrors await. Climb aboard the Argo II, if you dare. . .","/works/OL16664287W","a2bec9ef-28a6-41cb-937b-adaf51dd5ca7","2025-03-29 17:13:07","a2bec9ef-28a6-41cb-937b-adaf51dd5ca7","2025-03-29 17:13:07",1
"Death's End (The Three-Body Problem Series Book 3)","Soon to be a Netflix Original Series!&#13&#10&#13&#10“The War of the Worlds for the 21st century… packed with a sense of wonder.” – Wall Street Journal&#13&#10&#13&#10The New York Times bestselling conclusion to a tour de force near-future adventure trilogy from China's bestselling and beloved science fiction writer.&#13&#10&#13&#10With The Three-Body Problem, English-speaking readers got their first chance to read China's most beloved science fiction author, Cixin Liu. The Three-Body Problem was released to great acclaim including coverage in The New York Times and The Wall Street Journal and reading list picks by Barack Obama and Mark Zuckerberg. It was also won the Hugo and Nebula Awards, making it the first translated novel to win a major SF award.&#13&#10&#13&#10Now this epic trilogy concludes with Death's End. Half a century after the Doomsday Battle, the uneasy balance of Dark Forest Deterrence keeps the Trisolaran invaders at bay. Earth enjoys unprecedented prosperity due to the infusion of Trisolaran knowledge. With human science advancing daily and the Trisolarans adopting Earth culture, it seems that the two civilizations will soon be able to co-exist peacefully as equals without the terrible threat of mutually assured annihilation. But the peace has also made humanity complacent.&#13&#10&#13&#10Cheng Xin, an aerospace engineer from the early twenty-first century, awakens from hibernation in this new age. She brings with her knowledge of a long-forgotten program dating from the beginning of the Trisolar Crisis, and her very presence may upset the delicate balance between two worlds. Will humanity reach for the stars or die in its cradle?","/works/OL17610507W","a2bec9ef-28a6-41cb-937b-adaf51dd5ca7","2025-03-29 17:13:07","a2bec9ef-28a6-41cb-937b-adaf51dd5ca7","2025-03-29 17:13:07",1
"Knife of Dreams","In een gefantaseerde wereld maakt een ieder zich op voor de laatste strijd tussen Goed en Kwaad.","/works/OL7924194W","a2bec9ef-28a6-41cb-937b-adaf51dd5ca7","2025-03-29 17:13:07","a2bec9ef-28a6-41cb-937b-adaf51dd5ca7","2025-03-29 17:13:07",1
"The Long Way to a Small, Angry Planet","When Rosemary Harper joins the crew of the Wayfarer, she isn't expecting much. The Wayfarer, a patched-up ship that's seen better days, offers her everything she could possibly want: a small, quiet spot to call home for a while, adventure in far-off corners of the galaxy, and distance from her troubled past.&#13&#10But Rosemary gets more than she bargained for with the Wayfarer. The crew is a mishmash of species and personalities, from Sissix, the friendly reptilian pilot, to Kizzy and Jenks, the constantly sparring engineers who keep the ship running. Life on board is chaotic, but more or less peaceful - exactly what Rosemary wants.&#13&#10Until the crew are offered the job of a lifetime: the chance to build a hyperspace tunnel to a distant planet.","/works/OL17716925W","a2bec9ef-28a6-41cb-937b-adaf51dd5ca7","2025-03-29 17:13:07","a2bec9ef-28a6-41cb-937b-adaf51dd5ca7","2025-03-29 17:13:07",1
"Old School","Life was better in the old days. Or was it?&#13&#10&#13&#10That’s the question Greg Heffley is asking as his town voluntarily unplugs and goes electronics-free. But modern life has its conveniences, and Greg isn’t cut out for an old-fashioned world.&#13&#10&#13&#10With tension building inside and outside the Heffley home, will Greg find a way to survive? Or is going “old school” just too hard for a kid like Greg?","/works/OL17267509W","a2bec9ef-28a6-41cb-937b-adaf51dd5ca7","2025-03-29 17:13:07","a2bec9ef-28a6-41cb-937b-adaf51dd5ca7","2025-03-29 17:13:07",1
"The Midnight Library","Between life and death there is a library, and within that library, the shelves go on forever. Every book provides a chance to try another life you could have lived. To see how things would be if you had made other choices . . . Would you have done anything different, if you had the chance to undo your regrets?”&#13&#10&#13&#10A dazzling novel about all the choices that go into a life well lived, from the internationally bestselling author of Reasons to Stay Alive and How To Stop Time.&#13&#10&#13&#10Somewhere out beyond the edge of the universe there is a library that contains an infinite number of books, each one the story of another reality. One tells the story of your life as it is, along with another book for the other life you could have lived if you had made a different choice at any point in your life. While we all wonder how our lives might have been, what if you had the chance to go to the library and see for yourself? Would any of these other lives truly be better?&#13&#10&#13&#10In The Midnight Library, Matt Haig’s enchanting new novel, Nora Seed finds herself faced with this decision. Faced with the possibility of changing her life for a new one, following a different career, undoing old breakups, realizing her dreams of becoming a glaciologist; she must search within herself as she travels through the Midnight Library to decide what is truly fulfilling in life, and what makes it worth living in the first place.","/works/OL20965973W","a2bec9ef-28a6-41cb-937b-adaf51dd5ca7","2025-03-29 17:13:07","a2bec9ef-28a6-41cb-937b-adaf51dd5ca7","2025-03-29 17:13:07",1
"The Book Thief","The extraordinary, beloved novel about the ability of books to feed the soul even in the darkest of times.&#13&#10&#13&#10When Death has a story to tell, you listen.&#13&#10&#13&#10It is 1939. Nazi Germany. The country is holding its breath. Death has never been busier, and will become busier still.&#13&#10&#13&#10Liesel Meminger is a foster girl living outside of Munich, who scratches out a meager existence for herself by stealing when she encounters something she can’t resist–books. With the help of her accordion-playing foster father, she learns to read and shares her stolen books with her neighbors during bombing raids as well as with the Jewish man hidden in her basement. &#13&#10&#13&#10In superbly crafted writing that burns with intensity, award-winning author Markus Zusak, author of I Am the Messenger, has given us one of the most enduring stories of our time.&#13&#10 &#13&#10“The kind of book that can be life-changing.” —The New York Times","/works/OL5819456W","a2bec9ef-28a6-41cb-937b-adaf51dd5ca7","2025-03-29 17:13:07","a2bec9ef-28a6-41cb-937b-adaf51dd5ca7","2025-03-29 17:13:07",1
"A short history of nearly everything","A Short History of Nearly Everything by American author Bill Bryson is a popular science book that explains some areas of science, using easily accessible language that appeals more so to the general public than many other books dedicated to the subject. It was one of the bestselling popular science books of 2005 in the United Kingdom, selling over 300,000 copies.&#13&#10&#13&#10A Short History deviates from Bryson's popular travel book genre, instead describing general sciences such as chemistry, paleontology, astronomy, and particle physics. In it, he explores time from the Big Bang to the discovery of quantum mechanics, via evolution and geology.&#13&#10&#13&#10Bill Bryson wrote this book because he was dissatisfied with his scientific knowledge—that was, not much at all. He writes that science was a distant, unexplained subject at school. Textbooks and teachers alike did not ignite the passion for knowledge in him, mainly because they never delved in the whys, hows, and whens.&#13&#10&#13&#10The ebook can be found elsewhere on the web at:&#13&#10http://www.huzheng.org/bookstore/AShortHistoryofNearlyEverything.pdf","/works/OL74128W","a2bec9ef-28a6-41cb-937b-adaf51dd5ca7","2025-03-29 17:13:07","a2bec9ef-28a6-41cb-937b-adaf51dd5ca7","2025-03-29 17:13:07",1
"The Pillars of the Earth","The Pillars of the Earth is a historical novel by Welsh author Ken Follett published in 1989 about the building of a cathedral in the fictional town of Kingsbridge, England. Set in the 12th century, the novel covers the time between the sinking of the White Ship and the murder of Thomas Becket, but focuses primarily on the Anarchy. The book traces the development of Gothic architecture out of the preceding Romanesque architecture, and the fortunes of the Kingsbridge priory and village against the backdrop of historical events of the time.&#13&#10&#13&#10&#13&#10----------&#13&#10&#13&#10 See also:&#13&#10&#13&#10 - [The Pillars of the Earth: 1/2](https://openlibrary.org/works/OL23632562W)&#13&#10 - [The Pillars of the Earth: 2/2](https://openlibrary.org/works/OL23632516W)","/works/OL1914022W","a2bec9ef-28a6-41cb-937b-adaf51dd5ca7","2025-03-29 17:13:07","a2bec9ef-28a6-41cb-937b-adaf51dd5ca7","2025-03-29 17:13:07",1
"Leviathan Wakes","When Captain Jim Holden's ice miner stumbles across a derelict, abandoned ship, he uncovers a secret that threatens to throw the entire system into war. Attacked by a stealth ship belonging to the Mars fleet, Holden must find a way to uncover the motives behind the attack, stop a war and find the truth behind a vast conspiracy that threatens the entire human race.","/works/OL16114008W","a2bec9ef-28a6-41cb-937b-adaf51dd5ca7","2025-03-29 17:13:07","a2bec9ef-28a6-41cb-937b-adaf51dd5ca7","2025-03-29 17:13:07",1
"Anne of Green Gables","Anne, an eleven-year-old orphan, is sent by mistake to live with a lonely, middle-aged brother and sister on a Prince Edward Island farm and proceeds to make an indelible impression on everyone around her.","/works/OL77746W","a2bec9ef-28a6-41cb-937b-adaf51dd5ca7","2025-03-29 17:13:07","a2bec9ef-28a6-41cb-937b-adaf51dd5ca7","2025-03-29 17:13:07",1
"The Name of the Wind","The Name of the Wind, also called The Kingkiller Chronicle: Day One, is a heroic fantasy novel written by American author Patrick Rothfuss. It is the first book in the ongoing fantasy trilogy The Kingkiller Chronicle, followed by The Wise Man's Fear. It was published on March 27, 2007, by DAW Books.&#13&#10&#13&#10Followed by: [The Wise Man's Fear][2]&#13&#10&#13&#10&#13&#10  [2]: https://openlibrary.org/works/OL8479869W","/works/OL8479867W","a2bec9ef-28a6-41cb-937b-adaf51dd5ca7","2025-03-29 17:13:07","a2bec9ef-28a6-41cb-937b-adaf51dd5ca7","2025-03-29 17:13:07",1
"Dog Man","A cute kitten disrupts Petey's plans in the third Dog Man book from worldwide bestselling author and artist Dav Pilkey.&#13&#10He was the best of dogs... He was the worst of dogs... It was the age of invention... It was the season of surprise... It was the eve of supa sadness... It was the dawn of hope... Dog Man hasn't always been a paws-itive addition to the police force. While he can muzzle miscreants, he tends to leave a slick of slobber in his wake! This time, Petey the Cat's dragged in a tiny bit of trouble -- a double in the form of a kitten clone. Dog Man will have to work twice as hard to bust these furballs and remain top dog!&#13&#10&#13&#10Dav Pilkey's wildly popular Dog Man series appeals to readers of all ages and explores universally positive themes, including empathy, kindness, persistence, and the importance of being true to one's self.","/works/OL17798838W","a2bec9ef-28a6-41cb-937b-adaf51dd5ca7","2025-03-29 17:13:07","a2bec9ef-28a6-41cb-937b-adaf51dd5ca7","2025-03-29 17:13:07",1
"House of Leaves","Nothing, in all it's entirety.","/works/OL32195W","a2bec9ef-28a6-41cb-937b-adaf51dd5ca7","2025-03-29 17:13:07","a2bec9ef-28a6-41cb-937b-adaf51dd5ca7","2025-03-29 17:13:07",1
"Project Hail Mary","Ryland Grace is the sole survivor on a desperate, last-chance mission–and if he fails, humanity and the earth itself will perish. Except that right now, he doesn’t know that. He can’t even remember his own name, let alone the nature of his assignment or how to complete it. All he knows is that he’s been asleep for a very, very long time. And he’s just been awakened to find himself millions of miles from home, with nothing but two corpses for company.&#13&#10&#13&#10His crewmates dead, his memories fuzzily returning, he realizes that an impossible task now confronts him. Alone on this tiny ship that’s been cobbled together by every government and space agency on the planet and hurled into the depths of space, it’s up to him to conquer an extinction-level threat to our species.&#13&#10&#13&#10And thanks to an unexpected ally, he just might have a chance.&#13&#10&#13&#10Part scientific mystery, part dazzling interstellar journey, Project Hail Mary is a tale of discovery, speculation, and survival to rival The Martian–while taking us to places it never dreamed of going.","/works/OL21745884W","a2bec9ef-28a6-41cb-937b-adaf51dd5ca7","2025-03-29 17:13:07","a2bec9ef-28a6-41cb-937b-adaf51dd5ca7","2025-03-29 17:13:07",1
"Bad Blood","Bad Blood: Secrets and Lies in a Silicon Valley Startup is a nonfiction book by journalist John Carreyrou, released May 21, 2018. It covers the rise and fall of Theranos, the multibillion-dollar biotech startup headed by Elizabeth Holmes. The book received critical acclaim, winning the 2018 Financial Times and McKinsey Business Book of the Year Award.","/works/OL17892614W","a2bec9ef-28a6-41cb-937b-adaf51dd5ca7","2025-03-29 17:13:07","a2bec9ef-28a6-41cb-937b-adaf51dd5ca7","2025-03-29 17:13:07",1
"Percy Jackson's Greek Gods","'A publisher in New York asked me to write down what I know about the Greek gods, and I was like, 'Can we do this anonymously?' Because I don't need the Olympians mad at me again. But if it helps you to know your Greek gods, and survive an encounter with them if they ever show up in your face, then I guess writing all this down will be my good deed for the week.'&#13&#10&#13&#10So begins Percy Jackson's Greek Gods, in which the son of Poseidon adds his own magic - and sarcastic asides - to the classics. He explains how the world was created, then gives listeners his personal take on a who's who of ancients, from Apollo to Zeus. Percy does not hold back: 'If you like horror shows, blood baths, lying, stealing, backstabbing, and cannibalism, then read on, because it definitely was a Golden Age for all that.'","/works/OL17054790W","a2bec9ef-28a6-41cb-937b-adaf51dd5ca7","2025-03-29 17:13:07","a2bec9ef-28a6-41cb-937b-adaf51dd5ca7","2025-03-29 17:13:07",1
"Elon Musk","In the spirit of Steve Jobs and Moneyball, Elon Musk is both an illuminating and authorized look at the extraordinary life of one of Silicon Valley's most exciting, unpredictable, and ambitious entrepreneurs -- a real-life Tony Stark -- and a fascinating exploration of the renewal of American invention and its new 'makers.' Elon Musk spotlights the technology and vision of Elon Musk, the renowned entrepreneur and innovator behind SpaceX, Tesla, and SolarCity, who sold one of his Internet companies, PayPal, for $1.5 billion. Ashlee Vance captures the full spectacle and arc of the genius's life and work, from his tumultuous upbringing in South Africa and flight to the United States to his dramatic technical innovations and entrepreneurial pursuits. Vance uses Musk's story to explore one of the pressing questions of our age: can the nation of inventors and creators who led the modern world for a century still compete in an age of fierce global competition? He argues that Musk -- one of the most unusual and striking figures in American business history -- is a contemporary, visionary amalgam of legendary inventors and industrialists including Thomas Edison, Henry Ford, Howard Hughes, and Steve Jobs. More than any other entrepreneur today, Musk has dedicated his energies and his own vast fortune to inventing a future that is as rich and far-reaching as the visionaries of the golden age of science-fiction fantasy. Thorough and insightful, Elon Musk brings to life a technology industry that is rapidly and dramatically changing by examining the life of one of its most powerful and influential titans. - Publisher.","/works/OL17184556W","a2bec9ef-28a6-41cb-937b-adaf51dd5ca7","2025-03-29 17:13:07","a2bec9ef-28a6-41cb-937b-adaf51dd5ca7","2025-03-29 17:13:07",1
"Never Split the Difference","Do you wish you could read faster? Go BOOKS offers an in-depth look into some of the most popular and informative books of the last two decades. Whether you are using this books as a study guide, reference material, further connection to the original book or simply a way to retrieve the content and material faster...Our goal is to provide value to every listener.&#13&#10&#13&#10This summary book breaks down all the big ideas, key points and facts so the listener can quickly and easily understand the content.&#13&#10&#13&#10In this book you will find:&#13&#10&#13&#10Book overview&#13&#10Background Information about the book&#13&#10Background information about the author&#13&#10Cover questions&#13&#10Trivia questions&#13&#10Discussion questions","/works/OL18819818W","a2bec9ef-28a6-41cb-937b-adaf51dd5ca7","2025-03-29 17:13:07","a2bec9ef-28a6-41cb-937b-adaf51dd5ca7","2025-03-29 17:13:07",1
"The Color Purple","The Color Purple is a 1982 epistolary novel by American author Alice Walker which won the 1983 Pulitzer Prize for Fiction and the National Book Award for Fiction.&#13&#10&#13&#10The novel has been the frequent target of censors and appears on the American Library Association list of the 100 Most Frequently Challenged Books of 2000–2009 at number seventeenth because of the sometimes explicit content, particularly in terms of violence. In 2003, the book was listed on the BBC's The Big Read poll of the UK's 'best-loved novels.'&#13&#10&#13&#10----------&#13&#10Also contained in:&#13&#10&#13&#10 - [The Third Life of Grange Copeland / Meridian / The Color Purple][1]&#13&#10&#13&#10&#13&#10  [1]: https://openlibrary.org/works/OL18025207W/The_Third_Life_of_Grange_Copeland_Meridian_The_Color_Purple","/works/OL273644W","a2bec9ef-28a6-41cb-937b-adaf51dd5ca7","2025-03-29 17:13:07","a2bec9ef-28a6-41cb-937b-adaf51dd5ca7","2025-03-29 17:13:07",1
"Interesting Times","'May you live in interesting times' is the worst thing one can wish on a citizen of Discworld -- especially on the distinctly unmagical sorcerer Rincewind, who has had far too much perilous excitement in his life. But when a request for a 'Great Wizzard' arrives in Ankh-Morpork via carrier albatross from the faraway Counterweight Continent, it's he who's sent as emissary. Chaos threatens to follow the impending demise of the Agatean Empire's current ruler. And, for some incomprehensible reason, someone believes Rincewind will have a mythic role in the war and wholesale bloodletting that will surely ensue. (Carnage is pretty much a given, since Cohen the Barbarian and his extremely elderly Silver Horde are busily formulating their own plan for looting, pillaging, and, er, looking wistfully at girls.) However, Rincewind firmly believes there are too many heroes already in the world, yet only one Rincewind. And he owes it to the world to keep that one alive for as long as possible.","/works/OL453707W","a2bec9ef-28a6-41cb-937b-adaf51dd5ca7","2025-03-29 17:13:07","a2bec9ef-28a6-41cb-937b-adaf51dd5ca7","2025-03-29 17:13:07",1
"All the Light We Cannot See","From the highly acclaimed, multiple award-winning Anthony Doerr, a stunningly ambitious and beautiful novel about a blind French girl and a German boy whose paths collide in occupied France as both try to survive the devastation of World War II. Marie Laure lives with her father in Paris within walking distance of the Museum of Natural History where he works as the master of the locks (there are thousands of locks in the museum). When she is six, she goes blind, and her father builds her a model of their neighborhood, every house, every manhole, so she can memorize it with her fingers and navigate the real streets with her feet and cane. When the Germans occupy Paris, father and daughter flee to Saint-Malo on the Brittany coast, where Marie-Laure's agoraphobic great uncle lives in a tall, narrow house by the sea wall. In another world in Germany, an orphan boy, Werner, grows up with his younger sister, Jutta, both enchanted by a crude radio Werner finds. He becomes a master at building and fixing radios, a talent that wins him a place at an elite and brutal military academy and, ultimately, makes him a highly specialized tracker of the Resistance. Werner travels through the heart of Hitler Youth to the far-flung outskirts of Russia, and finally into Saint-Malo, where his path converges with Marie-Laure. Doerr's gorgeous combination of soaring imagination with observation is electric. Deftly interweaving the lives of Marie-Laure and Werner, Doerr illuminates the ways, against all odds, people try to be good to one another. Ten years in the writing, All the Light We Cannot See is his most ambitious and dazzling work","/works/OL16821606W","a2bec9ef-28a6-41cb-937b-adaf51dd5ca7","2025-03-29 17:13:07","a2bec9ef-28a6-41cb-937b-adaf51dd5ca7","2025-03-29 17:13:07",1
"101 Essays That Will Change The Way You Think","> '101 Essays That Will Change The Way You Think, the global bestseller and social media phenomenon, is a collection of author Brianna Wiest's most beloved pieces of writing. Her meditations include why you should pursue purpose over passion, embrace negative thinking, see the wisdom in daily routine, and become aware of the cognitive biases that are creating the way you see your life. Some of these pieces have never been seen; others have been read by millions of people around the world. Regardless, each will leave you thinking: this idea changed my life.'","/works/OL23746568W","a2bec9ef-28a6-41cb-937b-adaf51dd5ca7","2025-03-29 17:13:07","a2bec9ef-28a6-41cb-937b-adaf51dd5ca7","2025-03-29 17:13:07",1
"Alice in Wonderland in Five Acts","","/works/OL13101191W","a2bec9ef-28a6-41cb-937b-adaf51dd5ca7","2025-03-29 17:13:07","a2bec9ef-28a6-41cb-937b-adaf51dd5ca7","2025-03-29 17:13:07",1
"The Magician's Nephew","Digory let out a scream. “What's happened to Polly?” “Congratulate me, my dear boy,” said Uncle Andrew, rubbing his hands. “My experiment has succeeded. The little girl's gone – vanished – right out of this world.” When Digory and Polly discover Uncle Andrew's secret workshop, they are tricked into touching some magic rings that take them right out of this world. But even Uncle Andrew doesn't realise the wonders that lie ahead as they discover the gateway to the magical land of Narnia, where many thrilling adventures await them.","/works/OL71042W","a2bec9ef-28a6-41cb-937b-adaf51dd5ca7","2025-03-29 17:13:07","a2bec9ef-28a6-41cb-937b-adaf51dd5ca7","2025-03-29 17:13:07",1
"Artificial condition","It has a dark past - one in which a number of humans were killed. A past that caused it to christen itself Murderbot. But it has only vague memories of the massacre that spawned that title, and it wants to know more. Teaming up with a research transport vessal named ART (you don't want to know what the A stands for), Murderbot heads to the mining facility where it went rogue. What it discovers will forever change the way it thinks...","/works/OL19747311W","a2bec9ef-28a6-41cb-937b-adaf51dd5ca7","2025-03-29 17:13:07","a2bec9ef-28a6-41cb-937b-adaf51dd5ca7","2025-03-29 17:13:07",1
"A Feast for Crows","Few books have captivated the imagination and won the devotion and praise of readers and critics everywhere as has George R. R. Martin’s monumental epic cycle of high fantasy. Now, in A Feast for Crows, Martin delivers the long-awaited fourth book of his landmark series, as a kingdom torn asunder finds itself at last on the brink of peace . . . only to be launched on an even more terrifying course of destruction.&#13&#10&#13&#10&#13&#10It seems too good to be true. After centuries of bitter strife and fatal treachery, the seven powers dividing the land have decimated one another into an uneasy truce. Or so it appears. . . . With the death of the monstrous King Joffrey, Cersei is ruling as regent in King’s Landing. Robb Stark’s demise has broken the back of the Northern rebels, and his siblings are scattered throughout the kingdom like seeds on barren soil. Few legitimate claims to the once desperately sought Iron Throne still exist—or they are held in hands too weak or too distant to wield them effectively. The war, which raged out of control for so long, has burned itself out. &#13&#10&#13&#10But as in the aftermath of any climactic struggle, it is not long before the survivors, outlaws, renegades, and carrion eaters start to gather, picking over the bones of the dead and fighting for the spoils of the soon-to-be dead. Now in the Seven Kingdoms, as the human crows assemble over a banquet of ashes, daring new plots and dangerous new alliances are formed, while surprising faces—some familiar, others only just appearing—are seen emerging from an ominous twilight of past struggles and chaos to take up the challenges ahead. &#13&#10&#13&#10It is a time when the wise and the ambitious, the deceitful and the strong will acquire the skills, the power, and the magic to survive the stark and terrible times that lie before them. It is a time for nobles and commoners, soldiers and sorcerers, assassins and sages to come together and stake their fortunes . . . and their lives. For at a feast for crows, many are the guests—but only a few are the survivors.","/works/OL257948W","a2bec9ef-28a6-41cb-937b-adaf51dd5ca7","2025-03-29 17:13:07","a2bec9ef-28a6-41cb-937b-adaf51dd5ca7","2025-03-29 17:13:07",1
"The Forever War","'The legendary novel of extraterrestrial war in an uncaring universe comes to comics, in a stunningly realized vision of Joe Haldeman's Vietnam War parable epic war story spanning relativistic space and time, The Forever War explores one soldier's experience as he is caught up in the brutal machinery of a war against an unknown and unknowable alien foe that reaches across the stars' --&#13&#10&#13&#10&#13&#10&#13&#10The monumental Hugo and Nebula award winning SF classic-- Featuring a new introduction by John Scalzi&#13&#10&#13&#10The Earth's leaders have drawn a line in the interstellar sand--despite the fact that the fierce alien enemy they would oppose is inscrutable, unconquerable, and very far away. A reluctant conscript drafted into an elite Military unit, Private William Mandella has been propelled through space and time to fight in the distant thousand-year conflict; to perform his duties and do whatever it takes to survive the ordeal and return home. But 'home' may be even more terrifying than battle, because, thanks to the time dilation caused by space travel, Mandella is aging months while the Earth he left behind is aging centuries...","/works/OL271163W","a2bec9ef-28a6-41cb-937b-adaf51dd5ca7","2025-03-29 17:13:07","a2bec9ef-28a6-41cb-937b-adaf51dd5ca7","2025-03-29 17:13:07",1
"Gideon the Ninth","'The Emperor needs necromancers.&#13&#10&#13&#10The Ninth Necromancer needs a swordswoman.&#13&#10&#13&#10Gideon has a sword, some dirty magazines, and no more time for undead nonsense.&#13&#10&#13&#10Tamsyn Muir’s Gideon the Ninth unveils a solar system of swordplay, cut-throat politics, and lesbian necromancers. Her characters leap off the page, as skillfully animated as arcane revenants. The result is a heart-pounding epic science fantasy.&#13&#10&#13&#10Brought up by unfriendly, ossifying nuns, ancient retainers, and countless skeletons, Gideon is ready to abandon a life of servitude and an afterlife as a reanimated corpse. She packs up her sword, her shoes, and her dirty magazines, and prepares to launch her daring escape. But her childhood nemesis won’t set her free without a service.&#13&#10&#13&#10Harrowhark Nonagesimus, Reverend Daughter of the Ninth House and bone witch extraordinaire, has been summoned into action. The Emperor has invited the heirs to each of his loyal Houses to a deadly trial of wits and skill. If Harrowhark succeeds she will be become an immortal, all-powerful servant of the Resurrection, but no necromancer can ascend without their cavalier. Without Gideon’s sword, Harrow will fail, and the Ninth House will die.&#13&#10&#13&#10Of course, some things are better left dead.'","/works/OL20128158W","a2bec9ef-28a6-41cb-937b-adaf51dd5ca7","2025-03-29 17:13:07","a2bec9ef-28a6-41cb-937b-adaf51dd5ca7","2025-03-29 17:13:07",1
"Mostly Harmless","In the fifth volume of the Hitchhiker series, Random, the daughter of Arthur Dent, leaves her remote home planet on the edge of the universe to set out a cross-galactic odyssey in search of her ancestors' native planet.","/works/OL2163638W","a2bec9ef-28a6-41cb-937b-adaf51dd5ca7","2025-03-29 17:13:07","a2bec9ef-28a6-41cb-937b-adaf51dd5ca7","2025-03-29 17:13:07",1
"We Have Always Lived in the Castle","Shirley Jackson's beloved gothic tale of a peculiar girl named Merricat and her family's dark secret&#13&#10&#13&#10Taking readers deep into a labyrinth of dark neurosis, We Have Always Lived in the Castle is a deliciously unsettling novel about a perverse, isolated, and possibly murderous family and the struggle that ensues when a cousin arrives at their estate. This edition features a new introduction by Jonathan Lethem.&#13&#10&#13&#10For more than seventy years, Penguin has been the leading publisher of classic literature in the English-speaking world. With more than 1,700 titles, Penguin Classics represents a global bookshelf of the best works throughout history and across genres and disciplines. Readers trust the series to provide authoritative texts enhanced by introductions and notes by distinguished scholars and contemporary authors, as well as up-to-date translations by award-winning translators.","/works/OL3171087W","a2bec9ef-28a6-41cb-937b-adaf51dd5ca7","2025-03-29 17:13:07","a2bec9ef-28a6-41cb-937b-adaf51dd5ca7","2025-03-29 17:13:07",1
"The Hitch Hiker's Guide to the Galaxy","The Hitchhiker's Guide to the Galaxy is the first of six books in the Hitchhiker's Guide to the Galaxy comedy science fiction 'hexalogy' by Douglas Adams. The novel is an adaptation of the first four parts of Adams's radio series of the same name. The novel was first published in London on 12 October 1979. It sold 250,000 copies in the first three months.&#13&#10&#13&#10The namesake of the novel is The Hitchhiker's Guide to the Galaxy, a fictional guide book for hitchhikers (inspired by the Hitch-hiker's Guide to Europe) written in the form of an encyclopaedia.&#13&#10&#13&#10&#13&#10----------&#13&#10Also contained in:&#13&#10&#13&#10 - [The Hitch Hiker's Guide to the Galaxy: A Trilogy in Four Parts][1]&#13&#10 - [The More than Complete Hitchhiker's Guide][2]&#13&#10 - [Ultimate Hitchhiker's Guide to the Galaxy](https://openlibrary.org/works/OL2163706W)&#13&#10&#13&#10  [1]: https://openlibrary.org/works/OL2163692W&#13&#10  [2]: https://openlibrary.org/works/OL2163713W","/works/OL2163649W","a2bec9ef-28a6-41cb-937b-adaf51dd5ca7","2025-03-29 17:13:07","a2bec9ef-28a6-41cb-937b-adaf51dd5ca7","2025-03-29 17:13:07",1
"The Green Mile","The Green Mile is a 1996 serial novel by American writer Stephen King. It tells the story of death row supervisor Paul Edgecombe's encounter with John Coffey, an unusual inmate who displays inexplicable healing and empathetic abilities. The serial novel was originally released in six volumes before being republished as a single-volume work. The book is an example of magical realism.&#13&#10&#13&#10The Green Mile won the Bram Stoker Award for Best Novel in 1996. In 1997, The Green Mile was nominated as Best Novel for the British Fantasy Award and the Locus Award. In 2003 the book was listed on the BBC's The Big Read poll of the UK's 'best-loved novel'.&#13&#10&#13&#10&#13&#10----------&#13&#10Contains:&#13&#10&#13&#10 1. [The Two Dead Girls](https://openlibrary.org/works/OL149165W/The_Two_Dead_Girls)&#13&#10 2. [The Mouse on the Mile](https://openlibrary.org/works/OL149147W/The_Mouse_on_the_Mile)&#13&#10 3. [Coffey's Hands](https://openlibrary.org/works/OL149107W/Coffey's_Hands)&#13&#10 4. [The Bad Death of Eduard Delacroix](https://openlibrary.org/works/OL15861106W/The_Bad_Death_of_Eduard_Delacroix)&#13&#10 5. [Night Journey](https://openlibrary.org/works/OL16252000W/Night_Journey)&#13&#10 6. [Coffey on the Mile](https://openlibrary.org/works/OL15136222W/Coffey_on_the_Mile)","/works/OL81629W","a2bec9ef-28a6-41cb-937b-adaf51dd5ca7","2025-03-29 17:13:07","a2bec9ef-28a6-41cb-937b-adaf51dd5ca7","2025-03-29 17:13:07",1
"Where the Sidewalk Ends","If you are a dreamer, come in, If you are a dreamer, A wisher, a liar, A hope-er, a pray-er, A magic bean buyer... Come in ... for where the sidewalk ends, Shel Silverstein's world begins. You'll meet a boy who turns into a TV set, and a girl who eats a whale. The Unicorn and the Bloath live there, and so does Sarah Cynthia Sylvia Stout who will not take the garbage out. It is a place where you wash your shadow and plant diamond gardens, a place where shoes fly, sisters are auctioned off, and crocodiles go to the dentist. Shel Silverstein's masterful collection of poems and drawings is at once outrageously funny and profound. This special edition has 12 extra poems the did not appear in the original collection. - Jacket flap.","/works/OL3368289W","a2bec9ef-28a6-41cb-937b-adaf51dd5ca7","2025-03-29 17:13:07","a2bec9ef-28a6-41cb-937b-adaf51dd5ca7","2025-03-29 17:13:07",1
"Call Me by Your Name","It's the summer of 1983, and precocious 17-year-old Elio Perlman is spending the days with his family at their 17th-century villa in Lombardy, Italy. He soon meets Oliver, a handsome doctoral student who's working as an intern for Elio's father. Amid the sun-drenched splendor of their surroundings, Elio and Oliver discover the heady beauty of awakening desire over the course of a summer that will alter their lives forever.","/works/OL8034526W","a2bec9ef-28a6-41cb-937b-adaf51dd5ca7","2025-03-29 17:13:07","a2bec9ef-28a6-41cb-937b-adaf51dd5ca7","2025-03-29 17:13:07",1
"The Picture of Dorian Gray","**The Picture of Dorian Gray** is a philosophical novel by Irish writer Oscar Wilde. A shorter novella-length version was published in the July 1890 issue of the American periodical *Lippincott’s Monthly Magazine*. The novel-length version was published in April 1891.&#13&#10&#13&#10(Source: [Wikipedia](https://en.wikipedia.org/wiki/The_Picture_of_Dorian_Gray))","/works/OL8193416W","a2bec9ef-28a6-41cb-937b-adaf51dd5ca7","2025-03-29 17:13:07","a2bec9ef-28a6-41cb-937b-adaf51dd5ca7","2025-03-29 17:13:07",1
"The Return of the King","THE RETURN OF THE KING, which brings to a close the great epic of war and adventure begun in The Fellowship of the Ring and continued in The Two Towers, is the third and final part of J. R. R. Tolkien's masterpiece, 'The Lord of the Rings.'&#13&#10&#13&#10In these three books, which form one continuous narrative, Tolkien created the saga of the Hobbits of Middle-earth and the great War of the Rings. Praised by such writers and poets as W. H. Auden, Richard Hughes and C. S. Lewis, 'The Lord of the Rings' - that special world of beauty and terror and meaning - holds a secure place among the books that will live.&#13&#10&#13&#10----------&#13&#10**Also contained in:**&#13&#10&#13&#10 - [The Lord of the Rings][1]&#13&#10&#13&#10&#13&#10  [1]: https://openlibrary.org/works/OL27448W/The_Lord_of_the_Rings","/works/OL27455W","a2bec9ef-28a6-41cb-937b-adaf51dd5ca7","2025-03-29 17:13:07","a2bec9ef-28a6-41cb-937b-adaf51dd5ca7","2025-03-29 17:13:07",1
"Goodnight Moon","Goodnight to each of the objects in the great green room: the chairs, a comb, and the air.","/works/OL151798W","a2bec9ef-28a6-41cb-937b-adaf51dd5ca7","2025-03-29 17:13:07","a2bec9ef-28a6-41cb-937b-adaf51dd5ca7","2025-03-29 17:13:07",1
"... Trotzdem Ja zum Leben sagen","Psychiatrist Viktor Frankl's memoir has riveted generations of readers with its descriptions of life in Nazi death camps and its lessons for spiritual survival. Based on his own experience and the stories of his patients, Frankl argues that we cannot avoid suffering but we can choose how to cope with it, find meaning in it, and move forward with renewed purpose. At the heart of his theory, known as logotherapy, is a conviction that the primary human drive is not pleasure but the pursuit of what we find meaningful. Man's Search for Meaning has become one of the most influential books in America; it continues to inspire us all to find significance in the very act of living.","/works/OL1268413W","a2bec9ef-28a6-41cb-937b-adaf51dd5ca7","2025-03-29 17:13:07","a2bec9ef-28a6-41cb-937b-adaf51dd5ca7","2025-03-29 17:13:07",1
"The Intelligent Investor","This classic text is annotated to update Graham's timeless wisdom for today's market conditions...&#13&#10The greatest investment advisor of the twentieth century, Benjamin Graham, taught and inspired people worldwide. Graham's philosophy of 'value investing' -- which shields investors from substantial error and teaches them to develop long-term strategies -- has made The Intelligent Investor the stock market bible ever since its original publication in 1949.&#13&#10&#13&#10Over the years, market developments have proven the wisdom of Graham's strategies. While preserving the integrity of Graham's original text, this revised edition includes updated commentary by noted financial journalist Jason Zweig, whose perspective incorporates the realities of today's market, draws parallels between Graham's examples and today's financial headlines, and gives readers a more thorough understanding of how to apply Graham's principles.&#13&#10&#13&#10Vital and indispensable, this HarperBusiness Essentials edition of The Intelligent Investor is the most important book you will ever read on how to reach your financial goals.","/works/OL21152532W","a2bec9ef-28a6-41cb-937b-adaf51dd5ca7","2025-03-29 17:13:07","a2bec9ef-28a6-41cb-937b-adaf51dd5ca7","2025-03-29 17:13:07",1
"The Lean Startup","'Most startups are built to fail. But those failures, according to entrepreneur Eric Ries, are preventable. Startups don't fail because of bad execution, or missed deadlines, or blown budgets. They fail because they are building something nobody wants. Whether they arise from someone's garage or are created within a mature Fortune 500 organization, new ventures, by definition, are designed to create new products or services under conditions of extreme uncertainly. Their primary mission is to find out what customers ultimately will buy. One of the central premises of The Lean Startup movement is what Ries calls 'validated learning' about the customer. It is a way of getting continuous feedback from customers so that the company can shift directions or alter its plans inch by inch, minute by minute. Rather than creating an elaborate business plan and a product-centric approach, Lean Startup prizes testing your vision continuously with your customers and making constant adjustments'--","/works/OL16086010W","a2bec9ef-28a6-41cb-937b-adaf51dd5ca7","2025-03-29 17:13:07","a2bec9ef-28a6-41cb-937b-adaf51dd5ca7","2025-03-29 17:13:07",1
"The Silver Eyes (Five Nights At Freddy's #1)","Ten years after the horrific murders at Freddy Fazbear's Pizza that ripped their town apart, Charlie, whose father owned the restaurant, and her childhood friends reunite on the anniversary of the tragedy and find themselves at the old pizza place which had been locked up and abandoned for years. After they discover a way inside, they realize that things are not as they used to be. The four adult-sized animatronic mascots that once entertained patrons have changed. They now have a dark secret . . . and a murderous agenda.","/works/OL17793648W","a2bec9ef-28a6-41cb-937b-adaf51dd5ca7","2025-03-29 17:13:07","a2bec9ef-28a6-41cb-937b-adaf51dd5ca7","2025-03-29 17:13:07",1
"Shoe Dog","'In this candid and riveting memoir, for the first time ever, Nike founder and CEO Phil Knight shares the inside story of the company's early days as an intrepid start-up and its evolution into one of the world's most iconic, game-changing, and profitable brands. In 1962, fresh out of business school, Phil Knight borrowed $50 from his father and created a company with a simple mission: import high-quality, low-cost athletic shoes from Japan. Selling the shoes from the trunk of his lime green Plymouth Valiant, Knight grossed $8,000 his first year. Today, Nike's annual sales top $30 billion. In an age of startups, Nike is the ne plus ultra of all startups, and the swoosh has become a revolutionary, globe-spanning icon, one of the most ubiquitous and recognizable symbols in the world today. But Knight, the man behind the swoosh, has always remained a mystery. Now, for the first time, in a memoir that is candid, humble, gutsy, and wry, he tells his story, beginning with his crossroads moment. At 24, after backpacking around the world, he decided to take the unconventional path, to start his own business--a business that would be dynamic, different. Knight details the many risks and daunting setbacks that stood between him and his dream--along with his early triumphs. Above all, he recalls the formative relationships with his first partners and employees, a ragtag group of misfits and seekers who became a tight-knit band of brothers. Together, harnessing the transcendent power of a shared mission, and a deep belief in the spirit of sport, they built a brand that changed everything'--","/works/OL17825802W","a2bec9ef-28a6-41cb-937b-adaf51dd5ca7","2025-03-29 17:13:07","a2bec9ef-28a6-41cb-937b-adaf51dd5ca7","2025-03-29 17:13:07",1
"Forward the Foundation","During the whole Foundation series, one man has always had his hand in the development of a galaxy. Merely hinted at in previous books, visited off and on for historical background - finally here delved into as deep as one can go - the demystified Hari Seldon. This follows about 40 years of his life, and traces his progress in the development of Psychohistory - the pseudo-mathematical science that would one day save the galaxy. &#13&#10&#13&#10If you have read the Foundation series, either in it's entirety or just pieces, this is a must read. It also (if memory serves) is the last book Asimov wrote before his death - the final pages describing Hari Seldon's final moments of life mirroring his own. A truly beautiful read.","/works/OL46299W","a2bec9ef-28a6-41cb-937b-adaf51dd5ca7","2025-03-29 17:13:07","a2bec9ef-28a6-41cb-937b-adaf51dd5ca7","2025-03-29 17:13:07",1
"Born a Crime","Born a Crime is the story of a mischievous young boy who grows into a restless young man as he struggles to find himself in a world where he was never supposed to exist. It is also the story of that young man’s relationship with his fearless, rebellious, and fervently religious mother—his teammate, a woman determined to save her son from the cycle of poverty, violence, and abuse that would ultimately threaten her own life.&#13&#10&#13&#10The stories collected here are by turns hilarious, dramatic, and deeply affecting. Whether subsisting on caterpillars for dinner during hard times, being thrown from a moving car during an attempted kidnapping, or just trying to survive the life-and-death pitfalls of dating in high school, Trevor illuminates his curious world with an incisive wit and unflinching honesty. His stories weave together to form a moving and searingly funny portrait of a boy making his way through a damaged world in a dangerous time, armed only with a keen sense of humor and a mother’s unconventional, unconditional love.","/works/OL17824318W","a2bec9ef-28a6-41cb-937b-adaf51dd5ca7","2025-03-29 17:13:07","a2bec9ef-28a6-41cb-937b-adaf51dd5ca7","2025-03-29 17:13:07",1
"The player of games","The Culture - a human/machine symbiotic society - has thrown up many great Game Players, and one of the greatest is Gurgeh. Jernau Morat Gurgeh. The Player of Games. Master of every board, computer, and strategy.&#13&#10Bored with success, Gurgeh travels to the Empire of Azad, cruel and incredibly wealthy, to try their fabulous game ... a game so complex, so like life itself, that the winner becomes emperor. Mocked, blackmailed, almost murdered, Gurgeh accepts the game, and with it the challenge of his life - a very possibly his death.","/works/OL100779W","a2bec9ef-28a6-41cb-937b-adaf51dd5ca7","2025-03-29 17:13:07","a2bec9ef-28a6-41cb-937b-adaf51dd5ca7","2025-03-29 17:13:07",1
"Inheritance Games","","/works/OL21692056W","a2bec9ef-28a6-41cb-937b-adaf51dd5ca7","2025-03-29 17:13:07","a2bec9ef-28a6-41cb-937b-adaf51dd5ca7","2025-03-29 17:13:07",1
"The Kite Runner","The unforgettable, heartbreaking story of the unlikely friendship between a wealthy boy and the son of his father’s servant, The Kite Runner is a beautifully crafted novel set in a country that is in the process of being destroyed. It is about the power of reading, the price of betrayal, and the possibility of redemption; and an exploration of the power of fathers over sons—their love, their sacrifices, their lies.&#13&#10&#13&#10A sweeping story of family, love, and friendship told against the devastating backdrop of the history of Afghanistan over the last thirty years, The Kite Runner is an unusual and powerful novel that has become a beloved, one-of-a-kind classic.&#13&#10([source][1])&#13&#10&#13&#10&#13&#10  [1]: https://khaledhosseini.com/books/the-kite-runner/","/works/OL5781992W","a2bec9ef-28a6-41cb-937b-adaf51dd5ca7","2025-03-29 17:13:07","a2bec9ef-28a6-41cb-937b-adaf51dd5ca7","2025-03-29 17:13:07",1
"Harry Potter (series) 1-7","The Harry Potter books throw you into an amazing fantasy world of witches and wizards, spells, magical creatures, He-Who-Must-Not-Be-Named, and a school of witchcraft and wizardry called Hogwarts. In this school Harry Potter takes many magical classes, plays Quidditch (the sport where you are on a broomstick scoring goals through hoops, and trying to find the magical snitch.), and defeats Voldemort. When Voldemort comes back at him again and again, Harry realizes that Voldemort is invincible, and there is only one way to kill him. With his lessons with Professor Dumbledore, he discovers Voldemort's past, who he was before he killed all those people, why he killed all those people (including Harry Potter's parents), and how he is still alive, but is almost a creature, with snake eyes, and slits for nostrils. This best-selling series is astonishing and breathtaking and will change your life forever, just by reading it.","/works/OL14981609W","a2bec9ef-28a6-41cb-937b-adaf51dd5ca7","2025-03-29 17:13:07","a2bec9ef-28a6-41cb-937b-adaf51dd5ca7","2025-03-29 17:13:07",1
"The Doll's House","New York Times best-selling author Neil Gaiman's transcendent series SANDMAN is often hailed as the definitive Vertigo title and one of the finest achievements in graphic storytelling. Gaiman created an unforgettable tale of the forces that exist beyond life and death by weaving ancient mythology, folklore and fairy tales with his own distinct narrative vision.&#13&#10&#13&#10During Morpheus's incarceration, three dreams escaped the Dreaming and are now loose in the waking world. At the same time, a young woman named Rose Walker is searching for her little brother. As their stories converge, a vortex is discovered that could destroy all dreamers, and the world itself. Features an introduction by Clive Barker.&#13&#10This volume includes issues 9-16 of the original series and features completely new coloring, approved by the author.","/works/OL15449786W","a2bec9ef-28a6-41cb-937b-adaf51dd5ca7","2025-03-29 17:13:07","a2bec9ef-28a6-41cb-937b-adaf51dd5ca7","2025-03-29 17:13:07",1
"A Clash of Kings","A comet the color of blood and flame cuts across the sky. Two great leaders—Lord Eddard Stark and Robert Baratheon—who hold sway over an age of enforced peace are dead, victims of royal treachery. Now, from the ancient citadel of Dragonstone to the forbidding shores of Winterfell, chaos reigns. Six factions struggle for control of a divided land and the Iron Throne of the Seven Kingdoms, preparing to stake their claims through tempest, turmoil, and war.&#13&#10&#13&#10It is a tale in which brother plots against brother and the dead rise to walk in the night. Here a princess masquerades as an orphan boy; a knight of the mind prepares a poison for a treacherous sorceress; and wild men descend from the Mountains of the Moon to ravage the countryside. Against a backdrop of incest and fratricide, alchemy and murder, victory may go to the men and women possessed of the coldest steel...and the coldest hearts. For when kings clash, the whole land trembles.","/works/OL257939W","a2bec9ef-28a6-41cb-937b-adaf51dd5ca7","2025-03-29 17:13:07","a2bec9ef-28a6-41cb-937b-adaf51dd5ca7","2025-03-29 17:13:07",1
"The Hobbit","The Hobbit is a tale of high adventure, undertaken by a company of dwarves in search of dragon-guarded gold. A reluctant partner in this perilous quest is Bilbo Baggins, a comfort-loving unambitious hobbit, who surprises even himself by his resourcefulness and skill as a burglar.&#13&#10&#13&#10Encounters with trolls, goblins, dwarves, elves, and giant spiders, conversations with the dragon, Smaug, and a rather unwilling presence at the Battle of Five Armies are just some of the adventures that befall Bilbo.&#13&#10&#13&#10Bilbo Baggins has taken his place among the ranks of the immortals of children’s fiction. Written by Professor Tolkien for his children, The Hobbit met with instant critical acclaim when published.","/works/OL27482W","a2bec9ef-28a6-41cb-937b-adaf51dd5ca7","2025-03-29 17:13:07","a2bec9ef-28a6-41cb-937b-adaf51dd5ca7","2025-03-29 17:13:07",1
"Are You My Mother?","The must-have, heartwarming and hilarious classic about a baby bird in search of his mother!&#13&#10&#13&#10A baby bird goes in search of his mother in this hilarious Beginner Book edited by Dr. Seuss. When a mother bird's egg starts to jump, she hurries off to make sure she has something for her little one to eat. But as soon as she's gone, out pops the baby bird. He immediately sets off to find his mother, but not knowing what she looks like makes it a challenge. The little hatchling is determined to find his mother, even after meeting a kitten, a hen, a dog, and a Snort. The timeless message of the bond between mother and child make P. D. Eastman's Are You My Mother? a treasured classic. &#13&#10&#13&#10Originally created by Dr. Seuss, Beginner Books encourage children to read all by themselves, with simple words and illustrations that give clues to their meaning.","/works/OL517221W","a2bec9ef-28a6-41cb-937b-adaf51dd5ca7","2025-03-29 17:13:07","a2bec9ef-28a6-41cb-937b-adaf51dd5ca7","2025-03-29 17:13:07",1
"Harry Potter and the Philosopher's Stone","Harry Potter #1&#13&#10&#13&#10When mysterious letters start arriving on his doorstep, Harry Potter has never heard of Hogwarts School of Witchcraft and Wizardry.&#13&#10&#13&#10They are swiftly confiscated by his aunt and uncle.&#13&#10&#13&#10Then, on Harry’s eleventh birthday, a strange man bursts in with some important news: Harry Potter is a wizard and has been awarded a place to study at Hogwarts.&#13&#10&#13&#10And so the first of the Harry Potter adventures is set to begin.&#13&#10([source][1])&#13&#10&#13&#10&#13&#10  [1]: https://www.jkrowling.com/book/harry-potter-philosophers-stone/","/works/OL82563W","a2bec9ef-28a6-41cb-937b-adaf51dd5ca7","2025-03-29 17:13:07","a2bec9ef-28a6-41cb-937b-adaf51dd5ca7","2025-03-29 17:13:07",1
"The Ugly Truth","Durante las vacaciones de verano suele hacer buen tiempo, y la mayoría de niños y niñas se divierten al aire libre, pero...¿dónde está Greg? Pues en casa, jugando a los videojuegos prácticamente a oscuras... Greg, que se reconoce como una 'persona indoor', está viviendo su última fantasía estival: no responsabilidades ni normas. Pero la madre de Greg tiene una visión diferente de lo que sería un 'verano ideal'...un programa de actividades al aire libre en familia. ¿Qué visión triunfará?","/works/OL15192743W","a2bec9ef-28a6-41cb-937b-adaf51dd5ca7","2025-03-29 17:13:07","a2bec9ef-28a6-41cb-937b-adaf51dd5ca7","2025-03-29 17:13:07",1
"The Man Who Mistook His Wife for a Hat and Other Clinical Tales","In his most extraordinary book, “one of the great clinical writers of the twentieth century” (The New York Times) recounts the case histories of patients lost in the bizarre, apparently inescapable world of neurological disorders.&#13&#10&#13&#10Oliver Sacks’s The Man Who Mistook His Wife for a Hat tells the stories of individuals afflicted with fantastic perceptual and intellectual aberrations: patients who have lost their memories and with them the greater part of their pasts; who are no longer able to recognize people and common objects; who are stricken with violent tics and grimaces or who shout involuntary obscenities; whose limbs have become alien; who have been dismissed as retarded yet are gifted with uncanny artistic or mathematical talents. &#13&#10&#13&#10If inconceivably strange, these brilliant tales remain, in Dr. Sacks’s splendid and sympathetic telling, deeply human. They are studies of life struggling against incredible adversity, and they enable us to enter the world of the neurologically impaired, to imagine with our hearts what it must be to live and feel as they do. A great healer, Sacks never loses sight of medicine’s ultimate responsibility: “the suffering, afflicted, fighting human subject.”","/works/OL1811898W","a2bec9ef-28a6-41cb-937b-adaf51dd5ca7","2025-03-29 17:13:07","a2bec9ef-28a6-41cb-937b-adaf51dd5ca7","2025-03-29 17:13:07",1
"Animal Farm","Animal Farm is a brilliant political satire and a powerful and affecting story of revolutions and idealism, power and corruption. 'All animals are equal. But some animals are more equal than others.' Mr Jones of Manor Farm is so lazy and drunken that one day he forgets to feed his livestock. The ensuing rebellion under the leadership of the pigs Napoleon and Snowball leads to the animals taking over the farm. Vowing to eliminate the terrible inequities of the farmyard, the renamed Animal Farm is organised to benefit all who walk on four legs. But as time passes, the ideals of the rebellion are corrupted, then forgotten. And something new and unexpected emerges..","/works/OL1168007W","a2bec9ef-28a6-41cb-937b-adaf51dd5ca7","2025-03-29 17:13:07","a2bec9ef-28a6-41cb-937b-adaf51dd5ca7","2025-03-29 17:13:07",1
"Persepolis. The Story of a Childhood","Wise, funny, and heartbreaking, Persepolis is Marjane Satrapi’s memoir of growing up in Iran during the Islamic Revolution. In powerful black-and-white comic strip images, Satrapi tells the story of her life in Tehran from ages six to fourteen, years that saw the overthrow of the Shah’s regime, the triumph of the Islamic Revolution, and the devastating effects of war with Iraq. The intelligent and outspoken only child of committed Marxists and the great-granddaughter of one of Iran’s last emperors, Marjane bears witness to a childhood uniquely entwined with the history of her country.&#13&#10&#13&#10Persepolis paints an unforgettable portrait of daily life in Iran and of the bewildering contradictions between home life and public life. Marjane’s child’s-eye view of dethroned emperors, state-sanctioned whippings, and heroes of the revolution allows us to learn as she does the history of this fascinating country and of her own extraordinary family. Intensely personal, profoundly political, and wholly original, Persepolis is at once a story of growing up and a reminder of the human cost of war and political repression. It shows how we carry on, with laughter and tears, in the face of absurdity. And, finally, it introduces us to an irresistible little girl with whom we cannot help but fall in love.","/works/OL20715162W","a2bec9ef-28a6-41cb-937b-adaf51dd5ca7","2025-03-29 17:13:07","a2bec9ef-28a6-41cb-937b-adaf51dd5ca7","2025-03-29 17:13:07",1
"Dog Days","In Dog Days, book 4 of the Diary of a Wimpy Kid series from #1 international bestselling author Jeff Kinney, it's summer vacation, the weather's great, and all the kids are having fun outside. So where's Greg Heffley?&#13&#10&#13&#10Inside his house, playing video games with the shades drawn.&#13&#10&#13&#10Greg, a self-confessed 'indoor person,' is living out his ultimate summer fantasy: no responsibilities and no rules. But Greg's mom has a different vision for an ideal summer . . . one packed with outdoor activities and 'family togetherness.'&#13&#10&#13&#10Whose vision will win out? Or will a new addition to the Heffley family change everything?","/works/OL5682519W","a2bec9ef-28a6-41cb-937b-adaf51dd5ca7","2025-03-29 17:13:07","a2bec9ef-28a6-41cb-937b-adaf51dd5ca7","2025-03-29 17:13:07",1
"The Emperor's Soul","WINNER, 2013 Hugo Award for Best Novella! Nominee, 2013 World Fantasy Award for Novella! From #1 New York Times bestselling author Brandon Sanderson, The Emperor's Soul showcases a fascinating magic system as the clock ticks down for a condemned criminal. When Shai is caught replacing the Moon Scepter with her nearly flawless forgery, she must bargain for her life. An assassin has left the Emperor Ashravan without consciousness, a circumstance concealed only by the death of his wife. If the emperor does not emerge after his hundred-day mourning period, the rule of the Heritage Faction will be forfeit and the empire will fall into chaos. Shai is given an impossible task: to create—to Forge—a new soul for the emperor in less than one hundred days. But her soul-Forgery is considered an abomination by her captors. She is confined to a tiny, dirty chamber, guarded by a man who hates her, spied upon by politicians, and trapped behind a door sealed in her own blood. Shai's only possible ally is the emperor's most loyal councillor, Gaotona, who struggles to understand her true talent. Time is running out for Shai. Forging, while deducing the motivations of her captors, she needs a perfect plan to escape…","/works/OL19960448W","a2bec9ef-28a6-41cb-937b-adaf51dd5ca7","2025-03-29 17:13:07","a2bec9ef-28a6-41cb-937b-adaf51dd5ca7","2025-03-29 17:13:07",1
"The Last Olympian","The greatest monster of all, the storm giant Typhon, is on the loose, wreaking havoc and destruction across the U.S. - while Kronos's army lays siege to Manhattan. Soon Percy Jackson must make the hardest choice of his life - a choice that will save or destroy the world.","/works/OL492642W","a2bec9ef-28a6-41cb-937b-adaf51dd5ca7","2025-03-29 17:13:07","a2bec9ef-28a6-41cb-937b-adaf51dd5ca7","2025-03-29 17:13:07",1
"We Were Liars","A beautiful and distinguished family. A private island. A brilliant, damaged girl; a passionate, political boy. A group of four friends -- the Liars -- whose friendship turns destructive. A revolution. An accident. A secret. Lies upon lies. True love. The truth. Spending the summers on her family's private island off the coast of Massachusetts with her cousins and a special boy named Gat, teenaged Cadence struggles to remember what happened during her fifteenth summer. We Were Liars is a modern, sophisticated suspense novel from New York Times bestselling author, National Book Award finalist, and Printz Award honoree E. Lockhart. Read it. And if anyone asks you how it ends, just LIE. - Publisher.","/works/OL17071448W","a2bec9ef-28a6-41cb-937b-adaf51dd5ca7","2025-03-29 17:13:07","a2bec9ef-28a6-41cb-937b-adaf51dd5ca7","2025-03-29 17:13:07",1
"Green Eggs and Ham","Sam-I-am tries to persuade the character in the top hat to try green eggs and ham.&#13&#10 “Do you like green eggs and ham?” asks Sam-I-am in this Beginner Book by Dr. Seuss. In a house or with a mouse? In a boat or with a goat? On a train or in a tree? Sam keeps asking persistently. With unmistakable characters and signature rhymes, Dr. Seuss’s beloved favorite has cemented its place as a children’s classic. In this most famous of cumulative tales, the list of places to enjoy green eggs and ham, and friends to enjoy them with, gets longer and longer. Follow Sam-I-am as he insists that this unusual treat is indeed a delectable snack to be savored everywhere and in every way.","/works/OL1898308W","a2bec9ef-28a6-41cb-937b-adaf51dd5ca7","2025-03-29 17:13:07","a2bec9ef-28a6-41cb-937b-adaf51dd5ca7","2025-03-29 17:13:07",1
"Girl in Pieces","Charlotte Davis is in pieces. At 17 she's already lost more than most people do in a lifetime. But she's learned how to forget. The broken glass washes away the sorrow until there is nothing but calm. You don't have to think about your father and the river. Your best friend, who is gone forever. Or your mother, who has nothing left to give you. &#13&#10&#13&#10Every new scar hardens Charlie's heart just a little more, yet it still hurts so much. It hurts enough to not care anymore, which is sometimes what has to happen before you can find your way back from the edge. &#13&#10&#13&#10A deeply moving portrait of a girl in a world that owes her nothing, and has taken so much, and the journey she undergoes to put herself back together. Kathleen Glasgow's debut is heartbreakingly real and unflinchingly honest. It's a story you won't be able to look away from.","/works/OL20234863W","a2bec9ef-28a6-41cb-937b-adaf51dd5ca7","2025-03-29 17:13:07","a2bec9ef-28a6-41cb-937b-adaf51dd5ca7","2025-03-29 17:13:07",1
"Where the Crawdads Sing","For years, rumors of the “Marsh Girl” have haunted Barkley Cove, a quiet town on the North Carolina coast. So in late 1969, when handsome Chase Andrews is found dead, the locals immediately suspect Kya Clark, the so-called Marsh Girl. But Kya is not what they say. Sensitive and intelligent, she has survived for years alone in the marsh that she calls home, finding friends in the gulls and lessons in the sand. Then the time comes when she yearns to be touched and loved. When two young men from town become intrigued by her wild beauty, Kya opens herself to a new life–until the unthinkable happens.&#13&#10&#13&#10Perfect for fans of Barbara Kingsolver and Karen Russell, Where the Crawdads Sing is at once an exquisite ode to the natural world, a heartbreaking coming-of-age story, and a surprising tale of possible murder. Owens reminds us that we are forever shaped by the children we once were, and that we are all subject to the beautiful and violent secrets that nature keeps.","/works/OL18766691W","a2bec9ef-28a6-41cb-937b-adaf51dd5ca7","2025-03-29 17:13:07","a2bec9ef-28a6-41cb-937b-adaf51dd5ca7","2025-03-29 17:13:07",1
"Witches Abroad","Be careful what you wish for...Once upon a time there was a fairy godmother named Desiderata who had a good heart, a wise head, and poor planning skills—which unforunately left the Princess Emberella in the care of her other (not quite so good and wise) godmother when DEATH came for Desiderata. So now it's up to Magrat Garlick, Granny Weatherwax, and Nanny Ogg to hop on broomsticks and make for far-distant Genua to ensure the servant girl doesn't marry the Prince.But the road to Genua is bumpy, and along the way the trio of witches encounters the occasional vampire, werewolf, and falling house (well this is a fairy tale, after all). The trouble really begins once these reluctant foster-godmothers arrive in Genua and must outwit their power-hungry counterpart who'll stop at nothing to achieve a proper 'happy ending'—even if it means destroying a kingdom.","/works/OL453668W","a2bec9ef-28a6-41cb-937b-adaf51dd5ca7","2025-03-29 17:13:07","a2bec9ef-28a6-41cb-937b-adaf51dd5ca7","2025-03-29 17:13:07",1
"The Titan's Curse","When Percy Jackson gets an urgent distress call from his friend Grover, he immediately prepares for battle.  He knows he will need his powerful demigod allies at his side, his trusty bronze sword Riptide, and…a ride from his mom.&#13&#10&#13&#10The demigods rush to the rescue to find that Grover has made an important discovery: two powerful half-bloods whose parentage is unknown.  But that’s not all that awaits them.  The titan lord Kronos has devised his most treacherous plot yet, and the young heroes have just fallen prey.&#13&#10&#13&#10They’re not the only ones in danger.  An ancient monster has arisen—one rumored to be so powerful it could destroy Olympus—and Artemis, the only goddess who might know how to track it, is missing.  Now Percy and his friends, along with the Hunters of Artemis, have only a week to find the kidnapped goddess and solve the mystery of the monster she was hunting.  Along the way, they must face their most dangerous challenge yet: the chilling prophecy of the titan’s curse.","/works/OL492647W","a2bec9ef-28a6-41cb-937b-adaf51dd5ca7","2025-03-29 17:13:07","a2bec9ef-28a6-41cb-937b-adaf51dd5ca7","2025-03-29 17:13:07",1
"The Phantom Tollbooth","The Phantom Tollbooth is a children's fantasy adventure novel written by Norton Juster with illustrations by Jules Feiffer. It was published in 1961 by Random House (USA). It tells the story of a bored young boy named Milo who unexpectedly receives a magic tollbooth one afternoon and, having nothing better to do, drives through it in his toy car, transporting him to the Kingdom of Wisdom, once prosperous but now troubled. There, he acquires two faithful companions, a dog named Tock and the Humbug, and goes on a quest to restore to the kingdom its exiled princesses—named Rhyme and Reason—from the Castle in the Air. In the process, he learns valuable lessons, finding a love of learning. The text is full of puns and wordplay, such as when Milo unintentionally jumps to Conclusions, an island in Wisdom, thus exploring the literal meanings of idioms.","/works/OL1636262W","a2bec9ef-28a6-41cb-937b-adaf51dd5ca7","2025-03-29 17:13:07","a2bec9ef-28a6-41cb-937b-adaf51dd5ca7","2025-03-29 17:13:07",1
"The Help","Three ordinary women are about to take one extraordinary step.&#13&#10&#13&#10Twenty-two-year-old Skeeter has just returned home after graduating from Ole Miss. She may have a degree, but it is 1962, Mississippi, and her mother will not be happy till Skeeter has a ring on her finger. Skeeter would normally find solace with her beloved maid Constantine, the woman who raised her, but Constantine has disappeared and no one will tell Skeeter where she has gone.&#13&#10&#13&#10Aibileen is a black maid, a wise, regal woman raising her seventeenth white child. Something has shifted inside her after the loss of her own son, who died while his bosses looked the other way. She is devoted to the little girl she looks after, though she knows both their hearts may be broken.&#13&#10&#13&#10Minny, Aibileen's best friend, is short, fat, and perhaps the sassiest woman in Mississippi. She can cook like nobody's business, but she can't mind her tongue, so she's lost yet another job. Minny finally finds a position working for someone too new to town to know her reputation. But her new boss has secrets of her own.&#13&#10&#13&#10Seemingly as different from one another as can be, these women will nonetheless come together for a clandestine project that will put them all at risk. And why? Because they are suffocating within the lines that define their town and their times. And sometimes lines are made to be crossed.&#13&#10&#13&#10In pitch-perfect voices, Kathryn Stockett creates three extraordinary women whose determination to start a movement of their own forever changes a town, and the way women, mothers, daughters, caregivers, friends, view one another. A deeply moving novel filled with poignancy, humor, and hope, The Help is a timeless and universal story about the lines we abide by, and the ones we don't.","/works/OL11999891W","a2bec9ef-28a6-41cb-937b-adaf51dd5ca7","2025-03-29 17:13:07","a2bec9ef-28a6-41cb-937b-adaf51dd5ca7","2025-03-29 17:13:07",1
"The moon is a harsh mistress","It is the late 21st Century and the Moon has been colonized -- as a giant, open, prison.  Every aspect of life is overseen by the Federated Nations 'Lunar Authority'; until one day when a self-aware Super-Computer, a Jack of all Trades Technician, an Anarchist Professor, and a beautiful Blonde Revolutionary decide to change their world.  The conspirators' plans go along beautifully...for a while.&#13&#10&#13&#10TANSTAAFL! There ain't no such thing as a free lunch! Robert A. Heinlein was the most influential science fiction writer of his era, an influence so large that, as Samuel R. Delany notes, 'modern critics attempting to wrestle with that influence feel themselves dealing with an object rather like the sky or an ocean.' He won the Hugo Award for best novel four times, a record that still stands. The Moon Is a Harsh Mistress was the last of these Hugo-winning novels, and it is widely considered his finest work. It is a tale of revolution, of the rebellion of the former Lunar penal colony against the Lunar Authority that controls it from Earth. It is the tale of the disparate people -- a computer technician, a vigorous young female agitator, and an elderly academic -- who become the rebel movement's leaders. And it is the story of Mike, the supercomputer whose sentience is known only to this inner circle, and who for reasons of his own is committed to the revolution's ultimate success. The Moon Is a Harsh Mistress is one of the high points of modern science fiction, a novel bursting with politics, humanity, passion, innovative technical speculation, and a firm belief in the pursuit of human freedom. - Back cover.","/works/OL59704W","a2bec9ef-28a6-41cb-937b-adaf51dd5ca7","2025-03-29 17:13:07","a2bec9ef-28a6-41cb-937b-adaf51dd5ca7","2025-03-29 17:13:07",1
"The Phoenix Project","The Phoenix Project: A Novel About IT, DevOps, and Helping Your Business Win is the third book by Gene Kim. The business novel tells the story of an IT manager who has ninety days to rescue an over-budget and late IT initiative, code-named The Phoenix Project.","/works/OL16806686W","a2bec9ef-28a6-41cb-937b-adaf51dd5ca7","2025-03-29 17:13:07","a2bec9ef-28a6-41cb-937b-adaf51dd5ca7","2025-03-29 17:13:07",1
"Im Westen nichts Neues","This is the testament of Paul Bäumer, who enlists with his classmates in the German army of World War I. These young men become enthusiastic soldiers, but their world of duty, culture, and progress breaks into pieces under the first bombardment in the trenches. &#13&#10&#13&#10Through years of vivid horror, Paul holds fast to a single vow: to fight against the hatred that meaninglessly pits young men of the same generation but different uniforms against one another... if only he can come out of the war alive.","/works/OL1209288W","a2bec9ef-28a6-41cb-937b-adaf51dd5ca7","2025-03-29 17:13:07","a2bec9ef-28a6-41cb-937b-adaf51dd5ca7","2025-03-29 17:13:07",1
"Works (Hitch Hiker's Guide to the Galaxy / Restaurant at the End of the Universe / Life, the Universe and Everything / So Long, and Thanks for All the Fish / Mostly Harmless / Young Zaphod Plays it Safe)","This is the collection of all five of the books in Douglas Adams' famous galaxy exploring trilogy.  It follows Arthur Dent and his friends as they travel around the Milky Way meeting strange new cultures and having many entertaining adventures in the search for the meaning of life.&#13&#10&#13&#10&#13&#10----------&#13&#10Contains:&#13&#10[The Hitch Hiker's Guide to the Galaxy](https://openlibrary.org/works/OL2163649W/The_Hitch_Hiker's_Guide_to_the_Galaxy)&#13&#10[The Restaurant at the End of the Universe](https://openlibrary.org/works/OL2163720W/The_Restaurant_at_the_End_of_the_Universe)&#13&#10[Life, the Universe and Everything](https://openlibrary.org/works/OL2163716W)&#13&#10[So Long, and Thanks for All the Fish](https://openlibrary.org/works/OL2163719W/So_long_and_thanks_for_all_the_fish)&#13&#10Mostly Harmless&#13&#10Young Zaphod Plays it Safe","/works/OL2163706W","a2bec9ef-28a6-41cb-937b-adaf51dd5ca7","2025-03-29 17:13:07","a2bec9ef-28a6-41cb-937b-adaf51dd5ca7","2025-03-29 17:13:07",1
"A Clockwork Orange","A Clockwork Orange is a dystopian satirical black comedy novel by English writer Anthony Burgess, published in 1962. It is set in a near-future society that has a youth subculture of extreme violence. The teenage protagonist, Alex, narrates his violent exploits and his experiences with state authorities intent on reforming him. The book is partially written in a Russian-influenced argot called 'Nadsat', which takes its name from the Russian suffix that is equivalent to '-teen' in English. According to Burgess, it was a jeu d'esprit written in just three weeks.&#13&#10&#13&#10In 2005, A Clockwork Orange was included on Time magazine's list of the 100 best English-language novels written since 1923, and it was named by Modern Library and its readers as one of the 100 best English-language novels of the 20th century. The original manuscript of the book has been kept at McMaster University's William Ready Division of Archives and Research Collections in Hamilton, Ontario, Canada since the institution purchased the documents in 1971. It is considered one of the most influential dystopian books.&#13&#10&#13&#10----------		&#13&#10Also contained in:		&#13&#10&#13&#10[A Clockwork Orange and Honey for the Bears](https://openlibrary.org/works/OL23787405W)&#13&#10[A Clockwork Orange / The Wanting Seed](https://openlibrary.org/works/OL17306508W)","/works/OL261794W","a2bec9ef-28a6-41cb-937b-adaf51dd5ca7","2025-03-29 17:13:07","a2bec9ef-28a6-41cb-937b-adaf51dd5ca7","2025-03-29 17:13:07",1
"Guns, germs, and steel","An epic detective story that offers a gripping expose on why the world is so unequal. Professor Jared Diamond traveled the globe for over 30 years trying to answer this question. Based on the Pulitzer Prize-winning book.","/works/OL276558W","a2bec9ef-28a6-41cb-937b-adaf51dd5ca7","2025-03-29 17:13:07","a2bec9ef-28a6-41cb-937b-adaf51dd5ca7","2025-03-29 17:13:07",1
"Can't Hurt Me","New York Times best seller&#13&#10&#13&#10Over 4 million copies sold&#13&#10&#13&#10For David Goggins, childhood was a nightmare--poverty, prejudice, and physical abuse colored his days and haunted his nights. But through self-discipline, mental toughness, and hard work, Goggins transformed himself from a depressed, overweight young man with no future into a US Armed Forces icon and one of the world's top endurance athletes. The only man in history to complete elite training as a Navy SEAL, Army Ranger, and Air Force tactical air controller, he went on to set records in numerous endurance events, inspiring Outside magazine to name him the Fittest (Real) Man in America.&#13&#10&#13&#10In Can't Hurt Me, he shares his astonishing life story and reveals that most of us tap into only 40 percent of our capabilities. Goggins calls this The 40% Rule, and his story illuminates a path that anyone can follow to push past pain, demolish fear, and reach their full potential.&#13&#10&#13&#10An annotated edition of Can't Hurt Me, offering over two hours of bonus content featuring deeper insights and never-before-told stories shared by David. Not available in other formats.","/works/OL18108064W","a2bec9ef-28a6-41cb-937b-adaf51dd5ca7","2025-03-29 17:13:07","a2bec9ef-28a6-41cb-937b-adaf51dd5ca7","2025-03-29 17:13:07",1
"American Gods","American Gods (2001) is a fantasy novel by British author Neil Gaiman. The novel is a blend of Americana, fantasy, and various strands of ancient and modern mythology, all centering on the mysterious and taciturn Shadow.","/works/OL679360W","a2bec9ef-28a6-41cb-937b-adaf51dd5ca7","2025-03-29 17:13:07","a2bec9ef-28a6-41cb-937b-adaf51dd5ca7","2025-03-29 17:13:07",1
"The Cruel Prince","**GUARD YOUR MORTAL HEART.**&#13&#10&#13&#10JUDE WAS SEVEN WHEN HER PARENTS were murdered and she and her two sisters were stolen away to live in the treacherous High Court of Faerie. Ten years later, Jude wants nothing more than to belong there, despite her mortality. But many of the fey despise humans. Especially Prince Cardan, the youngest and wickedest son of the High King.&#13&#10&#13&#10To win a place at the Court, she must defy him--and face the consequences.&#13&#10&#13&#10As Jude becomes more deeply embroiled in palace intrigues and deceptions, she discovers her own capacity for tricker and bloodshed. But as betrayal threatens to drown the Courts of Faerie in violence, Jude will need to risk her life in a dangerous alliance to save her sisters, and Faerie itself.&#13&#10&#13&#10From #1 *New York Times* bestselling author Holly Black comes the first book in a stunning new trilogy filled with twists and enchantment, as one girl learns the meaning of true power when she finds herself caught in a web of royal faerie intrigue.&#13&#10&#13&#10This description comes from the publisher. *The Cruel Prince* is the first book of the Folk of the Air trilogy.","/works/OL17850410W","a2bec9ef-28a6-41cb-937b-adaf51dd5ca7","2025-03-29 17:13:07","a2bec9ef-28a6-41cb-937b-adaf51dd5ca7","2025-03-29 17:13:07",1
"White Night","A sensational addition to the Dresden Files adventures-from a USA Today bestselling author.Professional wizard Harry Dresden is investigating a series of deaths in Chicago. Someone is killing practitioners of magic, those incapable of becoming full-fledged wizards. Shockingly, all the evidence points to Harry's half-brother, Thomas, as the murderer. Determined to clear his sibling's name, Harry uncovers a conspiracy within the White Council of Wizards that threatens not only him, but his nearest and dearest, too...","/works/OL11967337W","a2bec9ef-28a6-41cb-937b-adaf51dd5ca7","2025-03-29 17:13:07","a2bec9ef-28a6-41cb-937b-adaf51dd5ca7","2025-03-29 17:13:07",1
"Rendezvous with Rama","Written in 1973, a massive 50 kilometre long alien cylinder begins to pass through the solar system provoking a hurried effort to intercept it. The closest available ship rushes to rendezvous so as to have a quick study before it gets too close to the sun. Able to enter via an airlock on one end of the ship, the crew explores the huge world found inside, a world full of wonder and mystery. As usual, the science is spot on. This is the best novel of Clarke's since 2001 and Childhood's End and is a truly grand adventure full of puzzles and ideas that lead you asking more questions than are answered. Enough questions in fact to lead to numerous inferior sequels, but enough answers to leave you satisfied. Don't pass up this gem of hard science fiction.","/works/OL17417W","a2bec9ef-28a6-41cb-937b-adaf51dd5ca7","2025-03-29 17:13:07","a2bec9ef-28a6-41cb-937b-adaf51dd5ca7","2025-03-29 17:13:07",1
"The Tell-Tale Heart","'The Tell-Tale Heart' is a short story by American writer Edgar Allan Poe, first published in James Russell Lowell's The Pioneer in January 1843. 'The Tell-Tale Heart' is often considered a classic of the Gothic fiction genre and is one of Poe's best known short stories. It is related by an unnamed narrator who endeavors to convince the reader of the narrator's sanity while simultaneously describing a murder the narrator committed.","/works/OL41059W","a2bec9ef-28a6-41cb-937b-adaf51dd5ca7","2025-03-29 17:13:07","a2bec9ef-28a6-41cb-937b-adaf51dd5ca7","2025-03-29 17:13:07",1
"On Writing","On Writing is both a textbook for writers and a memoir of Stephen's life and will, thus, appeal even to those who are not aspiring writers. If you've always wondered what led Steve to become a writer and how he came to be the success he is today, this will answer those questions.&#13&#10&#13&#10([source][1])&#13&#10&#13&#10&#13&#10  [1]: https://stephenking.com/library/nonfiction/on_writing_a_memoir_of_the_craft.html","/works/OL81601W","a2bec9ef-28a6-41cb-937b-adaf51dd5ca7","2025-03-29 17:13:07","a2bec9ef-28a6-41cb-937b-adaf51dd5ca7","2025-03-29 17:13:07",1
"Island of the Blue Dolphins","Story of a young girl abandoned on a small island by her family and her village, and of her fight for survival.&#13&#10&#13&#10The incredible courage, determination and strength of this girl is showcased throughout as she learns to do the things that only the men of her tribe did before, and battles not only the hunters who frequent the island, but also her desperate loneliness as well...&#13&#10&#13&#10Excellent read for kids 11 and older.","/works/OL4466828W","a2bec9ef-28a6-41cb-937b-adaf51dd5ca7","2025-03-29 17:13:07","a2bec9ef-28a6-41cb-937b-adaf51dd5ca7","2025-03-29 17:13:07",1
"The Outsiders","According to Ponyboy, there are two kinds of people in the world: greasers and socs. A soc (short for 'social') has money, can get away with just about anything, and has an attitude longer than a limousine. A greaser, on the other hand, always lives on the outside and needs to watch his back. Ponyboy is a greaser, and he's always been proud of it, even willing to rumble against a gang of socs for the sake of his fellow greasers--until one terrible night when his friend Johnny kills a soc. The murder gets under Ponyboy's skin, causing his world to crumble and teaching him that pain feels the same whether a soc or a greaser.&#13&#10([source][1])&#13&#10&#13&#10&#13&#10  [1]: http://www.sehinton.com/books/","/works/OL2718328W","a2bec9ef-28a6-41cb-937b-adaf51dd5ca7","2025-03-29 17:13:07","a2bec9ef-28a6-41cb-937b-adaf51dd5ca7","2025-03-29 17:13:07",1
"A Good Girl's Guide to Murder","Everyone is talking about A Good Girl's Guide to Murder! With shades of Serial and Making a Murderer this is the story about an investigation turned obsession, full of twists and turns and with an ending you'll never expect.&#13&#10&#13&#10Everyone in Fairview knows the story.&#13&#10&#13&#10Pretty and popular high school senior Andie Bell was murdered by her boyfriend, Sal Singh, who then killed himself. It was all anyone could talk about. And five years later, Pip sees how the tragedy still haunts her town.&#13&#10&#13&#10But she can't shake the feeling that there was more to what happened that day. She knew Sal when she was a child, and he was always so kind to her. How could he possibly have been a killer?&#13&#10&#13&#10Now a senior herself, Pip decides to reexamine the closed case for her final project, at first just to cast doubt on the original investigation. But soon she discovers a trail of dark secrets that might actually prove Sal innocent . . . and the line between past and present begins to blur. Someone in Fairview doesn't want Pip digging around for answers, and now her own life might be in danger.","/works/OL20646061W","a2bec9ef-28a6-41cb-937b-adaf51dd5ca7","2025-03-29 17:13:07","a2bec9ef-28a6-41cb-937b-adaf51dd5ca7","2025-03-29 17:13:07",1
"A Game of Thrones","A Game of Thrones is the first novel in A Song of Ice and Fire, a series of fantasy novels by the American author George R. R. Martin. It was first published on August 1, 1996. The novel won the 1997 Locus Award and was nominated for both the 1997 Nebula Award and the 1997 World Fantasy Award. The novella Blood of the Dragon, comprising the Daenerys Targaryen chapters from the novel, won the 1997 Hugo Award for Best Novella. In January 2011, the novel became a New York Times Bestseller and reached No. 1 on the list in July 2011.","/works/OL257943W","a2bec9ef-28a6-41cb-937b-adaf51dd5ca7","2025-03-29 17:13:07","a2bec9ef-28a6-41cb-937b-adaf51dd5ca7","2025-03-29 17:13:07",1
"The Secret Language of Birthdays","Many have suspected that your birthday affects your personality and how you relate to others. Nineteen years and over one million copies later, The Secret Language of Birthdays continues to fascinate readers by describing the characteristics associated with being born on a particular day. And being born on a particular month describe one's personality..","/works/OL40939W","a2bec9ef-28a6-41cb-937b-adaf51dd5ca7","2025-03-29 17:13:07","a2bec9ef-28a6-41cb-937b-adaf51dd5ca7","2025-03-29 17:13:07",1
"Aristotle and Dante discover the secrets of the universe","Fifteen-year-old Ari Mendoza is an angry loner with a brother in prison, but when he meets Dante and they become friends, Ari starts to ask questions about himself, his parents, and his family that he has never asked before.","/works/OL16596099W","a2bec9ef-28a6-41cb-937b-adaf51dd5ca7","2025-03-29 17:13:07","a2bec9ef-28a6-41cb-937b-adaf51dd5ca7","2025-03-29 17:13:07",1
"The fellowship of the ring","One Ring to rule them all, One Ring to find them, One Ring to bring them all and in the darkness bind them.&#13&#10&#13&#10“A unique, wholly realized other world, evoked from deep in the well of Time, massively detailed, absorbingly entertaining, profound in meaning.”—The New York Times&#13&#10&#13&#10In ancient times the Rings of Power were crafted by the Elven-smiths, and Sauron, the Dark Lord, forged the One Ring, filling it with his own power so that he could rule all others. But the One Ring was taken from him, and though he sought it throughout Middle-earth, it remained lost to him. After many ages it fell into the hands of Bilbo Baggins, as told in The Hobbit. In a sleepy village in the Shire, young Frodo Baggins finds himself faced with an immense task, as his elderly cousin Bilbo entrusts the Ring to his care. Frodo must leave his home and make a perilous journey across Middle-earth to the Cracks of Doom, there to destroy the Ring and foil the Dark Lord in his evil purpose.","/works/OL27513W","a2bec9ef-28a6-41cb-937b-adaf51dd5ca7","2025-03-29 17:13:07","a2bec9ef-28a6-41cb-937b-adaf51dd5ca7","2025-03-29 17:13:07",1
"The Sword of Summer","Magnus Chase has seen his share of trouble. Ever since that terrible night two years ago when his mother told him to run, he has lived alone on the streets of Boston, surviving by his wits, staying one step ahead of the police and the truant officers.&#13&#10&#13&#10One day, Magnus learns that someone else is trying to track him down—his uncle Randolph, a man his mother had always warned him about. When Magnus tries to outmaneuver his uncle, he falls right into his clutches. Randolph starts rambling about Norse history and Magnus's birthright: a weapon that has been lost for thousands of years.&#13&#10&#13&#10The more Randolph talks, the more puzzle pieces fall into place. Stories about the gods of Asgard, wolves, and Doomsday bubble up from Magnus's memory. But he doesn't have time to consider it all before a fire giant attacks the city, forcing him to choose between his own safety and the lives of hundreds of innocents. . . .&#13&#10&#13&#10Sometimes, the only way to start a new life is to die.","/works/OL17181541W","a2bec9ef-28a6-41cb-937b-adaf51dd5ca7","2025-03-29 17:13:07","a2bec9ef-28a6-41cb-937b-adaf51dd5ca7","2025-03-29 17:13:07",1
"Between the World and Me","Between the World and Me is a 2015 nonfiction book written by American author Ta-Nehisi Coates and published by Spiegel & Grau. It is written as a letter to the author's teenage son about the feelings, symbolism, and realities associated with being Black in the United States. Coates recapitulates American history and explains to his son the 'racist violence that has been woven into American culture.' Coates draws from an abridged, autobiographical account of his youth in Baltimore, detailing the ways in which institutions like the school, the police, and even 'the streets' discipline, endanger, and threaten to disembody black men and women. The work takes structural and thematic inspiration from James Baldwin's 1963 epistolary book The Fire Next Time. Unlike Baldwin, Coates sees white supremacy as an indestructible force, one that Black Americans will never evade or erase, but will always struggle against.&#13&#10&#13&#10The novelist Toni Morrison wrote that Coates filled an intellectual gap in succession to James Baldwin. Editors of The New York Times and The New Yorker described the book as exceptional. The book won the 2015 National Book Award for Nonfiction and was a finalist for the 2016 Pulitzer Prize for General Non-Fiction.","/works/OL17201654W","a2bec9ef-28a6-41cb-937b-adaf51dd5ca7","2025-03-29 17:13:07","a2bec9ef-28a6-41cb-937b-adaf51dd5ca7","2025-03-29 17:13:07",1
"Preludes & Nocturnes","Preludes and Nocturnes collects the first eight issues of The Sandman comic by Neil Gaiman published by DC Vertigo. The series centers on Morpheus (Dream of the Endless). Dream is imprisoned for decades by an occultist seeking immortality. Upon escaping, he must reclaim his objects of power while still in a weakened state, confronting an addict to his dream powder, the legions of Hell, and an all-powerful madman (Doctor Destiny) in the process.","/works/OL9200964W","a2bec9ef-28a6-41cb-937b-adaf51dd5ca7","2025-03-29 17:13:07","a2bec9ef-28a6-41cb-937b-adaf51dd5ca7","2025-03-29 17:13:07",1
"Ugly Love","ATTRACTION AT FIRST SIGHT CAN BE MESSY… When Tate Collins finds airline pilot Miles Archer passed out in front of her apartment door, it is definitely not love at first sight. They wouldn’t even go so far as to consider themselves friends. But what they do have is an undeniable mutual attraction. He doesn’t want love and she doesn’t have time for a relationship, but their chemistry cannot be ignored. Once their desires are out in the open, they realize they have the perfect set-up, as long as Tate can stick to two rules: Never ask about the past and don’t expect a future. Tate is determined that she can handle it, but when she realises that she can’t, will she be able to say no to her sexy pilot when he lives just next door?","/works/OL20577143W","a2bec9ef-28a6-41cb-937b-adaf51dd5ca7","2025-03-29 17:13:07","a2bec9ef-28a6-41cb-937b-adaf51dd5ca7","2025-03-29 17:13:07",1
"King of Wrath","Ruthless. Meticulous. Arrogant. &#13&#10Dante Russo thrives on control, both personally and professionally.&#13&#10The billionaire CEO never planned to marry until the threat of blackmail forces him into an engagement with a woman he barely knows.&#13&#10Vivian Lau, jewelry heiress, and daughter of his newest enemy.&#13&#10It doesn’t matter how beautiful or charming she is. He'll do everything in his power to destroy the evidence and their betrothal. There’s only one problem: now that he has her...he can't bring himself to let her go.&#13&#10&#13&#10&#13&#10Elegant. Ambitious. Well-mannered.&#13&#10Vivian Lau is the perfect daughter and her family’s ticket into the highest echelons of high society.&#13&#10Marrying a blue-blooded Russo means opening doors that would otherwise remain closed to her new-money family.&#13&#10While the rude, elusive Dante isn't her idea of a dream partner, she agrees to their arranged marriage out of duty. &#13&#10Craving his touch was never part of the plan. &#13&#10Neither was the worst thing she could possibly do: fall in love with her future husband.","/works/OL28744393W","a2bec9ef-28a6-41cb-937b-adaf51dd5ca7","2025-03-29 17:13:07","a2bec9ef-28a6-41cb-937b-adaf51dd5ca7","2025-03-29 17:13:07",1
"The Long Haul","A family road trip is supposed to be a lot of fun... Unless, of course, you’re the Heffleys. The journey starts off full of promise, then quickly takes several wrong turns. Gas station bathrooms, crazed seagulls, a fender bender, and a runaway pig — not exactly Greg Heffley’s idea of a good time. But even the worst road trip can turn into an adventure — and this is one the Heffleys won’t soon forget.","/works/OL17076678W","a2bec9ef-28a6-41cb-937b-adaf51dd5ca7","2025-03-29 17:13:07","a2bec9ef-28a6-41cb-937b-adaf51dd5ca7","2025-03-29 17:13:07",1
"The Hidden Oracle","After angering his father Zeus, the god Apollo is cast down from Olympus.  He must learn to survive in the modern world until he can somehow find a way to regain Zeus's favor.","/works/OL17364743W","a2bec9ef-28a6-41cb-937b-adaf51dd5ca7","2025-03-29 17:13:07","a2bec9ef-28a6-41cb-937b-adaf51dd5ca7","2025-03-29 17:13:07",1
"Rogue protocol","'Sci-Fi's favorite antisocial AI is back on a mission.  The case against the too-big-to-fail GrayChris Corporation is floundering, and more importantly, authorities are beginning to ask more questions about where Dr. Mensah's SecUnit is.  And Murderbot would rather those questions went away.  For good.'","/works/OL19753589W","a2bec9ef-28a6-41cb-937b-adaf51dd5ca7","2025-03-29 17:13:07","a2bec9ef-28a6-41cb-937b-adaf51dd5ca7","2025-03-29 17:13:07",1
"Gardens of the Moon","The opening chapter in an epic fantasy masterpiece....Bled dry by interminable warfare, infighting and bloody confrontations with Lord Anomander Rake and his Tiste Andii, the vast, sprawling Malazan empire simmers with discontent.Even its imperial legions yearn for some respite. For Sergeant Whiskeyjack and his Bridgeburners and for Tattersail, sole surviving sorceress of the Second Legion, the aftermath of the siege of Pale should have been a time to mourn the dead. But Darujhistan, last of the Free Cities of Genabackis, still holds out - and Empress Lasseen's ambition knows no bounds. However, it seems the empire is not alone in this great game. Sinister forces gather as the gods themselves prepare to play their hand... Conceived and written on an epic scale, Gardens of the Moon is a breathtaking achievement - a novel in which grand design, a dark and complex mythology, wild and wayward magic and a host of enduring characters combine with thrilling, powerful storytelling to resounding effect. Acclaimed by writers, critics and readers alike, here is the opening chapter in what has been hailed a landmark of epic fantasy: the awesome 'The Malazan Book of the Fallen'.","/works/OL5734756W","a2bec9ef-28a6-41cb-937b-adaf51dd5ca7","2025-03-29 17:13:07","a2bec9ef-28a6-41cb-937b-adaf51dd5ca7","2025-03-29 17:13:07",1
"The Psychology of Everyday Things","The Design of Everyday Things is a best-selling book by cognitive scientist and usability engineer Donald Norman about how design serves as the communication between object and user, and how to optimize that conduit of communication in order to make the experience of using the object pleasurable. One of the main premises of the book is that although people are often keen to blame themselves when objects appear to malfunction, it is not the fault of the user but rather the lack of intuitive guidance that should be present in the design.","/works/OL1879162W","a2bec9ef-28a6-41cb-937b-adaf51dd5ca7","2025-03-29 17:13:07","a2bec9ef-28a6-41cb-937b-adaf51dd5ca7","2025-03-29 17:13:07",1
"Twisted Lies","He'll do anything to have her...including lie.&#13&#10&#13&#10Charming, deadly, and smart enough to hide it, Christian Harper is a monster dressed in the perfectly tailored suits of a gentleman.&#13&#10&#13&#10He has little use for morals and even less use for love, but he can’t deny the strange pull he feels toward the woman living just one floor below him.&#13&#10&#13&#10She’s the object of his darkest desires, the only puzzle he can’t solve. And when the opportunity to get closer to her arises, he breaks his own rules to offer her a deal she can’t refuse.&#13&#10&#13&#10Every monster has their weakness. She’s his.&#13&#10&#13&#10His obsession.&#13&#10&#13&#10His addiction.&#13&#10&#13&#10His only exception.&#13&#10&#13&#10---&#13&#10&#13&#10Sweet, shy, and introverted despite her social media fame, Stella Alonso is a romantic who keeps her heart in a cage.&#13&#10&#13&#10Between her two jobs, she has little time or desire for a relationship.&#13&#10&#13&#10But when a threat from her past drives her into the arms—and house—of the most dangerous man she’s ever met, she’s tempted to let herself feel something for the first time in a long time.&#13&#10&#13&#10Because despite Christian’s cold nature, he makes her feel everything when she’s with him.&#13&#10&#13&#10Passionate.&#13&#10&#13&#10Protected.&#13&#10&#13&#10Truly wanted.&#13&#10&#13&#10Theirs is a love twisted with secrets and tainted by lies…and when the truths are finally revealed, they could shatter everything.&#13&#10&#13&#10Twisted Lies is a steamy fake dating romance. It's the fourth and final book in the Twisted series but can be read as a standalone.&#13&#10&#13&#10Warning: The story contains explicit content, violence, profanity, and topics that may be sensitive to some readers. Please see inside the book for a detailed list. Recommended for 18+.","/works/OL27818823W","a2bec9ef-28a6-41cb-937b-adaf51dd5ca7","2025-03-29 17:13:07","a2bec9ef-28a6-41cb-937b-adaf51dd5ca7","2025-03-29 17:13:07",1
"The Princess Bride","*The Princess Bride is a timeless tale that pits country against country, good against evil, love against hate. This incredible journey and artfully rendered love story is peppered with strange beasties monstrous and gentle, memorable surprises both terrible and sublime, and such unforgettable characters as...*&#13&#10&#13&#10**Westley**, the handsome farm boy who risks death (and much worse) for the woman he loves; **Inigo**, the Spanish swordsman who lives only to avenge his father's death; **Fezzik**, the gentlest giant ever to have uprooted a tree with his bear hands; **Vizzini**, the evil Sicilian, with a mind so keen he's foiled by his own perfect logic; **Prince Humperdinck**, the eviler ruler of Guilder, who has an equally insatiable thirst for war and beauteous Buttercup; **Count Rugen**, the evilest man of all, who thrives on the excruciating pain of others; **Miracle Max**, the King's ex-Miracle Man, who can raise the dead (kind of); and, of course, **Buttercup**... the princess bride, the most perfect, beautiful woman in the history of the world!","/works/OL486967W","a2bec9ef-28a6-41cb-937b-adaf51dd5ca7","2025-03-29 17:13:07","a2bec9ef-28a6-41cb-937b-adaf51dd5ca7","2025-03-29 17:13:07",1
"The Richest Man in Babylon","To bring your dreams and desires to fulfillment, you must be successful with money. This book shows you how to amass personal wealth by sharing the secrets of the ancient Babylonians, who were the first to discover the universal laws of prosperity.&#13&#10&#13&#10Hailed as the greatest of all inspirational works on the subject of thrift, financial planning, and personal wealth, The Richest Man in Babylon is a timeless classic that holds the key to all you desire and everything you wish to accomplish. Through entertaining stories about the herdsmen, merchants, and tradesmen of ancient Babylon, George S. Clason provides concrete advice for creating, growing, and preserving wealth. Beloved by millions, this celebrated bestseller offers an understanding of, and a solution to, your personal financial problems. This is the book that holds the secrets to keeping your money and making more.&#13&#10&#13&#10Financial principles covered in this book include:&#13&#10Pay yourself first.&#13&#10Don't trust a bricklayer to buy jewels. (Don't get caught up in other people's excitement. Go seek the experts instead.)&#13&#10Don't put all your eggs in a single basket. (Diversify your portfolio.)&#13&#10Control thy expenses. (Even the richest man has a time constraint on his life. Do what you enjoy, but don't overdo it.)&#13&#10Increase your ability to earn.&#13&#10&#13&#10Keeping these core principles in mind will help you through economic hard times and put you on the road to riches.","/works/OL8165007W","a2bec9ef-28a6-41cb-937b-adaf51dd5ca7","2025-03-29 17:13:07","a2bec9ef-28a6-41cb-937b-adaf51dd5ca7","2025-03-29 17:13:07",1
"The Son of Neptune","Percy is confused. When he awoke from his long sleep, he didn't know much more than his name. His brain fuzz is lingering, even after the wolf Lupa told him he is a demigod and trained him to fight with the pen/sword in his pocket. Somehow Percy manages to make it to a camp for half-bloods, despite the fact that he has to keep killing monsters along the way. But the camp doesn't ring any bells with him. The only thing he can recall from his past is another name: Annabeth.&#13&#10&#13&#10Hazel is supposed to be dead. When she lived before, she didn't do a very good job of it. Sure, she was an obedient daughter, even when her mother was possessed by greed. But that was the problem-when the Voice took over her mother and commanded Hazel to use her 'gift' for an evil purpose, Hazel couldn't say no. Now, because of her mistake, the future of the world is at risk. Hazel wishes she could ride away from it all on the stallion that appears in her dreams.&#13&#10&#13&#10Frank is a klutz. His grandmother says he is descended from heroes and can be anything he wants to be, but he doesn't see it. He doesn't even know who his father is. He keeps hoping Apollo will claim him, because the only thing he is good at is archery-although not good enough to win camp war games. His bulky physique makes him feel like an ox, especially in front of Hazel, his closest friend at camp. He trusts her completely-enough to share his secret he holds close to his heart.&#13&#10&#13&#10Beginning at the 'other' camp for half-bloods and extending as far as the land beyond the gods, this breathtaking second installment in the Heroes of Olympus series introduces new demigods, revives fearsome monsters, and features other remarkable creatures, all destined to play a part in the Prophecy of Seven.","/works/OL15980243W","a2bec9ef-28a6-41cb-937b-adaf51dd5ca7","2025-03-29 17:13:07","a2bec9ef-28a6-41cb-937b-adaf51dd5ca7","2025-03-29 17:13:07",1
"The Authoritative Calvin and Hobbes","","/works/OL3004222W","a2bec9ef-28a6-41cb-937b-adaf51dd5ca7","2025-03-29 17:13:07","a2bec9ef-28a6-41cb-937b-adaf51dd5ca7","2025-03-29 17:13:07",1
"The Graveyard Book","Bod is an unusual boy who inhabits an unusual place—he's the only living resident of a graveyard. Raised from infancy by the ghosts, werewolves, and other cemetery denizens, Bod has learned the antiquated customs of his guardians' time as well as their ghostly teachings—such as the ability to Fade so mere mortals cannot see him.&#13&#10&#13&#10Can a boy raised by ghosts face the wonders and terrors of the worlds of both the living and the dead?&#13&#10&#13&#10The Graveyard Book is the winner of the Newbery Medal, the Carnegie Medal, the Hugo Award for best novel, the Locus Award for Young Adult novel, the American Bookseller Association’s “Best Indie Young Adult Buzz Book,” a Horn Book Honor, and Audio Book of the Year.","/works/OL679348W","a2bec9ef-28a6-41cb-937b-adaf51dd5ca7","2025-03-29 17:13:07","a2bec9ef-28a6-41cb-937b-adaf51dd5ca7","2025-03-29 17:13:07",1
"The Blade Itself","Logen Ninefingers, infamous barbarian, has finally run out of luck. Caught in one feud too many, he’s on the verge of becoming a dead barbarian – leaving nothing behind him but bad songs, dead friends, and a lot of happy enemies.&#13&#10Nobleman Captain Jezal dan Luthar, dashing officer, and paragon of selfishness, has nothing more dangerous in mind than fleecing his friends at cards and dreaming of glory in the fencing circle. But war is brewing, and on the battlefields of the frozen North they fight by altogether bloodier rules.&#13&#10&#13&#10Inquisitor Glokta, cripple turned torturer, would like nothing better than to see Jezal come home in a box. But then Glokta hates everyone: cutting treason out of the Union one confession at a time leaves little room for friendship. His latest trail of corpses may lead him right to the rotten heart of government, if he can stay alive long enough to follow it.&#13&#10&#13&#10Enter the wizard, Bayaz. A bald old man with a terrible temper and a pathetic assistant, he could be the First of the Magi, he could be a spectacular fraud, but whatever he is, he's about to make the lives of Logen, Jezal, and Glotka a whole lot more difficult.&#13&#10&#13&#10Murderous conspiracies rise to the surface, old scores are ready to be settled, and the line between hero and villain is sharp enough to draw blood.","/works/OL8400950W","a2bec9ef-28a6-41cb-937b-adaf51dd5ca7","2025-03-29 17:13:07","a2bec9ef-28a6-41cb-937b-adaf51dd5ca7","2025-03-29 17:13:07",1
"Stories of Your Life and Others","Ted Chiang's first published story, 'Tower of Babylon,' won the Nebula Award in 1990. Subsequent stories have won the Asimov's SF Magazine reader poll, a second Nebula Award, the Theodore Sturgeon Memorial Award, and the Sidewise Award for alternate history. He won the John W. Campbell Award for Best New Writer in 1992. Story for story, he is the most honored young writer in modern SF.&#13&#10&#13&#10Now, collected here for the first time are all seven of this extraordinary writer's stories so far--plus an eighth story written especially for this volume.&#13&#10&#13&#10What if men built a tower from Earth to Heaven--and broke through to Heaven's other side? What if we discovered that the fundamentals of mathematics were arbitrary and inconsistent? What if there were a science of naming things that calls life into being from inanimate matter? What if exposure to an alien language forever changed our perception of time? What if all the beliefs of fundamentalist Christianity were literally true, and the sight of sinners being swallowed into fiery pits were a routine event on city streets? These are the kinds of outrageous questions posed by the stories of Ted Chiang. Stories of your life . . . and others.","/works/OL6216050W","a2bec9ef-28a6-41cb-937b-adaf51dd5ca7","2025-03-29 17:13:07","a2bec9ef-28a6-41cb-937b-adaf51dd5ca7","2025-03-29 17:13:07",1
"The Sign of Four","The Sign of the Four (1890), also called The Sign of Four, is the second novel featuring Sherlock Holmes written by Sir Arthur Conan Doyle.&#13&#10&#13&#10&#13&#10----------&#13&#10Also contained in:&#13&#10[Adventures of Sherlock Holmes](https://openlibrary.org/works/OL20624138W)&#13&#10[Adventures of Sherlock Holmes](https://openlibrary.org/works/OL18191906W)&#13&#10[Annotated Sherlock Holmes. 1/2](https://openlibrary.org/works/OL1518438W)&#13&#10[Best of Sherlock Holmes](https://openlibrary.org/works/OL18195589W)&#13&#10[Boys' Sherlock Holmes](https://openlibrary.org/works/OL8696809W)&#13&#10[Celebrated Cases of Sherlock Holmes](https://openlibrary.org/works/OL16076930W)&#13&#10[Complete Sherlock Holmes](https://openlibrary.org/works/OL18188824W)&#13&#10[Complete Sherlock Holmes](https://openlibrary.org/works/OL14929975W)&#13&#10[Illustrated Sherlock Holmes](https://openlibrary.org/works/OL1518342W)&#13&#10[Original Illustrated Strand Sherlock Holmes](https://openlibrary.org/works/OL262529W)&#13&#10[Sherlock Holmes: His Most Famous Mysteries](https://openlibrary.org/works/OL14930414W)&#13&#10[Sherlock Holmes: The Novels](https://openlibrary.org/works/OL16018654W)&#13&#10[The Sign of the Four, A Scandal in Bohemia and Other Stories](https://openlibrary.org/works/OL20630338W)&#13&#10[Sign of the Four and Other Stories](https://openlibrary.org/works/OL20628655W)&#13&#10[Tales of Sherlock Holmes](https://openlibrary.org/works/OL1518350W)&#13&#10[Tales of Sherlock Holmes](https://openlibrary.org/works/OL1518418W)&#13&#10[Works](https://openlibrary.org/works/OL16173818W)","/works/OL262438W","a2bec9ef-28a6-41cb-937b-adaf51dd5ca7","2025-03-29 17:13:07","a2bec9ef-28a6-41cb-937b-adaf51dd5ca7","2025-03-29 17:13:07",1
"The Fall of Hyperion","On the world called Hyperion, beyond the law of the Hegemony of Man, there waits the creature called the Shrike.  There are those who worship it.  There are those who fear it.  And there are those who have vowed to destroy it.  In the Valley of the Time Tombs, where huge, brooding structures move backward through time, the Shrike waits for them all.  On the eve of Armageddon, with the entire galaxy at war, seven pilgrims set forth on a final voyage to Hyperion seeking the answers to the unsolved riddles of their lives.  Each carries a desperate hope--and a terrible secret.  And one may hold the fate of humanity in his hands.","/works/OL1963251W","a2bec9ef-28a6-41cb-937b-adaf51dd5ca7","2025-03-29 17:13:07","a2bec9ef-28a6-41cb-937b-adaf51dd5ca7","2025-03-29 17:13:07",1
"Thinking, fast and slow","In his mega bestseller, Thinking, Fast and Slow, Daniel Kahneman, world-famous psychologist and winner of the Nobel Prize in Economics, takes us on a groundbreaking tour of the mind and explains the two systems that drive the way we think.&#13&#10&#13&#10System 1 is fast, intuitive, and emotional; System 2 is slower, more deliberative, and more logical. The impact of overconfidence on corporate strategies, the difficulties of predicting what will make us happy in the future, the profound effect of cognitive biases on everything from playing the stock market to planning our next vacation―each of these can be understood only by knowing how the two systems shape our judgments and decisions.&#13&#10&#13&#10Engaging the reader in a lively conversation about how we think, Kahneman reveals where we can and cannot trust our intuitions and how we can tap into the benefits of slow thinking. He offers practical and enlightening insights into how choices are made in both our business and our personal lives―and how we can use different techniques to guard against the mental glitches that often get us into trouble. Topping bestseller lists for almost ten years, Thinking, Fast and Slow is a contemporary classic, an essential book that has changed the lives of millions of readers.","/works/OL15992072W","a2bec9ef-28a6-41cb-937b-adaf51dd5ca7","2025-03-29 17:13:07","a2bec9ef-28a6-41cb-937b-adaf51dd5ca7","2025-03-29 17:13:07",1
"Foundation and Empire","Led by its founding father, the great psychohistorian Hari Seldon, and taking advantage of its superior science and technology, the Foundation has survived the greed and barbarism of its neighboring warrior-planets. Yet now it must face the Empire still the mightiest force in the Galaxy even in its death throes. When an ambitious general determined to restore the Empire's glory turns the vast Imperial fleet toward the Foundation, the only hope for the small planet of scholars and scientists lies in the prophecies of Hari Seldon.","/works/OL46224W","a2bec9ef-28a6-41cb-937b-adaf51dd5ca7","2025-03-29 17:13:07","a2bec9ef-28a6-41cb-937b-adaf51dd5ca7","2025-03-29 17:13:07",1
"Brown Bear, Brown Bear, What Do You See?","Children see a variety of animals, each one a different color, and a teacher looking at them.","/works/OL59133W","a2bec9ef-28a6-41cb-937b-adaf51dd5ca7","2025-03-29 17:13:07","a2bec9ef-28a6-41cb-937b-adaf51dd5ca7","2025-03-29 17:13:07",1
"Summer Knight","Ever since his girlfriend left town to deal with her newly acquired taste for blood, Harry Dresden has been down and out in Chicago. He can't pay his rent. He's alienating his friends. He can't even recall the last time he took a shower. &#13&#10&#13&#10The only professional wizard in the phone book has become a desperate man. &#13&#10&#13&#10And just when it seems things can't get any worse, in saunters the Winter Queen of Faerie. She has an offer Harry can't refuse if he wants to free himself of the supernatural hold his faerie godmother has over him — and hopefully end his run of bad luck. All he has to do is find out who murdered the Summer Queen's right-hand man, the Summer Knight, and clear the Winter Queen's name. &#13&#10&#13&#10It seems simple enough, but Harry knows better than to get caught in the middle of faerie politics. Until he finds out that the fate of the entire world rests on his solving this case. &#13&#10&#13&#10No pressure or anything...","/works/OL5961786W","a2bec9ef-28a6-41cb-937b-adaf51dd5ca7","2025-03-29 17:13:07","a2bec9ef-28a6-41cb-937b-adaf51dd5ca7","2025-03-29 17:13:07",1
"Night Watch","One moment, Sir Sam Vimes is in his old patrolman form, chasing a sweet-talking psychopath across the rooftops of Ankh-Morpork. The next, he's lying naked in the street, having been sent back thirty years courtesy of a group of time-manipulating monks who won't leave well enough alone. This Discworld is a darker place that Vimes remembers too well, three decades before his title, fortune, beloved wife, and impending first child. Worse still, the murderer he's pursuing has been transported back also. Worst of all, it's the eve of a fabled street rebellion that needlessly destroyed more than a few good (and not so good) men. Sam Vimes knows his duty, and by changing history he might just save some worthwhile necks—though it could cost him his own personal future. Plus there's a chance to steer a novice watchman straight and teach him a valuable thing or three about policing, an impressionable young copper named Sam Vimes.","/works/OL453809W","a2bec9ef-28a6-41cb-937b-adaf51dd5ca7","2025-03-29 17:13:07","a2bec9ef-28a6-41cb-937b-adaf51dd5ca7","2025-03-29 17:13:07",1
"The Silent Patient","Alicia Berenson’s life is seemingly perfect. One evening her husband Gabriel returns home late from a fashion shoot, and Alicia shoots him five times in the face, and then never speaks another word. Alicia’s refusal to talk, or give any kind of explanation, turns a domestic tragedy into something far grander, a mystery that captures the public imagination and casts Alicia into notoriety. The price of her art skyrockets, and she, the silent patient, is hidden away from the tabloids and spotlight at the Grove, a secure forensic unit in North London. Theo Faber is a criminal psychotherapist who has waited a long time for the opportunity to work with Alicia. His determination to get her to talk and unravel the mystery of why she shot her husband takes him down a twisting path into his own motivations–a search for the truth that threatens to consume him.","/works/OL19096402W","a2bec9ef-28a6-41cb-937b-adaf51dd5ca7","2025-03-29 17:13:07","a2bec9ef-28a6-41cb-937b-adaf51dd5ca7","2025-03-29 17:13:07",1
"If he had been with me","A New York Times Bestseller&#13&#10&#13&#10*A BookTok Viral Sensation*&#13&#10&#13&#10An achingly authentic and raw portrait of love, regret, and the life-altering impact of the relationships we hold closest to us, this YA romance bestseller is perfect for fans of Colleen Hoover, Jenny Han, and You've Reached Sam.&#13&#10&#13&#10If he had been with me, everything would have been different…&#13&#10&#13&#10Autumn and Finn used to be inseparable. But then something changed. Or they changed. Now, they do their best to ignore each other.&#13&#10&#13&#10Autumn has her boyfriend Jamie, and her close-knit group of friends. And Finn has become that boy at school, the one everyone wants to be around.&#13&#10&#13&#10That still doesn't stop the way Autumn feels every time she and Finn cross paths, and the growing, nagging thought that maybe things could have been different. Maybe they should be together.&#13&#10&#13&#10But come August, things will change forever. And as time passes, Autumn will be forced to confront how else life might have been different if they had never parted ways…","/works/OL19667762W","a2bec9ef-28a6-41cb-937b-adaf51dd5ca7","2025-03-29 17:13:07","a2bec9ef-28a6-41cb-937b-adaf51dd5ca7","2025-03-29 17:13:07",1
"The Complete Sherlock Holmes [4 novels, 56 stories]","Contains:&#13&#10&#13&#10 - [Adventures of Sherlock Holmes](https://openlibrary.org/works/OL262421W/The_Adventures_of_Sherlock_Holmes)&#13&#10&#13&#10[Scandal in Bohemia](https://openlibrary.org/works/OL14930611W/A_Scandal_in_Bohemia)&#13&#10[Red-Headed League](https://openlibrary.org/works/OL262476W/The_Red-Headed_League)&#13&#10[Case of Identity](https://openlibrary.org/works/OL14929939W/A_Case_of_Identity)&#13&#10[Boscombe Valley Mystery](https://openlibrary.org/works/OL18495288W/The_Boscombe_Valley_Mystery)&#13&#10[Five Orange Pips](https://openlibrary.org/works/OL1518120W/Five_Orange_Pips)&#13&#10[Man with the Twisted Lip](https://openlibrary.org/works/OL14930258W/Man_With_the_Twisted_Lip)&#13&#10[Adventure of the Blue Carbuncle](https://openlibrary.org/works/OL1518317W/Adventure_of_the_Blue_Carbuncle)&#13&#10[Adventure of the Speckled Band](https://openlibrary.org/works/OL262561W/Adventure_of_the_Speckled_Band)&#13&#10[Adventure of the Engineer's Thumb](https://openlibrary.org/works/OL1518318W/Adventure_of_the_Engineer's_Thumb)&#13&#10[Adventure of the Noble Bachelor](https://openlibrary.org/works/OL14929841W/Adventure_of_the_Noble_Bachelor)&#13&#10[Adventure of the Beryl Coronet](https://openlibrary.org/works/OL14929825W/Adventure_of_the_Beryl_Coronet)&#13&#10[Adventure of the Copper Beeches](https://openlibrary.org/works/OL1518116W/Adventure_of_the_Copper_Beeches)&#13&#10&#13&#10 - Case-Book of Sherlock Holmes&#13&#10 - His Last Bow&#13&#10 - [Hound of the Baskervilles](https://openlibrary.org/works/OL262454W)&#13&#10 - [Memoirs of Sherlock Holmes](https://openlibrary.org/works/OL262598W/Memoirs_of_Sherlock_Holmes) [11 stories]&#13&#10&#13&#10[Silver Blaze](https://openlibrary.org/works/OL1518358W/Silver_Blaze)&#13&#10[Adventure of the Yellow Face](https://openlibrary.org/works/OL20571966W/Adventure_of_the_Yellow_Face)&#13&#10[Adventure of the Stockbroker's Clerk](https://openlibrary.org/works/OL20619319W/Adventure_of_the_Stockbroker's_Clerk)&#13&#10[Adventure of the Gloria Scott](https://openlibrary.org/works/OL20619337W/Adventure_of_the_Gloria_Scott)&#13&#10[Adventure of the Musgrave Ritual](https://openlibrary.org/works/OL20619374W/Adventure_of_the_Musgrave_Ritual)&#13&#10Adventure of the Reigate Squire&#13&#10Crooked Man&#13&#10Adventure of the Resident Patient&#13&#10Adventure of the Greek Interpreter&#13&#10[Naval Treaty](https://openlibrary.org/works/OL14930289W/The_Naval_Treaty)&#13&#10Final Problem&#13&#10&#13&#10 - [Return of Sherlock Holmes](https://openlibrary.org/works/OL262480W/The_Return_of_Sherlock_Holmes)&#13&#10&#13&#10[Adventure of the Empty House](https://openlibrary.org/works/OL1518119W/The_Adventure_of_the_Empty_House)&#13&#10[Adventure of the Norwood Builder](https://openlibrary.org/works/OL262418W/Adventure_of_the_Norwood_Builder)&#13&#10[Dancing Men](https://openlibrary.org/works/OL262417W/The_Dancing_Men)&#13&#10[Adventure of the Solitary Cyclist](https://openlibrary.org/works/OL1518122W/Adventure_of_the_Solitary_Cyclist)&#13&#10[Adventure of the Priory School](https://openlibrary.org/works/OL1518319W/Adventure_of_the_Priory_School)&#13&#10Black Peter&#13&#10[Adventure of Charles Augustus Milverton](https://openlibrary.org/works/OL20621973W/Adventure_of_Charles_Augustus_Milverton)&#13&#10[Six Napoleons](https://openlibrary.org/works/OL20628495W)&#13&#10[Adventure of the Three Students](https://openlibrary.org/works/OL1518368W/Adventure_of_the_Three_Students)&#13&#10[Adventure of the Golden Pince-Nez](https://openlibrary.org/works/OL18191848W/Adventure_of_the_Golden_Pince-Nez)&#13&#10[Adventure of the Missing Three-Quarter](https://openlibrary.org/works/OL18191816W/Adventure_of_the_Missing_Three_Quarter)&#13&#10[Adventure of the Abbey Grange](https://openlibrary.org/works/OL17084226W/Adventure_of_the_Abbey_Grange)&#13&#10[Second Stain](https://openlibrary.org/works/OL18191864W/Second_Stain)&#13&#10&#13&#10 - [Sign of Four](https://openlibrary.org/works/OL262585W/The_Sign_of_Four)&#13&#10 - [Study in Scarlet](https://openlibrary.org/works/OL16290253W/A_Study_in_Scarlet)&#13&#10 - Valley of Fear","/works/OL262554W","a2bec9ef-28a6-41cb-937b-adaf51dd5ca7","2025-03-29 17:13:07","a2bec9ef-28a6-41cb-937b-adaf51dd5ca7","2025-03-29 17:13:07",1
"The Martian","The Martian is a 2011 science fiction novel written by Andy Weir. It was his debut novel under his own name. It was originally self-published in 2011; Crown Publishing purchased the rights and re-released it in 2014. The story follows an American astronaut, Mark Watney, as he becomes stranded alone on Mars in 2035 and must improvise in order to survive.","/works/OL17091839W","a2bec9ef-28a6-41cb-937b-adaf51dd5ca7","2025-03-29 17:13:07","a2bec9ef-28a6-41cb-937b-adaf51dd5ca7","2025-03-29 17:13:07",1
"The Psychology of Money","Timeless lessons on wealth, greed, and happiness doing well with money isn’t necessarily about what you know. It’s about how you behave. And behavior is hard to teach, even to really smart people. How to manage money, invest it, and make business decisions are typically considered to involve a lot of mathematical calculations, where data and formulae tell us exactly what to do. But in the real world, people don’t make financial decisions on a spreadsheet. They make them at the dinner table, or in a meeting room, where personal history, your unique view of the world, ego, pride, marketing, and odd incentives are scrambled together. In the psychology of money, the author shares 19 short stories exploring the strange ways people think about money and teaches you how to make better sense of one of life’s most important matters.","/works/OL21640039W","a2bec9ef-28a6-41cb-937b-adaf51dd5ca7","2025-03-29 17:13:07","a2bec9ef-28a6-41cb-937b-adaf51dd5ca7","2025-03-29 17:13:07",1
"A Storm of Swords","Of the five contenders for power, one is dead, another in disfavor, and still the wars rage as alliances are made and broken. Joffrey sits on the Iron Throne, the uneasy ruler of the Seven Kingdoms. His most bitter rival, Lord Stannis, stands defeated and disgraced, victim of the sorceress who holds him in her thrall. Young Robb still rules the North from the fortress of Riverrun. Meanwhile, making her way across a blood-drenched continent is the exiled queen, Daenerys, mistress of the only three dragons still left in the world. And as opposing forces manoeuver for the final showdown, an army of barbaric wildlings arrives from the outermost limits of civilization, accompanied by a horde of mythical Others—a supernatural army of the living dead whose animated corpses are unstoppable. As the future of the land hangs in the balance, no one will rest until the Seven Kingdoms have exploded in a veritable storm of swords...","/works/OL257914W","a2bec9ef-28a6-41cb-937b-adaf51dd5ca7","2025-03-29 17:13:07","a2bec9ef-28a6-41cb-937b-adaf51dd5ca7","2025-03-29 17:13:07",1
"Steve Jobs","Based on more than forty interviews with Jobs conducted over two years -- as well as interviews with more than a hundred family members, friends, adversaries, competitors, and colleagues -- Walter Isaacson has written a riveting story of the roller-coaster life and searingly intense personality of a creative entrepreneur whose passion for perfection and ferocious drive revolutionized six industries: personal computers, animated movies, music, phones, tablet computing, and digital publishing. At a time when America is seeking ways to sustain its innovative edge, and when societies around the world are trying to build digital-age economies, Jobs stands as the ultimate icon of inventiveness and applied imagination. He knew that the best way to create value in the twenty-first century was to connect creativity with technology. He built a company where leaps of the imagination were combined with remarkable feats of engineering. Although Jobs cooperated with this book, he asked for no control over what was written nor even the right to read it before it was published. He put nothing off-limits. He encouraged the people he knew to speak honestly. And Jobs speaks candidly, sometimes brutally so, about the people he worked with and competed against. His friends, foes, and colleagues provide an unvarnished view of the passions, perfectionism, obsessions, artistry, devilry, and compulsion for control that shaped his approach to business and the innovative products that resulted. Driven by demons, Jobs could drive those around him to fury and despair. But his personality and products were interrelated, just as Apple's hardware and software tended to be, as if part of an integrated system. His tale is instructive and cautionary, filled with lessons about innovation, character, leadership, and values. - Publisher.","/works/OL16085155W","a2bec9ef-28a6-41cb-937b-adaf51dd5ca7","2025-03-29 17:13:07","a2bec9ef-28a6-41cb-937b-adaf51dd5ca7","2025-03-29 17:13:07",1
"Flowers for Algernon","Until he was thirty-two, Charlie Gordon --gentle, amiable, oddly engaging-- had lived in a kind of mental twilight. He knew knowledge was important and had learned to read and write after a fashion, but he also knew he wasn't nearly as bright as most of the people around him. There was even a white mouse named Algernon who outpaced Charlie in some ways. But a remarkable operation had been performed on Algernon, and now he was a genius among mice. Suppose Charlie underwent a similar operation...","/works/OL515754W","a2bec9ef-28a6-41cb-937b-adaf51dd5ca7","2025-03-29 17:13:07","a2bec9ef-28a6-41cb-937b-adaf51dd5ca7","2025-03-29 17:13:07",1
"The Power of Positive Thinking","In this phenomenal bestseller, “written with the sole objective of helping the reader achieve a happy, satisfying, and worthwhile life,” Dr. Peale demonstrates the power of faith in action. With the practical techniques outlined in this book, you can energize your life—and give yourself the initiative needed to carry out your ambitions and hopes. You’ll learn how to:&#13&#10&#13&#10· Believe in yourself and in everything you do&#13&#10· Build new power and determination&#13&#10· Develop the power to reach your goals&#13&#10· Break the worry habit and achieve a relaxed life&#13&#10· Improve your personal and professional relationships&#13&#10· Assume control over your circumstances&#13&#10· Be kind to yourself","/works/OL2917168W","a2bec9ef-28a6-41cb-937b-adaf51dd5ca7","2025-03-29 17:13:07","a2bec9ef-28a6-41cb-937b-adaf51dd5ca7","2025-03-29 17:13:07",1
"The Glass Castle","A story about the early life of Jeannette Walls. The memoir is an exposing work about her early life and growing up on the run and often homeless. It presents a different perspective of life from all over the United States and the struggle a girl had to find normalcy as she grew into an adult.","/works/OL46760W","a2bec9ef-28a6-41cb-937b-adaf51dd5ca7","2025-03-29 17:13:07","a2bec9ef-28a6-41cb-937b-adaf51dd5ca7","2025-03-29 17:13:07",1
"A Brief History of Time","Stephen Hawking's ‘A Brief History of Time* has become an international publishing phenomenon. Translated into thirty languages, it has sold over ten million copies worldwide and lives on as a science book that continues to captivate and inspire new readers each year. When it was first published in 1988 the ideas discussed in it were at the cutting edge of what was then known about the universe. In the intervening twenty years there have been extraordinary advances in the technology of observing both the micro- and macro-cosmic world. Indeed, during that time cosmology and the theoretical sciences have entered a new golden age . Professor Hawking is one of the major scientists and thinkers to have contributed to this renaissance.","/works/OL1892617W","a2bec9ef-28a6-41cb-937b-adaf51dd5ca7","2025-03-29 17:13:07","a2bec9ef-28a6-41cb-937b-adaf51dd5ca7","2025-03-29 17:13:07",1
"The Importance of Being Earnest","Set in England during the late Victorian era, the play's humour derives in part from characters maintaining fictitious identities to escape unwelcome social obligations. It is replete with witty dialogue and satirises some of the foibles and hypocrisy of late Victorian society. It has proved Wilde's most enduringly popular play. - [*Wikipedia*][1]&#13&#10&#13&#10&#13&#10  [1]: http://en.wikipedia.org/wiki/The_Importance_of_Being_Earnest","/works/OL27776452W","a2bec9ef-28a6-41cb-937b-adaf51dd5ca7","2025-03-29 17:13:07","a2bec9ef-28a6-41cb-937b-adaf51dd5ca7","2025-03-29 17:13:07",1
"The Deep End","An instant #1 USA Today, Wall Street Journal, and New York Times bestseller!&#13&#10&#13&#10In The Deep End, book 15 of the Diary of a Wimpy Kid series from #1 international bestselling author Jeff Kinney, Greg Heffley and his family hit the road for a cross-country camping trip, ​ready for the adventure of a lifetime.&#13&#10&#13&#10But things take an unexpected turn, and they find themselves stranded at an RV park that’s not exactly a summertime paradise. When the skies open up and the water starts to rise, the Heffleys wonder if they can save their vacation—or if they’re already in too deep.","/works/OL20890488W","a2bec9ef-28a6-41cb-937b-adaf51dd5ca7","2025-03-29 17:13:07","a2bec9ef-28a6-41cb-937b-adaf51dd5ca7","2025-03-29 17:13:07",1
"Harry Potter and the Chamber of Secrets","Throughout the summer holidays after his first year at Hogwarts School of Witchcraft and Wizardry, Harry Potter has been receiving sinister warnings from a house-elf called Dobby.&#13&#10&#13&#10Now, back at school to start his second year, Harry hears unintelligible whispers echoing through the corridors.&#13&#10&#13&#10Before long the attacks begin: students are found as if turned to stone.&#13&#10&#13&#10Dobby’s predictions seem to be coming true.&#13&#10&#13&#10[Source][1]&#13&#10&#13&#10&#13&#10  [1]: https://www.jkrowling.com/book/harry-potter-chamber-secrets/","/works/OL82537W","a2bec9ef-28a6-41cb-937b-adaf51dd5ca7","2025-03-29 17:13:07","a2bec9ef-28a6-41cb-937b-adaf51dd5ca7","2025-03-29 17:13:07",1
"The Haunting of Hill House","","/works/OL3171069W","a2bec9ef-28a6-41cb-937b-adaf51dd5ca7","2025-03-29 17:13:07","a2bec9ef-28a6-41cb-937b-adaf51dd5ca7","2025-03-29 17:13:07",1
"The Wise Man’s Fear","Preceded by: [The Name of the Wind][1]&#13&#10&#13&#10In The Wise Man's Fear, Kvothe searches for answers, attempting to uncover the truth about the mysterious Amyr, the Chandrian, and the death of his parents. Along the way, Kvothe is put on trial by the legendary Adem mercenaries, forced to reclaim the honor of his family, and travels into the Fae realm. There he meets Felurian, the faerie woman no man can resist, and who no man has ever survived...until Kvothe.&#13&#10&#13&#10Now, Kvothe takes his first steps on the path of the hero and learns how difficult life can be when a man becomes a legend in his own time.&#13&#10&#13&#10([source][2])&#13&#10&#13&#10&#13&#10  [1]: https://openlibrary.org/works/OL9772092W/The_Name_of_the_Wind&#13&#10  [2]: https://www.patrickrothfuss.com/content/books.asp","/works/OL8479869W","a2bec9ef-28a6-41cb-937b-adaf51dd5ca7","2025-03-29 17:13:07","a2bec9ef-28a6-41cb-937b-adaf51dd5ca7","2025-03-29 17:13:07",1
"The Lies of Locke Lamora","Best book ever","/works/OL8369445W","a2bec9ef-28a6-41cb-937b-adaf51dd5ca7","2025-03-29 17:13:07","a2bec9ef-28a6-41cb-937b-adaf51dd5ca7","2025-03-29 17:13:07",1
"Fun Home","A fresh and brilliantly told memoir from a cult favorite comic artist, marked by gothic twists, a family funeral home, sexual angst, and great books.&#13&#10&#13&#10This breakout book by Alison Bechdel is a darkly funny family tale, pitch-perfectly illustrated with Bechdel's sweetly gothic drawings. Like Marjane Satrapi's Persepolis, it's a story exhilaratingly suited to graphic memoir form.&#13&#10&#13&#10Meet Alison's father, a historic preservation expert and obsessive restorer of the family's Victorian home, a third-generation funeral home director, a high school English teacher, an icily distant parent, and a closeted homosexual who, as it turns out, is involved with his male students and a family babysitter. Through narrative that is alternately heartbreaking and fiercely funny, we are drawn into a daughter's complex yearning for her father. And yet, apart from assigned stints dusting caskets at the family-owned 'fun home,' as Alison and her brothers call it, the relationship achieves its most intimate expression through the shared code of books. When Alison comes out as homosexual herself in late adolescense, the denouement is swift, graphic -- and redemptive.","/works/OL1835957W","a2bec9ef-28a6-41cb-937b-adaf51dd5ca7","2025-03-29 17:13:07","a2bec9ef-28a6-41cb-937b-adaf51dd5ca7","2025-03-29 17:13:07",1
"Flowers in the Attic","Flowers in the Attic is a 1979 Gothic novel by V. C. Andrews. It is the first book in the Dollanganger Series. The novel is written in the first-person, from the point of view of Cathy Dollanganger. In 1993, Flowers in the Attic was awarded the Secondary BILBY Award. In 2003 the book was listed on the BBC's The Big Read poll of the UK's 200 'best-loved novels.'&#13&#10&#13&#10&#13&#10----------&#13&#10Also contained in:&#13&#10[Flowers in the Attic / Petals on the Wind](https://openlibrary.org/works/OL16524231W)","/works/OL134834W","a2bec9ef-28a6-41cb-937b-adaf51dd5ca7","2025-03-29 17:13:07","a2bec9ef-28a6-41cb-937b-adaf51dd5ca7","2025-03-29 17:13:07",1
"The One and Only Ivan","Having spent 27 years behind the glass walls of his enclosure in a shopping mall, Ivan has grown accustomed to humans watching him. He hardly ever thinks about his life in the jungle. Instead, Ivan occupies himself with television, his friends Stella and Bob, and painting. But when he meets Ruby, a baby elephant taken from the wild, he is forced to see their home, and his art, through new eyes.","/works/OL16465449W","a2bec9ef-28a6-41cb-937b-adaf51dd5ca7","2025-03-29 17:13:07","a2bec9ef-28a6-41cb-937b-adaf51dd5ca7","2025-03-29 17:13:07",1
"Station Eleven","One snowy night Arthur Leander, a famous actor, has a heart attack onstage during a production of 'King Lear.' Jeevan Chaudhary, a paparazzo-turned-EMT, is in the audience and leaps to his aid. A child actress named Kirsten Raymonde watches in horror as Jeevan performs CPR, pumping Arthur's chest as the curtain drops, but Arthur is dead. That same night, as Jeevan walks home from the theater, a terrible flu begins to spread. Hospitals are flooded and Jeevan and his brother barricade themselves inside an apartment, watching out the window as cars clog the highways, gunshots ring out, and life disintegrates around them. Fifteen years later, Kirsten is an actress with the Traveling Symphony. Together, this small troupe moves between the settlements of an altered world, performing Shakespeare and music for scattered communities of survivors. Written on their caravan, and tattooed on Kirsten's arm is a line from Star Trek: 'Because survival is insufficient.' But when they arrive in St. Deborah by the Water, they encounter a violent prophet who digs graves for anyone who dares to leave.&#13&#10&#13&#10In a future in which a pandemic has left few survivors, actress Kirsten Raymonde travels with a troupe performing Shakespeare and finds herself in a community run by a deranged prophet. The plot contains mild profanity and violence.","/works/OL17202418W","a2bec9ef-28a6-41cb-937b-adaf51dd5ca7","2025-03-29 17:13:07","a2bec9ef-28a6-41cb-937b-adaf51dd5ca7","2025-03-29 17:13:07",1
"The Laws of Human Nature","'From the #1 New York Times-bestselling author of The 48 Laws of Power comes the definitive new book on decoding the behavior of the people around you  Robert Greene is a master guide for millions of readers, distilling ancient wisdom and philosophy into essential texts for seekers of power, understanding and mastery. Now he turns to the most important subject of all - understanding people's drives and motivations, even when they are unconscious of them themselves.  We are social animals. Our very lives depend on our relationships with people. Knowing why people do what they do is the most important tool we can possess, without which our other talents can only take us so far. Drawing from the ideas and examples of Pericles, Queen Elizabeth I, Martin Luther King Jr, and many others, Greene teaches us how to detach ourselves from our own emotions and master self-control, how to develop the empathy that leads to insight, how to look behind people's masks, and how to resist conformity to develop your singular sense of purpose. Whether at work, in relationships, or in shaping the world around you, The Laws of Human Nature offers brilliant tactics for success, self-improvement, and self-defense'--&#13&#10&#13&#10'Robert Greene is a master guide for millions of readers, distilling ancient wisdom and philosophy into essential texts for seekers of power, understanding and mastery. Now he turns to the most important subject of all - understanding people's drives and motivations, even when they are unconscious of them themselves. We are social animals. Our very lives depend on our relationships with people. Knowing why people do what they do is the most important tool we can possess, without which our other talents can only take us so far. Drawing from the ideas and examples of Pericles, Queen Elizabeth I, Martin Luther King Jr, and many others, Greene teaches us how to detach ourselves from our own emotions and master self-control, how to develop the empathy that leads to insight, how to look behind people's masks, and how to resist conformity to develop your singular sense of purpose. Whether at work, in relationships, or in shaping the world around you, The Laws of Human Nature offers brilliant tactics for success, self-improvement, and self-defense'--","/works/OL19761410W","a2bec9ef-28a6-41cb-937b-adaf51dd5ca7","2025-03-29 17:13:07","a2bec9ef-28a6-41cb-937b-adaf51dd5ca7","2025-03-29 17:13:07",1
"And Then There Were None","And Then There Were None is a mystery novel by the English writer Agatha Christie, described by her as the most difficult of her books to write. It was first published in the United Kingdom by the Collins Crime Club on 6 November 1939, as Ten Little Niggers, after the children's counting rhyme and minstrel song, which serves as a major element of the plot. A US edition was released in January 1940 with the title And Then There Were None, which is taken from the last five words of the song. All successive American reprints and adaptations use that title, except for the Pocket Books paperbacks published between 1964 and 1986, which appeared under the title Ten Little Indians. UK editions continued to use the original title until the current definitive title appeared with a reprint of the 1963 Fontana Paperback in 1985.&#13&#10&#13&#10In 1990 Crime Writers' Association ranked And Then There Were None 19th in their The Top 100 Crime Novels of All Time list. In 1995 in a similar list Mystery Writers of America ranked the novel 10th. In September 2015, to mark her 125th birthday, And Then There Were None was named the 'World's Favourite Christie' in a vote sponsored by the author's estate. In the 'Binge!' article of Entertainment Weekly Issue #1343-44 (26 December 2014–3 January 2015), the writers picked And Then There Were None as an 'EW favorite' on the list of the 'Nine Great Christie Novels'.&#13&#10&#13&#10&#13&#10----------&#13&#10Also contained in:&#13&#10&#13&#10 - [Five Complete Novels of Murder and Detection](https://openlibrary.org/works/OL471812W)&#13&#10 - [Masterpieces of Murder](https://openlibrary.org/works/OL471974W)&#13&#10 - [Novels](https://openlibrary.org/works/OL24261345W)&#13&#10 - [Oeuvres complètes d'Agatha Christie: Volume VII](https://openlibrary.org/works/OL24710553W)&#13&#10 - [Works](https://openlibrary.org/works/OL17306242W)&#13&#10&#13&#10  [1]: https://www.agathachristie.com/stories/and-then-there-were-none","/works/OL471565W","a2bec9ef-28a6-41cb-937b-adaf51dd5ca7","2025-03-29 17:13:07","a2bec9ef-28a6-41cb-937b-adaf51dd5ca7","2025-03-29 17:13:07",1
"The Love Hypothesis","The Instant New York Times Best Seller and TikTok Sensation!&#13&#10&#13&#10As seen on The View!&#13&#10&#13&#10A BuzzFeed Best Summer Read of 2021&#13&#10&#13&#10When a fake relationship between scientists meets the irresistible force of attraction, it throws one woman's carefully calculated theories on love into chaos.&#13&#10&#13&#10As a third-year PhD candidate, Olive Smith doesn't believe in lasting romantic relationships—but her best friend does, and that's what got her into this situation. Convincing Anh that Olive is dating and well on her way to a happily ever after was always going to take more than hand-wavy Jedi mind tricks: Scientists require proof. So, like any self-respecting biologist, Olive panics and kisses the first man she sees.&#13&#10&#13&#10That man is none other than Adam Carlsen, a young hotshot professor—and well-known ass. Which is why Olive is positively floored when Stanford's reigning lab tyrant agrees to keep her charade a secret and be her fake boyfriend. But when a big science conference goes haywire, putting Olive's career on the Bunsen burner, Adam surprises her again with his unyielding support and even more unyielding...six-pack abs.&#13&#10&#13&#10Suddenly their little experiment feels dangerously close to combustion. And Olive discovers that the only thing more complicated than a hypothesis on love is putting her own heart under the microscope.","/works/OL24178205W","a2bec9ef-28a6-41cb-937b-adaf51dd5ca7","2025-03-29 17:13:07","a2bec9ef-28a6-41cb-937b-adaf51dd5ca7","2025-03-29 17:13:07",1
"To Kill a Mockingbird","One of the best-loved stories of all time, To Kill a Mockingbird has been translated into more than 40 languages, sold more than 30 million copies worldwide, served as the basis for an enormously popular motion picture, and voted one of the best novels of the 20th century by librarians across the United States. A gripping, heart-wrenching, and wholly remarkable tale of coming-of-age in a South poisoned by virulent prejudice, it views a world of great beauty and savage inequities through the eyes of a young girl, as her father -- a crusading local lawyer -- risks everything to defend a black man unjustly accused of a terrible crime.&#13&#10&#13&#10Lawyer Atticus Finch defends Tom Robinson -- a black man charged with the rape of a white girl. Writing through the young eyes of Finch's children Scout and Jem, Harper Lee explores with rich humor and unswerving honesty the irrationality of adult attitudes toward race and class in small-town Alabama during the mid-1930s Depression years. The conscience of a town steeped in prejudice, violence, and hypocrisy is pricked by the stamina and quiet heroism of one man's struggle for justice. But the weight of history will only tolerate so much.&#13&#10&#13&#10&#13&#10----------&#13&#10Also contained in:&#13&#10&#13&#10 - [Best Sellers from Reader's Digest Condensed Books](https://openlibrary.org/works/OL16035425W)","/works/OL3140822W","a2bec9ef-28a6-41cb-937b-adaf51dd5ca7","2025-03-29 17:13:07","a2bec9ef-28a6-41cb-937b-adaf51dd5ca7","2025-03-29 17:13:07",1
"Full Dark, No Stars","Full Dark, No Stars, published in November 2010, is a collection of four novellas by American author Stephen King, all dealing with the theme of retribution. One of the novellas, 1922, is set in Hemingford Home, Nebraska, which is the home of Mother Abagail from King's epic novel The Stand (1978), the town the adult Ben Hanscom moves to in It (1986), and the setting of the short story 'The Last Rung on the Ladder' (1978). &#13&#10&#13&#10The collection won the 2011 Bram Stoker Award for Best Collection, and the 2011 British Fantasy Award for Best Collection. Also, 1922 was nominated for the 2011 British Fantasy Award for Best Novella.&#13&#10&#13&#10Contains:&#13&#10&#13&#10 - [1922][2]&#13&#10 - [A Good Marriage][3]&#13&#10 - [Big Driver][4]&#13&#10 - Fair Execution&#13&#10&#13&#10&#13&#10  [1]: https://www.stephenking.com/library/story_collection/full_dark_no_stars.html&#13&#10  [2]: https://openlibrary.org/works/OL19781625W/1922&#13&#10  [3]: https://openlibrary.org/works/OL19781665W/A_Good_Marriage&#13&#10  [4]: https://openlibrary.org/works/OL19781688W/Big_Driver","/works/OL15374110W","a2bec9ef-28a6-41cb-937b-adaf51dd5ca7","2025-03-29 17:13:07","a2bec9ef-28a6-41cb-937b-adaf51dd5ca7","2025-03-29 17:13:07",1
"Red, White & Royal Blue","**What happens when America's First Son falls in love with the Prince of Wales?**&#13&#10&#13&#10**W**hen his mother became President of the United States, Alex Claremont-Diaz was promptly cast as the American equivalent of a young royal. Handsome, charismatic, genius--his image is pure millennial-marketing gold for the White House. There's only one problem: Alex has a beef with an actual prince, Henry, across the pond. And when the tabloids get hold of a photo involving an Alex/Henry altercation, U.S./British relations take a turn for the worse.&#13&#10&#13&#10Heads of family and state and other handlers devise a plan for damage control: Stage a truce between the two rivals. What at first begins as a fake, Instagrammable friendship grows deeper, and more dangerous, than either Alex or Henry could have imagined. Soon Alex finds himself hurtling into a secret romance with a surprisingly unstuffy Henry that could derail the presidential campaign and upend two nations. It raises the question: Can love save the world after all? Where do we find the courage, and the power, to be the people we are meant to be? And how can we learn to let our true colors shine through?&#13&#10&#13&#10This description comes from the publisher.","/works/OL20090688W","a2bec9ef-28a6-41cb-937b-adaf51dd5ca7","2025-03-29 17:13:07","a2bec9ef-28a6-41cb-937b-adaf51dd5ca7","2025-03-29 17:13:07",1
"Bridge to Terabithia","The life of a ten-year-old boy in rural Virginia expands when he becomes friends with a newcomer who subsequently meets an untimely death trying to reach their hideaway, Terabithia, during a storm.","/works/OL27079W","a2bec9ef-28a6-41cb-937b-adaf51dd5ca7","2025-03-29 17:13:07","a2bec9ef-28a6-41cb-937b-adaf51dd5ca7","2025-03-29 17:13:07",1
"The Lost Hero","Jason has a problem. He doesn’t remember anything before waking up on a school bus holding hands with a girl.  Apparently, she’s his girlfriend Piper, his best friend is a kid named Leo, and they’re all students in the Wilderness School, a boarding school for “bad kids.”  What he did to end up here, Jason has no idea—except that everything seems very wrong.&#13&#10&#13&#10Piper has a secret.  Her father has been missing for three days, and her vivid nightmares reveal that he’s in terrible danger.  Now, her boyfriend doesn’t recognize her, and when a freak storm and strange creatures attack during a school field trip, she, Jason, and Leo are whisked away to someplace called Camp Half-Blood.  What is going on?&#13&#10&#13&#10Leo has a way with tools.  His new cabin at Camp Half-Blood is filled with them.  Seriously, the place beats the Wilderness School hands down, with its weapons, training, monsters, and fine-looking girls.  What’s troubling is the 'curse' everyone keeps talking about, and that a camper’s gone missing.  Weirdest of all, his bunkmates insist they are all—including Leo—related to a god.","/works/OL15401200W","a2bec9ef-28a6-41cb-937b-adaf51dd5ca7","2025-03-29 17:13:07","a2bec9ef-28a6-41cb-937b-adaf51dd5ca7","2025-03-29 17:13:07",1
"The Secret History","Under the influence of their charismatic classics professor, a group of clever, eccentric misfits at an elite New England college discover a way of thinking and living that is a world away from the humdrum existence of their contemporaries. But when they go beyond the boundaries of normal morality they slip gradually from obsession to corruption and betrayal, and at last - inexorably - into evil.","/works/OL4321141W","a2bec9ef-28a6-41cb-937b-adaf51dd5ca7","2025-03-29 17:13:07","a2bec9ef-28a6-41cb-937b-adaf51dd5ca7","2025-03-29 17:13:07",1
"Speaker for the Dead","Ender Wiggin, the young military genius, discovers that a second alien war is inevitable and that he must dismiss his fears to make peace with humanity's strange new brothers.","/works/OL49580W","a2bec9ef-28a6-41cb-937b-adaf51dd5ca7","2025-03-29 17:13:07","a2bec9ef-28a6-41cb-937b-adaf51dd5ca7","2025-03-29 17:13:07",1
"Demon Slayer","Tanjiro sets out on the path of the Demon Slayer to save his sister and avenge his family!&#13&#10&#13&#10In Taisho-era Japan, kindhearted Tanjiro Kamado makes a living selling charcoal. But his peaceful life is shattered when a demon slaughters his entire family. His little sister Nezuko is the only survivor, but she has been transformed into a demon herself! Tanjiro sets out on a dangerous journey to find a way to return his sister to normal and destroy the demon who ruined his life.&#13&#10&#13&#10Learning to destroy demons won’t be easy, and Tanjiro barely knows where to start. The surprise appearance of another boy named Giyu, who seems to know what’s going on, might provide some answers—but only if Tanjiro can stop Giyu from killing his sister first!","/works/OL20153262W","a2bec9ef-28a6-41cb-937b-adaf51dd5ca7","2025-03-29 17:13:07","a2bec9ef-28a6-41cb-937b-adaf51dd5ca7","2025-03-29 17:13:07",1
"The Two Towers","The Lord of the Rings, J.R.R. Tolkien's three-volume epic, is set in the imaginary world of Middle-earth -- home to many strange beings, and most notably hobbits, a peace-loving 'little people,' cheerful and shy. Since its original British publication in 1954-55, the saga has entranced readers of all ages. It is at once a classic myth and a modern fairy tale. Critic Michael Straight has hailed it as one of the 'very few works of genius in recent literature.' Middle-earth is a world receptive to poets, scholars, children, and all other people of good will. Donald Barr has described it as 'a scrubbed morning world, and a ringing nightmare world...especially sunlit, and shadowed by perils very fundamental, of a peculiarly uncompounded darkness.' The story of this world is one of high and heroic adventure. Barr compared it to Beowulf, C.S. Lewis to Orlando Furioso, W.H. Auden to The Thirty-nine Steps. In fact the saga is sui generis -- a triumph of imagination which springs to life within its own framework and on its own terms. - Jacket flap.&#13&#10&#13&#10Frodo and the Companions of the Ring have been beset by danger during their quest to prevent the Ruling Ring from falling into the hands of the Dark Lord by destroying it in the Cracks of Doom. They have lost the wizard, Gandalf, in the battle with an evil spirit in the Mines of Moria; and at the Falls of Rauros, Boromir, seduced by the power of the Ring, tried to seize it by force. While Frodo and Sam made their escape the rest of the company were attacked by Orcs. Now they continue their journey alone down the great River Anduin – alone, that is, save for the mysterious creeping figure that follows wherever they go. J.R.R. Tolkien’s great work of imaginative fiction has been labelled both a heroic romance and a classic fantasy fiction. By turns comic and homely, epic and diabolic, the narrative moves through countless changes of scene and character in an imaginary world which is totally convincing in its detail.&#13&#10&#13&#10----------&#13&#10**Also contained in:**&#13&#10&#13&#10 - [The Lord of the Rings][1]&#13&#10&#13&#10&#13&#10  [1]: https://openlibrary.org/works/OL27448W/The_Lord_of_the_Rings","/works/OL27479W","a2bec9ef-28a6-41cb-937b-adaf51dd5ca7","2025-03-29 17:13:07","a2bec9ef-28a6-41cb-937b-adaf51dd5ca7","2025-03-29 17:13:07",1
"Little Brother","Seventeen year old Marcus and his friends are in the wrong place at the wrong time during a major terrorist attack on San Francisco. They are held be the Department of Homland Security for days before being release only to discover that their city has turned into surveillance society police state. They decide to resist in the only way they know how by taking on the DHS.&#13&#10&#13&#10This book is distributed freely under a Creative Commons Attribution-Noncommercial-ShareAlike license from the author's website.","/works/OL5734718W","a2bec9ef-28a6-41cb-937b-adaf51dd5ca7","2025-03-29 17:13:07","a2bec9ef-28a6-41cb-937b-adaf51dd5ca7","2025-03-29 17:13:07",1
"The Collapsing Empire (The Interdependency Book 1)","","/works/OL19340214W","a2bec9ef-28a6-41cb-937b-adaf51dd5ca7","2025-03-29 17:13:07","a2bec9ef-28a6-41cb-937b-adaf51dd5ca7","2025-03-29 17:13:07",1
"Wizard and Glass","[The Dark Tower][1] IV&#13&#10&#13&#10Part IV of an epic quest. Roland the Gunslinger and his followers have to contend with a sentient monorail intent on killing itself and taking them with it. While seeking to return to the Path of the Beam that will lead them to the Dark Tower, Roland tells his friends a story about the tragic loss of his first love, Susan Delgado.&#13&#10([source][2])&#13&#10&#13&#10&#13&#10  [1]: https://openlibrary.org/works/OL81600W/The_Dark_Tower_1-7&#13&#10  [2]: https://stephenking.com/library/novel/dark_tower_wizard_and_glass_the.html","/works/OL81615W","a2bec9ef-28a6-41cb-937b-adaf51dd5ca7","2025-03-29 17:13:07","a2bec9ef-28a6-41cb-937b-adaf51dd5ca7","2025-03-29 17:13:07",1
"A Court of Mist and Fury","Feyre has undergone more trials than one human woman can carry in her heart. Though she's now been granted the powers and lifespan of the High Fae, she is haunted by her time Under the Mountain and the terrible deeds she performed to save the lives of Tamlin and his people.&#13&#10&#13&#10As her marriage to Tamlin approaches, Feyre's hollowness and nightmares consume her. She finds herself split into two different people: one who upholds her bargain with Rhysand, High Lord of the feared Night Court, and one who lives out her life in the Spring Court with Tamlin. While Feyre navigates a dark web of politics, passion, and dazzling power, a greater evil looms. She might just be the key to stopping it, but only if she can harness her harrowing gifts, heal her fractured soul, and decide how she wishes to shape her future-and the future of a world in turmoil.&#13&#10&#13&#10Bestselling author Sarah J. Maas's masterful storytelling brings this second book in her dazzling, sexy, action-packed series to new heights.","/works/OL17860744W","a2bec9ef-28a6-41cb-937b-adaf51dd5ca7","2025-03-29 17:13:07","a2bec9ef-28a6-41cb-937b-adaf51dd5ca7","2025-03-29 17:13:07",1
"Do Androids Dream of Electric Sheep?","It was January 2021, and Rick Deckard had a license to kill.&#13&#10Somewhere among the hordes of humans out there, lurked several rogue androids. Deckard's assignment--find them and then...'retire' them. Trouble was, the androids all looked exactly like humans, and they didn't want to be found!","/works/OL2172356W","a2bec9ef-28a6-41cb-937b-adaf51dd5ca7","2025-03-29 17:13:07","a2bec9ef-28a6-41cb-937b-adaf51dd5ca7","2025-03-29 17:13:07",1
"A child called 'it'","This book chronicles the unforgettable account of one of the most severe child abuse cases in California history. It is the story of Dave Pelzer, who was brutally beaten and starved by his emotionally unstable, alcoholic mother: a mother who played tortuous, unpredictable games--games that left him nearly dead. He had to learn how to play his mother's games in order to survive because she no longer considered him a son, but a slave; and no longer a boy, but an 'it.'&#13&#10&#13&#10Dave's bed was an old army cot in the basement, and his clothes were torn and raunchy. When his mother allowed him the luxury of food, it was nothing more than spoiled scraps that even the dogs refused to eat. The outside world knew nothing of his living nightmare. He had nothing or no one to turn to, but his dreams kept him alive--dreams of someone taking care of him, loving him and calling him their son.","/works/OL66946W","a2bec9ef-28a6-41cb-937b-adaf51dd5ca7","2025-03-29 17:13:07","a2bec9ef-28a6-41cb-937b-adaf51dd5ca7","2025-03-29 17:13:07",1
"the sun and her flowers","From rupi kaur, the #1 New York Times bestselling author of milk and honey, comes her long-awaited second collection of poetry. A vibrant and transcendent journey about growth and healing. Ancestry and honoring one’s roots. Expatriation and rising up to find a home within yourself.&#13&#10&#13&#10Divided into five chapters and illustrated by kaur, the sun and her flowers is a journey of wilting, falling, rooting, rising, and blooming. A celebration of love in all its forms.&#13&#10&#13&#10this is the recipe of life&#13&#10said my mother&#13&#10as she held me in her arms as i wept&#13&#10think of those flowers you plant&#13&#10in the garden each year&#13&#10they will teach you&#13&#10that people too&#13&#10must wilt&#13&#10fall&#13&#10root&#13&#10rise&#13&#10in order to bloom","/works/OL17800586W","a2bec9ef-28a6-41cb-937b-adaf51dd5ca7","2025-03-29 17:13:07","a2bec9ef-28a6-41cb-937b-adaf51dd5ca7","2025-03-29 17:13:07",1
"The Art of War","The Art of War is an ancient Chinese military treatise dating from the Late Spring and Autumn Period. The work, which is attributed to the ancient Chinese military strategist Sun Tzu","/works/OL244537W","a2bec9ef-28a6-41cb-937b-adaf51dd5ca7","2025-03-29 17:13:07","a2bec9ef-28a6-41cb-937b-adaf51dd5ca7","2025-03-29 17:13:07",1
"Where the Red Fern Grows","Where the Red Fern Grows is a 1961 children's novel by Wilson Rawls about a boy who buys two hunting dogs.&#13&#10&#13&#10----------&#13&#10Also contained in:&#13&#10[Prentice Hall Literature: Bronze](https://openlibrary.org/works/OL24558491W)","/works/OL465360W","a2bec9ef-28a6-41cb-937b-adaf51dd5ca7","2025-03-29 17:13:07","a2bec9ef-28a6-41cb-937b-adaf51dd5ca7","2025-03-29 17:13:07",1
"The Chronicles of Narnia","Journeys to the end of the world, fantastic creatures, and epic battle between good and evil - what more could any reader ask for in one book? The book that has it all is THE LION, THE WITCH AND THE WARDROBE, written in 1919 by C.S. Lewis. But Lewis did not stop there. Six more books followed and together they became known as The Chronicles of Narnia.&#13&#10&#13&#10For the past fifty years, The Chronicles of Narnia has transcended the fantasy genre to become part of the canon of classic literature. Each of the seven books is a masterpiece, drawing the reader into a world where magic meets reality, and the result is a fictional world whose scope has fascinated generations.&#13&#10&#13&#10This edition presents all seven books - unabridged - in one impressive volume. The books are presented here according to Lewis's preferred order, each chapter graced with an illustration by the original artist, Pauline Baynes. This edition also contains C. S. Lewis's essay 'On Three Ways of Writing for Children,' in which he explains precisely how the magic of Narnia and the realm of fantasy appeal not only to children but to discerning readers of all ages. Deceptively simple and direct, The Chronicles of Narnia continue to captivate fans with adventures, characters, and truths that speak to all readers, even fifty years after the books were first published.&#13&#10--front flap&#13&#10&#13&#10Contains:&#13&#10The Magician's Nephew; [The Lion, the Witch and the Wardrobe](https://openlibrary.org/works/OL71175W); The Horse and His Boy; Prince Caspian; The Voyage of the Dawn Treader; The Silver Chair; and The Last Battle.","/works/OL70988W","a2bec9ef-28a6-41cb-937b-adaf51dd5ca7","2025-03-29 17:13:07","a2bec9ef-28a6-41cb-937b-adaf51dd5ca7","2025-03-29 17:13:07",1
"The Waste Lands","Part III of an epic saga. Roland and his companions, Eddie and Susannah Dean, find the Path of the Beam that will lead them to the Dark Tower. Along the way, Roland adds two new members to his ka-tet (a group united for a specific purpose). In the decaying city of Lud, they encounter new dangers, including a sentient train that has gone insane.","/works/OL81625W","a2bec9ef-28a6-41cb-937b-adaf51dd5ca7","2025-03-29 17:13:07","a2bec9ef-28a6-41cb-937b-adaf51dd5ca7","2025-03-29 17:13:07",1
"The Prophet","Reflections by the Lebanese-American poet, mystic, and painter on such subjects as love, marriage, joy and sorrow, crime and punishment, pain, and self-knowlege.","/works/OL318900W","a2bec9ef-28a6-41cb-937b-adaf51dd5ca7","2025-03-29 17:13:07","a2bec9ef-28a6-41cb-937b-adaf51dd5ca7","2025-03-29 17:13:07",1
"Alice's Adventures in Wonderland / Through the Looking Glass","A very real little girl named Alice follows a remarkable rabbit down a rabbit hole and steps through a looking-glass to come face to face with some of the strangest adventures and some of the oddest characters in all literature. The crusty Duchess, the Mad Hatter, the weeping Mock Turtle, the diabolical Queen of Hearts, the Cheshire-Cat, Tweedledum and Tweedledee--each one is more eccentric, and more entertaining, than the last. And all of them could only have come from the pen of Lewis Carroll, one of the few adults ever to enter successfully the children's world of make-believe--a wonderland where the impossible becomes possible, the unreal, real...where the heights of adventure are limited only by the depths of imagination.&#13&#10--back cover&#13&#10&#13&#10Contains:&#13&#10&#13&#10 - [Alice's Adventures in Wonderland](https://openlibrary.org/works/OL8193508W)&#13&#10 - [Through the Looking Glass, and What Alice Found There][2]&#13&#10&#13&#10  [2]: https://openlibrary.org/works/OL15298516W","/works/OL151411W","a2bec9ef-28a6-41cb-937b-adaf51dd5ca7","2025-03-29 17:13:07","a2bec9ef-28a6-41cb-937b-adaf51dd5ca7","2025-03-29 17:13:07",1
"Jane Eyre","The novel is set somewhere in the north of England. Jane's childhood at Gateshead Hall, where she is emotionally and physically abused by her aunt and cousins; her education at Lowood School, where she acquires friends and role models but also suffers privations and oppression; her time as the governess of Thornfield Hall, where she falls in love with her Byronic employer, Edward Rochester; her time with the Rivers family, during which her earnest but cold clergyman cousin, St John Rivers, proposes to her. Will she or will she not marry him?","/works/OL1095427W","a2bec9ef-28a6-41cb-937b-adaf51dd5ca7","2025-03-29 17:13:07","a2bec9ef-28a6-41cb-937b-adaf51dd5ca7","2025-03-29 17:13:07",1
"I'm Glad My Mom Died","A heartbreaking and hilarious memoir by iCarly and Sam & Cat star Jennette McCurdy about her struggles as a former child actor—including eating disorders, addiction, and a complicated relationship with her overbearing mother—and how she retook control of her life.","/works/OL26663382W","a2bec9ef-28a6-41cb-937b-adaf51dd5ca7","2025-03-29 17:13:07","a2bec9ef-28a6-41cb-937b-adaf51dd5ca7","2025-03-29 17:13:07",1
"The Well of Ascension","The impossible has been accomplished. The Lord Ruler -- the man who claimed to be god incarnate and brutally ruled the world for a thousand years -- has been vanquished. But Kelsier, the hero who masterminded that triumph, is dead too, and now the awesome task of building a new world has been left to his young protégé, Vin, the former street urchin who is now the most powerful Mistborn in the land, and to the idealistic young nobleman she loves.&#13&#10&#13&#10As Kelsier's protégé and slayer of the Lord Ruler she is now venerated by a budding new religion, a distinction that makes her intensely uncomfortable. Even more worrying, the mists have begun behaving strangely since the Lord Ruler died, and seem to harbor a strange vaporous entity that haunts her.&#13&#10&#13&#10Stopping assassins may keep Vin's Mistborn skills sharp, but it's the least of her problems. Luthadel, the largest city of the former empire, doesn't run itself, and Vin and the other members of Kelsier's crew, who lead the revolution, must learn a whole new set of practical and political skills to help. It certainly won't get easier with three armies – one of them composed of ferocious giants – now vying to conquer the city, and no sign of the Lord Ruler's hidden cache of atium, the rarest and most powerful allomantic metal.&#13&#10&#13&#10As the siege of Luthadel tightens, an ancient legend seems to offer a glimmer of hope. But even if it really exists, no one knows where to find the Well of Ascension or what manner of power it bestows.","/works/OL5738150W","a2bec9ef-28a6-41cb-937b-adaf51dd5ca7","2025-03-29 17:13:07","a2bec9ef-28a6-41cb-937b-adaf51dd5ca7","2025-03-29 17:13:07",1
"Alice's Adventures in Wonderland","Alice's Adventures in Wonderland (commonly Alice in Wonderland) is an 1865 English children's novel by Lewis Carroll. A young girl named Alice falls through a rabbit hole into a fantasy world of anthropomorphic creatures. It is seen as an example of the literary nonsense genre.&#13&#10&#13&#10One of the best-known works of Victorian literature, its narrative, structure, characters and imagery have had huge influence on popular culture and literature, especially in the fantasy genre.","/works/OL138052W","a2bec9ef-28a6-41cb-937b-adaf51dd5ca7","2025-03-29 17:13:07","a2bec9ef-28a6-41cb-937b-adaf51dd5ca7","2025-03-29 17:13:07",1
"The Left Hand of Darkness","[Comment by Kim Stanley Robinson, on The Guardian's website][1]:&#13&#10The Left Hand of Darkness by Ursula K Le Guin (1969)&#13&#10&#13&#10> One of my favorite novels is The Left Hand of Darkness, by Ursula K Le Guin. For more than 40 years I've been recommending this book to people who want to try science fiction for the first time, and it still serves very well for that. One of the things I like about it is how clearly it demonstrates that science fiction can have not only the usual virtues and pleasures of the novel, but also the startling and transformative power of the thought experiment.&#13&#10&#13&#10> In this case, the thought experiment is quickly revealed: 'The king was pregnant,' the book tells us early on, and after that we learn more and more about this planet named Winter, stuck in an ice age, where the humans are most of the time neither male nor female, but with the potential to become either. The man from Earth investigating this situation has a lot to learn, and so do we; and we learn it in the course of a thrilling adventure story, including a great 'crossing of the ice'. Le Guin's language is clear and clean, and has within it both the anthropological mindset of her father Alfred Kroeber, and the poetry of stories as magical things that her mother Theodora Kroeber found in native American tales. This worldly wisdom applied to the romance of other planets, and to human nature at its deepest, is Le Guin's particular gift to us, and something science fiction will always be proud of. Try it and see – you will never think about people in quite the same way again.&#13&#10&#13&#10&#13&#10  [1]: https://www.theguardian.com/books/2011/may/14/science-fiction-authors-choice","/works/OL59800W","a2bec9ef-28a6-41cb-937b-adaf51dd5ca7","2025-03-29 17:13:07","a2bec9ef-28a6-41cb-937b-adaf51dd5ca7","2025-03-29 17:13:07",1
"Pride and Prejudice","Pride and Prejudice is an 1813 novel of manners written by Jane Austen. The novel follows the character development of Elizabeth Bennet, the dynamic protagonist of the book who learns about the repercussions of hasty judgments and comes to appreciate the difference between superficial goodness and actual goodness.&#13&#10&#13&#10Mr. Bennet, owner of the Longbourn estate in Hertfordshire, has five daughters, but his property is entailed and can only be passed to a male heir. His wife also lacks an inheritance, so his family faces becoming very poor upon his death. Thus, it is imperative that at least one of the girls marry well to support the others, which is a motivation that drives the plot.","/works/OL66554W","a2bec9ef-28a6-41cb-937b-adaf51dd5ca7","2025-03-29 17:13:07","a2bec9ef-28a6-41cb-937b-adaf51dd5ca7","2025-03-29 17:13:07",1
"Atomic Habits","No matter your goals, Atomic Habits offers a proven framework for improving every day. James Clear, one of the world's leading experts on habit formation, reveals practical strategies that will teach you exactly how to form good habits, break bad ones, and master the tiny behaviors that lead to remarkable results.","/works/OL17930368W","a2bec9ef-28a6-41cb-937b-adaf51dd5ca7","2025-03-29 17:13:07","a2bec9ef-28a6-41cb-937b-adaf51dd5ca7","2025-03-29 17:13:07",1
"Jurassic Park","Jurassic Park is a 1990 science fiction novel written by Michael Crichton. A cautionary tale about genetic engineering, it presents the collapse of an amusement park showcasing genetically re-created dinosaurs to illustrate the mathematical concept of chaos theory and its real-world implications. A sequel titled The Lost World, also written by Crichton, was published in 1995. In 1997, both novels were re-published as a single book titled Michael Crichton's Jurassic World. In 1996 it was awarded the Secondary BILBY Award.&#13&#10&#13&#10Also contained in:&#13&#10[Congo/Jurassic Park](https://openlibrary.org/works/OL8475707W)&#13&#10[Michael Crichton's Jurassic World](https://openlibrary.org/works/OL14950507W)","/works/OL46881W","a2bec9ef-28a6-41cb-937b-adaf51dd5ca7","2025-03-29 17:13:07","a2bec9ef-28a6-41cb-937b-adaf51dd5ca7","2025-03-29 17:13:07",1
"Il nome della rosa","It is the year 1327. Franciscans in an Italian abbey are suspected of heresy, but Brother William of Baskerville’s investigation is suddenly overshadowed by seven bizarre deaths.","/works/OL8996439W","a2bec9ef-28a6-41cb-937b-adaf51dd5ca7","2025-03-29 17:13:07","a2bec9ef-28a6-41cb-937b-adaf51dd5ca7","2025-03-29 17:13:07",1
"Don't Believe Everything You Think","","/works/OL28098879W","a2bec9ef-28a6-41cb-937b-adaf51dd5ca7","2025-03-29 17:13:07","a2bec9ef-28a6-41cb-937b-adaf51dd5ca7","2025-03-29 17:13:07",1
"Fight Club","A man who struggles with insomnia meets a colorful extremist, and they create a secret organization together.&#13&#10&#13&#10Chuck Palahniuk showed himself to be his generation’s most visionary satirist in this, his first book. Fight Club’s estranged narrator leaves his lackluster job when he comes under the thrall of Tyler Durden, an enigmatic young man who holds secret after-hours boxing matches in the basement of bars. There, two men fight 'as long as they have to.' This is a gloriously original work that exposes the darkness at the core of our modern world.","/works/OL18941W","a2bec9ef-28a6-41cb-937b-adaf51dd5ca7","2025-03-29 17:13:07","a2bec9ef-28a6-41cb-937b-adaf51dd5ca7","2025-03-29 17:13:07",1
"V for Vendetta","A seminal graphic novel that defined sophisticated storytelling, Alan Moore's best-selling V For Vendetta is a terrifying portrait of totalitarianism and resistance, superbly illustrated by artist David Lloyd. The graphic novel that inspired the hit movie V For Vendetta is a powerful story about loss of freedom and individuality.Set in a futuristic totalitarian England, a country without political freedom, personal freedom and precious little faith in anything,a mysterious man in a white porcelain mask fights political oppressors through terrorism and seemingly absurd acts. It's a gripping tale of the blurred lines between ideological good and evil. - Publisher.","/works/OL2897797W","a2bec9ef-28a6-41cb-937b-adaf51dd5ca7","2025-03-29 17:13:07","a2bec9ef-28a6-41cb-937b-adaf51dd5ca7","2025-03-29 17:13:07",1
"The A.B.C. Murders","There's a serial killer on the loose, bent on working his way though the alphabet.  There seems little chance of the murderer being caught - until her makes the crucial and vain mistake of challenging Hercule Poirot to frustrate his plans . . .","/works/OL471509W","a2bec9ef-28a6-41cb-937b-adaf51dd5ca7","2025-03-29 17:13:07","a2bec9ef-28a6-41cb-937b-adaf51dd5ca7","2025-03-29 17:13:07",1
"The Lord of the Rings","Originally published from 1954 through 1956, J.R.R. Tolkien's richly complex series ushered in a new age of epic adventure storytelling. A philologist and illustrator who took inspiration from his work, Tolkien invented the modern heroic quest novel from the ground up, creating not just a world, but a domain, not just a lexicon, but a language, that would spawn countless imitators and lead to the inception of the epic fantasy genre. Today, THE LORD OF THE RINGS is considered 'the most influential fantasy novel ever written.' (THE ENCYCLOPEDIA OF FANTASY)&#13&#10&#13&#10During his travels across Middle-earth, the hobbit Bilbo Baggins had found the Ring. But the simple band of gold was far from ordinary; it was in fact the One Ring - the greatest of the ancient Rings of Power. Sauron, the Dark Lord, had infused it with his own evil magic, and when it was lost, he was forced to flee into hiding.&#13&#10&#13&#10But now Sauron's exile has ended and his power is spreading anew, fueled by the knowledge that his treasure has been found. He has gathered all the Great Rings to him, and will stop at nothing to reclaim the One that will complete his dominion. The only way to stop him is to cast the Ruling Ring deep into the Fire-Mountain at the heart of the land of Mordor--Sauron's dark realm.&#13&#10&#13&#10Fate has placed the burden in the hands of Frodo Baggins, Bilbo's heir...and he is resolved to bear it to its end. Or his own. &#13&#10&#13&#10&#13&#10----------&#13&#10&#13&#10&#13&#10**Contains**&#13&#10&#13&#10 - [The Fellowship of the Ring][1]&#13&#10 - [The Two Towers][2]&#13&#10 - [The Return of the King][3]&#13&#10 - [The Lord of the Rings [2/2]](https://openlibrary.org/works/OL27306128W)&#13&#10 - [The Lord of the Rings [1/6]](https://openlibrary.org/works/OL24170898W)&#13&#10 - [The Lord of the Rings [1/9]](https://openlibrary.org/works/OL27305953W)&#13&#10 - [The Lord of the Rings [2/9]](https://openlibrary.org/works/OL27305892W)&#13&#10 - [The Lord of the Rings [3/9]](https://openlibrary.org/works/OL27306048W)&#13&#10&#13&#10&#13&#10&#13&#10  [1]: https://openlibrary.org/works/OL14933414W/The_Fellowship_of_the_Ring&#13&#10  [2]: https://openlibrary.org/works/OL27479W/The_Two_Towers&#13&#10  [3]: https://openlibrary.org/works/OL27516W/The_Return_of_the_King","/works/OL27448W","a2bec9ef-28a6-41cb-937b-adaf51dd5ca7","2025-03-29 17:13:07","a2bec9ef-28a6-41cb-937b-adaf51dd5ca7","2025-03-29 17:13:07",1
"Don't Let the Pigeon Drive the Bus!","No matter how hard he pleads and begs, the pigeon is not supposed to drive the bus while the driver is away, but pigeon tries every persuasive trick a young child knows to get you to say 'Yes.'","/works/OL5760013W","a2bec9ef-28a6-41cb-937b-adaf51dd5ca7","2025-03-29 17:13:07","a2bec9ef-28a6-41cb-937b-adaf51dd5ca7","2025-03-29 17:13:07",1
"The Gunslinger","[The Dark Tower][1] I&#13&#10&#13&#10The Gunslinger is a dark-fantasy by American author Stephen King. It is the first volume in the Dark Tower series.&#13&#10&#13&#10The Gunslinger was first published in 1982 as a fix-up novel, joining five short stories that had been published between 1978 and 1981. King substantially revised the novel in 2003; this version has remained in print ever since, with the subtitle RESUMPTION.&#13&#10&#13&#10The story centers upon Roland Deschain, the last gunslinger, who has been chasing his adversary, 'the man in black,' for many years. The novel fuses Western fiction with fantasy, science fiction, and horror, following Roland's trek through a vast desert and beyond in search of the man in black. Roland meets several people along his journey, including a boy named Jake Chambers, who travels with him part of the way.&#13&#10&#13&#10'The Gunslinger' (October 1978)&#13&#10'The Way Station' (April 1980)&#13&#10'The Oracle and the Mountains' (February 1981)&#13&#10'The Slow Mutants' (July 1981)&#13&#10'The Gunslinger and the Dark Man' (November 1981)&#13&#10&#13&#10  [1]: https://openlibrary.org/works/OL81600W/The_Dark_Tower_1-7","/works/OL81628W","a2bec9ef-28a6-41cb-937b-adaf51dd5ca7","2025-03-29 17:13:07","a2bec9ef-28a6-41cb-937b-adaf51dd5ca7","2025-03-29 17:13:07",1
"The Alloy of Law","Three hundred years after the events of the Mistborn trilogy, Scadrial is now on the verge of modernity, with railroads to supplement the canals, electric lighting in the streets and the homes of the wealthy, and the first steel-framed skyscrapers racing for the clouds.&#13&#10&#13&#10Kelsier, Vin, Elend, Sazed, Spook, and the rest are now part of history—or religion. Yet even as science and technology are reaching new heights, the old magics of Allomancy and Feruchemy continue to play a role in this reborn world. Out in the frontier lands known as the Roughs, they are crucial tools for the brave men and women attempting to establish order and justice.&#13&#10&#13&#10One such is Waxillium Ladrian, a rare Twinborn who can Push on metals with his Allomancy and use Feruchemy to become lighter or heavier at will.&#13&#10&#13&#10After twenty years in the Roughs, Wax has been forced by family tragedy to return to the metropolis of Elendel. Now he must reluctantly put away his guns and assume the duties and dignity incumbent upon the head of a noble house. Or so he thinks, until he learns the hard way that the mansions and elegant tree-lined streets of the city can be even more dangerous than the dusty plains of the Roughs.","/works/OL16597059W","a2bec9ef-28a6-41cb-937b-adaf51dd5ca7","2025-03-29 17:13:07","a2bec9ef-28a6-41cb-937b-adaf51dd5ca7","2025-03-29 17:13:07",1
"The Immortal Life of Henrietta Lacks","Her name was Henrietta Lacks, but scientists know her as HeLa. She was a poor black tobacco farmer whose cells—taken without her knowledge in 1951—became one of the most important tools in medicine, vital for developing the polio vaccine, cloning, gene mapping, in vitro fertilization, and more. Henrietta’s cells have been bought and sold by the billions, yet she remains virtually unknown, and her family can’t afford health insurance.&#13&#10&#13&#10This New York Times bestseller takes readers on an extraordinary journey, from the “colored” ward of Johns Hopkins Hospital in the 1950s to stark white laboratories with freezers filled with HeLa cells, from Henrietta’s small, dying hometown of Clover, Virginia, to East Baltimore today, where her children and grandchildren live and struggle with the legacy of her cells. The Immortal Life of Henrietta Lacks tells a riveting story of the collision between ethics, race, and medicine; of scientific discovery and faith healing; and of a daughter consumed with questions about the mother she never knew. It’s a story inextricably connected to the dark history of experimentation on African Americans, the birth of bioethics, and the legal battles over whether we control the stuff we’re made of.&#13&#10([source][1])&#13&#10&#13&#10&#13&#10  [1]: http://rebeccaskloot.com/the-immortal-life/","/works/OL13850788W","a2bec9ef-28a6-41cb-937b-adaf51dd5ca7","2025-03-29 17:13:07","a2bec9ef-28a6-41cb-937b-adaf51dd5ca7","2025-03-29 17:13:07",1
"The Lathe of Heaven","“The Lathe of Heaven” ; 1971 ( Ursula Le Guin received the 1973 Locus Award for this story)&#13&#10George Orr has a gift – he is an effective dreamer:  his dreams become reality when he wakes up. He is aware of his past and present, two or more sets of memories, although the people around him are only aware of the current reality. &#13&#10This science fiction story is set in Portland, Oregon, in/around the late 1990s - early 2000s.  Orr begins to take drugs to suppress dreams but eventually he is sent to a psychotherapist, Dr. William Haber, who has developed an electronic  machine, the Augmentor, which records the brain patterns of a person as they dream.  When Haber realizes that he can use Orr's unique ability to change their world, the consequences  are both beneficial and frightening,  both locally and globally.  Orr seeks out the help of a civil rights lawyer, Heather Lelache, who attends a treatment session, and sees Portland change before her very eyes as Orr awakens.  In a strange turn of events, Heather helps Orr by putting him in a dream state where Orr can undo some of Haber's actions. The result – Aliens on the Moon land on Earth !  A special affinity exists between George Orr and the Aliens, who seem to understand  his unique gift.   Ultimately Haber decides to impose Orr's brain patterns on his own, so that he can bring about world-wide changes. Orr and Heather feel the chaos and a sense of a void as Haber dreams.  Orr rushes back to Haber's office and turns off the Augmentor.  The world  returns to April 1998.","/works/OL59858W","a2bec9ef-28a6-41cb-937b-adaf51dd5ca7","2025-03-29 17:13:07","a2bec9ef-28a6-41cb-937b-adaf51dd5ca7","2025-03-29 17:13:07",1
"The Blood of Olympus","Nico had warned them. Going through the House of Hades would stir the demigods' worst memories. Their ghosts would become restless. Nico may actually become a ghost if he has to shadow-travel with Reyna and Coach Hedge one more time. But that might be better than the alternative: allowing someone else to die, as Hades foretold.&#13&#10&#13&#10Jason's ghost is his mother, who abandoned him when he was little. He may not know how he is going to prove himself as a leader, but he does know that he will not break promises like she did. He will complete his line of the prophecy: To storm or fire the world must fall.&#13&#10&#13&#10Reyna fears the ghosts of her ancestors, who radiate anger. But she can't allow them to distract her from getting the Athena Parthenos to Camp Half-Blood before war breaks out between the Romans and Greeks. Will she have enough strength to succeed, especially with a deadly hunter on her trail?&#13&#10&#13&#10Leo fears that his plan won't work, that his friends might interfere. But there is no other way. All of them know that one of the Seven has to die in order to defeat Gaea, the Earth Mother.&#13&#10&#13&#10Piper must learn to give herself over to fear. Only then will she be able to do her part at the end: utter a single word.&#13&#10&#13&#10Heroes, gods, and monsters all have a role to play in the climactic fulfillment of the prophecy in The Blood of Olympus, the electrifying finale of the best-selling Heroes of Olympus series.","/works/OL17059943W","a2bec9ef-28a6-41cb-937b-adaf51dd5ca7","2025-03-29 17:13:07","a2bec9ef-28a6-41cb-937b-adaf51dd5ca7","2025-03-29 17:13:07",1
"Reaper Man","They say there are only two things you can count on ...But that was before DEATH started pondering the existential. Of course, the last thing anyone needs is a squeamish Grim Reaper and soon his Discworld bosses have sent him off with best wishes and a well-earned gold watch. Now DEATH is having the time of his life, finding greener pastures where he can put his scythe to a whole new use.But like every cutback in an important public service, DEATH's demise soon leads to chaos and unrest -- literally, for those whose time was supposed to be up, like Windle Poons. The oldest geezer in the entire faculty of Unseen University -- home of magic, wizardry, and big dinners -- Windle was looking forward to a wonderful afterlife, not this boring been-there-done-that routine. To get the fresh start he deserves, Windle and the rest of Ankh-Morpork's undead and underemployed set off to find DEATH and save the world for the living (and everybody else, of course).","/works/OL453654W","a2bec9ef-28a6-41cb-937b-adaf51dd5ca7","2025-03-29 17:13:07","a2bec9ef-28a6-41cb-937b-adaf51dd5ca7","2025-03-29 17:13:07",1
"Double Down","The pressure's really piling up on Greg Heffley. His mom thinks video games are turning his brain to mush, so she wnats her son to put down the controller and explore his 'creative side'.&#13&#10&#13&#10As if that's not scary enough, Halloween is just around the corner and the frights are coming at Greg from every angle.&#13&#10&#13&#10When he discovers a bag of gummy worms, it sparks an idea. Can Greg get his mom off his back by making a movie.... and will he become rich and famous in the progress? Or will doubling down on this path just double Greg's troubles?","/works/OL17603394W","a2bec9ef-28a6-41cb-937b-adaf51dd5ca7","2025-03-29 17:13:07","a2bec9ef-28a6-41cb-937b-adaf51dd5ca7","2025-03-29 17:13:07",1
"Children of Time","The last remnants of the human race left a dying Earth, desperate to find a new home. Following their ancestor's star maps, they discovered the greatest treasure of a past age - a world terraformed and prepared for human life.&#13&#10But all is not right in this new Eden. The planet is not waiting for them, pristine and unoccupied. New monsters have turned it from a refuge into mankind's worst nightmare. Now two civilisations are on a collision course and must fight to survive. As the fate of humanity hangs in the balance, who are the true heirs of this new Earth?","/works/OL17373843W","a2bec9ef-28a6-41cb-937b-adaf51dd5ca7","2025-03-29 17:13:07","a2bec9ef-28a6-41cb-937b-adaf51dd5ca7","2025-03-29 17:13:07",1
"Network Effect","**Murderbot returns in its highly-anticipated, first, full-length standalone novel.**&#13&#10&#13&#10You know that feeling when you’re at work, and you’ve had enough of people, and then the boss walks in with yet another job that needs to be done right this second or the world will end, but all you want to do is go home and binge your favorite shows? And you're a sentient murder machine programmed for destruction? Congratulations, you're Murderbot.&#13&#10&#13&#10Come for the pew-pew space battles, stay for the most relatable A.I. you’ll read this century.","/works/OL20735675W","a2bec9ef-28a6-41cb-937b-adaf51dd5ca7","2025-03-29 17:13:07","a2bec9ef-28a6-41cb-937b-adaf51dd5ca7","2025-03-29 17:13:07",1
"The Bad Beginning","After the sudden death of their parents, the three Baudelaire children must depend on each other and their wits when it turns out that the distant relative who is appointed their guardian is determined to use any means necessary to get their fortune.","/works/OL15104144W","a2bec9ef-28a6-41cb-937b-adaf51dd5ca7","2025-03-29 17:13:07","a2bec9ef-28a6-41cb-937b-adaf51dd5ca7","2025-03-29 17:13:07",1
"Zero to One","If you want to build a better future, you must believe in secrets.&#13&#10&#13&#10The great secret of our time is that there are still uncharted frontiers to explore and new inventions to create. In Zero to One , legendary entrepreneur and investor Peter Thiel shows how we can find singular ways to create those new things. &#13&#10&#13&#10Thiel begins with the contrarian premise that we live in an age of technological stagnation, even if we’re too distracted by shiny mobile devices to notice. Information technology has improved rapidly, but there is no reason why progress should be limited to computers or Silicon Valley. Progress can be achieved in any industry or area of business. It comes from the most important skill that every leader must master: learning to think for yourself.&#13&#10&#13&#10Doing what someone else already knows how to do takes the world from 1 to n, adding more of something familiar. But when you do something new, you go from 0 to 1. The next Bill Gates will not build an operating system. The next Larry Page or Sergey Brin won’t make a search engine. Tomorrow’s champions will not win by competing ruthlessly in today’s marketplace. They will escape competition altogether, because their businesses will be unique. &#13&#10&#13&#10Zero to One presents at once an optimistic view of the future of progress in America and a new way of thinking about innovation: it starts by learning to ask the questions that lead you to find value in unexpected places.","/works/OL17078706W","a2bec9ef-28a6-41cb-937b-adaf51dd5ca7","2025-03-29 17:13:07","a2bec9ef-28a6-41cb-937b-adaf51dd5ca7","2025-03-29 17:13:07",1
"Lonesome Dove","Lonesome Dove, by Larry McMurtry, the author of Terms of Endearment, is his long-awaited masterpiece, the major noel at last of the American West as it really was.&#13&#10&#13&#10A love story, an adventure, an American epic, Lonesome Dove embraces all the West--legend and fact, heroes and outlaws, whores and ladies, Indians and settlers--in a novel that recreates the Central American experience, the most enduring of our national myths.&#13&#10&#13&#10Set in the late nineteenth century. Lonesome Dove is the story of a cattle drive from Texas to Montana -- and much more. It is a drive that represents for everybody involved not only a Darin, even a foolhardy, adventure, but a part of the American Dream--the attempt to carve out of the last remaining wilderness a new life.&#13&#10&#13&#10Augustus McCrae and W. F. Call are former Texas Rangers, partners and friends who have shared hardship and danger together without ever quite understanding (or wanting to understand) each other's deepest emotions. Gus is the romantic, a reluctant rancher who has a way with women and the sense to leave well enough alone. Call is a driven, demanding man, a natural authority figure with no patience for weakness, and not many of his own. He is obsessed with the dream of creating his own empire, and with the need to conceal a secret sorrow of his own. The two men could hardly be more different, but both are tough, redoubtable fighters who have learned to count on each other, if nothing else. &#13&#10&#13&#10Call's dream not only drags Gus along in its wake, but draws in a vast cast of characters:&#13&#10-Lorena, the whore with the proverbial heart of gold, whom Gus (and almost everyone else) loves, and who. Survives one of the most terrifying experiences any woman could have...&#13&#10-Elmira, the restless, reluctant wife of a small-time Arkansas sheriff, who runs away from the security of marriage to become part of the great Western adventure...&#13&#10--Blue Duck, the sinister Indian renegade, one of the most frightening villains in American fiction, whose steely capacity for cruelty affects the lives of everyone in the book...&#13&#10-Newt, the young cowboy for whom the long and dangerous journey from Texas to Montana is in fact a search for his own identity...&#13&#10-Jake, the dashing, womanising ex-ranger, a comrade-in-arms of Gus and Call, whose weakness leads him to an unexpected fate...&#13&#10-July Johnson, husband of Elmira, whose love for her draws him out of his secure life into a kind of hero...&#13&#10&#13&#10Lonesome Dove seeps from the Rio Grande (where Gus and Call acquire the cattle for their long drive by raiding the Mexicans) to the Montana highlands (where they find themselves besieged by the last, defiant remnants of an older West).&#13&#10&#13&#10It is an epic of love, heroism, loyalty, honour, and betrayal--faultlessly written, unfailingly dramatic. Lonesome Dove is the novel about the West that American literature--and the American reader--has long been waiting for.&#13&#10--jacket&#13&#10&#13&#10&#13&#10----------&#13&#10Contains:&#13&#10&#13&#10 - [Lonesome Dove: 2/2](https://openlibrary.org/works/OL134565W)","/works/OL134601W","a2bec9ef-28a6-41cb-937b-adaf51dd5ca7","2025-03-29 17:13:07","a2bec9ef-28a6-41cb-937b-adaf51dd5ca7","2025-03-29 17:13:07",1
"Dog Man","It is a funny fictional book with two cops, a man and a dog. In a incident the two cops got injured. The dog's body dies and the cop's head dies. So the doctor connected the dog's head and the man's body, that is what created DOGMAN! In this book you'll read about their journey after this incident, with funny and historic moments!","/works/OL17610986W","a2bec9ef-28a6-41cb-937b-adaf51dd5ca7","2025-03-29 17:13:07","a2bec9ef-28a6-41cb-937b-adaf51dd5ca7","2025-03-29 17:13:07",1
"Diary of a Wimpy Kid","Greg Heffley finds thrust into middle school, where undersized weaklings like him share the hallways with much bigger kids who are already shaving. But nothing scares Greg more than the moldy piece of cheese on the blacktop. Can he and his best friend, Rowley Jefferson, make it through the year without getting the Cheese Touch?","/works/OL8483260W","a2bec9ef-28a6-41cb-937b-adaf51dd5ca7","2025-03-29 17:13:07","a2bec9ef-28a6-41cb-937b-adaf51dd5ca7","2025-03-29 17:13:07",1
"The Complete Maus","On the occasion of the twenty-fifth anniversary of its first publication, here is the definitive edition of the book acclaimed as “the most affecting and successful narrative ever done about the Holocaust” (Wall Street Journal) and “the first masterpiece in comic book history” (The New Yorker).&#13&#10&#13&#10The Pulitzer Prize-winning Maus tells the story of Vladek Spiegelman, a Jewish survivor of Hitler’s Europe, and his son, a cartoonist coming to terms with his father’s story. Maus approaches the unspeakable through the diminutive. Its form, the cartoon (the Nazis are cats, the Jews mice), shocks us out of any lingering sense of familiarity and succeeds in “drawing us closer to the bleak heart of the Holocaust” (The New York Times).&#13&#10&#13&#10Maus is a haunting tale within a tale. Vladek’s harrowing story of survival is woven into the author’s account of his tortured relationship with his aging father. Against the backdrop of guilt brought by survival, they stage a normal life of small arguments and unhappy visits. This astonishing retelling of our century’s grisliest news is a story of survival, not only of Vladek but of the children who survive even the survivors. Maus studies the bloody pawprints of history and tracks its meaning for all of us.","/works/OL2056823W","a2bec9ef-28a6-41cb-937b-adaf51dd5ca7","2025-03-29 17:13:07","a2bec9ef-28a6-41cb-937b-adaf51dd5ca7","2025-03-29 17:13:07",1
"You've Reached Sam","An Instant New York Times Bestseller!&#13&#10&#13&#10If I Stay meets Your Name in Dustin Thao's You've Reached Sam, a heartfelt novel about love and loss and what it means to say goodbye.&#13&#10&#13&#10Seventeen-year-old Julie Clarke has her future all planned out—move out of her small town with her boyfriend Sam, attend college in the city; spend a summer in Japan. But then Sam dies. And everything changes.&#13&#10&#13&#10Heartbroken, Julie skips his funeral, throws out his belongings, and tries everything to forget him. But a message Sam left behind in her yearbook forces memories to return. Desperate to hear him one more time, Julie calls Sam's cell phone just to listen to his voice mail recording. And Sam picks up the phone.&#13&#10&#13&#10The connection is temporary. But hearing Sam's voice makes Julie fall for him all over again and with each call, it becomes harder to let him go.","/works/OL24457490W","a2bec9ef-28a6-41cb-937b-adaf51dd5ca7","2025-03-29 17:13:07","a2bec9ef-28a6-41cb-937b-adaf51dd5ca7","2025-03-29 17:13:07",1
"El amor en los tiempos del cólera","De jóvenes, Florentino Ariza y Fermina Daza se enamoran apasionadamente, pero Fermina eventualmente decide casarse con un médico rico y de muy buena familia. Florentino está anonadado, pero es un romántico. Su carrera en los negocios florece, y aunque sostiene 622 pequeños romances, su corazón todavía pertenece a Fermina. Cuando al fin el esposo de ella muere, Florentino acude al funeral con toda intención. A los cincuenta años, nueve meses y cuatro días de haberle profesado amor a Fermina, lo hará una vez más.&#13&#10Con sagacidad humorística y depurado estilo, García Márquez traza la historia excepcional de un amor que no ha sido correspondido por medio siglo. Aunque nunca parece estar propiamente contenido, el amor fluye a través de la novela de mil maneras –alegre, melancólico, enriquecedor, siempre sorprendente-.","/works/OL274518W","a2bec9ef-28a6-41cb-937b-adaf51dd5ca7","2025-03-29 17:13:07","a2bec9ef-28a6-41cb-937b-adaf51dd5ca7","2025-03-29 17:13:07",1
"Omnivore's Dilemma. A Natural History of Four Meals","What should we have for dinner? The question has confronted us since man discovered fire, but according to Michael Pollan, the bestselling author of The Botany of Desire, how we answer it today, at the dawn of the twenty-first century, may well determine our very survival as a species. Should we eat a fast-food hamburger? Something organic? Or perhaps something we hunt, gather, or grow ourselves? The omnivore’s dilemma has returned with a vengeance, as the cornucopia of the modern American supermarket and fast-food outlet confronts us with a bewildering and treacherous food landscape. What’s at stake in our eating choices is not only our own and our children’s health, but the health of the environment that sustains life on earth.&#13&#10&#13&#10In this groundbreaking book, one of America’s most fascinating, original, and elegant writers turns his own omnivorous mind to the seemingly straightforward question of what we should have for dinner. To find out, Pollan follows each of the food chains that sustain us—industrial food, organic or alternative food, and food we forage ourselves—from the source to a final meal, and in the process develops a definitive account of the American way of eating. His absorbing narrative takes us from Iowa cornfields to food-science laboratories, from feedlots and fast-food restaurants to organic farms and hunting grounds, always emphasizing our dynamic coevolutionary relationship with the handful of plant and animal species we depend on. Each time Pollan sits down to a meal, he deploys his unique blend of personal and investigative journalism to trace the origins of everything consumed, revealing what we unwittingly ingest and explaining how our taste for particular foods and flavors reflects our evolutionary inheritance.&#13&#10&#13&#10The surprising answers Pollan offers to the simple question posed by this book have profound political, economic, psychological, and even moral implications for all of us. Beautifully written and thrillingly argued, The Omnivore’s Dilemma promises to change the way we think about the politics and pleasure of eating. For anyone who reads it, dinner will never again look, or taste, quite the same.&#13&#10([source][1])&#13&#10&#13&#10&#13&#10  [1]: https://michaelpollan.com/books/the-omnivores-dilemma/","/works/OL3296483W","a2bec9ef-28a6-41cb-937b-adaf51dd5ca7","2025-03-29 17:13:07","a2bec9ef-28a6-41cb-937b-adaf51dd5ca7","2025-03-29 17:13:07",1
"New Moon","Love stories. Horror fiction. Now in a Special Trade Demy Paperback Edition. The dramatic sequel to TWILIGHT, following the tale of Bella, a teenage girl whose love for a vampire gets her into trouble. I stuck my finger under the edge of the paper and jerked it under the tape. 'Shoot, ' I muttered when the paper sliced my finger. A single drop of blood oozed from the tiny cut. It all happened very quickly then. 'No!' Edward roared ... Dazed and disorientated, I looked up from the bright red blood pulsing out of my arm - and into the fevered eyes of the six suddenly ravenous vampires. For Bella Swan, there is one thing more important than life itself: Edward Cullen. But being in love with a vampire is more dangerous than Bella ever could have imagined. Edward has already rescued Bella from the clutches of an evil vampire but now, as their daring relationship threatens all that is near and dear to them, they realise their troubles may just be beginning.","/works/OL5720027W","a2bec9ef-28a6-41cb-937b-adaf51dd5ca7","2025-03-29 17:13:07","a2bec9ef-28a6-41cb-937b-adaf51dd5ca7","2025-03-29 17:13:07",1
"Words of Radiance","The eagerly awaited sequel to the New York Times bestselling The Way of Kings.&#13&#10&#13&#10Six years ago, the Assassin in White, a hireling of the inscrutable Parshendi, assassinated the Alethi king on the very night a treaty between men and Parshendi was being celebrated. So began the Vengeance Pact among the highprinces of Alethkar and the War of Reckoning against the Parshendi.&#13&#10&#13&#10Now the Assassin is active again, murdering rulers all over the world, using his baffling powers to thwart every bodyguard and elude all pursuers. Among his prime targets is Highprince Dalinar, widely considered the power behind the Alethi throne. His leading role in the war would seem reason enough, but the Assassin’s master has much deeper motives.&#13&#10&#13&#10Expected by his enemies to die the miserable death of a military slave, Kaladin survived to be given command of the royal bodyguards, a controversial first for a low-status darkeyes.  Now he must protect the king and Dalinar from every common peril as well as the distinctly uncommon threat of the Assassin, all while secretly struggling to master remarkable new powers that are somehow linked to his honorspren, Syl.&#13&#10&#13&#10Brilliant but troubled Shallan strives along a parallel path. Despite being broken in ways she refuses to acknowledge, she bears a terrible burden: to somehow prevent the return of the legendary Voidbringers and their civilization-ending Desolation. The secrets she needs can be found at the Shattered Plains, but even arriving there proves more difficult than she imagined.&#13&#10&#13&#10Meanwhile, at the heart of the Shattered Plains, the Parshendi are making an epochal decision. Hard pressed by years of Alethi attacks, their numbers ever shrinking, they are convinced by their war leader, Eshonai, to risk everything on a desperate gamble with the very supernatural forces they once fled. The consequences for Parshendi and humans alike—indeed, for Roshar itself—are as dangerous as they are incalculable.","/works/OL16813053W","a2bec9ef-28a6-41cb-937b-adaf51dd5ca7","2025-03-29 17:13:07","a2bec9ef-28a6-41cb-937b-adaf51dd5ca7","2025-03-29 17:13:07",1
"The Lion, the Witch and the Wardrobe","Four adventurous siblings—Peter, Susan, Edmund, and Lucy Pevensie—step through a wardrobe door and into the land of Narnia, a land frozen in eternal winter and enslaved by the power of the White Witch. But when almost all hope is lost, the return of the Great Lion, Aslan, signals a great change . . . and a great sacrifice.&#13&#10&#13&#10Journey into the land beyond the wardrobe! The Lion, the Witch and the Wardrobe is the second book in C. S. Lewis's classic fantasy series, which has been captivating readers of all ages for over sixty years. This is a stand-alone novel, but if you would like journey back to Narnia, read The Horse and His Boy, the third book in The Chronicles of Narnia.&#13&#10([source][1])&#13&#10&#13&#10&#13&#10  [1]: http://www.cslewis.com/us/books/hardcover/the-lion-the-witch-and-the-wardrobe/9780060234812/&#13&#10&#13&#10&#13&#10----------&#13&#10Also contained in:&#13&#10&#13&#10 - [Chronicles of Narnia](https://openlibrary.org/works/OL70988W/The_Chronicles_of_Narnia)&#13&#10 - [Tales of Narnia](https://openlibrary.org/works/OL71080W)","/works/OL71037W","a2bec9ef-28a6-41cb-937b-adaf51dd5ca7","2025-03-29 17:13:07","a2bec9ef-28a6-41cb-937b-adaf51dd5ca7","2025-03-29 17:13:07",1
"Harry Potter and the Half-Blood Prince","One summer night, when Dumbledore arrives at Privet Drive to collect Harry Potter, his wand hand is blackened and shriveled, but he will not reveal why.&#13&#10&#13&#10Rumours and suspicion spread through the wizarding world – it feels as if even Hogwarts itself might be under threat.&#13&#10&#13&#10Harry is convinced that Malfoy bears the Dark Mark: could there be a Death Eater amongst them?&#13&#10&#13&#10He will need powerful magic and true friends as, with the help of Dumbledore, he investigates Voldemort’s darkest secrets.&#13&#10&#13&#10([source][2])&#13&#10&#13&#10Preceded by: [Harry Potter and the Order of the Phoenix][1]&#13&#10Followed by: [Harry Potter and the Deathly Hallows][3]&#13&#10&#13&#10&#13&#10----------&#13&#10Contains:&#13&#10[Harry Potter and the Half-Blood Prince [3/4]](https://openlibrary.org/works/OL27299760W)&#13&#10[Harry Potter and the Half-Blood Prince [4/4]](https://openlibrary.org/works/OL27294904W)&#13&#10&#13&#10  [1]: https://openlibrary.org/works/OL13716955W/Harry_Potter_and_the_Order_of_the_Phoenix&#13&#10  [2]: https://www.jkrowling.com/book/harry-potter-half-blood-prince/&#13&#10  [3]: https://openlibrary.org/works/OL82586W/Harry_Potter_and_the_Deathly_Hallows","/works/OL82565W","a2bec9ef-28a6-41cb-937b-adaf51dd5ca7","2025-03-29 17:13:07","a2bec9ef-28a6-41cb-937b-adaf51dd5ca7","2025-03-29 17:13:07",1
"The Jungle","Upton Sinclair's dramatic and deeply moving story exposed the brutal conditions in the Chicago stockyards at the turn of the nineteenth century and brought into sharp moral focus the appalling odds against which immigrants and other working people struggled for their share of the American dream. Denounced by the conservative press as an un-American libel on the meatpacking industry, the book was championed by more progressive thinkers, including then President Theodore Roosevelt, and was a major catalyst to the passing of the Pure Food and Meat Inspection act, which has tremendous impact to this day.","/works/OL114967W","a2bec9ef-28a6-41cb-937b-adaf51dd5ca7","2025-03-29 17:13:07","a2bec9ef-28a6-41cb-937b-adaf51dd5ca7","2025-03-29 17:13:07",1
"Runaway Ralph","Runaway Ralph is the second in a children's novel trilogy written by Beverly Cleary. First published in 1970, it is the last book by Cleary that Louis Darling illustrated before his death. The book features the titular character, Ralph S. Mouse, a house mouse that can talk to humans, and goes on adventures on his miniature motorcycle.&#13&#10&#13&#10The book was given the Nene Award by the Hawaii Library Association in 1972.","/works/OL151998W","a2bec9ef-28a6-41cb-937b-adaf51dd5ca7","2025-03-29 17:13:07","a2bec9ef-28a6-41cb-937b-adaf51dd5ca7","2025-03-29 17:13:07",1
"All the Bright Places","Theodore Finch is fascinated by death, and he constantly thinks of ways he might kill himself. But each time, something good, no matter how small, stops him.&#13&#10 &#13&#10Violet Markey lives for the future, counting the days until graduation, when she can escape her Indiana town and her aching grief in the wake of her sister’s recent death.&#13&#10 &#13&#10When Finch and Violet meet on the ledge of the bell tower at school, it’s unclear who saves whom. And when they pair up on a project to discover the “natural wonders” of their state, both Finch and Violet make more important discoveries: It’s only with Violet that Finch can be himself—a weird, funny, live-out-loud guy who’s not such a freak after all. And it’s only with Finch that Violet can forget to count away the days and start living them. But as Violet’s world grows, Finch’s begins to shrink.","/works/OL17323489W","a2bec9ef-28a6-41cb-937b-adaf51dd5ca7","2025-03-29 17:13:07","a2bec9ef-28a6-41cb-937b-adaf51dd5ca7","2025-03-29 17:13:07",1
"Parable of the sower","In 2025, with the world descending into madness and anarchy, one woman begins a fateful journey toward a better future.&#13&#10&#13&#10Lauren Olamina and her family live in one of the only safe neighborhoods remaining on the outskirts of Los Angeles. Behind the walls of their defended enclave, Lauren’s father, a preacher, and a handful of other citizens try to salvage what remains of a culture that has been destroyed by drugs, disease, war, and chronic water shortages. While her father tries to lead people on the righteous path, Lauren struggles with hyperempathy, a condition that makes her extraordinarily sensitive to the pain of others.&#13&#10&#13&#10When fire destroys their compound, Lauren’s family is killed and she is forced out into a world that is fraught with danger. With a handful of other refugees, Lauren must make her way north to safety, along the way conceiving a revolutionary idea that may mean salvation for all mankind.","/works/OL35623W","a2bec9ef-28a6-41cb-937b-adaf51dd5ca7","2025-03-29 17:13:07","a2bec9ef-28a6-41cb-937b-adaf51dd5ca7","2025-03-29 17:13:07",1
"The Murder of Roger Ackroyd","Belgian Inspector Hercule Poirot has retired to the countryside in the small English village of King's Abbot. Dr. Sheppard, observing his new neighbor, is sure that he must be a former hairdresser. But the brutal murder of a local squire reveals the truth: the peculiar little man is actually a detective par excellence. The Murder of the wealthy industrialist Roger Ackroyd begins the night before with the suicide of Mrs. Ferrars, a wealthy widow. Her death is believed to be an accident, until Roger Ackroyd is stabbed to death in his locked study. There are rumors she poisoned her first husband, rumors that she was being blackmailed, rumors that her secret lover was Roger Ackroyd, a man who knew too much, but no one is sure.&#13&#10 &#13&#10There's no shortage of suspects, all the members of the household stand to gain from his death, from Roger's neurotic sister-in-law who has accumulated personal debts, to a parlormaid with an uncertain history who resigned her post the afternoon of the murder. But the police focus on Ralph Paton, Ackroyd's stepson and heir, and the person with the most to gain from Roger's death. When sleuth Hercule Poirot, who is living quietly in King's Abbot, agrees to investigate, the case takes a completely different turn. Poirot exonerates all of the original suspects, and lays out a completely reasoned case that the clever and devious murderer is someone who had not come under suspicion at all - someone whose motive has nothing to do with money.&#13&#10([source][1])&#13&#10&#13&#10&#13&#10----------&#13&#10Also contained in:&#13&#10&#13&#10 - [Five Classic Murder Mysteries](https://openlibrary.org/works/OL471533W)&#13&#10 - [Masterpieces of Murder](https://openlibrary.org/works/OL471974W)&#13&#10 - [More Stories to Remember: Volume II](https://openlibrary.org/works/OL15146874W)&#13&#10 - [The Murder of Roger Ackroyd / The Mystery of the Blue Train / Dumb Witness / Death on the Nile](https://openlibrary.org/works/OL20909872W)&#13&#10 - [Murders to die for](https://openlibrary.org/works/OL27311029W)&#13&#10 - [Novels](https://openlibrary.org/works/OL24535152W)&#13&#10 - [Novels](https://openlibrary.org/works/OL26432485W)&#13&#10 - [Works](https://openlibrary.org/works/OL17307260W/Works)&#13&#10&#13&#10  [1]: https://www.agathachristie.com/stories/the-murder-of-roger-ackroyd","/works/OL471932W","a2bec9ef-28a6-41cb-937b-adaf51dd5ca7","2025-03-29 17:13:07","a2bec9ef-28a6-41cb-937b-adaf51dd5ca7","2025-03-29 17:13:07",1
"Old Man’s War","John Scalzi channels Robert Heinlein (including a wry sense of humor) in a novel about a future Earth engaged in an interstellar war against more advanced species.  Citizens volunteer for the Colonial Defense Forces after retirement, in exchange for which they have their consciousness transferred into a young body, cloned from their DNA but enhanced.  If, against the odds, they survive two years of combat (or 10 years if things aren't going well, which they're not), they get another body and enjoy a fresh start on a colony.  This is Scalzi's first novel, and it creates a future he will revisit in subsequent stories.&#13&#10&#13&#10John Perry did two things on his 75th birthday. First he visited his wife’s grave. Then he joined the army. The good news is that humanity finally made it into interstellar space. The bad news is that planets fit to live on are scarce—and alien races willing to fight us for them are common. So: we fight. To defend Earth, and to stake our own claim to planetary real estate. Far from Earth, the war has been going on for decades: brutal, bloody, unyielding. Earth itself is a backwater. The bulk of humanity’s resources are in the hands of the Colonial Defense Force. Everybody knows that when you reach retirement age, you can join the CDF. They don’t want young people; they want people who carry the knowledge and skills of decades of living. You’ll be taken off Earth and never allowed to return. You’ll serve two years at the front. And if you survive, you’ll be given a generous homestead stake of your own, on one of our hard-won colony planets. John Perry is taking that deal. He has only the vaguest idea what to expect. Because the actual fight, light-years from home, is far, far harder than he can imagine—and what he will become is far stranger.","/works/OL5734647W","a2bec9ef-28a6-41cb-937b-adaf51dd5ca7","2025-03-29 17:13:07","a2bec9ef-28a6-41cb-937b-adaf51dd5ca7","2025-03-29 17:13:07",1
"The Hate U Give","The Hate U Give is a 2017 young adult novel by Angie Thomas. It is Thomas's debut novel, expanded from a short story she wrote in college in reaction to the police shooting of Oscar Grant. The book is narrated by Starr Carter, a 16-year-old black girl from a poor neighborhood who attends an elite private school in a predominantly white, affluent part of the city. Starr becomes entangled in a national news story after she witnesses a white police officer shoot and kill her childhood friend, Khalil. She speaks up about the shooting in increasingly public ways, and social tensions culminate in a riot after a grand jury decides not to indict the police officer for the shooting.&#13&#10&#13&#10The Hate U Give was published on February 28, 2017, by HarperCollins imprint Balzer + Bray, which had won a bidding war for the rights to the novel. The book was a commercial success, debuting at number one on The New York Times young adult best-seller list, where it remained for 50 weeks. It won several awards and received critical praise for Thomas's writing and timely subject matter. In writing the novel, Thomas attempted to expand readers' understanding of the Black Lives Matter movement as well as difficulties faced by black Americans who employ code switching. These themes, as well as the vulgar language, attracted some controversy and caused the book to be one of the most challenged books of 2017 and 2018 according to the American Library Association.","/works/OL17714701W","a2bec9ef-28a6-41cb-937b-adaf51dd5ca7","2025-03-29 17:13:07","a2bec9ef-28a6-41cb-937b-adaf51dd5ca7","2025-03-29 17:13:07",1
"The Pragmatic Programmer","The Pragmatic Programmer is one of those rare tech audiobooks you’ll listen, re-listen, and listen to again over the years. Whether you’re new to the field or an experienced practitioner, you’ll come away with fresh insights each and every time. &#13&#10&#13&#10Dave Thomas and Andy Hunt wrote the first edition of this influential book in 1999 to help their clients create better software and rediscover the joy of coding. These lessons have helped a generation of programmers examine the very essence of software development, independent of any particular language, framework, or methodology, and the Pragmatic philosophy has spawned hundreds of books, screencasts, and audio books, as well as thousands of careers and success stories. &#13&#10&#13&#10Now, 20 years later, this new edition re-examines what it means to be a modern programmer. Topics range from personal responsibility and career development to architectural techniques for keeping your code flexible and easy to adapt and reuse. All the old favorite topics are there, updated for this new world. And there's a bunch of new content, reflecting what we've learned in the intervening years. &#13&#10&#13&#10Whether you’re a new coder, an experienced programmer, or a manager responsible for software projects, use these lessons daily, and you’ll quickly see improvements in personal productivity, accuracy, and job satisfaction. You’ll learn skills and develop habits and attitudes that form the foundation for long-term success in your career. You’ll become a pragmatic programmer. &#13&#10&#13&#10This audiobook is organized as a series of sections, each containing a series of topics. It is read by Anna Katarina; Dave and Andy (and a few other folks) jump in every now and then to give their take on things.","/works/OL5748544W","a2bec9ef-28a6-41cb-937b-adaf51dd5ca7","2025-03-29 17:13:07","a2bec9ef-28a6-41cb-937b-adaf51dd5ca7","2025-03-29 17:13:07",1
"Harry Potter and the Prisoner of Azkaban","For Harry Potter, it’s the start of another far-from-ordinary year at Hogwarts when the Knight Bus crashes through the darkness and comes to an abrupt halt in front of him.&#13&#10&#13&#10It turns out that Sirius Black, mass-murderer and follower of Lord Voldemort, has escaped – and they say he is coming after Harry.&#13&#10&#13&#10In his first Divination class, Professor Trelawney sees an omen of death in Harry’s tea leaves.&#13&#10&#13&#10And perhaps most frightening of all are the Dementors patrolling the school grounds with their soul-sucking kiss – in search of fresh victims.&#13&#10&#13&#10([source][1])&#13&#10&#13&#10&#13&#10  [1]: https://www.jkrowling.com/book/harry-potter-prisoner-azkaban/","/works/OL82536W","a2bec9ef-28a6-41cb-937b-adaf51dd5ca7","2025-03-29 17:13:07","a2bec9ef-28a6-41cb-937b-adaf51dd5ca7","2025-03-29 17:13:07",1
