subject_name,created_by,created_at,last_modified_by,last_modified_at,revision
"Love & Romance","a2bec9ef-28a6-41cb-937b-adaf51dd5ca7","2025-03-29 17:13:07","a2bec9ef-28a6-41cb-937b-adaf51dd5ca7","2025-03-29 17:13:07",1
"Love","a2bec9ef-28a6-41cb-937b-adaf51dd5ca7","2025-03-29 17:13:07","a2bec9ef-28a6-41cb-937b-adaf51dd5ca7","2025-03-29 17:13:07",1
"JUVENILE FICTION","a2bec9ef-28a6-41cb-937b-adaf51dd5ca7","2025-03-29 17:13:07","a2bec9ef-28a6-41cb-937b-adaf51dd5ca7","2025-03-29 17:13:07",1
"Teenagers","a2bec9ef-28a6-41cb-937b-adaf51dd5ca7","2025-03-29 17:13:07","a2bec9ef-28a6-41cb-937b-adaf51dd5ca7","2025-03-29 17:13:07",1
"Fiction","a2bec9ef-28a6-41cb-937b-adaf51dd5ca7","2025-03-29 17:13:07","a2bec9ef-28a6-41cb-937b-adaf51dd5ca7","2025-03-29 17:13:07",1
"Bullying","a2bec9ef-28a6-41cb-937b-adaf51dd5ca7","2025-03-29 17:13:07","a2bec9ef-28a6-41cb-937b-adaf51dd5ca7","2025-03-29 17:13:07",1
"First loves","a2bec9ef-28a6-41cb-937b-adaf51dd5ca7","2025-03-29 17:13:07","a2bec9ef-28a6-41cb-937b-adaf51dd5ca7","2025-03-29 17:13:07",1
"Dating (Social customs)","a2bec9ef-28a6-41cb-937b-adaf51dd5ca7","2025-03-29 17:13:07","a2bec9ef-28a6-41cb-937b-adaf51dd5ca7","2025-03-29 17:13:07",1
"High schools","a2bec9ef-28a6-41cb-937b-adaf51dd5ca7","2025-03-29 17:13:07","a2bec9ef-28a6-41cb-937b-adaf51dd5ca7","2025-03-29 17:13:07",1
"Schools","a2bec9ef-28a6-41cb-937b-adaf51dd5ca7","2025-03-29 17:13:07","a2bec9ef-28a6-41cb-937b-adaf51dd5ca7","2025-03-29 17:13:07",1
"Romance-language fiction","a2bec9ef-28a6-41cb-937b-adaf51dd5ca7","2025-03-29 17:13:07","a2bec9ef-28a6-41cb-937b-adaf51dd5ca7","2025-03-29 17:13:07",1
"History","a2bec9ef-28a6-41cb-937b-adaf51dd5ca7","2025-03-29 17:13:07","a2bec9ef-28a6-41cb-937b-adaf51dd5ca7","2025-03-29 17:13:07",1
"Love stories","a2bec9ef-28a6-41cb-937b-adaf51dd5ca7","2025-03-29 17:13:07","a2bec9ef-28a6-41cb-937b-adaf51dd5ca7","2025-03-29 17:13:07",1
"Young adult fiction, social themes, bullying","a2bec9ef-28a6-41cb-937b-adaf51dd5ca7","2025-03-29 17:13:07","a2bec9ef-28a6-41cb-937b-adaf51dd5ca7","2025-03-29 17:13:07",1
"Young adult fiction, social themes, physical & emotional abuse","a2bec9ef-28a6-41cb-937b-adaf51dd5ca7","2025-03-29 17:13:07","a2bec9ef-28a6-41cb-937b-adaf51dd5ca7","2025-03-29 17:13:07",1
"Young adult fiction, romance, contemporary","a2bec9ef-28a6-41cb-937b-adaf51dd5ca7","2025-03-29 17:13:07","a2bec9ef-28a6-41cb-937b-adaf51dd5ca7","2025-03-29 17:13:07",1
"Romance fiction","a2bec9ef-28a6-41cb-937b-adaf51dd5ca7","2025-03-29 17:13:07","a2bec9ef-28a6-41cb-937b-adaf51dd5ca7","2025-03-29 17:13:07",1
"American Romance fiction","a2bec9ef-28a6-41cb-937b-adaf51dd5ca7","2025-03-29 17:13:07","a2bec9ef-28a6-41cb-937b-adaf51dd5ca7","2025-03-29 17:13:07",1
"Teenage literature","a2bec9ef-28a6-41cb-937b-adaf51dd5ca7","2025-03-29 17:13:07","a2bec9ef-28a6-41cb-937b-adaf51dd5ca7","2025-03-29 17:13:07",1
"JUVENILE FICTION / Love & Romance","a2bec9ef-28a6-41cb-937b-adaf51dd5ca7","2025-03-29 17:13:07","a2bec9ef-28a6-41cb-937b-adaf51dd5ca7","2025-03-29 17:13:07",1
"nyt:young-adult-hardcover=2015-08-30","a2bec9ef-28a6-41cb-937b-adaf51dd5ca7","2025-03-29 17:13:07","a2bec9ef-28a6-41cb-937b-adaf51dd5ca7","2025-03-29 17:13:07",1
"New York Times bestseller","a2bec9ef-28a6-41cb-937b-adaf51dd5ca7","2025-03-29 17:13:07","a2bec9ef-28a6-41cb-937b-adaf51dd5ca7","2025-03-29 17:13:07",1
"New York Times reviewed","a2bec9ef-28a6-41cb-937b-adaf51dd5ca7","2025-03-29 17:13:07","a2bec9ef-28a6-41cb-937b-adaf51dd5ca7","2025-03-29 17:13:07",1
"nyt:young-adult=2013-03-31","a2bec9ef-28a6-41cb-937b-adaf51dd5ca7","2025-03-29 17:13:07","a2bec9ef-28a6-41cb-937b-adaf51dd5ca7","2025-03-29 17:13:07",1
"Family","a2bec9ef-28a6-41cb-937b-adaf51dd5ca7","2025-03-29 17:13:07","a2bec9ef-28a6-41cb-937b-adaf51dd5ca7","2025-03-29 17:13:07",1
"friendship","a2bec9ef-28a6-41cb-937b-adaf51dd5ca7","2025-03-29 17:13:07","a2bec9ef-28a6-41cb-937b-adaf51dd5ca7","2025-03-29 17:13:07",1
"Audiobooks","a2bec9ef-28a6-41cb-937b-adaf51dd5ca7","2025-03-29 17:13:07","a2bec9ef-28a6-41cb-937b-adaf51dd5ca7","2025-03-29 17:13:07",1
"Ficción juvenil","a2bec9ef-28a6-41cb-937b-adaf51dd5ca7","2025-03-29 17:13:07","a2bec9ef-28a6-41cb-937b-adaf51dd5ca7","2025-03-29 17:13:07",1
"Escuelas","a2bec9ef-28a6-41cb-937b-adaf51dd5ca7","2025-03-29 17:13:07","a2bec9ef-28a6-41cb-937b-adaf51dd5ca7","2025-03-29 17:13:07",1
"Noviazgo","a2bec9ef-28a6-41cb-937b-adaf51dd5ca7","2025-03-29 17:13:07","a2bec9ef-28a6-41cb-937b-adaf51dd5ca7","2025-03-29 17:13:07",1
"Escuelas secundarias","a2bec9ef-28a6-41cb-937b-adaf51dd5ca7","2025-03-29 17:13:07","a2bec9ef-28a6-41cb-937b-adaf51dd5ca7","2025-03-29 17:13:07",1
"Spanish language materials","a2bec9ef-28a6-41cb-937b-adaf51dd5ca7","2025-03-29 17:13:07","a2bec9ef-28a6-41cb-937b-adaf51dd5ca7","2025-03-29 17:13:07",1
"Large type books","a2bec9ef-28a6-41cb-937b-adaf51dd5ca7","2025-03-29 17:13:07","a2bec9ef-28a6-41cb-937b-adaf51dd5ca7","2025-03-29 17:13:07",1
"collectionID:EanesChallenge","a2bec9ef-28a6-41cb-937b-adaf51dd5ca7","2025-03-29 17:13:07","a2bec9ef-28a6-41cb-937b-adaf51dd5ca7","2025-03-29 17:13:07",1
"Man-woman relationships","a2bec9ef-28a6-41cb-937b-adaf51dd5ca7","2025-03-29 17:13:07","a2bec9ef-28a6-41cb-937b-adaf51dd5ca7","2025-03-29 17:13:07",1
"Relations entre hommes et femmes","a2bec9ef-28a6-41cb-937b-adaf51dd5ca7","2025-03-29 17:13:07","a2bec9ef-28a6-41cb-937b-adaf51dd5ca7","2025-03-29 17:13:07",1
"Romans, nouvelles, etc. pour la jeunesse","a2bec9ef-28a6-41cb-937b-adaf51dd5ca7","2025-03-29 17:13:07","a2bec9ef-28a6-41cb-937b-adaf51dd5ca7","2025-03-29 17:13:07",1
"Amours","a2bec9ef-28a6-41cb-937b-adaf51dd5ca7","2025-03-29 17:13:07","a2bec9ef-28a6-41cb-937b-adaf51dd5ca7","2025-03-29 17:13:07",1
"Écoles secondaires","a2bec9ef-28a6-41cb-937b-adaf51dd5ca7","2025-03-29 17:13:07","a2bec9ef-28a6-41cb-937b-adaf51dd5ca7","2025-03-29 17:13:07",1
"Comic books, strips","a2bec9ef-28a6-41cb-937b-adaf51dd5ca7","2025-03-29 17:13:07","a2bec9ef-28a6-41cb-937b-adaf51dd5ca7","2025-03-29 17:13:07",1
"Siblings","a2bec9ef-28a6-41cb-937b-adaf51dd5ca7","2025-03-29 17:13:07","a2bec9ef-28a6-41cb-937b-adaf51dd5ca7","2025-03-29 17:13:07",1
"Histoires d'amour","a2bec9ef-28a6-41cb-937b-adaf51dd5ca7","2025-03-29 17:13:07","a2bec9ef-28a6-41cb-937b-adaf51dd5ca7","2025-03-29 17:13:07",1
"Romans, nouvelles","a2bec9ef-28a6-41cb-937b-adaf51dd5ca7","2025-03-29 17:13:07","a2bec9ef-28a6-41cb-937b-adaf51dd5ca7","2025-03-29 17:13:07",1
"Écoles","a2bec9ef-28a6-41cb-937b-adaf51dd5ca7","2025-03-29 17:13:07","a2bec9ef-28a6-41cb-937b-adaf51dd5ca7","2025-03-29 17:13:07",1
"Roman adolescent anglais","a2bec9ef-28a6-41cb-937b-adaf51dd5ca7","2025-03-29 17:13:07","a2bec9ef-28a6-41cb-937b-adaf51dd5ca7","2025-03-29 17:13:07",1
"Roman d'amour","a2bec9ef-28a6-41cb-937b-adaf51dd5ca7","2025-03-29 17:13:07","a2bec9ef-28a6-41cb-937b-adaf51dd5ca7","2025-03-29 17:13:07",1
"collectionID:ConroeChallenge","a2bec9ef-28a6-41cb-937b-adaf51dd5ca7","2025-03-29 17:13:07","a2bec9ef-28a6-41cb-937b-adaf51dd5ca7","2025-03-29 17:13:07",1
"Harcèlement","a2bec9ef-28a6-41cb-937b-adaf51dd5ca7","2025-03-29 17:13:07","a2bec9ef-28a6-41cb-937b-adaf51dd5ca7","2025-03-29 17:13:07",1
"Différence (philosophie)","a2bec9ef-28a6-41cb-937b-adaf51dd5ca7","2025-03-29 17:13:07","a2bec9ef-28a6-41cb-937b-adaf51dd5ca7","2025-03-29 17:13:07",1
"Dating","a2bec9ef-28a6-41cb-937b-adaf51dd5ca7","2025-03-29 17:13:07","a2bec9ef-28a6-41cb-937b-adaf51dd5ca7","2025-03-29 17:13:07",1
"collectionID:bannedbooks","a2bec9ef-28a6-41cb-937b-adaf51dd5ca7","2025-03-29 17:13:07","a2bec9ef-28a6-41cb-937b-adaf51dd5ca7","2025-03-29 17:13:07",1
"Women household employees","a2bec9ef-28a6-41cb-937b-adaf51dd5ca7","2025-03-29 17:13:07","a2bec9ef-28a6-41cb-937b-adaf51dd5ca7","2025-03-29 17:13:07",1
"diaries","a2bec9ef-28a6-41cb-937b-adaf51dd5ca7","2025-03-29 17:13:07","a2bec9ef-28a6-41cb-937b-adaf51dd5ca7","2025-03-29 17:13:07",1
"authorship","a2bec9ef-28a6-41cb-937b-adaf51dd5ca7","2025-03-29 17:13:07","a2bec9ef-28a6-41cb-937b-adaf51dd5ca7","2025-03-29 17:13:07",1
"farm life","a2bec9ef-28a6-41cb-937b-adaf51dd5ca7","2025-03-29 17:13:07","a2bec9ef-28a6-41cb-937b-adaf51dd5ca7","2025-03-29 17:13:07",1
"young adult fiction","a2bec9ef-28a6-41cb-937b-adaf51dd5ca7","2025-03-29 17:13:07","a2bec9ef-28a6-41cb-937b-adaf51dd5ca7","2025-03-29 17:13:07",1
"hired help","a2bec9ef-28a6-41cb-937b-adaf51dd5ca7","2025-03-29 17:13:07","a2bec9ef-28a6-41cb-937b-adaf51dd5ca7","2025-03-29 17:13:07",1
"Young adult works","a2bec9ef-28a6-41cb-937b-adaf51dd5ca7","2025-03-29 17:13:07","a2bec9ef-28a6-41cb-937b-adaf51dd5ca7","2025-03-29 17:13:07",1
"Teen fiction","a2bec9ef-28a6-41cb-937b-adaf51dd5ca7","2025-03-29 17:13:07","a2bec9ef-28a6-41cb-937b-adaf51dd5ca7","2025-03-29 17:13:07",1
"Diary fiction","a2bec9ef-28a6-41cb-937b-adaf51dd5ca7","2025-03-29 17:13:07","a2bec9ef-28a6-41cb-937b-adaf51dd5ca7","2025-03-29 17:13:07",1
"Historical fiction","a2bec9ef-28a6-41cb-937b-adaf51dd5ca7","2025-03-29 17:13:07","a2bec9ef-28a6-41cb-937b-adaf51dd5ca7","2025-03-29 17:13:07",1
"Juvenile works","a2bec9ef-28a6-41cb-937b-adaf51dd5ca7","2025-03-29 17:13:07","a2bec9ef-28a6-41cb-937b-adaf51dd5ca7","2025-03-29 17:13:07",1
"Historical fiction, Teenage","a2bec9ef-28a6-41cb-937b-adaf51dd5ca7","2025-03-29 17:13:07","a2bec9ef-28a6-41cb-937b-adaf51dd5ca7","2025-03-29 17:13:07",1
"Juvenile fiction","a2bec9ef-28a6-41cb-937b-adaf51dd5ca7","2025-03-29 17:13:07","a2bec9ef-28a6-41cb-937b-adaf51dd5ca7","2025-03-29 17:13:07",1
"Juvenile audience","a2bec9ef-28a6-41cb-937b-adaf51dd5ca7","2025-03-29 17:13:07","a2bec9ef-28a6-41cb-937b-adaf51dd5ca7","2025-03-29 17:13:07",1
"teenage girls","a2bec9ef-28a6-41cb-937b-adaf51dd5ca7","2025-03-29 17:13:07","a2bec9ef-28a6-41cb-937b-adaf51dd5ca7","2025-03-29 17:13:07",1
"household employees","a2bec9ef-28a6-41cb-937b-adaf51dd5ca7","2025-03-29 17:13:07","a2bec9ef-28a6-41cb-937b-adaf51dd5ca7","2025-03-29 17:13:07",1
"nyt:young-adult-hardcover=2015-12-27","a2bec9ef-28a6-41cb-937b-adaf51dd5ca7","2025-03-29 17:13:07","a2bec9ef-28a6-41cb-937b-adaf51dd5ca7","2025-03-29 17:13:07",1
"Children's fiction","a2bec9ef-28a6-41cb-937b-adaf51dd5ca7","2025-03-29 17:13:07","a2bec9ef-28a6-41cb-937b-adaf51dd5ca7","2025-03-29 17:13:07",1
"Pennsylvania, fiction","a2bec9ef-28a6-41cb-937b-adaf51dd5ca7","2025-03-29 17:13:07","a2bec9ef-28a6-41cb-937b-adaf51dd5ca7","2025-03-29 17:13:07",1
"Farm life, fiction","a2bec9ef-28a6-41cb-937b-adaf51dd5ca7","2025-03-29 17:13:07","a2bec9ef-28a6-41cb-937b-adaf51dd5ca7","2025-03-29 17:13:07",1
"United states, history, 20th century, fiction","a2bec9ef-28a6-41cb-937b-adaf51dd5ca7","2025-03-29 17:13:07","a2bec9ef-28a6-41cb-937b-adaf51dd5ca7","2025-03-29 17:13:07",1
"Diaries, fiction","a2bec9ef-28a6-41cb-937b-adaf51dd5ca7","2025-03-29 17:13:07","a2bec9ef-28a6-41cb-937b-adaf51dd5ca7","2025-03-29 17:13:07",1
"Literary Fiction","a2bec9ef-28a6-41cb-937b-adaf51dd5ca7","2025-03-29 17:13:07","a2bec9ef-28a6-41cb-937b-adaf51dd5ca7","2025-03-29 17:13:07",1
"fantasy","a2bec9ef-28a6-41cb-937b-adaf51dd5ca7","2025-03-29 17:13:07","a2bec9ef-28a6-41cb-937b-adaf51dd5ca7","2025-03-29 17:13:07",1
"genetic engineering","a2bec9ef-28a6-41cb-937b-adaf51dd5ca7","2025-03-29 17:13:07","a2bec9ef-28a6-41cb-937b-adaf51dd5ca7","2025-03-29 17:13:07",1
"fiction","a2bec9ef-28a6-41cb-937b-adaf51dd5ca7","2025-03-29 17:13:07","a2bec9ef-28a6-41cb-937b-adaf51dd5ca7","2025-03-29 17:13:07",1
"science fiction","a2bec9ef-28a6-41cb-937b-adaf51dd5ca7","2025-03-29 17:13:07","a2bec9ef-28a6-41cb-937b-adaf51dd5ca7","2025-03-29 17:13:07",1
"Triangles (Interpersonal relations)","a2bec9ef-28a6-41cb-937b-adaf51dd5ca7","2025-03-29 17:13:07","a2bec9ef-28a6-41cb-937b-adaf51dd5ca7","2025-03-29 17:13:07",1
"Open Syllabus Project","a2bec9ef-28a6-41cb-937b-adaf51dd5ca7","2025-03-29 17:13:07","a2bec9ef-28a6-41cb-937b-adaf51dd5ca7","2025-03-29 17:13:07",1
"Long Now Manual for Civilization","a2bec9ef-28a6-41cb-937b-adaf51dd5ca7","2025-03-29 17:13:07","a2bec9ef-28a6-41cb-937b-adaf51dd5ca7","2025-03-29 17:13:07",1
"romance","a2bec9ef-28a6-41cb-937b-adaf51dd5ca7","2025-03-29 17:13:07","a2bec9ef-28a6-41cb-937b-adaf51dd5ca7","2025-03-29 17:13:07",1
"relationships","a2bec9ef-28a6-41cb-937b-adaf51dd5ca7","2025-03-29 17:13:07","a2bec9ef-28a6-41cb-937b-adaf51dd5ca7","2025-03-29 17:13:07",1
"Male friendship","a2bec9ef-28a6-41cb-937b-adaf51dd5ca7","2025-03-29 17:13:07","a2bec9ef-28a6-41cb-937b-adaf51dd5ca7","2025-03-29 17:13:07",1
"Fiction, science fiction, general","a2bec9ef-28a6-41cb-937b-adaf51dd5ca7","2025-03-29 17:13:07","a2bec9ef-28a6-41cb-937b-adaf51dd5ca7","2025-03-29 17:13:07",1
"Fiction, romance, general","a2bec9ef-28a6-41cb-937b-adaf51dd5ca7","2025-03-29 17:13:07","a2bec9ef-28a6-41cb-937b-adaf51dd5ca7","2025-03-29 17:13:07",1
"Friendship, fiction","a2bec9ef-28a6-41cb-937b-adaf51dd5ca7","2025-03-29 17:13:07","a2bec9ef-28a6-41cb-937b-adaf51dd5ca7","2025-03-29 17:13:07",1
"New york (state), fiction","a2bec9ef-28a6-41cb-937b-adaf51dd5ca7","2025-03-29 17:13:07","a2bec9ef-28a6-41cb-937b-adaf51dd5ca7","2025-03-29 17:13:07",1
"Man-woman relationships, fiction","a2bec9ef-28a6-41cb-937b-adaf51dd5ca7","2025-03-29 17:13:07","a2bec9ef-28a6-41cb-937b-adaf51dd5ca7","2025-03-29 17:13:07",1
"British and irish fiction (fictional works by one author)","a2bec9ef-28a6-41cb-937b-adaf51dd5ca7","2025-03-29 17:13:07","a2bec9ef-28a6-41cb-937b-adaf51dd5ca7","2025-03-29 17:13:07",1
"Fiction, fantasy, general","a2bec9ef-28a6-41cb-937b-adaf51dd5ca7","2025-03-29 17:13:07","a2bec9ef-28a6-41cb-937b-adaf51dd5ca7","2025-03-29 17:13:07",1
"series:MaddAddam","a2bec9ef-28a6-41cb-937b-adaf51dd5ca7","2025-03-29 17:13:07","a2bec9ef-28a6-41cb-937b-adaf51dd5ca7","2025-03-29 17:13:07",1
"Canadian fiction (fictional works by one author)","a2bec9ef-28a6-41cb-937b-adaf51dd5ca7","2025-03-29 17:13:07","a2bec9ef-28a6-41cb-937b-adaf51dd5ca7","2025-03-29 17:13:07",1
"Toy and movable books","a2bec9ef-28a6-41cb-937b-adaf51dd5ca7","2025-03-29 17:13:07","a2bec9ef-28a6-41cb-937b-adaf51dd5ca7","2025-03-29 17:13:07",1
"Specimens","a2bec9ef-28a6-41cb-937b-adaf51dd5ca7","2025-03-29 17:13:07","a2bec9ef-28a6-41cb-937b-adaf51dd5ca7","2025-03-29 17:13:07",1
"Underwater exploration","a2bec9ef-28a6-41cb-937b-adaf51dd5ca7","2025-03-29 17:13:07","a2bec9ef-28a6-41cb-937b-adaf51dd5ca7","2025-03-29 17:13:07",1
"French language","a2bec9ef-28a6-41cb-937b-adaf51dd5ca7","2025-03-29 17:13:07","a2bec9ef-28a6-41cb-937b-adaf51dd5ca7","2025-03-29 17:13:07",1
"Submarine boats","a2bec9ef-28a6-41cb-937b-adaf51dd5ca7","2025-03-29 17:13:07","a2bec9ef-28a6-41cb-937b-adaf51dd5ca7","2025-03-29 17:13:07",1
"Translations from French","a2bec9ef-28a6-41cb-937b-adaf51dd5ca7","2025-03-29 17:13:07","a2bec9ef-28a6-41cb-937b-adaf51dd5ca7","2025-03-29 17:13:07",1
"Submarines","a2bec9ef-28a6-41cb-937b-adaf51dd5ca7","2025-03-29 17:13:07","a2bec9ef-28a6-41cb-937b-adaf51dd5ca7","2025-03-29 17:13:07",1
"Children's stories, French","a2bec9ef-28a6-41cb-937b-adaf51dd5ca7","2025-03-29 17:13:07","a2bec9ef-28a6-41cb-937b-adaf51dd5ca7","2025-03-29 17:13:07",1
"Underwater exploration in fiction","a2bec9ef-28a6-41cb-937b-adaf51dd5ca7","2025-03-29 17:13:07","a2bec9ef-28a6-41cb-937b-adaf51dd5ca7","2025-03-29 17:13:07",1
"Sea stories","a2bec9ef-28a6-41cb-937b-adaf51dd5ca7","2025-03-29 17:13:07","a2bec9ef-28a6-41cb-937b-adaf51dd5ca7","2025-03-29 17:13:07",1
"Adaptations","a2bec9ef-28a6-41cb-937b-adaf51dd5ca7","2025-03-29 17:13:07","a2bec9ef-28a6-41cb-937b-adaf51dd5ca7","2025-03-29 17:13:07",1
"Open Library Staff Picks","a2bec9ef-28a6-41cb-937b-adaf51dd5ca7","2025-03-29 17:13:07","a2bec9ef-28a6-41cb-937b-adaf51dd5ca7","2025-03-29 17:13:07",1
"Children's stories, English","a2bec9ef-28a6-41cb-937b-adaf51dd5ca7","2025-03-29 17:13:07","a2bec9ef-28a6-41cb-937b-adaf51dd5ca7","2025-03-29 17:13:07",1
"Submarinos","a2bec9ef-28a6-41cb-937b-adaf51dd5ca7","2025-03-29 17:13:07","a2bec9ef-28a6-41cb-937b-adaf51dd5ca7","2025-03-29 17:13:07",1
"Science fiction","a2bec9ef-28a6-41cb-937b-adaf51dd5ca7","2025-03-29 17:13:07","a2bec9ef-28a6-41cb-937b-adaf51dd5ca7","2025-03-29 17:13:07",1
"Submarines (Ships)","a2bec9ef-28a6-41cb-937b-adaf51dd5ca7","2025-03-29 17:13:07","a2bec9ef-28a6-41cb-937b-adaf51dd5ca7","2025-03-29 17:13:07",1
"Adventure stories","a2bec9ef-28a6-41cb-937b-adaf51dd5ca7","2025-03-29 17:13:07","a2bec9ef-28a6-41cb-937b-adaf51dd5ca7","2025-03-29 17:13:07",1
"20,000 leagues under the sea","a2bec9ef-28a6-41cb-937b-adaf51dd5ca7","2025-03-29 17:13:07","a2bec9ef-28a6-41cb-937b-adaf51dd5ca7","2025-03-29 17:13:07",1
"French fiction","a2bec9ef-28a6-41cb-937b-adaf51dd5ca7","2025-03-29 17:13:07","a2bec9ef-28a6-41cb-937b-adaf51dd5ca7","2025-03-29 17:13:07",1
"French Adventure stories","a2bec9ef-28a6-41cb-937b-adaf51dd5ca7","2025-03-29 17:13:07","a2bec9ef-28a6-41cb-937b-adaf51dd5ca7","2025-03-29 17:13:07",1
"Translations into English","a2bec9ef-28a6-41cb-937b-adaf51dd5ca7","2025-03-29 17:13:07","a2bec9ef-28a6-41cb-937b-adaf51dd5ca7","2025-03-29 17:13:07",1
"Verne, Jules,","a2bec9ef-28a6-41cb-937b-adaf51dd5ca7","2025-03-29 17:13:07","a2bec9ef-28a6-41cb-937b-adaf51dd5ca7","2025-03-29 17:13:07",1
"Verne, Jules, 1828-1905","a2bec9ef-28a6-41cb-937b-adaf51dd5ca7","2025-03-29 17:13:07","a2bec9ef-28a6-41cb-937b-adaf51dd5ca7","2025-03-29 17:13:07",1
"Exploraciones submarinas","a2bec9ef-28a6-41cb-937b-adaf51dd5ca7","2025-03-29 17:13:07","a2bec9ef-28a6-41cb-937b-adaf51dd5ca7","2025-03-29 17:13:07",1
"Verne, Jules, (1828-1905)","a2bec9ef-28a6-41cb-937b-adaf51dd5ca7","2025-03-29 17:13:07","a2bec9ef-28a6-41cb-937b-adaf51dd5ca7","2025-03-29 17:13:07",1
"Adventure and adventurers","a2bec9ef-28a6-41cb-937b-adaf51dd5ca7","2025-03-29 17:13:07","a2bec9ef-28a6-41cb-937b-adaf51dd5ca7","2025-03-29 17:13:07",1
"French Science fiction","a2bec9ef-28a6-41cb-937b-adaf51dd5ca7","2025-03-29 17:13:07","a2bec9ef-28a6-41cb-937b-adaf51dd5ca7","2025-03-29 17:13:07",1
"Reading Level-Grade 11","a2bec9ef-28a6-41cb-937b-adaf51dd5ca7","2025-03-29 17:13:07","a2bec9ef-28a6-41cb-937b-adaf51dd5ca7","2025-03-29 17:13:07",1
"Reading Level-Grade 10","a2bec9ef-28a6-41cb-937b-adaf51dd5ca7","2025-03-29 17:13:07","a2bec9ef-28a6-41cb-937b-adaf51dd5ca7","2025-03-29 17:13:07",1
"Reading Level-Grade 12","a2bec9ef-28a6-41cb-937b-adaf51dd5ca7","2025-03-29 17:13:07","a2bec9ef-28a6-41cb-937b-adaf51dd5ca7","2025-03-29 17:13:07",1
"Continental european fiction (fictional works by one author)","a2bec9ef-28a6-41cb-937b-adaf51dd5ca7","2025-03-29 17:13:07","a2bec9ef-28a6-41cb-937b-adaf51dd5ca7","2025-03-29 17:13:07",1
"Fiction, action & adventure","a2bec9ef-28a6-41cb-937b-adaf51dd5ca7","2025-03-29 17:13:07","a2bec9ef-28a6-41cb-937b-adaf51dd5ca7","2025-03-29 17:13:07",1
"Fiction, sea stories","a2bec9ef-28a6-41cb-937b-adaf51dd5ca7","2025-03-29 17:13:07","a2bec9ef-28a6-41cb-937b-adaf51dd5ca7","2025-03-29 17:13:07",1
"Submarines (ships), fiction","a2bec9ef-28a6-41cb-937b-adaf51dd5ca7","2025-03-29 17:13:07","a2bec9ef-28a6-41cb-937b-adaf51dd5ca7","2025-03-29 17:13:07",1
"Literature and fiction, juvenile","a2bec9ef-28a6-41cb-937b-adaf51dd5ca7","2025-03-29 17:13:07","a2bec9ef-28a6-41cb-937b-adaf51dd5ca7","2025-03-29 17:13:07",1
"Juvenile literature","a2bec9ef-28a6-41cb-937b-adaf51dd5ca7","2025-03-29 17:13:07","a2bec9ef-28a6-41cb-937b-adaf51dd5ca7","2025-03-29 17:13:07",1
"Ship captains","a2bec9ef-28a6-41cb-937b-adaf51dd5ca7","2025-03-29 17:13:07","a2bec9ef-28a6-41cb-937b-adaf51dd5ca7","2025-03-29 17:13:07",1
"Motion Pictures","a2bec9ef-28a6-41cb-937b-adaf51dd5ca7","2025-03-29 17:13:07","a2bec9ef-28a6-41cb-937b-adaf51dd5ca7","2025-03-29 17:13:07",1
"Walt Disney","a2bec9ef-28a6-41cb-937b-adaf51dd5ca7","2025-03-29 17:13:07","a2bec9ef-28a6-41cb-937b-adaf51dd5ca7","2025-03-29 17:13:07",1
"Movies","a2bec9ef-28a6-41cb-937b-adaf51dd5ca7","2025-03-29 17:13:07","a2bec9ef-28a6-41cb-937b-adaf51dd5ca7","2025-03-29 17:13:07",1
"Adventure","a2bec9ef-28a6-41cb-937b-adaf51dd5ca7","2025-03-29 17:13:07","a2bec9ef-28a6-41cb-937b-adaf51dd5ca7","2025-03-29 17:13:07",1
"Films","a2bec9ef-28a6-41cb-937b-adaf51dd5ca7","2025-03-29 17:13:07","a2bec9ef-28a6-41cb-937b-adaf51dd5ca7","2025-03-29 17:13:07",1
"Disney","a2bec9ef-28a6-41cb-937b-adaf51dd5ca7","2025-03-29 17:13:07","a2bec9ef-28a6-41cb-937b-adaf51dd5ca7","2025-03-29 17:13:07",1
"Classic Literature","a2bec9ef-28a6-41cb-937b-adaf51dd5ca7","2025-03-29 17:13:07","a2bec9ef-28a6-41cb-937b-adaf51dd5ca7","2025-03-29 17:13:07",1
"Thriller","a2bec9ef-28a6-41cb-937b-adaf51dd5ca7","2025-03-29 17:13:07","a2bec9ef-28a6-41cb-937b-adaf51dd5ca7","2025-03-29 17:13:07",1
"Science Fiction & Fantasy","a2bec9ef-28a6-41cb-937b-adaf51dd5ca7","2025-03-29 17:13:07","a2bec9ef-28a6-41cb-937b-adaf51dd5ca7","2025-03-29 17:13:07",1
"Young Adult Fiction","a2bec9ef-28a6-41cb-937b-adaf51dd5ca7","2025-03-29 17:13:07","a2bec9ef-28a6-41cb-937b-adaf51dd5ca7","2025-03-29 17:13:07",1
"Maritime fiction","a2bec9ef-28a6-41cb-937b-adaf51dd5ca7","2025-03-29 17:13:07","a2bec9ef-28a6-41cb-937b-adaf51dd5ca7","2025-03-29 17:13:07",1
"Comics & graphic novels, science fiction","a2bec9ef-28a6-41cb-937b-adaf51dd5ca7","2025-03-29 17:13:07","a2bec9ef-28a6-41cb-937b-adaf51dd5ca7","2025-03-29 17:13:07",1
"Readers","a2bec9ef-28a6-41cb-937b-adaf51dd5ca7","2025-03-29 17:13:07","a2bec9ef-28a6-41cb-937b-adaf51dd5ca7","2025-03-29 17:13:07",1
"Sea","a2bec9ef-28a6-41cb-937b-adaf51dd5ca7","2025-03-29 17:13:07","a2bec9ef-28a6-41cb-937b-adaf51dd5ca7","2025-03-29 17:13:07",1
"Adventure and adventurers, fiction","a2bec9ef-28a6-41cb-937b-adaf51dd5ca7","2025-03-29 17:13:07","a2bec9ef-28a6-41cb-937b-adaf51dd5ca7","2025-03-29 17:13:07",1
"Readers for new literates","a2bec9ef-28a6-41cb-937b-adaf51dd5ca7","2025-03-29 17:13:07","a2bec9ef-28a6-41cb-937b-adaf51dd5ca7","2025-03-29 17:13:07",1
"Romance literature","a2bec9ef-28a6-41cb-937b-adaf51dd5ca7","2025-03-29 17:13:07","a2bec9ef-28a6-41cb-937b-adaf51dd5ca7","2025-03-29 17:13:07",1
"Underwater exploration, fiction","a2bec9ef-28a6-41cb-937b-adaf51dd5ca7","2025-03-29 17:13:07","a2bec9ef-28a6-41cb-937b-adaf51dd5ca7","2025-03-29 17:13:07",1
"High interest-low vocabulary books","a2bec9ef-28a6-41cb-937b-adaf51dd5ca7","2025-03-29 17:13:07","a2bec9ef-28a6-41cb-937b-adaf51dd5ca7","2025-03-29 17:13:07",1
"Récits de mer","a2bec9ef-28a6-41cb-937b-adaf51dd5ca7","2025-03-29 17:13:07","a2bec9ef-28a6-41cb-937b-adaf51dd5ca7","2025-03-29 17:13:07",1
"Sous-marins","a2bec9ef-28a6-41cb-937b-adaf51dd5ca7","2025-03-29 17:13:07","a2bec9ef-28a6-41cb-937b-adaf51dd5ca7","2025-03-29 17:13:07",1
"Anglais (Langue)","a2bec9ef-28a6-41cb-937b-adaf51dd5ca7","2025-03-29 17:13:07","a2bec9ef-28a6-41cb-937b-adaf51dd5ca7","2025-03-29 17:13:07",1
"Lectures et morceaux choisis pour nouveaux alphabétisés","a2bec9ef-28a6-41cb-937b-adaf51dd5ca7","2025-03-29 17:13:07","a2bec9ef-28a6-41cb-937b-adaf51dd5ca7","2025-03-29 17:13:07",1
"Livres de lecture facile","a2bec9ef-28a6-41cb-937b-adaf51dd5ca7","2025-03-29 17:13:07","a2bec9ef-28a6-41cb-937b-adaf51dd5ca7","2025-03-29 17:13:07",1
"Illustraties","a2bec9ef-28a6-41cb-937b-adaf51dd5ca7","2025-03-29 17:13:07","a2bec9ef-28a6-41cb-937b-adaf51dd5ca7","2025-03-29 17:13:07",1
"Frans","a2bec9ef-28a6-41cb-937b-adaf51dd5ca7","2025-03-29 17:13:07","a2bec9ef-28a6-41cb-937b-adaf51dd5ca7","2025-03-29 17:13:07",1
"New York Times Bestseller","a2bec9ef-28a6-41cb-937b-adaf51dd5ca7","2025-03-29 17:13:07","a2bec9ef-28a6-41cb-937b-adaf51dd5ca7","2025-03-29 17:13:07",1
"Fantasy","a2bec9ef-28a6-41cb-937b-adaf51dd5ca7","2025-03-29 17:13:07","a2bec9ef-28a6-41cb-937b-adaf51dd5ca7","2025-03-29 17:13:07",1
"Epic Fantasy","a2bec9ef-28a6-41cb-937b-adaf51dd5ca7","2025-03-29 17:13:07","a2bec9ef-28a6-41cb-937b-adaf51dd5ca7","2025-03-29 17:13:07",1
"Imaginary places","a2bec9ef-28a6-41cb-937b-adaf51dd5ca7","2025-03-29 17:13:07","a2bec9ef-28a6-41cb-937b-adaf51dd5ca7","2025-03-29 17:13:07",1
"Kings and rulers","a2bec9ef-28a6-41cb-937b-adaf51dd5ca7","2025-03-29 17:13:07","a2bec9ef-28a6-41cb-937b-adaf51dd5ca7","2025-03-29 17:13:07",1
"Magic","a2bec9ef-28a6-41cb-937b-adaf51dd5ca7","2025-03-29 17:13:07","a2bec9ef-28a6-41cb-937b-adaf51dd5ca7","2025-03-29 17:13:07",1
"Imaginary wars and battles","a2bec9ef-28a6-41cb-937b-adaf51dd5ca7","2025-03-29 17:13:07","a2bec9ef-28a6-41cb-937b-adaf51dd5ca7","2025-03-29 17:13:07",1
"Manuscripts","a2bec9ef-28a6-41cb-937b-adaf51dd5ca7","2025-03-29 17:13:07","a2bec9ef-28a6-41cb-937b-adaf51dd5ca7","2025-03-29 17:13:07",1
"Slavery","a2bec9ef-28a6-41cb-937b-adaf51dd5ca7","2025-03-29 17:13:07","a2bec9ef-28a6-41cb-937b-adaf51dd5ca7","2025-03-29 17:13:07",1
"Fiction, fantasy, epic","a2bec9ef-28a6-41cb-937b-adaf51dd5ca7","2025-03-29 17:13:07","a2bec9ef-28a6-41cb-937b-adaf51dd5ca7","2025-03-29 17:13:07",1
"high fantasy","a2bec9ef-28a6-41cb-937b-adaf51dd5ca7","2025-03-29 17:13:07","a2bec9ef-28a6-41cb-937b-adaf51dd5ca7","2025-03-29 17:13:07",1
"nyt:hardcover-fiction=2010-09-19","a2bec9ef-28a6-41cb-937b-adaf51dd5ca7","2025-03-29 17:13:07","a2bec9ef-28a6-41cb-937b-adaf51dd5ca7","2025-03-29 17:13:07",1
"American literature","a2bec9ef-28a6-41cb-937b-adaf51dd5ca7","2025-03-29 17:13:07","a2bec9ef-28a6-41cb-937b-adaf51dd5ca7","2025-03-29 17:13:07",1
"series:Stormlight Archive","a2bec9ef-28a6-41cb-937b-adaf51dd5ca7","2025-03-29 17:13:07","a2bec9ef-28a6-41cb-937b-adaf51dd5ca7","2025-03-29 17:13:07",1
"Journalists","a2bec9ef-28a6-41cb-937b-adaf51dd5ca7","2025-03-29 17:13:07","a2bec9ef-28a6-41cb-937b-adaf51dd5ca7","2025-03-29 17:13:07",1
"Missing persons","a2bec9ef-28a6-41cb-937b-adaf51dd5ca7","2025-03-29 17:13:07","a2bec9ef-28a6-41cb-937b-adaf51dd5ca7","2025-03-29 17:13:07",1
"Investigation","a2bec9ef-28a6-41cb-937b-adaf51dd5ca7","2025-03-29 17:13:07","a2bec9ef-28a6-41cb-937b-adaf51dd5ca7","2025-03-29 17:13:07",1
"Hackers","a2bec9ef-28a6-41cb-937b-adaf51dd5ca7","2025-03-29 17:13:07","a2bec9ef-28a6-41cb-937b-adaf51dd5ca7","2025-03-29 17:13:07",1
"Blessing and cursing","a2bec9ef-28a6-41cb-937b-adaf51dd5ca7","2025-03-29 17:13:07","a2bec9ef-28a6-41cb-937b-adaf51dd5ca7","2025-03-29 17:13:07",1
"Castles","a2bec9ef-28a6-41cb-937b-adaf51dd5ca7","2025-03-29 17:13:07","a2bec9ef-28a6-41cb-937b-adaf51dd5ca7","2025-03-29 17:13:07",1
"Witches","a2bec9ef-28a6-41cb-937b-adaf51dd5ca7","2025-03-29 17:13:07","a2bec9ef-28a6-41cb-937b-adaf51dd5ca7","2025-03-29 17:13:07",1
"Wizards","a2bec9ef-28a6-41cb-937b-adaf51dd5ca7","2025-03-29 17:13:07","a2bec9ef-28a6-41cb-937b-adaf51dd5ca7","2025-03-29 17:13:07",1
"deamons","a2bec9ef-28a6-41cb-937b-adaf51dd5ca7","2025-03-29 17:13:07","a2bec9ef-28a6-41cb-937b-adaf51dd5ca7","2025-03-29 17:13:07",1
"magic","a2bec9ef-28a6-41cb-937b-adaf51dd5ca7","2025-03-29 17:13:07","a2bec9ef-28a6-41cb-937b-adaf51dd5ca7","2025-03-29 17:13:07",1
"Sisters","a2bec9ef-28a6-41cb-937b-adaf51dd5ca7","2025-03-29 17:13:07","a2bec9ef-28a6-41cb-937b-adaf51dd5ca7","2025-03-29 17:13:07",1
"Fantasy fiction","a2bec9ef-28a6-41cb-937b-adaf51dd5ca7","2025-03-29 17:13:07","a2bec9ef-28a6-41cb-937b-adaf51dd5ca7","2025-03-29 17:13:07",1
"Wizards, fiction","a2bec9ef-28a6-41cb-937b-adaf51dd5ca7","2025-03-29 17:13:07","a2bec9ef-28a6-41cb-937b-adaf51dd5ca7","2025-03-29 17:13:07",1
"Howl, the magician (fictitious character), fiction","a2bec9ef-28a6-41cb-937b-adaf51dd5ca7","2025-03-29 17:13:07","a2bec9ef-28a6-41cb-937b-adaf51dd5ca7","2025-03-29 17:13:07",1
"Young adults","a2bec9ef-28a6-41cb-937b-adaf51dd5ca7","2025-03-29 17:13:07","a2bec9ef-28a6-41cb-937b-adaf51dd5ca7","2025-03-29 17:13:07",1
"JUVENILE FICTION / Action & Adventure / greek mythology / Percy Jackson","a2bec9ef-28a6-41cb-937b-adaf51dd5ca7","2025-03-29 17:13:07","a2bec9ef-28a6-41cb-937b-adaf51dd5ca7","2025-03-29 17:13:07",1
"Roman Mythology","a2bec9ef-28a6-41cb-937b-adaf51dd5ca7","2025-03-29 17:13:07","a2bec9ef-28a6-41cb-937b-adaf51dd5ca7","2025-03-29 17:13:07",1
"Greek Mythology","a2bec9ef-28a6-41cb-937b-adaf51dd5ca7","2025-03-29 17:13:07","a2bec9ef-28a6-41cb-937b-adaf51dd5ca7","2025-03-29 17:13:07",1
"Giants","a2bec9ef-28a6-41cb-937b-adaf51dd5ca7","2025-03-29 17:13:07","a2bec9ef-28a6-41cb-937b-adaf51dd5ca7","2025-03-29 17:13:07",1
"Voyages to the otherworld","a2bec9ef-28a6-41cb-937b-adaf51dd5ca7","2025-03-29 17:13:07","a2bec9ef-28a6-41cb-937b-adaf51dd5ca7","2025-03-29 17:13:07",1
"Hell","a2bec9ef-28a6-41cb-937b-adaf51dd5ca7","2025-03-29 17:13:07","a2bec9ef-28a6-41cb-937b-adaf51dd5ca7","2025-03-29 17:13:07",1
"Quests (Expeditions)","a2bec9ef-28a6-41cb-937b-adaf51dd5ca7","2025-03-29 17:13:07","a2bec9ef-28a6-41cb-937b-adaf51dd5ca7","2025-03-29 17:13:07",1
"Camps","a2bec9ef-28a6-41cb-937b-adaf51dd5ca7","2025-03-29 17:13:07","a2bec9ef-28a6-41cb-937b-adaf51dd5ca7","2025-03-29 17:13:07",1
"Fantasy & Magic","a2bec9ef-28a6-41cb-937b-adaf51dd5ca7","2025-03-29 17:13:07","a2bec9ef-28a6-41cb-937b-adaf51dd5ca7","2025-03-29 17:13:07",1
"Action & Adventure","a2bec9ef-28a6-41cb-937b-adaf51dd5ca7","2025-03-29 17:13:07","a2bec9ef-28a6-41cb-937b-adaf51dd5ca7","2025-03-29 17:13:07",1
"General","a2bec9ef-28a6-41cb-937b-adaf51dd5ca7","2025-03-29 17:13:07","a2bec9ef-28a6-41cb-937b-adaf51dd5ca7","2025-03-29 17:13:07",1
"Legends, Myths, Fables","a2bec9ef-28a6-41cb-937b-adaf51dd5ca7","2025-03-29 17:13:07","a2bec9ef-28a6-41cb-937b-adaf51dd5ca7","2025-03-29 17:13:07",1
"Greek & Roman","a2bec9ef-28a6-41cb-937b-adaf51dd5ca7","2025-03-29 17:13:07","a2bec9ef-28a6-41cb-937b-adaf51dd5ca7","2025-03-29 17:13:07",1
"Hera (Greek deity)","a2bec9ef-28a6-41cb-937b-adaf51dd5ca7","2025-03-29 17:13:07","a2bec9ef-28a6-41cb-937b-adaf51dd5ca7","2025-03-29 17:13:07",1
"Gaia (Greek deity)","a2bec9ef-28a6-41cb-937b-adaf51dd5ca7","2025-03-29 17:13:07","a2bec9ef-28a6-41cb-937b-adaf51dd5ca7","2025-03-29 17:13:07",1
"Jackson, Percy (Personnage fictif)","a2bec9ef-28a6-41cb-937b-adaf51dd5ca7","2025-03-29 17:13:07","a2bec9ef-28a6-41cb-937b-adaf51dd5ca7","2025-03-29 17:13:07",1
"Mythologie romaine","a2bec9ef-28a6-41cb-937b-adaf51dd5ca7","2025-03-29 17:13:07","a2bec9ef-28a6-41cb-937b-adaf51dd5ca7","2025-03-29 17:13:07",1
"Mythologie grecque","a2bec9ef-28a6-41cb-937b-adaf51dd5ca7","2025-03-29 17:13:07","a2bec9ef-28a6-41cb-937b-adaf51dd5ca7","2025-03-29 17:13:07",1
"Géants","a2bec9ef-28a6-41cb-937b-adaf51dd5ca7","2025-03-29 17:13:07","a2bec9ef-28a6-41cb-937b-adaf51dd5ca7","2025-03-29 17:13:07",1
"Héra (Divinité grecque)","a2bec9ef-28a6-41cb-937b-adaf51dd5ca7","2025-03-29 17:13:07","a2bec9ef-28a6-41cb-937b-adaf51dd5ca7","2025-03-29 17:13:07",1
"Gaia (Divinité grecque)","a2bec9ef-28a6-41cb-937b-adaf51dd5ca7","2025-03-29 17:13:07","a2bec9ef-28a6-41cb-937b-adaf51dd5ca7","2025-03-29 17:13:07",1
"JUVENILE FICTION / Legends, Myths, Fables / Greek & Roman","a2bec9ef-28a6-41cb-937b-adaf51dd5ca7","2025-03-29 17:13:07","a2bec9ef-28a6-41cb-937b-adaf51dd5ca7","2025-03-29 17:13:07",1
"Greek Gods","a2bec9ef-28a6-41cb-937b-adaf51dd5ca7","2025-03-29 17:13:07","a2bec9ef-28a6-41cb-937b-adaf51dd5ca7","2025-03-29 17:13:07",1
"Mitología romana","a2bec9ef-28a6-41cb-937b-adaf51dd5ca7","2025-03-29 17:13:07","a2bec9ef-28a6-41cb-937b-adaf51dd5ca7","2025-03-29 17:13:07",1
"Mitología griega","a2bec9ef-28a6-41cb-937b-adaf51dd5ca7","2025-03-29 17:13:07","a2bec9ef-28a6-41cb-937b-adaf51dd5ca7","2025-03-29 17:13:07",1
"Campamentos","a2bec9ef-28a6-41cb-937b-adaf51dd5ca7","2025-03-29 17:13:07","a2bec9ef-28a6-41cb-937b-adaf51dd5ca7","2025-03-29 17:13:07",1
"Gigantes","a2bec9ef-28a6-41cb-937b-adaf51dd5ca7","2025-03-29 17:13:07","a2bec9ef-28a6-41cb-937b-adaf51dd5ca7","2025-03-29 17:13:07",1
"Children's stories","a2bec9ef-28a6-41cb-937b-adaf51dd5ca7","2025-03-29 17:13:07","a2bec9ef-28a6-41cb-937b-adaf51dd5ca7","2025-03-29 17:13:07",1
"Translations into Vietnamese","a2bec9ef-28a6-41cb-937b-adaf51dd5ca7","2025-03-29 17:13:07","a2bec9ef-28a6-41cb-937b-adaf51dd5ca7","2025-03-29 17:13:07",1
"American fiction","a2bec9ef-28a6-41cb-937b-adaf51dd5ca7","2025-03-29 17:13:07","a2bec9ef-28a6-41cb-937b-adaf51dd5ca7","2025-03-29 17:13:07",1
"Heroes, fiction","a2bec9ef-28a6-41cb-937b-adaf51dd5ca7","2025-03-29 17:13:07","a2bec9ef-28a6-41cb-937b-adaf51dd5ca7","2025-03-29 17:13:07",1
"JUVENILE FICTION / Fantasy & Magic","a2bec9ef-28a6-41cb-937b-adaf51dd5ca7","2025-03-29 17:13:07","a2bec9ef-28a6-41cb-937b-adaf51dd5ca7","2025-03-29 17:13:07",1
"JUVENILE FICTION / Action & Adventure / General","a2bec9ef-28a6-41cb-937b-adaf51dd5ca7","2025-03-29 17:13:07","a2bec9ef-28a6-41cb-937b-adaf51dd5ca7","2025-03-29 17:13:07",1
"Fiction, humorous, general","a2bec9ef-28a6-41cb-937b-adaf51dd5ca7","2025-03-29 17:13:07","a2bec9ef-28a6-41cb-937b-adaf51dd5ca7","2025-03-29 17:13:07",1
"Widows, fiction","a2bec9ef-28a6-41cb-937b-adaf51dd5ca7","2025-03-29 17:13:07","a2bec9ef-28a6-41cb-937b-adaf51dd5ca7","2025-03-29 17:13:07",1
"New york (n.y.), fiction","a2bec9ef-28a6-41cb-937b-adaf51dd5ca7","2025-03-29 17:13:07","a2bec9ef-28a6-41cb-937b-adaf51dd5ca7","2025-03-29 17:13:07",1
"Giants, fiction","a2bec9ef-28a6-41cb-937b-adaf51dd5ca7","2025-03-29 17:13:07","a2bec9ef-28a6-41cb-937b-adaf51dd5ca7","2025-03-29 17:13:07",1
"Camps, fiction","a2bec9ef-28a6-41cb-937b-adaf51dd5ca7","2025-03-29 17:13:07","a2bec9ef-28a6-41cb-937b-adaf51dd5ca7","2025-03-29 17:13:07",1
"Child and youth fiction","a2bec9ef-28a6-41cb-937b-adaf51dd5ca7","2025-03-29 17:13:07","a2bec9ef-28a6-41cb-937b-adaf51dd5ca7","2025-03-29 17:13:07",1
"Voyages dans d'autres mondes","a2bec9ef-28a6-41cb-937b-adaf51dd5ca7","2025-03-29 17:13:07","a2bec9ef-28a6-41cb-937b-adaf51dd5ca7","2025-03-29 17:13:07",1
"Quête","a2bec9ef-28a6-41cb-937b-adaf51dd5ca7","2025-03-29 17:13:07","a2bec9ef-28a6-41cb-937b-adaf51dd5ca7","2025-03-29 17:13:07",1
"hyperboleandahalf","a2bec9ef-28a6-41cb-937b-adaf51dd5ca7","2025-03-29 17:13:07","a2bec9ef-28a6-41cb-937b-adaf51dd5ca7","2025-03-29 17:13:07",1
"non-fiction","a2bec9ef-28a6-41cb-937b-adaf51dd5ca7","2025-03-29 17:13:07","a2bec9ef-28a6-41cb-937b-adaf51dd5ca7","2025-03-29 17:13:07",1
"helper dog","a2bec9ef-28a6-41cb-937b-adaf51dd5ca7","2025-03-29 17:13:07","a2bec9ef-28a6-41cb-937b-adaf51dd5ca7","2025-03-29 17:13:07",1
"allie brosh","a2bec9ef-28a6-41cb-937b-adaf51dd5ca7","2025-03-29 17:13:07","a2bec9ef-28a6-41cb-937b-adaf51dd5ca7","2025-03-29 17:13:07",1
"Duncan","a2bec9ef-28a6-41cb-937b-adaf51dd5ca7","2025-03-29 17:13:07","a2bec9ef-28a6-41cb-937b-adaf51dd5ca7","2025-03-29 17:13:07",1
"brilliant","a2bec9ef-28a6-41cb-937b-adaf51dd5ca7","2025-03-29 17:13:07","a2bec9ef-28a6-41cb-937b-adaf51dd5ca7","2025-03-29 17:13:07",1
"simple dog","a2bec9ef-28a6-41cb-937b-adaf51dd5ca7","2025-03-29 17:13:07","a2bec9ef-28a6-41cb-937b-adaf51dd5ca7","2025-03-29 17:13:07",1
"genius","a2bec9ef-28a6-41cb-937b-adaf51dd5ca7","2025-03-29 17:13:07","a2bec9ef-28a6-41cb-937b-adaf51dd5ca7","2025-03-29 17:13:07",1
"comedy","a2bec9ef-28a6-41cb-937b-adaf51dd5ca7","2025-03-29 17:13:07","a2bec9ef-28a6-41cb-937b-adaf51dd5ca7","2025-03-29 17:13:07",1
"depression","a2bec9ef-28a6-41cb-937b-adaf51dd5ca7","2025-03-29 17:13:07","a2bec9ef-28a6-41cb-937b-adaf51dd5ca7","2025-03-29 17:13:07",1
"Conduct of life","a2bec9ef-28a6-41cb-937b-adaf51dd5ca7","2025-03-29 17:13:07","a2bec9ef-28a6-41cb-937b-adaf51dd5ca7","2025-03-29 17:13:07",1
"Humor","a2bec9ef-28a6-41cb-937b-adaf51dd5ca7","2025-03-29 17:13:07","a2bec9ef-28a6-41cb-937b-adaf51dd5ca7","2025-03-29 17:13:07",1
"Comedians","a2bec9ef-28a6-41cb-937b-adaf51dd5ca7","2025-03-29 17:13:07","a2bec9ef-28a6-41cb-937b-adaf51dd5ca7","2025-03-29 17:13:07",1
"Biography","a2bec9ef-28a6-41cb-937b-adaf51dd5ca7","2025-03-29 17:13:07","a2bec9ef-28a6-41cb-937b-adaf51dd5ca7","2025-03-29 17:13:07",1
"Cartoonists","a2bec9ef-28a6-41cb-937b-adaf51dd5ca7","2025-03-29 17:13:07","a2bec9ef-28a6-41cb-937b-adaf51dd5ca7","2025-03-29 17:13:07",1
"Pictorial American wit and humor","a2bec9ef-28a6-41cb-937b-adaf51dd5ca7","2025-03-29 17:13:07","a2bec9ef-28a6-41cb-937b-adaf51dd5ca7","2025-03-29 17:13:07",1
"nyt:advice-how-to-and-miscellaneous=2013-11-17","a2bec9ef-28a6-41cb-937b-adaf51dd5ca7","2025-03-29 17:13:07","a2bec9ef-28a6-41cb-937b-adaf51dd5ca7","2025-03-29 17:13:07",1
"Blogs","a2bec9ef-28a6-41cb-937b-adaf51dd5ca7","2025-03-29 17:13:07","a2bec9ef-28a6-41cb-937b-adaf51dd5ca7","2025-03-29 17:13:07",1
"Humor, general","a2bec9ef-28a6-41cb-937b-adaf51dd5ca7","2025-03-29 17:13:07","a2bec9ef-28a6-41cb-937b-adaf51dd5ca7","2025-03-29 17:13:07",1
"Greek mythology in fiction","a2bec9ef-28a6-41cb-937b-adaf51dd5ca7","2025-03-29 17:13:07","a2bec9ef-28a6-41cb-937b-adaf51dd5ca7","2025-03-29 17:13:07",1
"Mythical animals in fiction","a2bec9ef-28a6-41cb-937b-adaf51dd5ca7","2025-03-29 17:13:07","a2bec9ef-28a6-41cb-937b-adaf51dd5ca7","2025-03-29 17:13:07",1
"Labyrinths in fiction","a2bec9ef-28a6-41cb-937b-adaf51dd5ca7","2025-03-29 17:13:07","a2bec9ef-28a6-41cb-937b-adaf51dd5ca7","2025-03-29 17:13:07",1
"Monsters in fiction","a2bec9ef-28a6-41cb-937b-adaf51dd5ca7","2025-03-29 17:13:07","a2bec9ef-28a6-41cb-937b-adaf51dd5ca7","2025-03-29 17:13:07",1
"Labyrinths","a2bec9ef-28a6-41cb-937b-adaf51dd5ca7","2025-03-29 17:13:07","a2bec9ef-28a6-41cb-937b-adaf51dd5ca7","2025-03-29 17:13:07",1
"Titans (Mythology)","a2bec9ef-28a6-41cb-937b-adaf51dd5ca7","2025-03-29 17:13:07","a2bec9ef-28a6-41cb-937b-adaf51dd5ca7","2025-03-29 17:13:07",1
"Monsters","a2bec9ef-28a6-41cb-937b-adaf51dd5ca7","2025-03-29 17:13:07","a2bec9ef-28a6-41cb-937b-adaf51dd5ca7","2025-03-29 17:13:07",1
"Mythical Animals","a2bec9ef-28a6-41cb-937b-adaf51dd5ca7","2025-03-29 17:13:07","a2bec9ef-28a6-41cb-937b-adaf51dd5ca7","2025-03-29 17:13:07",1
"Camps in fiction","a2bec9ef-28a6-41cb-937b-adaf51dd5ca7","2025-03-29 17:13:07","a2bec9ef-28a6-41cb-937b-adaf51dd5ca7","2025-03-29 17:13:07",1
"Percy Jackson (Fictitious character)","a2bec9ef-28a6-41cb-937b-adaf51dd5ca7","2025-03-29 17:13:07","a2bec9ef-28a6-41cb-937b-adaf51dd5ca7","2025-03-29 17:13:07",1
"Gods, fiction","a2bec9ef-28a6-41cb-937b-adaf51dd5ca7","2025-03-29 17:13:07","a2bec9ef-28a6-41cb-937b-adaf51dd5ca7","2025-03-29 17:13:07",1
"Teenage boys","a2bec9ef-28a6-41cb-937b-adaf51dd5ca7","2025-03-29 17:13:07","a2bec9ef-28a6-41cb-937b-adaf51dd5ca7","2025-03-29 17:13:07",1
"Mothers","a2bec9ef-28a6-41cb-937b-adaf51dd5ca7","2025-03-29 17:13:07","a2bec9ef-28a6-41cb-937b-adaf51dd5ca7","2025-03-29 17:13:07",1
"School Library Journal Best Book of the Year (2005)","a2bec9ef-28a6-41cb-937b-adaf51dd5ca7","2025-03-29 17:13:07","a2bec9ef-28a6-41cb-937b-adaf51dd5ca7","2025-03-29 17:13:07",1
"Fathers and sons","a2bec9ef-28a6-41cb-937b-adaf51dd5ca7","2025-03-29 17:13:07","a2bec9ef-28a6-41cb-937b-adaf51dd5ca7","2025-03-29 17:13:07",1
"Prophecies","a2bec9ef-28a6-41cb-937b-adaf51dd5ca7","2025-03-29 17:13:07","a2bec9ef-28a6-41cb-937b-adaf51dd5ca7","2025-03-29 17:13:07",1
"Attention-deficit hyperactivity disorder","a2bec9ef-28a6-41cb-937b-adaf51dd5ca7","2025-03-29 17:13:07","a2bec9ef-28a6-41cb-937b-adaf51dd5ca7","2025-03-29 17:13:07",1
"Dyslexics","a2bec9ef-28a6-41cb-937b-adaf51dd5ca7","2025-03-29 17:13:07","a2bec9ef-28a6-41cb-937b-adaf51dd5ca7","2025-03-29 17:13:07",1
"Friendship","a2bec9ef-28a6-41cb-937b-adaf51dd5ca7","2025-03-29 17:13:07","a2bec9ef-28a6-41cb-937b-adaf51dd5ca7","2025-03-29 17:13:07",1
"Single mothers","a2bec9ef-28a6-41cb-937b-adaf51dd5ca7","2025-03-29 17:13:07","a2bec9ef-28a6-41cb-937b-adaf51dd5ca7","2025-03-29 17:13:07",1
"Satyrs (Greek mythology)","a2bec9ef-28a6-41cb-937b-adaf51dd5ca7","2025-03-29 17:13:07","a2bec9ef-28a6-41cb-937b-adaf51dd5ca7","2025-03-29 17:13:07",1
"Monsters, fiction","a2bec9ef-28a6-41cb-937b-adaf51dd5ca7","2025-03-29 17:13:07","a2bec9ef-28a6-41cb-937b-adaf51dd5ca7","2025-03-29 17:13:07",1
"Animals, mythical, fiction","a2bec9ef-28a6-41cb-937b-adaf51dd5ca7","2025-03-29 17:13:07","a2bec9ef-28a6-41cb-937b-adaf51dd5ca7","2025-03-29 17:13:07",1
"Percy Jackson (fictional character)","a2bec9ef-28a6-41cb-937b-adaf51dd5ca7","2025-03-29 17:13:07","a2bec9ef-28a6-41cb-937b-adaf51dd5ca7","2025-03-29 17:13:07",1
"children's books","a2bec9ef-28a6-41cb-937b-adaf51dd5ca7","2025-03-29 17:13:07","a2bec9ef-28a6-41cb-937b-adaf51dd5ca7","2025-03-29 17:13:07",1
"thieves","a2bec9ef-28a6-41cb-937b-adaf51dd5ca7","2025-03-29 17:13:07","a2bec9ef-28a6-41cb-937b-adaf51dd5ca7","2025-03-29 17:13:07",1
"adventure","a2bec9ef-28a6-41cb-937b-adaf51dd5ca7","2025-03-29 17:13:07","a2bec9ef-28a6-41cb-937b-adaf51dd5ca7","2025-03-29 17:13:07",1
"quests","a2bec9ef-28a6-41cb-937b-adaf51dd5ca7","2025-03-29 17:13:07","a2bec9ef-28a6-41cb-937b-adaf51dd5ca7","2025-03-29 17:13:07",1
"Mythology","a2bec9ef-28a6-41cb-937b-adaf51dd5ca7","2025-03-29 17:13:07","a2bec9ef-28a6-41cb-937b-adaf51dd5ca7","2025-03-29 17:13:07",1
"boarding school","a2bec9ef-28a6-41cb-937b-adaf51dd5ca7","2025-03-29 17:13:07","a2bec9ef-28a6-41cb-937b-adaf51dd5ca7","2025-03-29 17:13:07",1
"Mythology-juvenile fiction, boarding school, quests, thieves, adventure, monsters","a2bec9ef-28a6-41cb-937b-adaf51dd5ca7","2025-03-29 17:13:07","a2bec9ef-28a6-41cb-937b-adaf51dd5ca7","2025-03-29 17:13:07",1
"Accelerated Reader","a2bec9ef-28a6-41cb-937b-adaf51dd5ca7","2025-03-29 17:13:07","a2bec9ef-28a6-41cb-937b-adaf51dd5ca7","2025-03-29 17:13:07",1
"Labyrinthes","a2bec9ef-28a6-41cb-937b-adaf51dd5ca7","2025-03-29 17:13:07","a2bec9ef-28a6-41cb-937b-adaf51dd5ca7","2025-03-29 17:13:07",1
"Colonies de vacances","a2bec9ef-28a6-41cb-937b-adaf51dd5ca7","2025-03-29 17:13:07","a2bec9ef-28a6-41cb-937b-adaf51dd5ca7","2025-03-29 17:13:07",1
"Monstres","a2bec9ef-28a6-41cb-937b-adaf51dd5ca7","2025-03-29 17:13:07","a2bec9ef-28a6-41cb-937b-adaf51dd5ca7","2025-03-29 17:13:07",1
"Animaux fabuleux","a2bec9ef-28a6-41cb-937b-adaf51dd5ca7","2025-03-29 17:13:07","a2bec9ef-28a6-41cb-937b-adaf51dd5ca7","2025-03-29 17:13:07",1
"Titans (Mythologie)","a2bec9ef-28a6-41cb-937b-adaf51dd5ca7","2025-03-29 17:13:07","a2bec9ef-28a6-41cb-937b-adaf51dd5ca7","2025-03-29 17:13:07",1
"Griekse oudheid","a2bec9ef-28a6-41cb-937b-adaf51dd5ca7","2025-03-29 17:13:07","a2bec9ef-28a6-41cb-937b-adaf51dd5ca7","2025-03-29 17:13:07",1
"Jeugdboeken ; verhalen","a2bec9ef-28a6-41cb-937b-adaf51dd5ca7","2025-03-29 17:13:07","a2bec9ef-28a6-41cb-937b-adaf51dd5ca7","2025-03-29 17:13:07",1
"Laberintos","a2bec9ef-28a6-41cb-937b-adaf51dd5ca7","2025-03-29 17:13:07","a2bec9ef-28a6-41cb-937b-adaf51dd5ca7","2025-03-29 17:13:07",1
"Animales fabulosos","a2bec9ef-28a6-41cb-937b-adaf51dd5ca7","2025-03-29 17:13:07","a2bec9ef-28a6-41cb-937b-adaf51dd5ca7","2025-03-29 17:13:07",1
"Monstruos","a2bec9ef-28a6-41cb-937b-adaf51dd5ca7","2025-03-29 17:13:07","a2bec9ef-28a6-41cb-937b-adaf51dd5ca7","2025-03-29 17:13:07",1
"American Science fiction","a2bec9ef-28a6-41cb-937b-adaf51dd5ca7","2025-03-29 17:13:07","a2bec9ef-28a6-41cb-937b-adaf51dd5ca7","2025-03-29 17:13:07",1
"ready player one","a2bec9ef-28a6-41cb-937b-adaf51dd5ca7","2025-03-29 17:13:07","a2bec9ef-28a6-41cb-937b-adaf51dd5ca7","2025-03-29 17:13:07",1
"Suspense","a2bec9ef-28a6-41cb-937b-adaf51dd5ca7","2025-03-29 17:13:07","a2bec9ef-28a6-41cb-937b-adaf51dd5ca7","2025-03-29 17:13:07",1
"open_syllabus_project","a2bec9ef-28a6-41cb-937b-adaf51dd5ca7","2025-03-29 17:13:07","a2bec9ef-28a6-41cb-937b-adaf51dd5ca7","2025-03-29 17:13:07",1
"Fiction, humorous","a2bec9ef-28a6-41cb-937b-adaf51dd5ca7","2025-03-29 17:13:07","a2bec9ef-28a6-41cb-937b-adaf51dd5ca7","2025-03-29 17:13:07",1
"Virtual reality","a2bec9ef-28a6-41cb-937b-adaf51dd5ca7","2025-03-29 17:13:07","a2bec9ef-28a6-41cb-937b-adaf51dd5ca7","2025-03-29 17:13:07",1
"Fiction, science fiction, hard science fiction","a2bec9ef-28a6-41cb-937b-adaf51dd5ca7","2025-03-29 17:13:07","a2bec9ef-28a6-41cb-937b-adaf51dd5ca7","2025-03-29 17:13:07",1
"Computer viruses","a2bec9ef-28a6-41cb-937b-adaf51dd5ca7","2025-03-29 17:13:07","a2bec9ef-28a6-41cb-937b-adaf51dd5ca7","2025-03-29 17:13:07",1
"Cyberpunk culture","a2bec9ef-28a6-41cb-937b-adaf51dd5ca7","2025-03-29 17:13:07","a2bec9ef-28a6-41cb-937b-adaf51dd5ca7","2025-03-29 17:13:07",1
"Cyberspace","a2bec9ef-28a6-41cb-937b-adaf51dd5ca7","2025-03-29 17:13:07","a2bec9ef-28a6-41cb-937b-adaf51dd5ca7","2025-03-29 17:13:07",1
"Sumerian Mythology","a2bec9ef-28a6-41cb-937b-adaf51dd5ca7","2025-03-29 17:13:07","a2bec9ef-28a6-41cb-937b-adaf51dd5ca7","2025-03-29 17:13:07",1
"Presidents","a2bec9ef-28a6-41cb-937b-adaf51dd5ca7","2025-03-29 17:13:07","a2bec9ef-28a6-41cb-937b-adaf51dd5ca7","2025-03-29 17:13:07",1
"Scientists","a2bec9ef-28a6-41cb-937b-adaf51dd5ca7","2025-03-29 17:13:07","a2bec9ef-28a6-41cb-937b-adaf51dd5ca7","2025-03-29 17:13:07",1
"Stilton, Geronimo","a2bec9ef-28a6-41cb-937b-adaf51dd5ca7","2025-03-29 17:13:07","a2bec9ef-28a6-41cb-937b-adaf51dd5ca7","2025-03-29 17:13:07",1
"Geronimo Stilton (Fictitious character)","a2bec9ef-28a6-41cb-937b-adaf51dd5ca7","2025-03-29 17:13:07","a2bec9ef-28a6-41cb-937b-adaf51dd5ca7","2025-03-29 17:13:07",1
"Fairies","a2bec9ef-28a6-41cb-937b-adaf51dd5ca7","2025-03-29 17:13:07","a2bec9ef-28a6-41cb-937b-adaf51dd5ca7","2025-03-29 17:13:07",1
"Stilton, geronimo (fictitious character), fiction","a2bec9ef-28a6-41cb-937b-adaf51dd5ca7","2025-03-29 17:13:07","a2bec9ef-28a6-41cb-937b-adaf51dd5ca7","2025-03-29 17:13:07",1
"dragon scardy mouse home Blossom cheese","a2bec9ef-28a6-41cb-937b-adaf51dd5ca7","2025-03-29 17:13:07","a2bec9ef-28a6-41cb-937b-adaf51dd5ca7","2025-03-29 17:13:07",1
"Mice","a2bec9ef-28a6-41cb-937b-adaf51dd5ca7","2025-03-29 17:13:07","a2bec9ef-28a6-41cb-937b-adaf51dd5ca7","2025-03-29 17:13:07",1
"Fiction in English","a2bec9ef-28a6-41cb-937b-adaf51dd5ca7","2025-03-29 17:13:07","a2bec9ef-28a6-41cb-937b-adaf51dd5ca7","2025-03-29 17:13:07",1
"Life on other planets","a2bec9ef-28a6-41cb-937b-adaf51dd5ca7","2025-03-29 17:13:07","a2bec9ef-28a6-41cb-937b-adaf51dd5ca7","2025-03-29 17:13:07",1
"Religious disputations","a2bec9ef-28a6-41cb-937b-adaf51dd5ca7","2025-03-29 17:13:07","a2bec9ef-28a6-41cb-937b-adaf51dd5ca7","2025-03-29 17:13:07",1
"Domestic terrorism","a2bec9ef-28a6-41cb-937b-adaf51dd5ca7","2025-03-29 17:13:07","a2bec9ef-28a6-41cb-937b-adaf51dd5ca7","2025-03-29 17:13:07",1
"FICTION / Fantasy / Epic","a2bec9ef-28a6-41cb-937b-adaf51dd5ca7","2025-03-29 17:13:07","a2bec9ef-28a6-41cb-937b-adaf51dd5ca7","2025-03-29 17:13:07",1
"Imaginary places, fiction","a2bec9ef-28a6-41cb-937b-adaf51dd5ca7","2025-03-29 17:13:07","a2bec9ef-28a6-41cb-937b-adaf51dd5ca7","2025-03-29 17:13:07",1
"nyt:hardcover-fiction=2015-10-25","a2bec9ef-28a6-41cb-937b-adaf51dd5ca7","2025-03-29 17:13:07","a2bec9ef-28a6-41cb-937b-adaf51dd5ca7","2025-03-29 17:13:07",1
"Death","a2bec9ef-28a6-41cb-937b-adaf51dd5ca7","2025-03-29 17:13:07","a2bec9ef-28a6-41cb-937b-adaf51dd5ca7","2025-03-29 17:13:07",1
"Gay men","a2bec9ef-28a6-41cb-937b-adaf51dd5ca7","2025-03-29 17:13:07","a2bec9ef-28a6-41cb-937b-adaf51dd5ca7","2025-03-29 17:13:07",1
"Hispanic Americans","a2bec9ef-28a6-41cb-937b-adaf51dd5ca7","2025-03-29 17:13:07","a2bec9ef-28a6-41cb-937b-adaf51dd5ca7","2025-03-29 17:13:07",1
"Gays","a2bec9ef-28a6-41cb-937b-adaf51dd5ca7","2025-03-29 17:13:07","a2bec9ef-28a6-41cb-937b-adaf51dd5ca7","2025-03-29 17:13:07",1
"Death, fiction","a2bec9ef-28a6-41cb-937b-adaf51dd5ca7","2025-03-29 17:13:07","a2bec9ef-28a6-41cb-937b-adaf51dd5ca7","2025-03-29 17:13:07",1
"Love, fiction","a2bec9ef-28a6-41cb-937b-adaf51dd5ca7","2025-03-29 17:13:07","a2bec9ef-28a6-41cb-937b-adaf51dd5ca7","2025-03-29 17:13:07",1
"Hispanic americans, fiction","a2bec9ef-28a6-41cb-937b-adaf51dd5ca7","2025-03-29 17:13:07","a2bec9ef-28a6-41cb-937b-adaf51dd5ca7","2025-03-29 17:13:07",1
"Homosexuality, fiction","a2bec9ef-28a6-41cb-937b-adaf51dd5ca7","2025-03-29 17:13:07","a2bec9ef-28a6-41cb-937b-adaf51dd5ca7","2025-03-29 17:13:07",1
"LGBTQ young adult","a2bec9ef-28a6-41cb-937b-adaf51dd5ca7","2025-03-29 17:13:07","a2bec9ef-28a6-41cb-937b-adaf51dd5ca7","2025-03-29 17:13:07",1
"Creative ability","a2bec9ef-28a6-41cb-937b-adaf51dd5ca7","2025-03-29 17:13:07","a2bec9ef-28a6-41cb-937b-adaf51dd5ca7","2025-03-29 17:13:07",1
"Creative thinking","a2bec9ef-28a6-41cb-937b-adaf51dd5ca7","2025-03-29 17:13:07","a2bec9ef-28a6-41cb-937b-adaf51dd5ca7","2025-03-29 17:13:07",1
"Creative writing","a2bec9ef-28a6-41cb-937b-adaf51dd5ca7","2025-03-29 17:13:07","a2bec9ef-28a6-41cb-937b-adaf51dd5ca7","2025-03-29 17:13:07",1
"nyt:paperback-advice=2012-04-08","a2bec9ef-28a6-41cb-937b-adaf51dd5ca7","2025-03-29 17:13:07","a2bec9ef-28a6-41cb-937b-adaf51dd5ca7","2025-03-29 17:13:07",1
"Creation (literary, artistic, etc.)","a2bec9ef-28a6-41cb-937b-adaf51dd5ca7","2025-03-29 17:13:07","a2bec9ef-28a6-41cb-937b-adaf51dd5ca7","2025-03-29 17:13:07",1
"Revolutions","a2bec9ef-28a6-41cb-937b-adaf51dd5ca7","2025-03-29 17:13:07","a2bec9ef-28a6-41cb-937b-adaf51dd5ca7","2025-03-29 17:13:07",1
"Hugo Award Winner","a2bec9ef-28a6-41cb-937b-adaf51dd5ca7","2025-03-29 17:13:07","a2bec9ef-28a6-41cb-937b-adaf51dd5ca7","2025-03-29 17:13:07",1
"Science Fiction","a2bec9ef-28a6-41cb-937b-adaf51dd5ca7","2025-03-29 17:13:07","a2bec9ef-28a6-41cb-937b-adaf51dd5ca7","2025-03-29 17:13:07",1
"award:hugo_award=1996","a2bec9ef-28a6-41cb-937b-adaf51dd5ca7","2025-03-29 17:13:07","a2bec9ef-28a6-41cb-937b-adaf51dd5ca7","2025-03-29 17:13:07",1
"Young women","a2bec9ef-28a6-41cb-937b-adaf51dd5ca7","2025-03-29 17:13:07","a2bec9ef-28a6-41cb-937b-adaf51dd5ca7","2025-03-29 17:13:07",1
"Nanotechnology","a2bec9ef-28a6-41cb-937b-adaf51dd5ca7","2025-03-29 17:13:07","a2bec9ef-28a6-41cb-937b-adaf51dd5ca7","2025-03-29 17:13:07",1
"award:hugo_award=novel","a2bec9ef-28a6-41cb-937b-adaf51dd5ca7","2025-03-29 17:13:07","a2bec9ef-28a6-41cb-937b-adaf51dd5ca7","2025-03-29 17:13:07",1
"Books and reading","a2bec9ef-28a6-41cb-937b-adaf51dd5ca7","2025-03-29 17:13:07","a2bec9ef-28a6-41cb-937b-adaf51dd5ca7","2025-03-29 17:13:07",1
"Childrens Media Tie-In Books","a2bec9ef-28a6-41cb-937b-adaf51dd5ca7","2025-03-29 17:13:07","a2bec9ef-28a6-41cb-937b-adaf51dd5ca7","2025-03-29 17:13:07",1
"Children's Middle Grade Action & Adventure Books","a2bec9ef-28a6-41cb-937b-adaf51dd5ca7","2025-03-29 17:13:07","a2bec9ef-28a6-41cb-937b-adaf51dd5ca7","2025-03-29 17:13:07",1
"Children's Picture Books","a2bec9ef-28a6-41cb-937b-adaf51dd5ca7","2025-03-29 17:13:07","a2bec9ef-28a6-41cb-937b-adaf51dd5ca7","2025-03-29 17:13:07",1
"Avarice","a2bec9ef-28a6-41cb-937b-adaf51dd5ca7","2025-03-29 17:13:07","a2bec9ef-28a6-41cb-937b-adaf51dd5ca7","2025-03-29 17:13:07",1
"Behavior","a2bec9ef-28a6-41cb-937b-adaf51dd5ca7","2025-03-29 17:13:07","a2bec9ef-28a6-41cb-937b-adaf51dd5ca7","2025-03-29 17:13:07",1
"Chocolat","a2bec9ef-28a6-41cb-937b-adaf51dd5ca7","2025-03-29 17:13:07","a2bec9ef-28a6-41cb-937b-adaf51dd5ca7","2025-03-29 17:13:07",1
"Chocolate","a2bec9ef-28a6-41cb-937b-adaf51dd5ca7","2025-03-29 17:13:07","a2bec9ef-28a6-41cb-937b-adaf51dd5ca7","2025-03-29 17:13:07",1
"Chocolate factories","a2bec9ef-28a6-41cb-937b-adaf51dd5ca7","2025-03-29 17:13:07","a2bec9ef-28a6-41cb-937b-adaf51dd5ca7","2025-03-29 17:13:07",1
"Conducta","a2bec9ef-28a6-41cb-937b-adaf51dd5ca7","2025-03-29 17:13:07","a2bec9ef-28a6-41cb-937b-adaf51dd5ca7","2025-03-29 17:13:07",1
"Cuentos humorísticos","a2bec9ef-28a6-41cb-937b-adaf51dd5ca7","2025-03-29 17:13:07","a2bec9ef-28a6-41cb-937b-adaf51dd5ca7","2025-03-29 17:13:07",1
"Eccentrics and eccentricities","a2bec9ef-28a6-41cb-937b-adaf51dd5ca7","2025-03-29 17:13:07","a2bec9ef-28a6-41cb-937b-adaf51dd5ca7","2025-03-29 17:13:07",1
"Factories","a2bec9ef-28a6-41cb-937b-adaf51dd5ca7","2025-03-29 17:13:07","a2bec9ef-28a6-41cb-937b-adaf51dd5ca7","2025-03-29 17:13:07",1
"Grandparent and child","a2bec9ef-28a6-41cb-937b-adaf51dd5ca7","2025-03-29 17:13:07","a2bec9ef-28a6-41cb-937b-adaf51dd5ca7","2025-03-29 17:13:07",1
"Human behavior","a2bec9ef-28a6-41cb-937b-adaf51dd5ca7","2025-03-29 17:13:07","a2bec9ef-28a6-41cb-937b-adaf51dd5ca7","2025-03-29 17:13:07",1
"Humorous fiction","a2bec9ef-28a6-41cb-937b-adaf51dd5ca7","2025-03-29 17:13:07","a2bec9ef-28a6-41cb-937b-adaf51dd5ca7","2025-03-29 17:13:07",1
"Humorous stories","a2bec9ef-28a6-41cb-937b-adaf51dd5ca7","2025-03-29 17:13:07","a2bec9ef-28a6-41cb-937b-adaf51dd5ca7","2025-03-29 17:13:07",1
"Humourous stories","a2bec9ef-28a6-41cb-937b-adaf51dd5ca7","2025-03-29 17:13:07","a2bec9ef-28a6-41cb-937b-adaf51dd5ca7","2025-03-29 17:13:07",1
"Juvenile Literature","a2bec9ef-28a6-41cb-937b-adaf51dd5ca7","2025-03-29 17:13:07","a2bec9ef-28a6-41cb-937b-adaf51dd5ca7","2025-03-29 17:13:07",1
"Literatura juvenil","a2bec9ef-28a6-41cb-937b-adaf51dd5ca7","2025-03-29 17:13:07","a2bec9ef-28a6-41cb-937b-adaf51dd5ca7","2025-03-29 17:13:07",1
"Romans","a2bec9ef-28a6-41cb-937b-adaf51dd5ca7","2025-03-29 17:13:07","a2bec9ef-28a6-41cb-937b-adaf51dd5ca7","2025-03-29 17:13:07",1
"Wonka Bars","a2bec9ef-28a6-41cb-937b-adaf51dd5ca7","2025-03-29 17:13:07","a2bec9ef-28a6-41cb-937b-adaf51dd5ca7","2025-03-29 17:13:07",1
"Willy Wonka (Fictitious character)","a2bec9ef-28a6-41cb-937b-adaf51dd5ca7","2025-03-29 17:13:07","a2bec9ef-28a6-41cb-937b-adaf51dd5ca7","2025-03-29 17:13:07",1
"Charlie Bucket (Fictitious character)","a2bec9ef-28a6-41cb-937b-adaf51dd5ca7","2025-03-29 17:13:07","a2bec9ef-28a6-41cb-937b-adaf51dd5ca7","2025-03-29 17:13:07",1
"Behavior, fiction","a2bec9ef-28a6-41cb-937b-adaf51dd5ca7","2025-03-29 17:13:07","a2bec9ef-28a6-41cb-937b-adaf51dd5ca7","2025-03-29 17:13:07",1
"Morale pratique","a2bec9ef-28a6-41cb-937b-adaf51dd5ca7","2025-03-29 17:13:07","a2bec9ef-28a6-41cb-937b-adaf51dd5ca7","2025-03-29 17:13:07",1
"Industrie","a2bec9ef-28a6-41cb-937b-adaf51dd5ca7","2025-03-29 17:13:07","a2bec9ef-28a6-41cb-937b-adaf51dd5ca7","2025-03-29 17:13:07",1
"Behavior -- Fiction","a2bec9ef-28a6-41cb-937b-adaf51dd5ca7","2025-03-29 17:13:07","a2bec9ef-28a6-41cb-937b-adaf51dd5ca7","2025-03-29 17:13:07",1
"Chocolate industry","a2bec9ef-28a6-41cb-937b-adaf51dd5ca7","2025-03-29 17:13:07","a2bec9ef-28a6-41cb-937b-adaf51dd5ca7","2025-03-29 17:13:07",1
"Candy industry","a2bec9ef-28a6-41cb-937b-adaf51dd5ca7","2025-03-29 17:13:07","a2bec9ef-28a6-41cb-937b-adaf51dd5ca7","2025-03-29 17:13:07",1
"Plays","a2bec9ef-28a6-41cb-937b-adaf51dd5ca7","2025-03-29 17:13:07","a2bec9ef-28a6-41cb-937b-adaf51dd5ca7","2025-03-29 17:13:07",1
"Children's plays","a2bec9ef-28a6-41cb-937b-adaf51dd5ca7","2025-03-29 17:13:07","a2bec9ef-28a6-41cb-937b-adaf51dd5ca7","2025-03-29 17:13:07",1
"Literatura angielska dla młodzieży","a2bec9ef-28a6-41cb-937b-adaf51dd5ca7","2025-03-29 17:13:07","a2bec9ef-28a6-41cb-937b-adaf51dd5ca7","2025-03-29 17:13:07",1
"Tłumaczenia polskie","a2bec9ef-28a6-41cb-937b-adaf51dd5ca7","2025-03-29 17:13:07","a2bec9ef-28a6-41cb-937b-adaf51dd5ca7","2025-03-29 17:13:07",1
"Récits humoristiques","a2bec9ef-28a6-41cb-937b-adaf51dd5ca7","2025-03-29 17:13:07","a2bec9ef-28a6-41cb-937b-adaf51dd5ca7","2025-03-29 17:13:07",1
"Candy","a2bec9ef-28a6-41cb-937b-adaf51dd5ca7","2025-03-29 17:13:07","a2bec9ef-28a6-41cb-937b-adaf51dd5ca7","2025-03-29 17:13:07",1
"Short stories","a2bec9ef-28a6-41cb-937b-adaf51dd5ca7","2025-03-29 17:13:07","a2bec9ef-28a6-41cb-937b-adaf51dd5ca7","2025-03-29 17:13:07",1
"Rich people","a2bec9ef-28a6-41cb-937b-adaf51dd5ca7","2025-03-29 17:13:07","a2bec9ef-28a6-41cb-937b-adaf51dd5ca7","2025-03-29 17:13:07",1
"Personal Finance","a2bec9ef-28a6-41cb-937b-adaf51dd5ca7","2025-03-29 17:13:07","a2bec9ef-28a6-41cb-937b-adaf51dd5ca7","2025-03-29 17:13:07",1
"Investments","a2bec9ef-28a6-41cb-937b-adaf51dd5ca7","2025-03-29 17:13:07","a2bec9ef-28a6-41cb-937b-adaf51dd5ca7","2025-03-29 17:13:07",1
"Finanzas personales","a2bec9ef-28a6-41cb-937b-adaf51dd5ca7","2025-03-29 17:13:07","a2bec9ef-28a6-41cb-937b-adaf51dd5ca7","2025-03-29 17:13:07",1
"Inversiones","a2bec9ef-28a6-41cb-937b-adaf51dd5ca7","2025-03-29 17:13:07","a2bec9ef-28a6-41cb-937b-adaf51dd5ca7","2025-03-29 17:13:07",1
"Ricos","a2bec9ef-28a6-41cb-937b-adaf51dd5ca7","2025-03-29 17:13:07","a2bec9ef-28a6-41cb-937b-adaf51dd5ca7","2025-03-29 17:13:07",1
"Riqueza","a2bec9ef-28a6-41cb-937b-adaf51dd5ca7","2025-03-29 17:13:07","a2bec9ef-28a6-41cb-937b-adaf51dd5ca7","2025-03-29 17:13:07",1
"Financial security","a2bec9ef-28a6-41cb-937b-adaf51dd5ca7","2025-03-29 17:13:07","a2bec9ef-28a6-41cb-937b-adaf51dd5ca7","2025-03-29 17:13:07",1
"Success","a2bec9ef-28a6-41cb-937b-adaf51dd5ca7","2025-03-29 17:13:07","a2bec9ef-28a6-41cb-937b-adaf51dd5ca7","2025-03-29 17:13:07",1
"Financiering","a2bec9ef-28a6-41cb-937b-adaf51dd5ca7","2025-03-29 17:13:07","a2bec9ef-28a6-41cb-937b-adaf51dd5ca7","2025-03-29 17:13:07",1
"Huishoudingen","a2bec9ef-28a6-41cb-937b-adaf51dd5ca7","2025-03-29 17:13:07","a2bec9ef-28a6-41cb-937b-adaf51dd5ca7","2025-03-29 17:13:07",1
"Finance, personal","a2bec9ef-28a6-41cb-937b-adaf51dd5ca7","2025-03-29 17:13:07","a2bec9ef-28a6-41cb-937b-adaf51dd5ca7","2025-03-29 17:13:07",1
"Hacienda privada","a2bec9ef-28a6-41cb-937b-adaf51dd5ca7","2025-03-29 17:13:07","a2bec9ef-28a6-41cb-937b-adaf51dd5ca7","2025-03-29 17:13:07",1
"Investissements","a2bec9ef-28a6-41cb-937b-adaf51dd5ca7","2025-03-29 17:13:07","a2bec9ef-28a6-41cb-937b-adaf51dd5ca7","2025-03-29 17:13:07",1
"Portfolios (financial records)","a2bec9ef-28a6-41cb-937b-adaf51dd5ca7","2025-03-29 17:13:07","a2bec9ef-28a6-41cb-937b-adaf51dd5ca7","2025-03-29 17:13:07",1
"Finanças privadas","a2bec9ef-28a6-41cb-937b-adaf51dd5ca7","2025-03-29 17:13:07","a2bec9ef-28a6-41cb-937b-adaf51dd5ca7","2025-03-29 17:13:07",1
"Investimentos","a2bec9ef-28a6-41cb-937b-adaf51dd5ca7","2025-03-29 17:13:07","a2bec9ef-28a6-41cb-937b-adaf51dd5ca7","2025-03-29 17:13:07",1
"horror fiction","a2bec9ef-28a6-41cb-937b-adaf51dd5ca7","2025-03-29 17:13:07","a2bec9ef-28a6-41cb-937b-adaf51dd5ca7","2025-03-29 17:13:07",1
"demonology","a2bec9ef-28a6-41cb-937b-adaf51dd5ca7","2025-03-29 17:13:07","a2bec9ef-28a6-41cb-937b-adaf51dd5ca7","2025-03-29 17:13:07",1
"precognition","a2bec9ef-28a6-41cb-937b-adaf51dd5ca7","2025-03-29 17:13:07","a2bec9ef-28a6-41cb-937b-adaf51dd5ca7","2025-03-29 17:13:07",1
"authors","a2bec9ef-28a6-41cb-937b-adaf51dd5ca7","2025-03-29 17:13:07","a2bec9ef-28a6-41cb-937b-adaf51dd5ca7","2025-03-29 17:13:07",1
"hotelkeepers","a2bec9ef-28a6-41cb-937b-adaf51dd5ca7","2025-03-29 17:13:07","a2bec9ef-28a6-41cb-937b-adaf51dd5ca7","2025-03-29 17:13:07",1
"gothic & horror","a2bec9ef-28a6-41cb-937b-adaf51dd5ca7","2025-03-29 17:13:07","a2bec9ef-28a6-41cb-937b-adaf51dd5ca7","2025-03-29 17:13:07",1
"paranormal fiction suspense & thriller","a2bec9ef-28a6-41cb-937b-adaf51dd5ca7","2025-03-29 17:13:07","a2bec9ef-28a6-41cb-937b-adaf51dd5ca7","2025-03-29 17:13:07",1
"horror","a2bec9ef-28a6-41cb-937b-adaf51dd5ca7","2025-03-29 17:13:07","a2bec9ef-28a6-41cb-937b-adaf51dd5ca7","2025-03-29 17:13:07",1
"supernatural thrillers","a2bec9ef-28a6-41cb-937b-adaf51dd5ca7","2025-03-29 17:13:07","a2bec9ef-28a6-41cb-937b-adaf51dd5ca7","2025-03-29 17:13:07",1
"ghost fiction","a2bec9ef-28a6-41cb-937b-adaf51dd5ca7","2025-03-29 17:13:07","a2bec9ef-28a6-41cb-937b-adaf51dd5ca7","2025-03-29 17:13:07",1
"horror tales","a2bec9ef-28a6-41cb-937b-adaf51dd5ca7","2025-03-29 17:13:07","a2bec9ef-28a6-41cb-937b-adaf51dd5ca7","2025-03-29 17:13:07",1
"haunted houses","a2bec9ef-28a6-41cb-937b-adaf51dd5ca7","2025-03-29 17:13:07","a2bec9ef-28a6-41cb-937b-adaf51dd5ca7","2025-03-29 17:13:07",1
"backstories","a2bec9ef-28a6-41cb-937b-adaf51dd5ca7","2025-03-29 17:13:07","a2bec9ef-28a6-41cb-937b-adaf51dd5ca7","2025-03-29 17:13:07",1
"property","a2bec9ef-28a6-41cb-937b-adaf51dd5ca7","2025-03-29 17:13:07","a2bec9ef-28a6-41cb-937b-adaf51dd5ca7","2025-03-29 17:13:07",1
"caretakers","a2bec9ef-28a6-41cb-937b-adaf51dd5ca7","2025-03-29 17:13:07","a2bec9ef-28a6-41cb-937b-adaf51dd5ca7","2025-03-29 17:13:07",1
"cabin fever","a2bec9ef-28a6-41cb-937b-adaf51dd5ca7","2025-03-29 17:13:07","a2bec9ef-28a6-41cb-937b-adaf51dd5ca7","2025-03-29 17:13:07",1
"alcoholism","a2bec9ef-28a6-41cb-937b-adaf51dd5ca7","2025-03-29 17:13:07","a2bec9ef-28a6-41cb-937b-adaf51dd5ca7","2025-03-29 17:13:07",1
"plays","a2bec9ef-28a6-41cb-937b-adaf51dd5ca7","2025-03-29 17:13:07","a2bec9ef-28a6-41cb-937b-adaf51dd5ca7","2025-03-29 17:13:07",1
"psychics","a2bec9ef-28a6-41cb-937b-adaf51dd5ca7","2025-03-29 17:13:07","a2bec9ef-28a6-41cb-937b-adaf51dd5ca7","2025-03-29 17:13:07",1
"telepathy","a2bec9ef-28a6-41cb-937b-adaf51dd5ca7","2025-03-29 17:13:07","a2bec9ef-28a6-41cb-937b-adaf51dd5ca7","2025-03-29 17:13:07",1
"clairvoyance","a2bec9ef-28a6-41cb-937b-adaf51dd5ca7","2025-03-29 17:13:07","a2bec9ef-28a6-41cb-937b-adaf51dd5ca7","2025-03-29 17:13:07",1
"ghosts","a2bec9ef-28a6-41cb-937b-adaf51dd5ca7","2025-03-29 17:13:07","a2bec9ef-28a6-41cb-937b-adaf51dd5ca7","2025-03-29 17:13:07",1
"topiary","a2bec9ef-28a6-41cb-937b-adaf51dd5ca7","2025-03-29 17:13:07","a2bec9ef-28a6-41cb-937b-adaf51dd5ca7","2025-03-29 17:13:07",1
"roque","a2bec9ef-28a6-41cb-937b-adaf51dd5ca7","2025-03-29 17:13:07","a2bec9ef-28a6-41cb-937b-adaf51dd5ca7","2025-03-29 17:13:07",1
"Fiction, occult & supernatural","a2bec9ef-28a6-41cb-937b-adaf51dd5ca7","2025-03-29 17:13:07","a2bec9ef-28a6-41cb-937b-adaf51dd5ca7","2025-03-29 17:13:07",1
"Fiction, horror","a2bec9ef-28a6-41cb-937b-adaf51dd5ca7","2025-03-29 17:13:07","a2bec9ef-28a6-41cb-937b-adaf51dd5ca7","2025-03-29 17:13:07",1
"Torrance, jack (fictitious character), fiction","a2bec9ef-28a6-41cb-937b-adaf51dd5ca7","2025-03-29 17:13:07","a2bec9ef-28a6-41cb-937b-adaf51dd5ca7","2025-03-29 17:13:07",1
"Colorado, fiction","a2bec9ef-28a6-41cb-937b-adaf51dd5ca7","2025-03-29 17:13:07","a2bec9ef-28a6-41cb-937b-adaf51dd5ca7","2025-03-29 17:13:07",1
"Families","a2bec9ef-28a6-41cb-937b-adaf51dd5ca7","2025-03-29 17:13:07","a2bec9ef-28a6-41cb-937b-adaf51dd5ca7","2025-03-29 17:13:07",1
"nyt:e-book-fiction=2013-10-13","a2bec9ef-28a6-41cb-937b-adaf51dd5ca7","2025-03-29 17:13:07","a2bec9ef-28a6-41cb-937b-adaf51dd5ca7","2025-03-29 17:13:07",1
"Fiction, thrillers, psychological","a2bec9ef-28a6-41cb-937b-adaf51dd5ca7","2025-03-29 17:13:07","a2bec9ef-28a6-41cb-937b-adaf51dd5ca7","2025-03-29 17:13:07",1
"Fiction, thrillers, suspense","a2bec9ef-28a6-41cb-937b-adaf51dd5ca7","2025-03-29 17:13:07","a2bec9ef-28a6-41cb-937b-adaf51dd5ca7","2025-03-29 17:13:07",1
"Hotels","a2bec9ef-28a6-41cb-937b-adaf51dd5ca7","2025-03-29 17:13:07","a2bec9ef-28a6-41cb-937b-adaf51dd5ca7","2025-03-29 17:13:07",1
"Occultism","a2bec9ef-28a6-41cb-937b-adaf51dd5ca7","2025-03-29 17:13:07","a2bec9ef-28a6-41cb-937b-adaf51dd5ca7","2025-03-29 17:13:07",1
"Paranormal fiction","a2bec9ef-28a6-41cb-937b-adaf51dd5ca7","2025-03-29 17:13:07","a2bec9ef-28a6-41cb-937b-adaf51dd5ca7","2025-03-29 17:13:07",1
"Extrasensory perception","a2bec9ef-28a6-41cb-937b-adaf51dd5ca7","2025-03-29 17:13:07","a2bec9ef-28a6-41cb-937b-adaf51dd5ca7","2025-03-29 17:13:07",1
"Strategy","a2bec9ef-28a6-41cb-937b-adaf51dd5ca7","2025-03-29 17:13:07","a2bec9ef-28a6-41cb-937b-adaf51dd5ca7","2025-03-29 17:13:07",1
"Military history","a2bec9ef-28a6-41cb-937b-adaf51dd5ca7","2025-03-29 17:13:07","a2bec9ef-28a6-41cb-937b-adaf51dd5ca7","2025-03-29 17:13:07",1
"Horror & ghost stories","a2bec9ef-28a6-41cb-937b-adaf51dd5ca7","2025-03-29 17:13:07","a2bec9ef-28a6-41cb-937b-adaf51dd5ca7","2025-03-29 17:13:07",1
"Horror - General","a2bec9ef-28a6-41cb-937b-adaf51dd5ca7","2025-03-29 17:13:07","a2bec9ef-28a6-41cb-937b-adaf51dd5ca7","2025-03-29 17:13:07",1
"Fiction - Horror","a2bec9ef-28a6-41cb-937b-adaf51dd5ca7","2025-03-29 17:13:07","a2bec9ef-28a6-41cb-937b-adaf51dd5ca7","2025-03-29 17:13:07",1
"Fiction / Horror","a2bec9ef-28a6-41cb-937b-adaf51dd5ca7","2025-03-29 17:13:07","a2bec9ef-28a6-41cb-937b-adaf51dd5ca7","2025-03-29 17:13:07",1
"award:hugo_award=1993","a2bec9ef-28a6-41cb-937b-adaf51dd5ca7","2025-03-29 17:13:07","a2bec9ef-28a6-41cb-937b-adaf51dd5ca7","2025-03-29 17:13:07",1
"Intellect","a2bec9ef-28a6-41cb-937b-adaf51dd5ca7","2025-03-29 17:13:07","a2bec9ef-28a6-41cb-937b-adaf51dd5ca7","2025-03-29 17:13:07",1
"Life on other planets -- Fiction.","a2bec9ef-28a6-41cb-937b-adaf51dd5ca7","2025-03-29 17:13:07","a2bec9ef-28a6-41cb-937b-adaf51dd5ca7","2025-03-29 17:13:07",1
"Vie extraterrestre","a2bec9ef-28a6-41cb-937b-adaf51dd5ca7","2025-03-29 17:13:07","a2bec9ef-28a6-41cb-937b-adaf51dd5ca7","2025-03-29 17:13:07",1
"Magicians","a2bec9ef-28a6-41cb-937b-adaf51dd5ca7","2025-03-29 17:13:07","a2bec9ef-28a6-41cb-937b-adaf51dd5ca7","2025-03-29 17:13:07",1
"Circus","a2bec9ef-28a6-41cb-937b-adaf51dd5ca7","2025-03-29 17:13:07","a2bec9ef-28a6-41cb-937b-adaf51dd5ca7","2025-03-29 17:13:07",1
"Games","a2bec9ef-28a6-41cb-937b-adaf51dd5ca7","2025-03-29 17:13:07","a2bec9ef-28a6-41cb-937b-adaf51dd5ca7","2025-03-29 17:13:07",1
"Circus performers","a2bec9ef-28a6-41cb-937b-adaf51dd5ca7","2025-03-29 17:13:07","a2bec9ef-28a6-41cb-937b-adaf51dd5ca7","2025-03-29 17:13:07",1
"nyt:hardcover_fiction=2011-12-24","a2bec9ef-28a6-41cb-937b-adaf51dd5ca7","2025-03-29 17:13:07","a2bec9ef-28a6-41cb-937b-adaf51dd5ca7","2025-03-29 17:13:07",1
"Psychokinesis","a2bec9ef-28a6-41cb-937b-adaf51dd5ca7","2025-03-29 17:13:07","a2bec9ef-28a6-41cb-937b-adaf51dd5ca7","2025-03-29 17:13:07",1
"Fate and fatalism","a2bec9ef-28a6-41cb-937b-adaf51dd5ca7","2025-03-29 17:13:07","a2bec9ef-28a6-41cb-937b-adaf51dd5ca7","2025-03-29 17:13:07",1
"Roman","a2bec9ef-28a6-41cb-937b-adaf51dd5ca7","2025-03-29 17:13:07","a2bec9ef-28a6-41cb-937b-adaf51dd5ca7","2025-03-29 17:13:07",1
"Night","a2bec9ef-28a6-41cb-937b-adaf51dd5ca7","2025-03-29 17:13:07","a2bec9ef-28a6-41cb-937b-adaf51dd5ca7","2025-03-29 17:13:07",1
"Amerikanisches Englisch","a2bec9ef-28a6-41cb-937b-adaf51dd5ca7","2025-03-29 17:13:07","a2bec9ef-28a6-41cb-937b-adaf51dd5ca7","2025-03-29 17:13:07",1
"Competition (Psychology)","a2bec9ef-28a6-41cb-937b-adaf51dd5ca7","2025-03-29 17:13:07","a2bec9ef-28a6-41cb-937b-adaf51dd5ca7","2025-03-29 17:13:07",1
"Fiction, romance, fantasy","a2bec9ef-28a6-41cb-937b-adaf51dd5ca7","2025-03-29 17:13:07","a2bec9ef-28a6-41cb-937b-adaf51dd5ca7","2025-03-29 17:13:07",1
"Fiction, fantasy, historical","a2bec9ef-28a6-41cb-937b-adaf51dd5ca7","2025-03-29 17:13:07","a2bec9ef-28a6-41cb-937b-adaf51dd5ca7","2025-03-29 17:13:07",1
"Evolution (Biology)","a2bec9ef-28a6-41cb-937b-adaf51dd5ca7","2025-03-29 17:13:07","a2bec9ef-28a6-41cb-937b-adaf51dd5ca7","2025-03-29 17:13:07",1
"Genetics","a2bec9ef-28a6-41cb-937b-adaf51dd5ca7","2025-03-29 17:13:07","a2bec9ef-28a6-41cb-937b-adaf51dd5ca7","2025-03-29 17:13:07",1
"Sociobiology","a2bec9ef-28a6-41cb-937b-adaf51dd5ca7","2025-03-29 17:13:07","a2bec9ef-28a6-41cb-937b-adaf51dd5ca7","2025-03-29 17:13:07",1
"Behavior genetics","a2bec9ef-28a6-41cb-937b-adaf51dd5ca7","2025-03-29 17:13:07","a2bec9ef-28a6-41cb-937b-adaf51dd5ca7","2025-03-29 17:13:07",1
"Genetica","a2bec9ef-28a6-41cb-937b-adaf51dd5ca7","2025-03-29 17:13:07","a2bec9ef-28a6-41cb-937b-adaf51dd5ca7","2025-03-29 17:13:07",1
"Etologia Animal","a2bec9ef-28a6-41cb-937b-adaf51dd5ca7","2025-03-29 17:13:07","a2bec9ef-28a6-41cb-937b-adaf51dd5ca7","2025-03-29 17:13:07",1
"Genetics. 0","a2bec9ef-28a6-41cb-937b-adaf51dd5ca7","2025-03-29 17:13:07","a2bec9ef-28a6-41cb-937b-adaf51dd5ca7","2025-03-29 17:13:07",1
"Natural selection","a2bec9ef-28a6-41cb-937b-adaf51dd5ca7","2025-03-29 17:13:07","a2bec9ef-28a6-41cb-937b-adaf51dd5ca7","2025-03-29 17:13:07",1
"Sociobiologie","a2bec9ef-28a6-41cb-937b-adaf51dd5ca7","2025-03-29 17:13:07","a2bec9ef-28a6-41cb-937b-adaf51dd5ca7","2025-03-29 17:13:07",1
"Évolution (biologie)","a2bec9ef-28a6-41cb-937b-adaf51dd5ca7","2025-03-29 17:13:07","a2bec9ef-28a6-41cb-937b-adaf51dd5ca7","2025-03-29 17:13:07",1
"Memen","a2bec9ef-28a6-41cb-937b-adaf51dd5ca7","2025-03-29 17:13:07","a2bec9ef-28a6-41cb-937b-adaf51dd5ca7","2025-03-29 17:13:07",1
"Diergedrag","a2bec9ef-28a6-41cb-937b-adaf51dd5ca7","2025-03-29 17:13:07","a2bec9ef-28a6-41cb-937b-adaf51dd5ca7","2025-03-29 17:13:07",1
"Génétique animale","a2bec9ef-28a6-41cb-937b-adaf51dd5ca7","2025-03-29 17:13:07","a2bec9ef-28a6-41cb-937b-adaf51dd5ca7","2025-03-29 17:13:07",1
"Evolutionstheorie","a2bec9ef-28a6-41cb-937b-adaf51dd5ca7","2025-03-29 17:13:07","a2bec9ef-28a6-41cb-937b-adaf51dd5ca7","2025-03-29 17:13:07",1
"Habits and behavior of Animals","a2bec9ef-28a6-41cb-937b-adaf51dd5ca7","2025-03-29 17:13:07","a2bec9ef-28a6-41cb-937b-adaf51dd5ca7","2025-03-29 17:13:07",1
"42.21 evolution","a2bec9ef-28a6-41cb-937b-adaf51dd5ca7","2025-03-29 17:13:07","a2bec9ef-28a6-41cb-937b-adaf51dd5ca7","2025-03-29 17:13:07",1
"Genen","a2bec9ef-28a6-41cb-937b-adaf51dd5ca7","2025-03-29 17:13:07","a2bec9ef-28a6-41cb-937b-adaf51dd5ca7","2025-03-29 17:13:07",1
"Génétique du comportement","a2bec9ef-28a6-41cb-937b-adaf51dd5ca7","2025-03-29 17:13:07","a2bec9ef-28a6-41cb-937b-adaf51dd5ca7","2025-03-29 17:13:07",1
"Génétique","a2bec9ef-28a6-41cb-937b-adaf51dd5ca7","2025-03-29 17:13:07","a2bec9ef-28a6-41cb-937b-adaf51dd5ca7","2025-03-29 17:13:07",1
"Biological Evolution","a2bec9ef-28a6-41cb-937b-adaf51dd5ca7","2025-03-29 17:13:07","a2bec9ef-28a6-41cb-937b-adaf51dd5ca7","2025-03-29 17:13:07",1
"Évolution","a2bec9ef-28a6-41cb-937b-adaf51dd5ca7","2025-03-29 17:13:07","a2bec9ef-28a6-41cb-937b-adaf51dd5ca7","2025-03-29 17:13:07",1
"Evolutie","a2bec9ef-28a6-41cb-937b-adaf51dd5ca7","2025-03-29 17:13:07","a2bec9ef-28a6-41cb-937b-adaf51dd5ca7","2025-03-29 17:13:07",1
"Evolution","a2bec9ef-28a6-41cb-937b-adaf51dd5ca7","2025-03-29 17:13:07","a2bec9ef-28a6-41cb-937b-adaf51dd5ca7","2025-03-29 17:13:07",1
"Origin of species","a2bec9ef-28a6-41cb-937b-adaf51dd5ca7","2025-03-29 17:13:07","a2bec9ef-28a6-41cb-937b-adaf51dd5ca7","2025-03-29 17:13:07",1
"Korean language materials","a2bec9ef-28a6-41cb-937b-adaf51dd5ca7","2025-03-29 17:13:07","a2bec9ef-28a6-41cb-937b-adaf51dd5ca7","2025-03-29 17:13:07",1
"Genetik","a2bec9ef-28a6-41cb-937b-adaf51dd5ca7","2025-03-29 17:13:07","a2bec9ef-28a6-41cb-937b-adaf51dd5ca7","2025-03-29 17:13:07",1
"Sosyobiyoloji","a2bec9ef-28a6-41cb-937b-adaf51dd5ca7","2025-03-29 17:13:07","a2bec9ef-28a6-41cb-937b-adaf51dd5ca7","2025-03-29 17:13:07",1
"Evrim (Biyoloji)","a2bec9ef-28a6-41cb-937b-adaf51dd5ca7","2025-03-29 17:13:07","a2bec9ef-28a6-41cb-937b-adaf51dd5ca7","2025-03-29 17:13:07",1
"non fiction","a2bec9ef-28a6-41cb-937b-adaf51dd5ca7","2025-03-29 17:13:07","a2bec9ef-28a6-41cb-937b-adaf51dd5ca7","2025-03-29 17:13:07",1
"biology","a2bec9ef-28a6-41cb-937b-adaf51dd5ca7","2025-03-29 17:13:07","a2bec9ef-28a6-41cb-937b-adaf51dd5ca7","2025-03-29 17:13:07",1
"essay","a2bec9ef-28a6-41cb-937b-adaf51dd5ca7","2025-03-29 17:13:07","a2bec9ef-28a6-41cb-937b-adaf51dd5ca7","2025-03-29 17:13:07",1
"evolution theory","a2bec9ef-28a6-41cb-937b-adaf51dd5ca7","2025-03-29 17:13:07","a2bec9ef-28a6-41cb-937b-adaf51dd5ca7","2025-03-29 17:13:07",1
"SCIENCE / Life Sciences / Evolution","a2bec9ef-28a6-41cb-937b-adaf51dd5ca7","2025-03-29 17:13:07","a2bec9ef-28a6-41cb-937b-adaf51dd5ca7","2025-03-29 17:13:07",1
"SCIENCE / Life Sciences / Genetics & Genomics","a2bec9ef-28a6-41cb-937b-adaf51dd5ca7","2025-03-29 17:13:07","a2bec9ef-28a6-41cb-937b-adaf51dd5ca7","2025-03-29 17:13:07",1
"Genetic Selection","a2bec9ef-28a6-41cb-937b-adaf51dd5ca7","2025-03-29 17:13:07","a2bec9ef-28a6-41cb-937b-adaf51dd5ca7","2025-03-29 17:13:07",1
"Behavioral Genetics","a2bec9ef-28a6-41cb-937b-adaf51dd5ca7","2025-03-29 17:13:07","a2bec9ef-28a6-41cb-937b-adaf51dd5ca7","2025-03-29 17:13:07",1
"Animal genetics","a2bec9ef-28a6-41cb-937b-adaf51dd5ca7","2025-03-29 17:13:07","a2bec9ef-28a6-41cb-937b-adaf51dd5ca7","2025-03-29 17:13:07",1
"Animal behavior","a2bec9ef-28a6-41cb-937b-adaf51dd5ca7","2025-03-29 17:13:07","a2bec9ef-28a6-41cb-937b-adaf51dd5ca7","2025-03-29 17:13:07",1
"Genetics, behavioral","a2bec9ef-28a6-41cb-937b-adaf51dd5ca7","2025-03-29 17:13:07","a2bec9ef-28a6-41cb-937b-adaf51dd5ca7","2025-03-29 17:13:07",1
"Selection, genetic","a2bec9ef-28a6-41cb-937b-adaf51dd5ca7","2025-03-29 17:13:07","a2bec9ef-28a6-41cb-937b-adaf51dd5ca7","2025-03-29 17:13:07",1
"Qh437 .d38 2006","a2bec9ef-28a6-41cb-937b-adaf51dd5ca7","2025-03-29 17:13:07","a2bec9ef-28a6-41cb-937b-adaf51dd5ca7","2025-03-29 17:13:07",1
"2006 f-119","a2bec9ef-28a6-41cb-937b-adaf51dd5ca7","2025-03-29 17:13:07","a2bec9ef-28a6-41cb-937b-adaf51dd5ca7","2025-03-29 17:13:07",1
"Qu 475 d271s 2006","a2bec9ef-28a6-41cb-937b-adaf51dd5ca7","2025-03-29 17:13:07","a2bec9ef-28a6-41cb-937b-adaf51dd5ca7","2025-03-29 17:13:07",1
"576.82","a2bec9ef-28a6-41cb-937b-adaf51dd5ca7","2025-03-29 17:13:07","a2bec9ef-28a6-41cb-937b-adaf51dd5ca7","2025-03-29 17:13:07",1
"Philippines","a2bec9ef-28a6-41cb-937b-adaf51dd5ca7","2025-03-29 17:13:07","a2bec9ef-28a6-41cb-937b-adaf51dd5ca7","2025-03-29 17:13:07",1
"Philippines, politics and government","a2bec9ef-28a6-41cb-937b-adaf51dd5ca7","2025-03-29 17:13:07","a2bec9ef-28a6-41cb-937b-adaf51dd5ca7","2025-03-29 17:13:07",1
"Philippines, history","a2bec9ef-28a6-41cb-937b-adaf51dd5ca7","2025-03-29 17:13:07","a2bec9ef-28a6-41cb-937b-adaf51dd5ca7","2025-03-29 17:13:07",1
"Philippines, description and travel","a2bec9ef-28a6-41cb-937b-adaf51dd5ca7","2025-03-29 17:13:07","a2bec9ef-28a6-41cb-937b-adaf51dd5ca7","2025-03-29 17:13:07",1
"Fairy tales","a2bec9ef-28a6-41cb-937b-adaf51dd5ca7","2025-03-29 17:13:07","a2bec9ef-28a6-41cb-937b-adaf51dd5ca7","2025-03-29 17:13:07",1
"Newbery Medal","a2bec9ef-28a6-41cb-937b-adaf51dd5ca7","2025-03-29 17:13:07","a2bec9ef-28a6-41cb-937b-adaf51dd5ca7","2025-03-29 17:13:07",1
"Princesses","a2bec9ef-28a6-41cb-937b-adaf51dd5ca7","2025-03-29 17:13:07","a2bec9ef-28a6-41cb-937b-adaf51dd5ca7","2025-03-29 17:13:07",1
"Cuentos de hadas","a2bec9ef-28a6-41cb-937b-adaf51dd5ca7","2025-03-29 17:13:07","a2bec9ef-28a6-41cb-937b-adaf51dd5ca7","2025-03-29 17:13:07",1
"Ratones","a2bec9ef-28a6-41cb-937b-adaf51dd5ca7","2025-03-29 17:13:07","a2bec9ef-28a6-41cb-937b-adaf51dd5ca7","2025-03-29 17:13:07",1
"Princesas","a2bec9ef-28a6-41cb-937b-adaf51dd5ca7","2025-03-29 17:13:07","a2bec9ef-28a6-41cb-937b-adaf51dd5ca7","2025-03-29 17:13:07",1
"Rats","a2bec9ef-28a6-41cb-937b-adaf51dd5ca7","2025-03-29 17:13:07","a2bec9ef-28a6-41cb-937b-adaf51dd5ca7","2025-03-29 17:13:07",1
"Mice, Hamsters, Guinea Pigs","a2bec9ef-28a6-41cb-937b-adaf51dd5ca7","2025-03-29 17:13:07","a2bec9ef-28a6-41cb-937b-adaf51dd5ca7","2025-03-29 17:13:07",1
"Animals","a2bec9ef-28a6-41cb-937b-adaf51dd5ca7","2025-03-29 17:13:07","a2bec9ef-28a6-41cb-937b-adaf51dd5ca7","2025-03-29 17:13:07",1
"Fairy Tales & Folklore","a2bec9ef-28a6-41cb-937b-adaf51dd5ca7","2025-03-29 17:13:07","a2bec9ef-28a6-41cb-937b-adaf51dd5ca7","2025-03-29 17:13:07",1
"Mice, fiction","a2bec9ef-28a6-41cb-937b-adaf51dd5ca7","2025-03-29 17:13:07","a2bec9ef-28a6-41cb-937b-adaf51dd5ca7","2025-03-29 17:13:07",1
"American Fantasy fiction","a2bec9ef-28a6-41cb-937b-adaf51dd5ca7","2025-03-29 17:13:07","a2bec9ef-28a6-41cb-937b-adaf51dd5ca7","2025-03-29 17:13:07",1
"NEWBERRY MEDAL","a2bec9ef-28a6-41cb-937b-adaf51dd5ca7","2025-03-29 17:13:07","a2bec9ef-28a6-41cb-937b-adaf51dd5ca7","2025-03-29 17:13:07",1
"award:Newbery_award","a2bec9ef-28a6-41cb-937b-adaf51dd5ca7","2025-03-29 17:13:07","a2bec9ef-28a6-41cb-937b-adaf51dd5ca7","2025-03-29 17:13:07",1
"lexile:670","a2bec9ef-28a6-41cb-937b-adaf51dd5ca7","2025-03-29 17:13:07","a2bec9ef-28a6-41cb-937b-adaf51dd5ca7","2025-03-29 17:13:07",1
"lexile_range:601-700","a2bec9ef-28a6-41cb-937b-adaf51dd5ca7","2025-03-29 17:13:07","a2bec9ef-28a6-41cb-937b-adaf51dd5ca7","2025-03-29 17:13:07",1
"age:min:7","a2bec9ef-28a6-41cb-937b-adaf51dd5ca7","2025-03-29 17:13:07","a2bec9ef-28a6-41cb-937b-adaf51dd5ca7","2025-03-29 17:13:07",1
"age:max:10","a2bec9ef-28a6-41cb-937b-adaf51dd5ca7","2025-03-29 17:13:07","a2bec9ef-28a6-41cb-937b-adaf51dd5ca7","2025-03-29 17:13:07",1
"grade:min:2","a2bec9ef-28a6-41cb-937b-adaf51dd5ca7","2025-03-29 17:13:07","a2bec9ef-28a6-41cb-937b-adaf51dd5ca7","2025-03-29 17:13:07",1
"grade:max:5","a2bec9ef-28a6-41cb-937b-adaf51dd5ca7","2025-03-29 17:13:07","a2bec9ef-28a6-41cb-937b-adaf51dd5ca7","2025-03-29 17:13:07",1
"Discworld (Imaginary place)","a2bec9ef-28a6-41cb-937b-adaf51dd5ca7","2025-03-29 17:13:07","a2bec9ef-28a6-41cb-937b-adaf51dd5ca7","2025-03-29 17:13:07",1
"Discworld (imaginary place), fiction","a2bec9ef-28a6-41cb-937b-adaf51dd5ca7","2025-03-29 17:13:07","a2bec9ef-28a6-41cb-937b-adaf51dd5ca7","2025-03-29 17:13:07",1
"Comics & graphic novels, fantasy","a2bec9ef-28a6-41cb-937b-adaf51dd5ca7","2025-03-29 17:13:07","a2bec9ef-28a6-41cb-937b-adaf51dd5ca7","2025-03-29 17:13:07",1
"Science fiction, fantasy, horror","a2bec9ef-28a6-41cb-937b-adaf51dd5ca7","2025-03-29 17:13:07","a2bec9ef-28a6-41cb-937b-adaf51dd5ca7","2025-03-29 17:13:07",1
"English literature","a2bec9ef-28a6-41cb-937b-adaf51dd5ca7","2025-03-29 17:13:07","a2bec9ef-28a6-41cb-937b-adaf51dd5ca7","2025-03-29 17:13:07",1
"Middle schools","a2bec9ef-28a6-41cb-937b-adaf51dd5ca7","2025-03-29 17:13:07","a2bec9ef-28a6-41cb-937b-adaf51dd5ca7","2025-03-29 17:13:07",1
"Diaries","a2bec9ef-28a6-41cb-937b-adaf51dd5ca7","2025-03-29 17:13:07","a2bec9ef-28a6-41cb-937b-adaf51dd5ca7","2025-03-29 17:13:07",1
"Dance parties","a2bec9ef-28a6-41cb-937b-adaf51dd5ca7","2025-03-29 17:13:07","a2bec9ef-28a6-41cb-937b-adaf51dd5ca7","2025-03-29 17:13:07",1
"Family life","a2bec9ef-28a6-41cb-937b-adaf51dd5ca7","2025-03-29 17:13:07","a2bec9ef-28a6-41cb-937b-adaf51dd5ca7","2025-03-29 17:13:07",1
"Best friends","a2bec9ef-28a6-41cb-937b-adaf51dd5ca7","2025-03-29 17:13:07","a2bec9ef-28a6-41cb-937b-adaf51dd5ca7","2025-03-29 17:13:07",1
"Valentine's Day","a2bec9ef-28a6-41cb-937b-adaf51dd5ca7","2025-03-29 17:13:07","a2bec9ef-28a6-41cb-937b-adaf51dd5ca7","2025-03-29 17:13:07",1
"Greg Heffley (Fictitious character)","a2bec9ef-28a6-41cb-937b-adaf51dd5ca7","2025-03-29 17:13:07","a2bec9ef-28a6-41cb-937b-adaf51dd5ca7","2025-03-29 17:13:07",1
"Diary Of A Wimpy Kid Book 07 The Third Wheel","a2bec9ef-28a6-41cb-937b-adaf51dd5ca7","2025-03-29 17:13:07","a2bec9ef-28a6-41cb-937b-adaf51dd5ca7","2025-03-29 17:13:07",1
"Dance","a2bec9ef-28a6-41cb-937b-adaf51dd5ca7","2025-03-29 17:13:07","a2bec9ef-28a6-41cb-937b-adaf51dd5ca7","2025-03-29 17:13:07",1
"Mejores amigos","a2bec9ef-28a6-41cb-937b-adaf51dd5ca7","2025-03-29 17:13:07","a2bec9ef-28a6-41cb-937b-adaf51dd5ca7","2025-03-29 17:13:07",1
"Estudiantes de la escuela media","a2bec9ef-28a6-41cb-937b-adaf51dd5ca7","2025-03-29 17:13:07","a2bec9ef-28a6-41cb-937b-adaf51dd5ca7","2025-03-29 17:13:07",1
"Día de San Valentín","a2bec9ef-28a6-41cb-937b-adaf51dd5ca7","2025-03-29 17:13:07","a2bec9ef-28a6-41cb-937b-adaf51dd5ca7","2025-03-29 17:13:07",1
"Danza","a2bec9ef-28a6-41cb-937b-adaf51dd5ca7","2025-03-29 17:13:07","a2bec9ef-28a6-41cb-937b-adaf51dd5ca7","2025-03-29 17:13:07",1
"Comics & Graphic Novels","a2bec9ef-28a6-41cb-937b-adaf51dd5ca7","2025-03-29 17:13:07","a2bec9ef-28a6-41cb-937b-adaf51dd5ca7","2025-03-29 17:13:07",1
"School stories","a2bec9ef-28a6-41cb-937b-adaf51dd5ca7","2025-03-29 17:13:07","a2bec9ef-28a6-41cb-937b-adaf51dd5ca7","2025-03-29 17:13:07",1
"Middle school","a2bec9ef-28a6-41cb-937b-adaf51dd5ca7","2025-03-29 17:13:07","a2bec9ef-28a6-41cb-937b-adaf51dd5ca7","2025-03-29 17:13:07",1
"school dance","a2bec9ef-28a6-41cb-937b-adaf51dd5ca7","2025-03-29 17:13:07","a2bec9ef-28a6-41cb-937b-adaf51dd5ca7","2025-03-29 17:13:07",1
"date","a2bec9ef-28a6-41cb-937b-adaf51dd5ca7","2025-03-29 17:13:07","a2bec9ef-28a6-41cb-937b-adaf51dd5ca7","2025-03-29 17:13:07",1
"Best rriends","a2bec9ef-28a6-41cb-937b-adaf51dd5ca7","2025-03-29 17:13:07","a2bec9ef-28a6-41cb-937b-adaf51dd5ca7","2025-03-29 17:13:07",1
"Heffley, Greg -- Juvenile fiction","a2bec9ef-28a6-41cb-937b-adaf51dd5ca7","2025-03-29 17:13:07","a2bec9ef-28a6-41cb-937b-adaf51dd5ca7","2025-03-29 17:13:07",1
"Heffley, Greg","a2bec9ef-28a6-41cb-937b-adaf51dd5ca7","2025-03-29 17:13:07","a2bec9ef-28a6-41cb-937b-adaf51dd5ca7","2025-03-29 17:13:07",1
"Middle schools -- Fiction","a2bec9ef-28a6-41cb-937b-adaf51dd5ca7","2025-03-29 17:13:07","a2bec9ef-28a6-41cb-937b-adaf51dd5ca7","2025-03-29 17:13:07",1
"Schools -- Fiction","a2bec9ef-28a6-41cb-937b-adaf51dd5ca7","2025-03-29 17:13:07","a2bec9ef-28a6-41cb-937b-adaf51dd5ca7","2025-03-29 17:13:07",1
"Valentine's Day -- Fiction","a2bec9ef-28a6-41cb-937b-adaf51dd5ca7","2025-03-29 17:13:07","a2bec9ef-28a6-41cb-937b-adaf51dd5ca7","2025-03-29 17:13:07",1
"Dance parties -- Fiction","a2bec9ef-28a6-41cb-937b-adaf51dd5ca7","2025-03-29 17:13:07","a2bec9ef-28a6-41cb-937b-adaf51dd5ca7","2025-03-29 17:13:07",1
"Best friends -- Fiction","a2bec9ef-28a6-41cb-937b-adaf51dd5ca7","2025-03-29 17:13:07","a2bec9ef-28a6-41cb-937b-adaf51dd5ca7","2025-03-29 17:13:07",1
"Friendship -- Fiction","a2bec9ef-28a6-41cb-937b-adaf51dd5ca7","2025-03-29 17:13:07","a2bec9ef-28a6-41cb-937b-adaf51dd5ca7","2025-03-29 17:13:07",1
"Family life -- Fiction","a2bec9ef-28a6-41cb-937b-adaf51dd5ca7","2025-03-29 17:13:07","a2bec9ef-28a6-41cb-937b-adaf51dd5ca7","2025-03-29 17:13:07",1
"Diaries -- Fiction","a2bec9ef-28a6-41cb-937b-adaf51dd5ca7","2025-03-29 17:13:07","a2bec9ef-28a6-41cb-937b-adaf51dd5ca7","2025-03-29 17:13:07",1
"Livres en gros caractères","a2bec9ef-28a6-41cb-937b-adaf51dd5ca7","2025-03-29 17:13:07","a2bec9ef-28a6-41cb-937b-adaf51dd5ca7","2025-03-29 17:13:07",1
"large print books","a2bec9ef-28a6-41cb-937b-adaf51dd5ca7","2025-03-29 17:13:07","a2bec9ef-28a6-41cb-937b-adaf51dd5ca7","2025-03-29 17:13:07",1
"JUVENILE FICTION -- Family -- Siblings","a2bec9ef-28a6-41cb-937b-adaf51dd5ca7","2025-03-29 17:13:07","a2bec9ef-28a6-41cb-937b-adaf51dd5ca7","2025-03-29 17:13:07",1
"JUVENILE FICTION -- Humorous Stories","a2bec9ef-28a6-41cb-937b-adaf51dd5ca7","2025-03-29 17:13:07","a2bec9ef-28a6-41cb-937b-adaf51dd5ca7","2025-03-29 17:13:07",1
"Neanderthals","a2bec9ef-28a6-41cb-937b-adaf51dd5ca7","2025-03-29 17:13:07","a2bec9ef-28a6-41cb-937b-adaf51dd5ca7","2025-03-29 17:13:07",1
"shamanism","a2bec9ef-28a6-41cb-937b-adaf51dd5ca7","2025-03-29 17:13:07","a2bec9ef-28a6-41cb-937b-adaf51dd5ca7","2025-03-29 17:13:07",1
"sign language","a2bec9ef-28a6-41cb-937b-adaf51dd5ca7","2025-03-29 17:13:07","a2bec9ef-28a6-41cb-937b-adaf51dd5ca7","2025-03-29 17:13:07",1
"taboos","a2bec9ef-28a6-41cb-937b-adaf51dd5ca7","2025-03-29 17:13:07","a2bec9ef-28a6-41cb-937b-adaf51dd5ca7","2025-03-29 17:13:07",1
"prehistoric fiction","a2bec9ef-28a6-41cb-937b-adaf51dd5ca7","2025-03-29 17:13:07","a2bec9ef-28a6-41cb-937b-adaf51dd5ca7","2025-03-29 17:13:07",1
"epic","a2bec9ef-28a6-41cb-937b-adaf51dd5ca7","2025-03-29 17:13:07","a2bec9ef-28a6-41cb-937b-adaf51dd5ca7","2025-03-29 17:13:07",1
"epic fiction","a2bec9ef-28a6-41cb-937b-adaf51dd5ca7","2025-03-29 17:13:07","a2bec9ef-28a6-41cb-937b-adaf51dd5ca7","2025-03-29 17:13:07",1
"prehistoric man","a2bec9ef-28a6-41cb-937b-adaf51dd5ca7","2025-03-29 17:13:07","a2bec9ef-28a6-41cb-937b-adaf51dd5ca7","2025-03-29 17:13:07",1
"epic literature","a2bec9ef-28a6-41cb-937b-adaf51dd5ca7","2025-03-29 17:13:07","a2bec9ef-28a6-41cb-937b-adaf51dd5ca7","2025-03-29 17:13:07",1
"historical fiction","a2bec9ef-28a6-41cb-937b-adaf51dd5ca7","2025-03-29 17:13:07","a2bec9ef-28a6-41cb-937b-adaf51dd5ca7","2025-03-29 17:13:07",1
"Prehistoric peoples","a2bec9ef-28a6-41cb-937b-adaf51dd5ca7","2025-03-29 17:13:07","a2bec9ef-28a6-41cb-937b-adaf51dd5ca7","2025-03-29 17:13:07",1
"Women","a2bec9ef-28a6-41cb-937b-adaf51dd5ca7","2025-03-29 17:13:07","a2bec9ef-28a6-41cb-937b-adaf51dd5ca7","2025-03-29 17:13:07",1
"Ayla (Fictitious character)","a2bec9ef-28a6-41cb-937b-adaf51dd5ca7","2025-03-29 17:13:07","a2bec9ef-28a6-41cb-937b-adaf51dd5ca7","2025-03-29 17:13:07",1
"Glacial epoch","a2bec9ef-28a6-41cb-937b-adaf51dd5ca7","2025-03-29 17:13:07","a2bec9ef-28a6-41cb-937b-adaf51dd5ca7","2025-03-29 17:13:07",1
"Fiction, historical","a2bec9ef-28a6-41cb-937b-adaf51dd5ca7","2025-03-29 17:13:07","a2bec9ef-28a6-41cb-937b-adaf51dd5ca7","2025-03-29 17:13:07",1
"Ayla (fictitious character : auel), fiction","a2bec9ef-28a6-41cb-937b-adaf51dd5ca7","2025-03-29 17:13:07","a2bec9ef-28a6-41cb-937b-adaf51dd5ca7","2025-03-29 17:13:07",1
"Europe, fiction","a2bec9ef-28a6-41cb-937b-adaf51dd5ca7","2025-03-29 17:13:07","a2bec9ef-28a6-41cb-937b-adaf51dd5ca7","2025-03-29 17:13:07",1
"Préhistoire","a2bec9ef-28a6-41cb-937b-adaf51dd5ca7","2025-03-29 17:13:07","a2bec9ef-28a6-41cb-937b-adaf51dd5ca7","2025-03-29 17:13:07",1
"Fiction, historical, general","a2bec9ef-28a6-41cb-937b-adaf51dd5ca7","2025-03-29 17:13:07","a2bec9ef-28a6-41cb-937b-adaf51dd5ca7","2025-03-29 17:13:07",1
"Ayla (Fictional character)","a2bec9ef-28a6-41cb-937b-adaf51dd5ca7","2025-03-29 17:13:07","a2bec9ef-28a6-41cb-937b-adaf51dd5ca7","2025-03-29 17:13:07",1
"Ice age","a2bec9ef-28a6-41cb-937b-adaf51dd5ca7","2025-03-29 17:13:07","a2bec9ef-28a6-41cb-937b-adaf51dd5ca7","2025-03-29 17:13:07",1
"Primitive societies","a2bec9ef-28a6-41cb-937b-adaf51dd5ca7","2025-03-29 17:13:07","a2bec9ef-28a6-41cb-937b-adaf51dd5ca7","2025-03-29 17:13:07",1
"Rand al'Thor (Fictitious character)","a2bec9ef-28a6-41cb-937b-adaf51dd5ca7","2025-03-29 17:13:07","a2bec9ef-28a6-41cb-937b-adaf51dd5ca7","2025-03-29 17:13:07",1
"Rand al'thor (fictitious character), fiction","a2bec9ef-28a6-41cb-937b-adaf51dd5ca7","2025-03-29 17:13:07","a2bec9ef-28a6-41cb-937b-adaf51dd5ca7","2025-03-29 17:13:07",1
"Aes Sedai","a2bec9ef-28a6-41cb-937b-adaf51dd5ca7","2025-03-29 17:13:07","a2bec9ef-28a6-41cb-937b-adaf51dd5ca7","2025-03-29 17:13:07",1
"Rand al'Thor","a2bec9ef-28a6-41cb-937b-adaf51dd5ca7","2025-03-29 17:13:07","a2bec9ef-28a6-41cb-937b-adaf51dd5ca7","2025-03-29 17:13:07",1
"wheel of time","a2bec9ef-28a6-41cb-937b-adaf51dd5ca7","2025-03-29 17:13:07","a2bec9ef-28a6-41cb-937b-adaf51dd5ca7","2025-03-29 17:13:07",1
"robert jordon","a2bec9ef-28a6-41cb-937b-adaf51dd5ca7","2025-03-29 17:13:07","a2bec9ef-28a6-41cb-937b-adaf51dd5ca7","2025-03-29 17:13:07",1
"Good and evil","a2bec9ef-28a6-41cb-937b-adaf51dd5ca7","2025-03-29 17:13:07","a2bec9ef-28a6-41cb-937b-adaf51dd5ca7","2025-03-29 17:13:07",1
"Heroes","a2bec9ef-28a6-41cb-937b-adaf51dd5ca7","2025-03-29 17:13:07","a2bec9ef-28a6-41cb-937b-adaf51dd5ca7","2025-03-29 17:13:07",1
"Sex role","a2bec9ef-28a6-41cb-937b-adaf51dd5ca7","2025-03-29 17:13:07","a2bec9ef-28a6-41cb-937b-adaf51dd5ca7","2025-03-29 17:13:07",1
"Reincarnation","a2bec9ef-28a6-41cb-937b-adaf51dd5ca7","2025-03-29 17:13:07","a2bec9ef-28a6-41cb-937b-adaf51dd5ca7","2025-03-29 17:13:07",1
"Novela estadounidense","a2bec9ef-28a6-41cb-937b-adaf51dd5ca7","2025-03-29 17:13:07","a2bec9ef-28a6-41cb-937b-adaf51dd5ca7","2025-03-29 17:13:07",1
"Novela fantástica estadounidense","a2bec9ef-28a6-41cb-937b-adaf51dd5ca7","2025-03-29 17:13:07","a2bec9ef-28a6-41cb-937b-adaf51dd5ca7","2025-03-29 17:13:07",1
"Kidnapping victims","a2bec9ef-28a6-41cb-937b-adaf51dd5ca7","2025-03-29 17:13:07","a2bec9ef-28a6-41cb-937b-adaf51dd5ca7","2025-03-29 17:13:07",1
"Physics teachers","a2bec9ef-28a6-41cb-937b-adaf51dd5ca7","2025-03-29 17:13:07","a2bec9ef-28a6-41cb-937b-adaf51dd5ca7","2025-03-29 17:13:07",1
"Reality","a2bec9ef-28a6-41cb-937b-adaf51dd5ca7","2025-03-29 17:13:07","a2bec9ef-28a6-41cb-937b-adaf51dd5ca7","2025-03-29 17:13:07",1
"Fiction, thrillers, general","a2bec9ef-28a6-41cb-937b-adaf51dd5ca7","2025-03-29 17:13:07","a2bec9ef-28a6-41cb-937b-adaf51dd5ca7","2025-03-29 17:13:07",1
"Fiction, psychological","a2bec9ef-28a6-41cb-937b-adaf51dd5ca7","2025-03-29 17:13:07","a2bec9ef-28a6-41cb-937b-adaf51dd5ca7","2025-03-29 17:13:07",1
"Fiction, thrillers","a2bec9ef-28a6-41cb-937b-adaf51dd5ca7","2025-03-29 17:13:07","a2bec9ef-28a6-41cb-937b-adaf51dd5ca7","2025-03-29 17:13:07",1
"nyt:hardcover-fiction=2016-08-14","a2bec9ef-28a6-41cb-937b-adaf51dd5ca7","2025-03-29 17:13:07","a2bec9ef-28a6-41cb-937b-adaf51dd5ca7","2025-03-29 17:13:07",1
"Thrillers","a2bec9ef-28a6-41cb-937b-adaf51dd5ca7","2025-03-29 17:13:07","a2bec9ef-28a6-41cb-937b-adaf51dd5ca7","2025-03-29 17:13:07",1
"Technological","a2bec9ef-28a6-41cb-937b-adaf51dd5ca7","2025-03-29 17:13:07","a2bec9ef-28a6-41cb-937b-adaf51dd5ca7","2025-03-29 17:13:07",1
"FICTION / Science Fiction","a2bec9ef-28a6-41cb-937b-adaf51dd5ca7","2025-03-29 17:13:07","a2bec9ef-28a6-41cb-937b-adaf51dd5ca7","2025-03-29 17:13:07",1
"FICTION / Thrillers / Suspense","a2bec9ef-28a6-41cb-937b-adaf51dd5ca7","2025-03-29 17:13:07","a2bec9ef-28a6-41cb-937b-adaf51dd5ca7","2025-03-29 17:13:07",1
"FICTION / Thrillers / Technological","a2bec9ef-28a6-41cb-937b-adaf51dd5ca7","2025-03-29 17:13:07","a2bec9ef-28a6-41cb-937b-adaf51dd5ca7","2025-03-29 17:13:07",1
"sex","a2bec9ef-28a6-41cb-937b-adaf51dd5ca7","2025-03-29 17:13:07","a2bec9ef-28a6-41cb-937b-adaf51dd5ca7","2025-03-29 17:13:07",1
"contemporary","a2bec9ef-28a6-41cb-937b-adaf51dd5ca7","2025-03-29 17:13:07","a2bec9ef-28a6-41cb-937b-adaf51dd5ca7","2025-03-29 17:13:07",1
"Dublin (ireland)","a2bec9ef-28a6-41cb-937b-adaf51dd5ca7","2025-03-29 17:13:07","a2bec9ef-28a6-41cb-937b-adaf51dd5ca7","2025-03-29 17:13:07",1
"literary fiction","a2bec9ef-28a6-41cb-937b-adaf51dd5ca7","2025-03-29 17:13:07","a2bec9ef-28a6-41cb-937b-adaf51dd5ca7","2025-03-29 17:13:07",1
"nyt:combined-print-and-e-book-fiction=2019-05-05","a2bec9ef-28a6-41cb-937b-adaf51dd5ca7","2025-03-29 17:13:07","a2bec9ef-28a6-41cb-937b-adaf51dd5ca7","2025-03-29 17:13:07",1
"Fiction, romance, contemporary","a2bec9ef-28a6-41cb-937b-adaf51dd5ca7","2025-03-29 17:13:07","a2bec9ef-28a6-41cb-937b-adaf51dd5ca7","2025-03-29 17:13:07",1
"Dublin (ireland), fiction","a2bec9ef-28a6-41cb-937b-adaf51dd5ca7","2025-03-29 17:13:07","a2bec9ef-28a6-41cb-937b-adaf51dd5ca7","2025-03-29 17:13:07",1
"Social classes","a2bec9ef-28a6-41cb-937b-adaf51dd5ca7","2025-03-29 17:13:07","a2bec9ef-28a6-41cb-937b-adaf51dd5ca7","2025-03-29 17:13:07",1
"College students","a2bec9ef-28a6-41cb-937b-adaf51dd5ca7","2025-03-29 17:13:07","a2bec9ef-28a6-41cb-937b-adaf51dd5ca7","2025-03-29 17:13:07",1
"New Fiction","a2bec9ef-28a6-41cb-937b-adaf51dd5ca7","2025-03-29 17:13:07","a2bec9ef-28a6-41cb-937b-adaf51dd5ca7","2025-03-29 17:13:07",1
"FICTION / Coming of Age","a2bec9ef-28a6-41cb-937b-adaf51dd5ca7","2025-03-29 17:13:07","a2bec9ef-28a6-41cb-937b-adaf51dd5ca7","2025-03-29 17:13:07",1
"FICTION / Literary","a2bec9ef-28a6-41cb-937b-adaf51dd5ca7","2025-03-29 17:13:07","a2bec9ef-28a6-41cb-937b-adaf51dd5ca7","2025-03-29 17:13:07",1
"FICTION / Psychological","a2bec9ef-28a6-41cb-937b-adaf51dd5ca7","2025-03-29 17:13:07","a2bec9ef-28a6-41cb-937b-adaf51dd5ca7","2025-03-29 17:13:07",1
"Courts and courtiers","a2bec9ef-28a6-41cb-937b-adaf51dd5ca7","2025-03-29 17:13:07","a2bec9ef-28a6-41cb-937b-adaf51dd5ca7","2025-03-29 17:13:07",1
"Women revolutionaries","a2bec9ef-28a6-41cb-937b-adaf51dd5ca7","2025-03-29 17:13:07","a2bec9ef-28a6-41cb-937b-adaf51dd5ca7","2025-03-29 17:13:07",1
"Thieves","a2bec9ef-28a6-41cb-937b-adaf51dd5ca7","2025-03-29 17:13:07","a2bec9ef-28a6-41cb-937b-adaf51dd5ca7","2025-03-29 17:13:07",1
"Nobility","a2bec9ef-28a6-41cb-937b-adaf51dd5ca7","2025-03-29 17:13:07","a2bec9ef-28a6-41cb-937b-adaf51dd5ca7","2025-03-29 17:13:07",1
"Covert Operations","a2bec9ef-28a6-41cb-937b-adaf51dd5ca7","2025-03-29 17:13:07","a2bec9ef-28a6-41cb-937b-adaf51dd5ca7","2025-03-29 17:13:07",1
"Mystical powers","a2bec9ef-28a6-41cb-937b-adaf51dd5ca7","2025-03-29 17:13:07","a2bec9ef-28a6-41cb-937b-adaf51dd5ca7","2025-03-29 17:13:07",1
"Upraising","a2bec9ef-28a6-41cb-937b-adaf51dd5ca7","2025-03-29 17:13:07","a2bec9ef-28a6-41cb-937b-adaf51dd5ca7","2025-03-29 17:13:07",1
"Epic","a2bec9ef-28a6-41cb-937b-adaf51dd5ca7","2025-03-29 17:13:07","a2bec9ef-28a6-41cb-937b-adaf51dd5ca7","2025-03-29 17:13:07",1
"Slaves","a2bec9ef-28a6-41cb-937b-adaf51dd5ca7","2025-03-29 17:13:07","a2bec9ef-28a6-41cb-937b-adaf51dd5ca7","2025-03-29 17:13:07",1
"Fantasía","a2bec9ef-28a6-41cb-937b-adaf51dd5ca7","2025-03-29 17:13:07","a2bec9ef-28a6-41cb-937b-adaf51dd5ca7","2025-03-29 17:13:07",1
"Ficción","a2bec9ef-28a6-41cb-937b-adaf51dd5ca7","2025-03-29 17:13:07","a2bec9ef-28a6-41cb-937b-adaf51dd5ca7","2025-03-29 17:13:07",1
"Magia","a2bec9ef-28a6-41cb-937b-adaf51dd5ca7","2025-03-29 17:13:07","a2bec9ef-28a6-41cb-937b-adaf51dd5ca7","2025-03-29 17:13:07",1
"Adulto","a2bec9ef-28a6-41cb-937b-adaf51dd5ca7","2025-03-29 17:13:07","a2bec9ef-28a6-41cb-937b-adaf51dd5ca7","2025-03-29 17:13:07",1
"suspense & thriller","a2bec9ef-28a6-41cb-937b-adaf51dd5ca7","2025-03-29 17:13:07","a2bec9ef-28a6-41cb-937b-adaf51dd5ca7","2025-03-29 17:13:07",1
"biological warfare","a2bec9ef-28a6-41cb-937b-adaf51dd5ca7","2025-03-29 17:13:07","a2bec9ef-28a6-41cb-937b-adaf51dd5ca7","2025-03-29 17:13:07",1
"research","a2bec9ef-28a6-41cb-937b-adaf51dd5ca7","2025-03-29 17:13:07","a2bec9ef-28a6-41cb-937b-adaf51dd5ca7","2025-03-29 17:13:07",1
"Horror","a2bec9ef-28a6-41cb-937b-adaf51dd5ca7","2025-03-29 17:13:07","a2bec9ef-28a6-41cb-937b-adaf51dd5ca7","2025-03-29 17:13:07",1
"Apocalyptic & Post-Apocalyptic science fiction","a2bec9ef-28a6-41cb-937b-adaf51dd5ca7","2025-03-29 17:13:07","a2bec9ef-28a6-41cb-937b-adaf51dd5ca7","2025-03-29 17:13:07",1
"nuclear weapons","a2bec9ef-28a6-41cb-937b-adaf51dd5ca7","2025-03-29 17:13:07","a2bec9ef-28a6-41cb-937b-adaf51dd5ca7","2025-03-29 17:13:07",1
"cordon sanitaire","a2bec9ef-28a6-41cb-937b-adaf51dd5ca7","2025-03-29 17:13:07","a2bec9ef-28a6-41cb-937b-adaf51dd5ca7","2025-03-29 17:13:07",1
"index cases","a2bec9ef-28a6-41cb-937b-adaf51dd5ca7","2025-03-29 17:13:07","a2bec9ef-28a6-41cb-937b-adaf51dd5ca7","2025-03-29 17:13:07",1
"martial law","a2bec9ef-28a6-41cb-937b-adaf51dd5ca7","2025-03-29 17:13:07","a2bec9ef-28a6-41cb-937b-adaf51dd5ca7","2025-03-29 17:13:07",1
"post-apocalyptic","a2bec9ef-28a6-41cb-937b-adaf51dd5ca7","2025-03-29 17:13:07","a2bec9ef-28a6-41cb-937b-adaf51dd5ca7","2025-03-29 17:13:07",1
"influenza","a2bec9ef-28a6-41cb-937b-adaf51dd5ca7","2025-03-29 17:13:07","a2bec9ef-28a6-41cb-937b-adaf51dd5ca7","2025-03-29 17:13:07",1
"pandemic","a2bec9ef-28a6-41cb-937b-adaf51dd5ca7","2025-03-29 17:13:07","a2bec9ef-28a6-41cb-937b-adaf51dd5ca7","2025-03-29 17:13:07",1
"End of the World","a2bec9ef-28a6-41cb-937b-adaf51dd5ca7","2025-03-29 17:13:07","a2bec9ef-28a6-41cb-937b-adaf51dd5ca7","2025-03-29 17:13:07",1
"survival","a2bec9ef-28a6-41cb-937b-adaf51dd5ca7","2025-03-29 17:13:07","a2bec9ef-28a6-41cb-937b-adaf51dd5ca7","2025-03-29 17:13:07",1
"plague","a2bec9ef-28a6-41cb-937b-adaf51dd5ca7","2025-03-29 17:13:07","a2bec9ef-28a6-41cb-937b-adaf51dd5ca7","2025-03-29 17:13:07",1
"epidemics","a2bec9ef-28a6-41cb-937b-adaf51dd5ca7","2025-03-29 17:13:07","a2bec9ef-28a6-41cb-937b-adaf51dd5ca7","2025-03-29 17:13:07",1
"Virus diseases","a2bec9ef-28a6-41cb-937b-adaf51dd5ca7","2025-03-29 17:13:07","a2bec9ef-28a6-41cb-937b-adaf51dd5ca7","2025-03-29 17:13:07",1
"Apocalyptic & Post-Apocalyptic","a2bec9ef-28a6-41cb-937b-adaf51dd5ca7","2025-03-29 17:13:07","a2bec9ef-28a6-41cb-937b-adaf51dd5ca7","2025-03-29 17:13:07",1
"nyt:trade-fiction-paperback=2021-01-03","a2bec9ef-28a6-41cb-937b-adaf51dd5ca7","2025-03-29 17:13:07","a2bec9ef-28a6-41cb-937b-adaf51dd5ca7","2025-03-29 17:13:07",1
"Bedtime","a2bec9ef-28a6-41cb-937b-adaf51dd5ca7","2025-03-29 17:13:07","a2bec9ef-28a6-41cb-937b-adaf51dd5ca7","2025-03-29 17:13:07",1
"Hares","a2bec9ef-28a6-41cb-937b-adaf51dd5ca7","2025-03-29 17:13:07","a2bec9ef-28a6-41cb-937b-adaf51dd5ca7","2025-03-29 17:13:07",1
"Padre e hijo","a2bec9ef-28a6-41cb-937b-adaf51dd5ca7","2025-03-29 17:13:07","a2bec9ef-28a6-41cb-937b-adaf51dd5ca7","2025-03-29 17:13:07",1
"Hora de acostarse","a2bec9ef-28a6-41cb-937b-adaf51dd5ca7","2025-03-29 17:13:07","a2bec9ef-28a6-41cb-937b-adaf51dd5ca7","2025-03-29 17:13:07",1
"Amor","a2bec9ef-28a6-41cb-937b-adaf51dd5ca7","2025-03-29 17:13:07","a2bec9ef-28a6-41cb-937b-adaf51dd5ca7","2025-03-29 17:13:07",1
"Conejos","a2bec9ef-28a6-41cb-937b-adaf51dd5ca7","2025-03-29 17:13:07","a2bec9ef-28a6-41cb-937b-adaf51dd5ca7","2025-03-29 17:13:07",1
"Amour","a2bec9ef-28a6-41cb-937b-adaf51dd5ca7","2025-03-29 17:13:07","a2bec9ef-28a6-41cb-937b-adaf51dd5ca7","2025-03-29 17:13:07",1
"Ouvrages pour la jeunesse","a2bec9ef-28a6-41cb-937b-adaf51dd5ca7","2025-03-29 17:13:07","a2bec9ef-28a6-41cb-937b-adaf51dd5ca7","2025-03-29 17:13:07",1
"Vietnamese language materials","a2bec9ef-28a6-41cb-937b-adaf51dd5ca7","2025-03-29 17:13:07","a2bec9ef-28a6-41cb-937b-adaf51dd5ca7","2025-03-29 17:13:07",1
"Bilingual","a2bec9ef-28a6-41cb-937b-adaf51dd5ca7","2025-03-29 17:13:07","a2bec9ef-28a6-41cb-937b-adaf51dd5ca7","2025-03-29 17:13:07",1
"Board books","a2bec9ef-28a6-41cb-937b-adaf51dd5ca7","2025-03-29 17:13:07","a2bec9ef-28a6-41cb-937b-adaf51dd5ca7","2025-03-29 17:13:07",1
"Children's picture book","a2bec9ef-28a6-41cb-937b-adaf51dd5ca7","2025-03-29 17:13:07","a2bec9ef-28a6-41cb-937b-adaf51dd5ca7","2025-03-29 17:13:07",1
"Pictorial works","a2bec9ef-28a6-41cb-937b-adaf51dd5ca7","2025-03-29 17:13:07","a2bec9ef-28a6-41cb-937b-adaf51dd5ca7","2025-03-29 17:13:07",1
"Rabbits","a2bec9ef-28a6-41cb-937b-adaf51dd5ca7","2025-03-29 17:13:07","a2bec9ef-28a6-41cb-937b-adaf51dd5ca7","2025-03-29 17:13:07",1
"Children's picture books","a2bec9ef-28a6-41cb-937b-adaf51dd5ca7","2025-03-29 17:13:07","a2bec9ef-28a6-41cb-937b-adaf51dd5ca7","2025-03-29 17:13:07",1
"Translations into German","a2bec9ef-28a6-41cb-937b-adaf51dd5ca7","2025-03-29 17:13:07","a2bec9ef-28a6-41cb-937b-adaf51dd5ca7","2025-03-29 17:13:07",1
"Drama","a2bec9ef-28a6-41cb-937b-adaf51dd5ca7","2025-03-29 17:13:07","a2bec9ef-28a6-41cb-937b-adaf51dd5ca7","2025-03-29 17:13:07",1
"Juvenile films","a2bec9ef-28a6-41cb-937b-adaf51dd5ca7","2025-03-29 17:13:07","a2bec9ef-28a6-41cb-937b-adaf51dd5ca7","2025-03-29 17:13:07",1
"Parent and child","a2bec9ef-28a6-41cb-937b-adaf51dd5ca7","2025-03-29 17:13:07","a2bec9ef-28a6-41cb-937b-adaf51dd5ca7","2025-03-29 17:13:07",1
"Spring","a2bec9ef-28a6-41cb-937b-adaf51dd5ca7","2025-03-29 17:13:07","a2bec9ef-28a6-41cb-937b-adaf51dd5ca7","2025-03-29 17:13:07",1
"Fathers and sons, fiction","a2bec9ef-28a6-41cb-937b-adaf51dd5ca7","2025-03-29 17:13:07","a2bec9ef-28a6-41cb-937b-adaf51dd5ca7","2025-03-29 17:13:07",1
"Bedtime, fiction","a2bec9ef-28a6-41cb-937b-adaf51dd5ca7","2025-03-29 17:13:07","a2bec9ef-28a6-41cb-937b-adaf51dd5ca7","2025-03-29 17:13:07",1
"Rabbits, fiction","a2bec9ef-28a6-41cb-937b-adaf51dd5ca7","2025-03-29 17:13:07","a2bec9ef-28a6-41cb-937b-adaf51dd5ca7","2025-03-29 17:13:07",1
"Colors","a2bec9ef-28a6-41cb-937b-adaf51dd5ca7","2025-03-29 17:13:07","a2bec9ef-28a6-41cb-937b-adaf51dd5ca7","2025-03-29 17:13:07",1
"Emotions, fiction","a2bec9ef-28a6-41cb-937b-adaf51dd5ca7","2025-03-29 17:13:07","a2bec9ef-28a6-41cb-937b-adaf51dd5ca7","2025-03-29 17:13:07",1
"Picture books","a2bec9ef-28a6-41cb-937b-adaf51dd5ca7","2025-03-29 17:13:07","a2bec9ef-28a6-41cb-937b-adaf51dd5ca7","2025-03-29 17:13:07",1
"Parent and infant","a2bec9ef-28a6-41cb-937b-adaf51dd5ca7","2025-03-29 17:13:07","a2bec9ef-28a6-41cb-937b-adaf51dd5ca7","2025-03-29 17:13:07",1
"Blind","a2bec9ef-28a6-41cb-937b-adaf51dd5ca7","2025-03-29 17:13:07","a2bec9ef-28a6-41cb-937b-adaf51dd5ca7","2025-03-29 17:13:07",1
"Russian language","a2bec9ef-28a6-41cb-937b-adaf51dd5ca7","2025-03-29 17:13:07","a2bec9ef-28a6-41cb-937b-adaf51dd5ca7","2025-03-29 17:13:07",1
"Russian language materials","a2bec9ef-28a6-41cb-937b-adaf51dd5ca7","2025-03-29 17:13:07","a2bec9ef-28a6-41cb-937b-adaf51dd5ca7","2025-03-29 17:13:07",1
"Children's books","a2bec9ef-28a6-41cb-937b-adaf51dd5ca7","2025-03-29 17:13:07","a2bec9ef-28a6-41cb-937b-adaf51dd5ca7","2025-03-29 17:13:07",1
"Eltern","a2bec9ef-28a6-41cb-937b-adaf51dd5ca7","2025-03-29 17:13:07","a2bec9ef-28a6-41cb-937b-adaf51dd5ca7","2025-03-29 17:13:07",1
"Kind","a2bec9ef-28a6-41cb-937b-adaf51dd5ca7","2025-03-29 17:13:07","a2bec9ef-28a6-41cb-937b-adaf51dd5ca7","2025-03-29 17:13:07",1
"Liebe","a2bec9ef-28a6-41cb-937b-adaf51dd5ca7","2025-03-29 17:13:07","a2bec9ef-28a6-41cb-937b-adaf51dd5ca7","2025-03-29 17:13:07",1
"Feldhase","a2bec9ef-28a6-41cb-937b-adaf51dd5ca7","2025-03-29 17:13:07","a2bec9ef-28a6-41cb-937b-adaf51dd5ca7","2025-03-29 17:13:07",1
"Children's Books/Ages 4-8 Fiction","a2bec9ef-28a6-41cb-937b-adaf51dd5ca7","2025-03-29 17:13:07","a2bec9ef-28a6-41cb-937b-adaf51dd5ca7","2025-03-29 17:13:07",1
"Social Issues - Emotions & Feelings","a2bec9ef-28a6-41cb-937b-adaf51dd5ca7","2025-03-29 17:13:07","a2bec9ef-28a6-41cb-937b-adaf51dd5ca7","2025-03-29 17:13:07",1
"Children: Preschool","a2bec9ef-28a6-41cb-937b-adaf51dd5ca7","2025-03-29 17:13:07","a2bec9ef-28a6-41cb-937b-adaf51dd5ca7","2025-03-29 17:13:07",1
"Animals - Rabbits","a2bec9ef-28a6-41cb-937b-adaf51dd5ca7","2025-03-29 17:13:07","a2bec9ef-28a6-41cb-937b-adaf51dd5ca7","2025-03-29 17:13:07",1
"Family - General","a2bec9ef-28a6-41cb-937b-adaf51dd5ca7","2025-03-29 17:13:07","a2bec9ef-28a6-41cb-937b-adaf51dd5ca7","2025-03-29 17:13:07",1
"Juvenile Fiction / Classics","a2bec9ef-28a6-41cb-937b-adaf51dd5ca7","2025-03-29 17:13:07","a2bec9ef-28a6-41cb-937b-adaf51dd5ca7","2025-03-29 17:13:07",1
"Classics","a2bec9ef-28a6-41cb-937b-adaf51dd5ca7","2025-03-29 17:13:07","a2bec9ef-28a6-41cb-937b-adaf51dd5ca7","2025-03-29 17:13:07",1
"Humorous Stories","a2bec9ef-28a6-41cb-937b-adaf51dd5ca7","2025-03-29 17:13:07","a2bec9ef-28a6-41cb-937b-adaf51dd5ca7","2025-03-29 17:13:07",1
"Children's Books/Baby-Preschool","a2bec9ef-28a6-41cb-937b-adaf51dd5ca7","2025-03-29 17:13:07","a2bec9ef-28a6-41cb-937b-adaf51dd5ca7","2025-03-29 17:13:07",1
"Children: Kindergarten","a2bec9ef-28a6-41cb-937b-adaf51dd5ca7","2025-03-29 17:13:07","a2bec9ef-28a6-41cb-937b-adaf51dd5ca7","2025-03-29 17:13:07",1
"Bedtime & Dreams","a2bec9ef-28a6-41cb-937b-adaf51dd5ca7","2025-03-29 17:13:07","a2bec9ef-28a6-41cb-937b-adaf51dd5ca7","2025-03-29 17:13:07",1
"Family - Parents","a2bec9ef-28a6-41cb-937b-adaf51dd5ca7","2025-03-29 17:13:07","a2bec9ef-28a6-41cb-937b-adaf51dd5ca7","2025-03-29 17:13:07",1
"Children's Baby - Boardbooks","a2bec9ef-28a6-41cb-937b-adaf51dd5ca7","2025-03-29 17:13:07","a2bec9ef-28a6-41cb-937b-adaf51dd5ca7","2025-03-29 17:13:07",1
"Juvenile Fiction / Bedtime & Dreams","a2bec9ef-28a6-41cb-937b-adaf51dd5ca7","2025-03-29 17:13:07","a2bec9ef-28a6-41cb-937b-adaf51dd5ca7","2025-03-29 17:13:07",1
"Preschool Picture Story Books","a2bec9ef-28a6-41cb-937b-adaf51dd5ca7","2025-03-29 17:13:07","a2bec9ef-28a6-41cb-937b-adaf51dd5ca7","2025-03-29 17:13:07",1
"Juvenile Fiction / Social Situations / Emotions & Feelings","a2bec9ef-28a6-41cb-937b-adaf51dd5ca7","2025-03-29 17:13:07","a2bec9ef-28a6-41cb-937b-adaf51dd5ca7","2025-03-29 17:13:07",1
"Translations into Irish","a2bec9ef-28a6-41cb-937b-adaf51dd5ca7","2025-03-29 17:13:07","a2bec9ef-28a6-41cb-937b-adaf51dd5ca7","2025-03-29 17:13:07",1
"Social Situations - Emotions & Feelings","a2bec9ef-28a6-41cb-937b-adaf51dd5ca7","2025-03-29 17:13:07","a2bec9ef-28a6-41cb-937b-adaf51dd5ca7","2025-03-29 17:13:07",1
"Children's Audio - 4-8","a2bec9ef-28a6-41cb-937b-adaf51dd5ca7","2025-03-29 17:13:07","a2bec9ef-28a6-41cb-937b-adaf51dd5ca7","2025-03-29 17:13:07",1
"Toys, Dolls, & Puppets","a2bec9ef-28a6-41cb-937b-adaf51dd5ca7","2025-03-29 17:13:07","a2bec9ef-28a6-41cb-937b-adaf51dd5ca7","2025-03-29 17:13:07",1
"Audio - Children's","a2bec9ef-28a6-41cb-937b-adaf51dd5ca7","2025-03-29 17:13:07","a2bec9ef-28a6-41cb-937b-adaf51dd5ca7","2025-03-29 17:13:07",1
"France, fiction","a2bec9ef-28a6-41cb-937b-adaf51dd5ca7","2025-03-29 17:13:07","a2bec9ef-28a6-41cb-937b-adaf51dd5ca7","2025-03-29 17:13:07",1
"Orphans, fiction","a2bec9ef-28a6-41cb-937b-adaf51dd5ca7","2025-03-29 17:13:07","a2bec9ef-28a6-41cb-937b-adaf51dd5ca7","2025-03-29 17:13:07",1
"Spies, fiction","a2bec9ef-28a6-41cb-937b-adaf51dd5ca7","2025-03-29 17:13:07","a2bec9ef-28a6-41cb-937b-adaf51dd5ca7","2025-03-29 17:13:07",1
"Rider, alex (fictitious character), fiction","a2bec9ef-28a6-41cb-937b-adaf51dd5ca7","2025-03-29 17:13:07","a2bec9ef-28a6-41cb-937b-adaf51dd5ca7","2025-03-29 17:13:07",1
"Non-classifiable","a2bec9ef-28a6-41cb-937b-adaf51dd5ca7","2025-03-29 17:13:07","a2bec9ef-28a6-41cb-937b-adaf51dd5ca7","2025-03-29 17:13:07",1
"Animals, fiction","a2bec9ef-28a6-41cb-937b-adaf51dd5ca7","2025-03-29 17:13:07","a2bec9ef-28a6-41cb-937b-adaf51dd5ca7","2025-03-29 17:13:07",1
"Picture books for children","a2bec9ef-28a6-41cb-937b-adaf51dd5ca7","2025-03-29 17:13:07","a2bec9ef-28a6-41cb-937b-adaf51dd5ca7","2025-03-29 17:13:07",1
"Boys","a2bec9ef-28a6-41cb-937b-adaf51dd5ca7","2025-03-29 17:13:07","a2bec9ef-28a6-41cb-937b-adaf51dd5ca7","2025-03-29 17:13:07",1
"Memory","a2bec9ef-28a6-41cb-937b-adaf51dd5ca7","2025-03-29 17:13:07","a2bec9ef-28a6-41cb-937b-adaf51dd5ca7","2025-03-29 17:13:07",1
"Survival","a2bec9ef-28a6-41cb-937b-adaf51dd5ca7","2025-03-29 17:13:07","a2bec9ef-28a6-41cb-937b-adaf51dd5ca7","2025-03-29 17:13:07",1
"Fiction, coming of age","a2bec9ef-28a6-41cb-937b-adaf51dd5ca7","2025-03-29 17:13:07","a2bec9ef-28a6-41cb-937b-adaf51dd5ca7","2025-03-29 17:13:07",1
"Supervivencia","a2bec9ef-28a6-41cb-937b-adaf51dd5ca7","2025-03-29 17:13:07","a2bec9ef-28a6-41cb-937b-adaf51dd5ca7","2025-03-29 17:13:07",1
"Memoria","a2bec9ef-28a6-41cb-937b-adaf51dd5ca7","2025-03-29 17:13:07","a2bec9ef-28a6-41cb-937b-adaf51dd5ca7","2025-03-29 17:13:07",1
"Mujeres","a2bec9ef-28a6-41cb-937b-adaf51dd5ca7","2025-03-29 17:13:07","a2bec9ef-28a6-41cb-937b-adaf51dd5ca7","2025-03-29 17:13:07",1
"Bien y mal","a2bec9ef-28a6-41cb-937b-adaf51dd5ca7","2025-03-29 17:13:07","a2bec9ef-28a6-41cb-937b-adaf51dd5ca7","2025-03-29 17:13:07",1
"Muchachos","a2bec9ef-28a6-41cb-937b-adaf51dd5ca7","2025-03-29 17:13:07","a2bec9ef-28a6-41cb-937b-adaf51dd5ca7","2025-03-29 17:13:07",1
"nyt:combined-print-and-e-book-fiction=2013-07-07","a2bec9ef-28a6-41cb-937b-adaf51dd5ca7","2025-03-29 17:13:07","a2bec9ef-28a6-41cb-937b-adaf51dd5ca7","2025-03-29 17:13:07",1
"English fiction","a2bec9ef-28a6-41cb-937b-adaf51dd5ca7","2025-03-29 17:13:07","a2bec9ef-28a6-41cb-937b-adaf51dd5ca7","2025-03-29 17:13:07",1
"Coming of age","a2bec9ef-28a6-41cb-937b-adaf51dd5ca7","2025-03-29 17:13:07","a2bec9ef-28a6-41cb-937b-adaf51dd5ca7","2025-03-29 17:13:07",1
"Fantastische Literatur","a2bec9ef-28a6-41cb-937b-adaf51dd5ca7","2025-03-29 17:13:07","a2bec9ef-28a6-41cb-937b-adaf51dd5ca7","2025-03-29 17:13:07",1
"Horrorroman","a2bec9ef-28a6-41cb-937b-adaf51dd5ca7","2025-03-29 17:13:07","a2bec9ef-28a6-41cb-937b-adaf51dd5ca7","2025-03-29 17:13:07",1
"Horror tales","a2bec9ef-28a6-41cb-937b-adaf51dd5ca7","2025-03-29 17:13:07","a2bec9ef-28a6-41cb-937b-adaf51dd5ca7","2025-03-29 17:13:07",1
"Souvenir","a2bec9ef-28a6-41cb-937b-adaf51dd5ca7","2025-03-29 17:13:07","a2bec9ef-28a6-41cb-937b-adaf51dd5ca7","2025-03-29 17:13:07",1
"Retour au foyer","a2bec9ef-28a6-41cb-937b-adaf51dd5ca7","2025-03-29 17:13:07","a2bec9ef-28a6-41cb-937b-adaf51dd5ca7","2025-03-29 17:13:07",1
"Secrets de famille","a2bec9ef-28a6-41cb-937b-adaf51dd5ca7","2025-03-29 17:13:07","a2bec9ef-28a6-41cb-937b-adaf51dd5ca7","2025-03-29 17:13:07",1
"Souvenirs retrouvés","a2bec9ef-28a6-41cb-937b-adaf51dd5ca7","2025-03-29 17:13:07","a2bec9ef-28a6-41cb-937b-adaf51dd5ca7","2025-03-29 17:13:07",1
"Esprits","a2bec9ef-28a6-41cb-937b-adaf51dd5ca7","2025-03-29 17:13:07","a2bec9ef-28a6-41cb-937b-adaf51dd5ca7","2025-03-29 17:13:07",1
"Sorcières","a2bec9ef-28a6-41cb-937b-adaf51dd5ca7","2025-03-29 17:13:07","a2bec9ef-28a6-41cb-937b-adaf51dd5ca7","2025-03-29 17:13:07",1
"Bien","a2bec9ef-28a6-41cb-937b-adaf51dd5ca7","2025-03-29 17:13:07","a2bec9ef-28a6-41cb-937b-adaf51dd5ca7","2025-03-29 17:13:07",1
"Mal","a2bec9ef-28a6-41cb-937b-adaf51dd5ca7","2025-03-29 17:13:07","a2bec9ef-28a6-41cb-937b-adaf51dd5ca7","2025-03-29 17:13:07",1
"Early memories","a2bec9ef-28a6-41cb-937b-adaf51dd5ca7","2025-03-29 17:13:07","a2bec9ef-28a6-41cb-937b-adaf51dd5ca7","2025-03-29 17:13:07",1
"Habiletés de survie","a2bec9ef-28a6-41cb-937b-adaf51dd5ca7","2025-03-29 17:13:07","a2bec9ef-28a6-41cb-937b-adaf51dd5ca7","2025-03-29 17:13:07",1
"Premiers souvenirs","a2bec9ef-28a6-41cb-937b-adaf51dd5ca7","2025-03-29 17:13:07","a2bec9ef-28a6-41cb-937b-adaf51dd5ca7","2025-03-29 17:13:07",1
"Livres en gros caractères","a2bec9ef-28a6-41cb-937b-adaf51dd5ca7","2025-03-29 17:13:07","a2bec9ef-28a6-41cb-937b-adaf51dd5ca7","2025-03-29 17:13:07",1
"Large print books","a2bec9ef-28a6-41cb-937b-adaf51dd5ca7","2025-03-29 17:13:07","a2bec9ef-28a6-41cb-937b-adaf51dd5ca7","2025-03-29 17:13:07",1
"Novela","a2bec9ef-28a6-41cb-937b-adaf51dd5ca7","2025-03-29 17:13:07","a2bec9ef-28a6-41cb-937b-adaf51dd5ca7","2025-03-29 17:13:07",1
"Dresden, Harry (Fictitious characters)","a2bec9ef-28a6-41cb-937b-adaf51dd5ca7","2025-03-29 17:13:07","a2bec9ef-28a6-41cb-937b-adaf51dd5ca7","2025-03-29 17:13:07",1
"Harry Dresden (Fictitious character)","a2bec9ef-28a6-41cb-937b-adaf51dd5ca7","2025-03-29 17:13:07","a2bec9ef-28a6-41cb-937b-adaf51dd5ca7","2025-03-29 17:13:07",1
"Vampires","a2bec9ef-28a6-41cb-937b-adaf51dd5ca7","2025-03-29 17:13:07","a2bec9ef-28a6-41cb-937b-adaf51dd5ca7","2025-03-29 17:13:07",1
"Fiction, fantasy, contemporary","a2bec9ef-28a6-41cb-937b-adaf51dd5ca7","2025-03-29 17:13:07","a2bec9ef-28a6-41cb-937b-adaf51dd5ca7","2025-03-29 17:13:07",1
"Fiction, mystery & detective, general","a2bec9ef-28a6-41cb-937b-adaf51dd5ca7","2025-03-29 17:13:07","a2bec9ef-28a6-41cb-937b-adaf51dd5ca7","2025-03-29 17:13:07",1
"Chicago (ill.), fiction","a2bec9ef-28a6-41cb-937b-adaf51dd5ca7","2025-03-29 17:13:07","a2bec9ef-28a6-41cb-937b-adaf51dd5ca7","2025-03-29 17:13:07",1
"Private investigators, fiction","a2bec9ef-28a6-41cb-937b-adaf51dd5ca7","2025-03-29 17:13:07","a2bec9ef-28a6-41cb-937b-adaf51dd5ca7","2025-03-29 17:13:07",1
"Contemporary","a2bec9ef-28a6-41cb-937b-adaf51dd5ca7","2025-03-29 17:13:07","a2bec9ef-28a6-41cb-937b-adaf51dd5ca7","2025-03-29 17:13:07",1
"Anxiety disorders","a2bec9ef-28a6-41cb-937b-adaf51dd5ca7","2025-03-29 17:13:07","a2bec9ef-28a6-41cb-937b-adaf51dd5ca7","2025-03-29 17:13:07",1
"Young adult fiction","a2bec9ef-28a6-41cb-937b-adaf51dd5ca7","2025-03-29 17:13:07","a2bec9ef-28a6-41cb-937b-adaf51dd5ca7","2025-03-29 17:13:07",1
"Teenage girls","a2bec9ef-28a6-41cb-937b-adaf51dd5ca7","2025-03-29 17:13:07","a2bec9ef-28a6-41cb-937b-adaf51dd5ca7","2025-03-29 17:13:07",1
"Obsessive-compulsive disorder","a2bec9ef-28a6-41cb-937b-adaf51dd5ca7","2025-03-29 17:13:07","a2bec9ef-28a6-41cb-937b-adaf51dd5ca7","2025-03-29 17:13:07",1
"nyt:young-adult-hardcover=2017-10-29","a2bec9ef-28a6-41cb-937b-adaf51dd5ca7","2025-03-29 17:13:07","a2bec9ef-28a6-41cb-937b-adaf51dd5ca7","2025-03-29 17:13:07",1
"Missing persons, fiction","a2bec9ef-28a6-41cb-937b-adaf51dd5ca7","2025-03-29 17:13:07","a2bec9ef-28a6-41cb-937b-adaf51dd5ca7","2025-03-29 17:13:07",1
"Mental illness, fiction","a2bec9ef-28a6-41cb-937b-adaf51dd5ca7","2025-03-29 17:13:07","a2bec9ef-28a6-41cb-937b-adaf51dd5ca7","2025-03-29 17:13:07",1
"YOUNG ADULT FICTION / Coming of Age","a2bec9ef-28a6-41cb-937b-adaf51dd5ca7","2025-03-29 17:13:07","a2bec9ef-28a6-41cb-937b-adaf51dd5ca7","2025-03-29 17:13:07",1
"Mental illness","a2bec9ef-28a6-41cb-937b-adaf51dd5ca7","2025-03-29 17:13:07","a2bec9ef-28a6-41cb-937b-adaf51dd5ca7","2025-03-29 17:13:07",1
"YOUNG ADULT FICTION / Social Themes / Mental Illness","a2bec9ef-28a6-41cb-937b-adaf51dd5ca7","2025-03-29 17:13:07","a2bec9ef-28a6-41cb-937b-adaf51dd5ca7","2025-03-29 17:13:07",1
"YOUNG ADULT FICTION / Social Themes / Friendship","a2bec9ef-28a6-41cb-937b-adaf51dd5ca7","2025-03-29 17:13:07","a2bec9ef-28a6-41cb-937b-adaf51dd5ca7","2025-03-29 17:13:07",1
"nyt:young-adult-paperback-monthly=2019-10-13","a2bec9ef-28a6-41cb-937b-adaf51dd5ca7","2025-03-29 17:13:07","a2bec9ef-28a6-41cb-937b-adaf51dd5ca7","2025-03-29 17:13:07",1
"Teenage girls -- Juvenile fiction","a2bec9ef-28a6-41cb-937b-adaf51dd5ca7","2025-03-29 17:13:07","a2bec9ef-28a6-41cb-937b-adaf51dd5ca7","2025-03-29 17:13:07",1
"Obsessive-compulsive disorder -- Juvenile fiction","a2bec9ef-28a6-41cb-937b-adaf51dd5ca7","2025-03-29 17:13:07","a2bec9ef-28a6-41cb-937b-adaf51dd5ca7","2025-03-29 17:13:07",1
"Anxiety disorders -- Juvenile fiction","a2bec9ef-28a6-41cb-937b-adaf51dd5ca7","2025-03-29 17:13:07","a2bec9ef-28a6-41cb-937b-adaf51dd5ca7","2025-03-29 17:13:07",1
"Friendship -- Juvenile fiction","a2bec9ef-28a6-41cb-937b-adaf51dd5ca7","2025-03-29 17:13:07","a2bec9ef-28a6-41cb-937b-adaf51dd5ca7","2025-03-29 17:13:07",1
"Missing persons -- Juvenile fiction","a2bec9ef-28a6-41cb-937b-adaf51dd5ca7","2025-03-29 17:13:07","a2bec9ef-28a6-41cb-937b-adaf51dd5ca7","2025-03-29 17:13:07",1
"Obsessive-compulsive disorder -- Fiction","a2bec9ef-28a6-41cb-937b-adaf51dd5ca7","2025-03-29 17:13:07","a2bec9ef-28a6-41cb-937b-adaf51dd5ca7","2025-03-29 17:13:07",1
"Missing persons -- Fiction","a2bec9ef-28a6-41cb-937b-adaf51dd5ca7","2025-03-29 17:13:07","a2bec9ef-28a6-41cb-937b-adaf51dd5ca7","2025-03-29 17:13:07",1
"YOUNG ADULT FICTION -- Coming of Age","a2bec9ef-28a6-41cb-937b-adaf51dd5ca7","2025-03-29 17:13:07","a2bec9ef-28a6-41cb-937b-adaf51dd5ca7","2025-03-29 17:13:07",1
"YOUNG ADULT FICTION -- Social Themes -- Friendship","a2bec9ef-28a6-41cb-937b-adaf51dd5ca7","2025-03-29 17:13:07","a2bec9ef-28a6-41cb-937b-adaf51dd5ca7","2025-03-29 17:13:07",1
"YOUNG ADULT FICTION -- Social Themes -- Mental Illness","a2bec9ef-28a6-41cb-937b-adaf51dd5ca7","2025-03-29 17:13:07","a2bec9ef-28a6-41cb-937b-adaf51dd5ca7","2025-03-29 17:13:07",1
"Teenage girls -- Fiction","a2bec9ef-28a6-41cb-937b-adaf51dd5ca7","2025-03-29 17:13:07","a2bec9ef-28a6-41cb-937b-adaf51dd5ca7","2025-03-29 17:13:07",1
"Mental illness -- Fiction","a2bec9ef-28a6-41cb-937b-adaf51dd5ca7","2025-03-29 17:13:07","a2bec9ef-28a6-41cb-937b-adaf51dd5ca7","2025-03-29 17:13:07",1
"Mental illness -- Juvenile fiction","a2bec9ef-28a6-41cb-937b-adaf51dd5ca7","2025-03-29 17:13:07","a2bec9ef-28a6-41cb-937b-adaf51dd5ca7","2025-03-29 17:13:07",1
"Anxiety disorders -- Fiction","a2bec9ef-28a6-41cb-937b-adaf51dd5ca7","2025-03-29 17:13:07","a2bec9ef-28a6-41cb-937b-adaf51dd5ca7","2025-03-29 17:13:07",1
"Adolescentes -- Romans, nouvelles, etc. pour la jeunesse","a2bec9ef-28a6-41cb-937b-adaf51dd5ca7","2025-03-29 17:13:07","a2bec9ef-28a6-41cb-937b-adaf51dd5ca7","2025-03-29 17:13:07",1
"Personnes disparues -- Romans, nouvelles, etc. pour la jeunesse","a2bec9ef-28a6-41cb-937b-adaf51dd5ca7","2025-03-29 17:13:07","a2bec9ef-28a6-41cb-937b-adaf51dd5ca7","2025-03-29 17:13:07",1
"Amitié -- Romans, nouvelles, etc. pour la jeunesse","a2bec9ef-28a6-41cb-937b-adaf51dd5ca7","2025-03-29 17:13:07","a2bec9ef-28a6-41cb-937b-adaf51dd5ca7","2025-03-29 17:13:07",1
"Maladies mentales -- Romans, nouvelles, etc. pour la jeunesse","a2bec9ef-28a6-41cb-937b-adaf51dd5ca7","2025-03-29 17:13:07","a2bec9ef-28a6-41cb-937b-adaf51dd5ca7","2025-03-29 17:13:07",1
"Névroses obsessionnelles -- Romans, nouvelles, etc","a2bec9ef-28a6-41cb-937b-adaf51dd5ca7","2025-03-29 17:13:07","a2bec9ef-28a6-41cb-937b-adaf51dd5ca7","2025-03-29 17:13:07",1
"Troubles anxieux -- Romans, nouvelles, etc","a2bec9ef-28a6-41cb-937b-adaf51dd5ca7","2025-03-29 17:13:07","a2bec9ef-28a6-41cb-937b-adaf51dd5ca7","2025-03-29 17:13:07",1
"Roman pour jeunes adultes","a2bec9ef-28a6-41cb-937b-adaf51dd5ca7","2025-03-29 17:13:07","a2bec9ef-28a6-41cb-937b-adaf51dd5ca7","2025-03-29 17:13:07",1
"Amistad -- Novela juvenil","a2bec9ef-28a6-41cb-937b-adaf51dd5ca7","2025-03-29 17:13:07","a2bec9ef-28a6-41cb-937b-adaf51dd5ca7","2025-03-29 17:13:07",1
"Muchachas adolescentes -- Novela juvenil","a2bec9ef-28a6-41cb-937b-adaf51dd5ca7","2025-03-29 17:13:07","a2bec9ef-28a6-41cb-937b-adaf51dd5ca7","2025-03-29 17:13:07",1
"Personas desaparecidas -- Novela juvenil","a2bec9ef-28a6-41cb-937b-adaf51dd5ca7","2025-03-29 17:13:07","a2bec9ef-28a6-41cb-937b-adaf51dd5ca7","2025-03-29 17:13:07",1
"Transtorno obsesiveo compulsivo -- Novela juvenil","a2bec9ef-28a6-41cb-937b-adaf51dd5ca7","2025-03-29 17:13:07","a2bec9ef-28a6-41cb-937b-adaf51dd5ca7","2025-03-29 17:13:07",1
"Materiales en español","a2bec9ef-28a6-41cb-937b-adaf51dd5ca7","2025-03-29 17:13:07","a2bec9ef-28a6-41cb-937b-adaf51dd5ca7","2025-03-29 17:13:07",1
"Enfermedad mental -- Ficción juvenil","a2bec9ef-28a6-41cb-937b-adaf51dd5ca7","2025-03-29 17:13:07","a2bec9ef-28a6-41cb-937b-adaf51dd5ca7","2025-03-29 17:13:07",1
"Indianapolis (Ind.) -- Fiction","a2bec9ef-28a6-41cb-937b-adaf51dd5ca7","2025-03-29 17:13:07","a2bec9ef-28a6-41cb-937b-adaf51dd5ca7","2025-03-29 17:13:07",1
"Indiana -- Indianapolis","a2bec9ef-28a6-41cb-937b-adaf51dd5ca7","2025-03-29 17:13:07","a2bec9ef-28a6-41cb-937b-adaf51dd5ca7","2025-03-29 17:13:07",1
"Ability","a2bec9ef-28a6-41cb-937b-adaf51dd5ca7","2025-03-29 17:13:07","a2bec9ef-28a6-41cb-937b-adaf51dd5ca7","2025-03-29 17:13:07",1
"Psychic ability","a2bec9ef-28a6-41cb-937b-adaf51dd5ca7","2025-03-29 17:13:07","a2bec9ef-28a6-41cb-937b-adaf51dd5ca7","2025-03-29 17:13:07",1
"Identity","a2bec9ef-28a6-41cb-937b-adaf51dd5ca7","2025-03-29 17:13:07","a2bec9ef-28a6-41cb-937b-adaf51dd5ca7","2025-03-29 17:13:07",1
"Foster parents","a2bec9ef-28a6-41cb-937b-adaf51dd5ca7","2025-03-29 17:13:07","a2bec9ef-28a6-41cb-937b-adaf51dd5ca7","2025-03-29 17:13:07",1
"Elves","a2bec9ef-28a6-41cb-937b-adaf51dd5ca7","2025-03-29 17:13:07","a2bec9ef-28a6-41cb-937b-adaf51dd5ca7","2025-03-29 17:13:07",1
"Fairies, fiction","a2bec9ef-28a6-41cb-937b-adaf51dd5ca7","2025-03-29 17:13:07","a2bec9ef-28a6-41cb-937b-adaf51dd5ca7","2025-03-29 17:13:07",1
"Parapsychology, fiction","a2bec9ef-28a6-41cb-937b-adaf51dd5ca7","2025-03-29 17:13:07","a2bec9ef-28a6-41cb-937b-adaf51dd5ca7","2025-03-29 17:13:07",1
"Identity, fiction","a2bec9ef-28a6-41cb-937b-adaf51dd5ca7","2025-03-29 17:13:07","a2bec9ef-28a6-41cb-937b-adaf51dd5ca7","2025-03-29 17:13:07",1
"nyt:series-books=2016-11-20","a2bec9ef-28a6-41cb-937b-adaf51dd5ca7","2025-03-29 17:13:07","a2bec9ef-28a6-41cb-937b-adaf51dd5ca7","2025-03-29 17:13:07",1
"Identity (Philosophical concept)","a2bec9ef-28a6-41cb-937b-adaf51dd5ca7","2025-03-29 17:13:07","a2bec9ef-28a6-41cb-937b-adaf51dd5ca7","2025-03-29 17:13:07",1
"Social Themes","a2bec9ef-28a6-41cb-937b-adaf51dd5ca7","2025-03-29 17:13:07","a2bec9ef-28a6-41cb-937b-adaf51dd5ca7","2025-03-29 17:13:07",1
"Identity (Psychology)","a2bec9ef-28a6-41cb-937b-adaf51dd5ca7","2025-03-29 17:13:07","a2bec9ef-28a6-41cb-937b-adaf51dd5ca7","2025-03-29 17:13:07",1
"Foster home care","a2bec9ef-28a6-41cb-937b-adaf51dd5ca7","2025-03-29 17:13:07","a2bec9ef-28a6-41cb-937b-adaf51dd5ca7","2025-03-29 17:13:07",1
"France -- History -- 19th century -- Fiction","a2bec9ef-28a6-41cb-937b-adaf51dd5ca7","2025-03-29 17:13:07","a2bec9ef-28a6-41cb-937b-adaf51dd5ca7","2025-03-29 17:13:07",1
"France","a2bec9ef-28a6-41cb-937b-adaf51dd5ca7","2025-03-29 17:13:07","a2bec9ef-28a6-41cb-937b-adaf51dd5ca7","2025-03-29 17:13:07",1
"France in fiction","a2bec9ef-28a6-41cb-937b-adaf51dd5ca7","2025-03-29 17:13:07","a2bec9ef-28a6-41cb-937b-adaf51dd5ca7","2025-03-29 17:13:07",1
"Adventure and adventurers in fiction","a2bec9ef-28a6-41cb-937b-adaf51dd5ca7","2025-03-29 17:13:07","a2bec9ef-28a6-41cb-937b-adaf51dd5ca7","2025-03-29 17:13:07",1
"Translations into Yiddish","a2bec9ef-28a6-41cb-937b-adaf51dd5ca7","2025-03-29 17:13:07","a2bec9ef-28a6-41cb-937b-adaf51dd5ca7","2025-03-29 17:13:07",1
"Pirates in fiction","a2bec9ef-28a6-41cb-937b-adaf51dd5ca7","2025-03-29 17:13:07","a2bec9ef-28a6-41cb-937b-adaf51dd5ca7","2025-03-29 17:13:07",1
"Pirates","a2bec9ef-28a6-41cb-937b-adaf51dd5ca7","2025-03-29 17:13:07","a2bec9ef-28a6-41cb-937b-adaf51dd5ca7","2025-03-29 17:13:07",1
"Revenge in fiction","a2bec9ef-28a6-41cb-937b-adaf51dd5ca7","2025-03-29 17:13:07","a2bec9ef-28a6-41cb-937b-adaf51dd5ca7","2025-03-29 17:13:07",1
"Revenge","a2bec9ef-28a6-41cb-937b-adaf51dd5ca7","2025-03-29 17:13:07","a2bec9ef-28a6-41cb-937b-adaf51dd5ca7","2025-03-29 17:13:07",1
"False arrest","a2bec9ef-28a6-41cb-937b-adaf51dd5ca7","2025-03-29 17:13:07","a2bec9ef-28a6-41cb-937b-adaf51dd5ca7","2025-03-29 17:13:07",1
"Social life and customs","a2bec9ef-28a6-41cb-937b-adaf51dd5ca7","2025-03-29 17:13:07","a2bec9ef-28a6-41cb-937b-adaf51dd5ca7","2025-03-29 17:13:07",1
"Sailors","a2bec9ef-28a6-41cb-937b-adaf51dd5ca7","2025-03-29 17:13:07","a2bec9ef-28a6-41cb-937b-adaf51dd5ca7","2025-03-29 17:13:07",1
"False arrest in fiction","a2bec9ef-28a6-41cb-937b-adaf51dd5ca7","2025-03-29 17:13:07","a2bec9ef-28a6-41cb-937b-adaf51dd5ca7","2025-03-29 17:13:07",1
"Sailors in fiction","a2bec9ef-28a6-41cb-937b-adaf51dd5ca7","2025-03-29 17:13:07","a2bec9ef-28a6-41cb-937b-adaf51dd5ca7","2025-03-29 17:13:07",1
"Language study","a2bec9ef-28a6-41cb-937b-adaf51dd5ca7","2025-03-29 17:13:07","a2bec9ef-28a6-41cb-937b-adaf51dd5ca7","2025-03-29 17:13:07",1
"French","a2bec9ef-28a6-41cb-937b-adaf51dd5ca7","2025-03-29 17:13:07","a2bec9ef-28a6-41cb-937b-adaf51dd5ca7","2025-03-29 17:13:07",1
"Betrayal","a2bec9ef-28a6-41cb-937b-adaf51dd5ca7","2025-03-29 17:13:07","a2bec9ef-28a6-41cb-937b-adaf51dd5ca7","2025-03-29 17:13:07",1
"French literature","a2bec9ef-28a6-41cb-937b-adaf51dd5ca7","2025-03-29 17:13:07","a2bec9ef-28a6-41cb-937b-adaf51dd5ca7","2025-03-29 17:13:07",1
"Translations into Tagalog","a2bec9ef-28a6-41cb-937b-adaf51dd5ca7","2025-03-29 17:13:07","a2bec9ef-28a6-41cb-937b-adaf51dd5ca7","2025-03-29 17:13:07",1
"French literature, study and teaching","a2bec9ef-28a6-41cb-937b-adaf51dd5ca7","2025-03-29 17:13:07","a2bec9ef-28a6-41cb-937b-adaf51dd5ca7","2025-03-29 17:13:07",1
"Classic","a2bec9ef-28a6-41cb-937b-adaf51dd5ca7","2025-03-29 17:13:07","a2bec9ef-28a6-41cb-937b-adaf51dd5ca7","2025-03-29 17:13:07",1
"suspense","a2bec9ef-28a6-41cb-937b-adaf51dd5ca7","2025-03-29 17:13:07","a2bec9ef-28a6-41cb-937b-adaf51dd5ca7","2025-03-29 17:13:07",1
"drama","a2bec9ef-28a6-41cb-937b-adaf51dd5ca7","2025-03-29 17:13:07","a2bec9ef-28a6-41cb-937b-adaf51dd5ca7","2025-03-29 17:13:07",1
"love","a2bec9ef-28a6-41cb-937b-adaf51dd5ca7","2025-03-29 17:13:07","a2bec9ef-28a6-41cb-937b-adaf51dd5ca7","2025-03-29 17:13:07",1
"France, history, 1799-1914, fiction","a2bec9ef-28a6-41cb-937b-adaf51dd5ca7","2025-03-29 17:13:07","a2bec9ef-28a6-41cb-937b-adaf51dd5ca7","2025-03-29 17:13:07",1
"French language materials","a2bec9ef-28a6-41cb-937b-adaf51dd5ca7","2025-03-29 17:13:07","a2bec9ef-28a6-41cb-937b-adaf51dd5ca7","2025-03-29 17:13:07",1
"Historia","a2bec9ef-28a6-41cb-937b-adaf51dd5ca7","2025-03-29 17:13:07","a2bec9ef-28a6-41cb-937b-adaf51dd5ca7","2025-03-29 17:13:07",1
"Venganza","a2bec9ef-28a6-41cb-937b-adaf51dd5ca7","2025-03-29 17:13:07","a2bec9ef-28a6-41cb-937b-adaf51dd5ca7","2025-03-29 17:13:07",1
"Novela histórica","a2bec9ef-28a6-41cb-937b-adaf51dd5ca7","2025-03-29 17:13:07","a2bec9ef-28a6-41cb-937b-adaf51dd5ca7","2025-03-29 17:13:07",1
"Loyalty","a2bec9ef-28a6-41cb-937b-adaf51dd5ca7","2025-03-29 17:13:07","a2bec9ef-28a6-41cb-937b-adaf51dd5ca7","2025-03-29 17:13:07",1
"Zhang pian xiao shuo","a2bec9ef-28a6-41cb-937b-adaf51dd5ca7","2025-03-29 17:13:07","a2bec9ef-28a6-41cb-937b-adaf51dd5ca7","2025-03-29 17:13:07",1
"Translations into Polish","a2bec9ef-28a6-41cb-937b-adaf51dd5ca7","2025-03-29 17:13:07","a2bec9ef-28a6-41cb-937b-adaf51dd5ca7","2025-03-29 17:13:07",1
"Fiction, romance, historical, general","a2bec9ef-28a6-41cb-937b-adaf51dd5ca7","2025-03-29 17:13:07","a2bec9ef-28a6-41cb-937b-adaf51dd5ca7","2025-03-29 17:13:07",1
"Translations into Chinese","a2bec9ef-28a6-41cb-937b-adaf51dd5ca7","2025-03-29 17:13:07","a2bec9ef-28a6-41cb-937b-adaf51dd5ca7","2025-03-29 17:13:07",1
"Chinese fiction","a2bec9ef-28a6-41cb-937b-adaf51dd5ca7","2025-03-29 17:13:07","a2bec9ef-28a6-41cb-937b-adaf51dd5ca7","2025-03-29 17:13:07",1
"Fiction, general","a2bec9ef-28a6-41cb-937b-adaf51dd5ca7","2025-03-29 17:13:07","a2bec9ef-28a6-41cb-937b-adaf51dd5ca7","2025-03-29 17:13:07",1
"Judeo-Arabic literature","a2bec9ef-28a6-41cb-937b-adaf51dd5ca7","2025-03-29 17:13:07","a2bec9ef-28a6-41cb-937b-adaf51dd5ca7","2025-03-29 17:13:07",1
"Action & Adventure - General","a2bec9ef-28a6-41cb-937b-adaf51dd5ca7","2025-03-29 17:13:07","a2bec9ef-28a6-41cb-937b-adaf51dd5ca7","2025-03-29 17:13:07",1
"Historical - General","a2bec9ef-28a6-41cb-937b-adaf51dd5ca7","2025-03-29 17:13:07","a2bec9ef-28a6-41cb-937b-adaf51dd5ca7","2025-03-29 17:13:07",1
"Juvenile Historical Fiction","a2bec9ef-28a6-41cb-937b-adaf51dd5ca7","2025-03-29 17:13:07","a2bec9ef-28a6-41cb-937b-adaf51dd5ca7","2025-03-29 17:13:07",1
"Spanish: Grades 3-4","a2bec9ef-28a6-41cb-937b-adaf51dd5ca7","2025-03-29 17:13:07","a2bec9ef-28a6-41cb-937b-adaf51dd5ca7","2025-03-29 17:13:07",1
"Literary Criticism & Collections / General","a2bec9ef-28a6-41cb-937b-adaf51dd5ca7","2025-03-29 17:13:07","a2bec9ef-28a6-41cb-937b-adaf51dd5ca7","2025-03-29 17:13:07",1
"Tales","a2bec9ef-28a6-41cb-937b-adaf51dd5ca7","2025-03-29 17:13:07","a2bec9ef-28a6-41cb-937b-adaf51dd5ca7","2025-03-29 17:13:07",1
"Escapes","a2bec9ef-28a6-41cb-937b-adaf51dd5ca7","2025-03-29 17:13:07","a2bec9ef-28a6-41cb-937b-adaf51dd5ca7","2025-03-29 17:13:07",1
"Prisons","a2bec9ef-28a6-41cb-937b-adaf51dd5ca7","2025-03-29 17:13:07","a2bec9ef-28a6-41cb-937b-adaf51dd5ca7","2025-03-29 17:13:07",1
"Prisoners","a2bec9ef-28a6-41cb-937b-adaf51dd5ca7","2025-03-29 17:13:07","a2bec9ef-28a6-41cb-937b-adaf51dd5ca7","2025-03-29 17:13:07",1
"Franse fiksie","a2bec9ef-28a6-41cb-937b-adaf51dd5ca7","2025-03-29 17:13:07","a2bec9ef-28a6-41cb-937b-adaf51dd5ca7","2025-03-29 17:13:07",1
"Apologetics","a2bec9ef-28a6-41cb-937b-adaf51dd5ca7","2025-03-29 17:13:07","a2bec9ef-28a6-41cb-937b-adaf51dd5ca7","2025-03-29 17:13:07",1
"Doctrinal Theology","a2bec9ef-28a6-41cb-937b-adaf51dd5ca7","2025-03-29 17:13:07","a2bec9ef-28a6-41cb-937b-adaf51dd5ca7","2025-03-29 17:13:07",1
"Popular works","a2bec9ef-28a6-41cb-937b-adaf51dd5ca7","2025-03-29 17:13:07","a2bec9ef-28a6-41cb-937b-adaf51dd5ca7","2025-03-29 17:13:07",1
"Christianity","a2bec9ef-28a6-41cb-937b-adaf51dd5ca7","2025-03-29 17:13:07","a2bec9ef-28a6-41cb-937b-adaf51dd5ca7","2025-03-29 17:13:07",1
"Christian ethics","a2bec9ef-28a6-41cb-937b-adaf51dd5ca7","2025-03-29 17:13:07","a2bec9ef-28a6-41cb-937b-adaf51dd5ca7","2025-03-29 17:13:07",1
"Anglican authors","a2bec9ef-28a6-41cb-937b-adaf51dd5ca7","2025-03-29 17:13:07","a2bec9ef-28a6-41cb-937b-adaf51dd5ca7","2025-03-29 17:13:07",1
"Theology, doctrinal, popular works","a2bec9ef-28a6-41cb-937b-adaf51dd5ca7","2025-03-29 17:13:07","a2bec9ef-28a6-41cb-937b-adaf51dd5ca7","2025-03-29 17:13:07",1
"Christian ethics, anglican authors","a2bec9ef-28a6-41cb-937b-adaf51dd5ca7","2025-03-29 17:13:07","a2bec9ef-28a6-41cb-937b-adaf51dd5ca7","2025-03-29 17:13:07",1
"Teología dogmática","a2bec9ef-28a6-41cb-937b-adaf51dd5ca7","2025-03-29 17:13:07","a2bec9ef-28a6-41cb-937b-adaf51dd5ca7","2025-03-29 17:13:07",1
"Obras populares","a2bec9ef-28a6-41cb-937b-adaf51dd5ca7","2025-03-29 17:13:07","a2bec9ef-28a6-41cb-937b-adaf51dd5ca7","2025-03-29 17:13:07",1
"Apologética","a2bec9ef-28a6-41cb-937b-adaf51dd5ca7","2025-03-29 17:13:07","a2bec9ef-28a6-41cb-937b-adaf51dd5ca7","2025-03-29 17:13:07",1
"Teología moral","a2bec9ef-28a6-41cb-937b-adaf51dd5ca7","2025-03-29 17:13:07","a2bec9ef-28a6-41cb-937b-adaf51dd5ca7","2025-03-29 17:13:07",1
"Theology, doctrinal","a2bec9ef-28a6-41cb-937b-adaf51dd5ca7","2025-03-29 17:13:07","a2bec9ef-28a6-41cb-937b-adaf51dd5ca7","2025-03-29 17:13:07",1
"Rescue","a2bec9ef-28a6-41cb-937b-adaf51dd5ca7","2025-03-29 17:13:07","a2bec9ef-28a6-41cb-937b-adaf51dd5ca7","2025-03-29 17:13:07",1
"World War, 1939-1945","a2bec9ef-28a6-41cb-937b-adaf51dd5ca7","2025-03-29 17:13:07","a2bec9ef-28a6-41cb-937b-adaf51dd5ca7","2025-03-29 17:13:07",1
"Jews","a2bec9ef-28a6-41cb-937b-adaf51dd5ca7","2025-03-29 17:13:07","a2bec9ef-28a6-41cb-937b-adaf51dd5ca7","2025-03-29 17:13:07",1
"Girls & Women","a2bec9ef-28a6-41cb-937b-adaf51dd5ca7","2025-03-29 17:13:07","a2bec9ef-28a6-41cb-937b-adaf51dd5ca7","2025-03-29 17:13:07",1
"Holocaust","a2bec9ef-28a6-41cb-937b-adaf51dd5ca7","2025-03-29 17:13:07","a2bec9ef-28a6-41cb-937b-adaf51dd5ca7","2025-03-29 17:13:07",1
"World War (1939-1945) fast (OCoLC)fst01180924","a2bec9ef-28a6-41cb-937b-adaf51dd5ca7","2025-03-29 17:13:07","a2bec9ef-28a6-41cb-937b-adaf51dd5ca7","2025-03-29 17:13:07",1
"Judenvernichtung","a2bec9ef-28a6-41cb-937b-adaf51dd5ca7","2025-03-29 17:13:07","a2bec9ef-28a6-41cb-937b-adaf51dd5ca7","2025-03-29 17:13:07",1
"Historical","a2bec9ef-28a6-41cb-937b-adaf51dd5ca7","2025-03-29 17:13:07","a2bec9ef-28a6-41cb-937b-adaf51dd5ca7","2025-03-29 17:13:07",1
"Values & Virtues","a2bec9ef-28a6-41cb-937b-adaf51dd5ca7","2025-03-29 17:13:07","a2bec9ef-28a6-41cb-937b-adaf51dd5ca7","2025-03-29 17:13:07",1
"Dänemark","a2bec9ef-28a6-41cb-937b-adaf51dd5ca7","2025-03-29 17:13:07","a2bec9ef-28a6-41cb-937b-adaf51dd5ca7","2025-03-29 17:13:07",1
"Rettung","a2bec9ef-28a6-41cb-937b-adaf51dd5ca7","2025-03-29 17:13:07","a2bec9ef-28a6-41cb-937b-adaf51dd5ca7","2025-03-29 17:13:07",1
"Reading Level-Grade 5","a2bec9ef-28a6-41cb-937b-adaf51dd5ca7","2025-03-29 17:13:07","a2bec9ef-28a6-41cb-937b-adaf51dd5ca7","2025-03-29 17:13:07",1
"Reading Level-Grade 4","a2bec9ef-28a6-41cb-937b-adaf51dd5ca7","2025-03-29 17:13:07","a2bec9ef-28a6-41cb-937b-adaf51dd5ca7","2025-03-29 17:13:07",1
"Reading Level-Grade 7","a2bec9ef-28a6-41cb-937b-adaf51dd5ca7","2025-03-29 17:13:07","a2bec9ef-28a6-41cb-937b-adaf51dd5ca7","2025-03-29 17:13:07",1
"Reading Level-Grade 6","a2bec9ef-28a6-41cb-937b-adaf51dd5ca7","2025-03-29 17:13:07","a2bec9ef-28a6-41cb-937b-adaf51dd5ca7","2025-03-29 17:13:07",1
"Reading Level-Grade 8","a2bec9ef-28a6-41cb-937b-adaf51dd5ca7","2025-03-29 17:13:07","a2bec9ef-28a6-41cb-937b-adaf51dd5ca7","2025-03-29 17:13:07",1
"Denmark, fiction","a2bec9ef-28a6-41cb-937b-adaf51dd5ca7","2025-03-29 17:13:07","a2bec9ef-28a6-41cb-937b-adaf51dd5ca7","2025-03-29 17:13:07",1
"World war, 1939-1945, fiction","a2bec9ef-28a6-41cb-937b-adaf51dd5ca7","2025-03-29 17:13:07","a2bec9ef-28a6-41cb-937b-adaf51dd5ca7","2025-03-29 17:13:07",1
"Jews, fiction","a2bec9ef-28a6-41cb-937b-adaf51dd5ca7","2025-03-29 17:13:07","a2bec9ef-28a6-41cb-937b-adaf51dd5ca7","2025-03-29 17:13:07",1
"Stars","a2bec9ef-28a6-41cb-937b-adaf51dd5ca7","2025-03-29 17:13:07","a2bec9ef-28a6-41cb-937b-adaf51dd5ca7","2025-03-29 17:13:07",1
"Stars, fiction","a2bec9ef-28a6-41cb-937b-adaf51dd5ca7","2025-03-29 17:13:07","a2bec9ef-28a6-41cb-937b-adaf51dd5ca7","2025-03-29 17:13:07",1
"Sweden, fiction","a2bec9ef-28a6-41cb-937b-adaf51dd5ca7","2025-03-29 17:13:07","a2bec9ef-28a6-41cb-937b-adaf51dd5ca7","2025-03-29 17:13:07",1
"Jews, history, fiction","a2bec9ef-28a6-41cb-937b-adaf51dd5ca7","2025-03-29 17:13:07","a2bec9ef-28a6-41cb-937b-adaf51dd5ca7","2025-03-29 17:13:07",1
"Denmark","a2bec9ef-28a6-41cb-937b-adaf51dd5ca7","2025-03-29 17:13:07","a2bec9ef-28a6-41cb-937b-adaf51dd5ca7","2025-03-29 17:13:07",1
"Guerra Mundial II, 1939-1945","a2bec9ef-28a6-41cb-937b-adaf51dd5ca7","2025-03-29 17:13:07","a2bec9ef-28a6-41cb-937b-adaf51dd5ca7","2025-03-29 17:13:07",1
"Amistad","a2bec9ef-28a6-41cb-937b-adaf51dd5ca7","2025-03-29 17:13:07","a2bec9ef-28a6-41cb-937b-adaf51dd5ca7","2025-03-29 17:13:07",1
"Holocaust, Jewish (1939-1945)","a2bec9ef-28a6-41cb-937b-adaf51dd5ca7","2025-03-29 17:13:07","a2bec9ef-28a6-41cb-937b-adaf51dd5ca7","2025-03-29 17:13:07",1
"Children's literature, Turkish","a2bec9ef-28a6-41cb-937b-adaf51dd5ca7","2025-03-29 17:13:07","a2bec9ef-28a6-41cb-937b-adaf51dd5ca7","2025-03-29 17:13:07",1
"World war, 1939-1945","a2bec9ef-28a6-41cb-937b-adaf51dd5ca7","2025-03-29 17:13:07","a2bec9ef-28a6-41cb-937b-adaf51dd5ca7","2025-03-29 17:13:07",1
"Girls & women","a2bec9ef-28a6-41cb-937b-adaf51dd5ca7","2025-03-29 17:13:07","a2bec9ef-28a6-41cb-937b-adaf51dd5ca7","2025-03-29 17:13:07",1
"Newbery medal","a2bec9ef-28a6-41cb-937b-adaf51dd5ca7","2025-03-29 17:13:07","a2bec9ef-28a6-41cb-937b-adaf51dd5ca7","2025-03-29 17:13:07",1
"World war (1939-1945) fast (ocolc)fst01180924","a2bec9ef-28a6-41cb-937b-adaf51dd5ca7","2025-03-29 17:13:07","a2bec9ef-28a6-41cb-937b-adaf51dd5ca7","2025-03-29 17:13:07",1
"Social themes","a2bec9ef-28a6-41cb-937b-adaf51dd5ca7","2025-03-29 17:13:07","a2bec9ef-28a6-41cb-937b-adaf51dd5ca7","2025-03-29 17:13:07",1
"Values & virtues","a2bec9ef-28a6-41cb-937b-adaf51dd5ca7","2025-03-29 17:13:07","a2bec9ef-28a6-41cb-937b-adaf51dd5ca7","2025-03-29 17:13:07",1
"Reading level-grade 5","a2bec9ef-28a6-41cb-937b-adaf51dd5ca7","2025-03-29 17:13:07","a2bec9ef-28a6-41cb-937b-adaf51dd5ca7","2025-03-29 17:13:07",1
"Reading level-grade 4","a2bec9ef-28a6-41cb-937b-adaf51dd5ca7","2025-03-29 17:13:07","a2bec9ef-28a6-41cb-937b-adaf51dd5ca7","2025-03-29 17:13:07",1
"Reading level-grade 7","a2bec9ef-28a6-41cb-937b-adaf51dd5ca7","2025-03-29 17:13:07","a2bec9ef-28a6-41cb-937b-adaf51dd5ca7","2025-03-29 17:13:07",1
"Reading level-grade 6","a2bec9ef-28a6-41cb-937b-adaf51dd5ca7","2025-03-29 17:13:07","a2bec9ef-28a6-41cb-937b-adaf51dd5ca7","2025-03-29 17:13:07",1
"Reading level-grade 8","a2bec9ef-28a6-41cb-937b-adaf51dd5ca7","2025-03-29 17:13:07","a2bec9ef-28a6-41cb-937b-adaf51dd5ca7","2025-03-29 17:13:07",1
"age:min:9","a2bec9ef-28a6-41cb-937b-adaf51dd5ca7","2025-03-29 17:13:07","a2bec9ef-28a6-41cb-937b-adaf51dd5ca7","2025-03-29 17:13:07",1
"age:max:11","a2bec9ef-28a6-41cb-937b-adaf51dd5ca7","2025-03-29 17:13:07","a2bec9ef-28a6-41cb-937b-adaf51dd5ca7","2025-03-29 17:13:07",1
"grade:min:5","a2bec9ef-28a6-41cb-937b-adaf51dd5ca7","2025-03-29 17:13:07","a2bec9ef-28a6-41cb-937b-adaf51dd5ca7","2025-03-29 17:13:07",1
"grade:max:7","a2bec9ef-28a6-41cb-937b-adaf51dd5ca7","2025-03-29 17:13:07","a2bec9ef-28a6-41cb-937b-adaf51dd5ca7","2025-03-29 17:13:07",1
"Jeunes filles","a2bec9ef-28a6-41cb-937b-adaf51dd5ca7","2025-03-29 17:13:07","a2bec9ef-28a6-41cb-937b-adaf51dd5ca7","2025-03-29 17:13:07",1
"Soeurs","a2bec9ef-28a6-41cb-937b-adaf51dd5ca7","2025-03-29 17:13:07","a2bec9ef-28a6-41cb-937b-adaf51dd5ca7","2025-03-29 17:13:07",1
"Fiction, women","a2bec9ef-28a6-41cb-937b-adaf51dd5ca7","2025-03-29 17:13:07","a2bec9ef-28a6-41cb-937b-adaf51dd5ca7","2025-03-29 17:13:07",1
"Young women, fiction","a2bec9ef-28a6-41cb-937b-adaf51dd5ca7","2025-03-29 17:13:07","a2bec9ef-28a6-41cb-937b-adaf51dd5ca7","2025-03-29 17:13:07",1
"Literatura Norte Americana","a2bec9ef-28a6-41cb-937b-adaf51dd5ca7","2025-03-29 17:13:07","a2bec9ef-28a6-41cb-937b-adaf51dd5ca7","2025-03-29 17:13:07",1
"March family (Fictitious characters)","a2bec9ef-28a6-41cb-937b-adaf51dd5ca7","2025-03-29 17:13:07","a2bec9ef-28a6-41cb-937b-adaf51dd5ca7","2025-03-29 17:13:07",1
"Domestic fiction","a2bec9ef-28a6-41cb-937b-adaf51dd5ca7","2025-03-29 17:13:07","a2bec9ef-28a6-41cb-937b-adaf51dd5ca7","2025-03-29 17:13:07",1
"Bildungsromans","a2bec9ef-28a6-41cb-937b-adaf51dd5ca7","2025-03-29 17:13:07","a2bec9ef-28a6-41cb-937b-adaf51dd5ca7","2025-03-29 17:13:07",1
"Family life, fiction","a2bec9ef-28a6-41cb-937b-adaf51dd5ca7","2025-03-29 17:13:07","a2bec9ef-28a6-41cb-937b-adaf51dd5ca7","2025-03-29 17:13:07",1
"Sisters, fiction","a2bec9ef-28a6-41cb-937b-adaf51dd5ca7","2025-03-29 17:13:07","a2bec9ef-28a6-41cb-937b-adaf51dd5ca7","2025-03-29 17:13:07",1
"New england, fiction","a2bec9ef-28a6-41cb-937b-adaf51dd5ca7","2025-03-29 17:13:07","a2bec9ef-28a6-41cb-937b-adaf51dd5ca7","2025-03-29 17:13:07",1
"March family (fictitious characters), fiction","a2bec9ef-28a6-41cb-937b-adaf51dd5ca7","2025-03-29 17:13:07","a2bec9ef-28a6-41cb-937b-adaf51dd5ca7","2025-03-29 17:13:07",1
"American fiction (fictional works by one author)","a2bec9ef-28a6-41cb-937b-adaf51dd5ca7","2025-03-29 17:13:07","a2bec9ef-28a6-41cb-937b-adaf51dd5ca7","2025-03-29 17:13:07",1
"Fiction, family life, general","a2bec9ef-28a6-41cb-937b-adaf51dd5ca7","2025-03-29 17:13:07","a2bec9ef-28a6-41cb-937b-adaf51dd5ca7","2025-03-29 17:13:07",1
"Mothers and daughters, fiction","a2bec9ef-28a6-41cb-937b-adaf51dd5ca7","2025-03-29 17:13:07","a2bec9ef-28a6-41cb-937b-adaf51dd5ca7","2025-03-29 17:13:07",1
"Dictionaries","a2bec9ef-28a6-41cb-937b-adaf51dd5ca7","2025-03-29 17:13:07","a2bec9ef-28a6-41cb-937b-adaf51dd5ca7","2025-03-29 17:13:07",1
"English language","a2bec9ef-28a6-41cb-937b-adaf51dd5ca7","2025-03-29 17:13:07","a2bec9ef-28a6-41cb-937b-adaf51dd5ca7","2025-03-29 17:13:07",1
"Spanish","a2bec9ef-28a6-41cb-937b-adaf51dd5ca7","2025-03-29 17:13:07","a2bec9ef-28a6-41cb-937b-adaf51dd5ca7","2025-03-29 17:13:07",1
"Familias","a2bec9ef-28a6-41cb-937b-adaf51dd5ca7","2025-03-29 17:13:07","a2bec9ef-28a6-41cb-937b-adaf51dd5ca7","2025-03-29 17:13:07",1
"Hermanas","a2bec9ef-28a6-41cb-937b-adaf51dd5ca7","2025-03-29 17:13:07","a2bec9ef-28a6-41cb-937b-adaf51dd5ca7","2025-03-29 17:13:07",1
"Madre e hijas","a2bec9ef-28a6-41cb-937b-adaf51dd5ca7","2025-03-29 17:13:07","a2bec9ef-28a6-41cb-937b-adaf51dd5ca7","2025-03-29 17:13:07",1
"Mothers and daughters","a2bec9ef-28a6-41cb-937b-adaf51dd5ca7","2025-03-29 17:13:07","a2bec9ef-28a6-41cb-937b-adaf51dd5ca7","2025-03-29 17:13:07",1
"Young men","a2bec9ef-28a6-41cb-937b-adaf51dd5ca7","2025-03-29 17:13:07","a2bec9ef-28a6-41cb-937b-adaf51dd5ca7","2025-03-29 17:13:07",1
"Manners and customs","a2bec9ef-28a6-41cb-937b-adaf51dd5ca7","2025-03-29 17:13:07","a2bec9ef-28a6-41cb-937b-adaf51dd5ca7","2025-03-29 17:13:07",1
"Family, fiction","a2bec9ef-28a6-41cb-937b-adaf51dd5ca7","2025-03-29 17:13:07","a2bec9ef-28a6-41cb-937b-adaf51dd5ca7","2025-03-29 17:13:07",1
"Fiction, family life","a2bec9ef-28a6-41cb-937b-adaf51dd5ca7","2025-03-29 17:13:07","a2bec9ef-28a6-41cb-937b-adaf51dd5ca7","2025-03-29 17:13:07",1
"Children: Grades 4-6","a2bec9ef-28a6-41cb-937b-adaf51dd5ca7","2025-03-29 17:13:07","a2bec9ef-28a6-41cb-937b-adaf51dd5ca7","2025-03-29 17:13:07",1
"Coloring books","a2bec9ef-28a6-41cb-937b-adaf51dd5ca7","2025-03-29 17:13:07","a2bec9ef-28a6-41cb-937b-adaf51dd5ca7","2025-03-29 17:13:07",1
"German","a2bec9ef-28a6-41cb-937b-adaf51dd5ca7","2025-03-29 17:13:07","a2bec9ef-28a6-41cb-937b-adaf51dd5ca7","2025-03-29 17:13:07",1
"Literarne študije","a2bec9ef-28a6-41cb-937b-adaf51dd5ca7","2025-03-29 17:13:07","a2bec9ef-28a6-41cb-937b-adaf51dd5ca7","2025-03-29 17:13:07",1
"Little women''''''''''''''''''''''''''''''''''''''''''''''''''''''''''''''''''''''''''''''''''''''''''''''''''''''''''''''''''''''''''''''''","a2bec9ef-28a6-41cb-937b-adaf51dd5ca7","2025-03-29 17:13:07","a2bec9ef-28a6-41cb-937b-adaf51dd5ca7","2025-03-29 17:13:07",1
"Japanese language books","a2bec9ef-28a6-41cb-937b-adaf51dd5ca7","2025-03-29 17:13:07","a2bec9ef-28a6-41cb-937b-adaf51dd5ca7","2025-03-29 17:13:07",1
"New England","a2bec9ef-28a6-41cb-937b-adaf51dd5ca7","2025-03-29 17:13:07","a2bec9ef-28a6-41cb-937b-adaf51dd5ca7","2025-03-29 17:13:07",1
"Američki građanski rat","a2bec9ef-28a6-41cb-937b-adaf51dd5ca7","2025-03-29 17:13:07","a2bec9ef-28a6-41cb-937b-adaf51dd5ca7","2025-03-29 17:13:07",1
"ljubav","a2bec9ef-28a6-41cb-937b-adaf51dd5ca7","2025-03-29 17:13:07","a2bec9ef-28a6-41cb-937b-adaf51dd5ca7","2025-03-29 17:13:07",1
"obitelj","a2bec9ef-28a6-41cb-937b-adaf51dd5ca7","2025-03-29 17:13:07","a2bec9ef-28a6-41cb-937b-adaf51dd5ca7","2025-03-29 17:13:07",1
"odrastanje","a2bec9ef-28a6-41cb-937b-adaf51dd5ca7","2025-03-29 17:13:07","a2bec9ef-28a6-41cb-937b-adaf51dd5ca7","2025-03-29 17:13:07",1
"growing up","a2bec9ef-28a6-41cb-937b-adaf51dd5ca7","2025-03-29 17:13:07","a2bec9ef-28a6-41cb-937b-adaf51dd5ca7","2025-03-29 17:13:07",1
"žene","a2bec9ef-28a6-41cb-937b-adaf51dd5ca7","2025-03-29 17:13:07","a2bec9ef-28a6-41cb-937b-adaf51dd5ca7","2025-03-29 17:13:07",1
"New England in fiction","a2bec9ef-28a6-41cb-937b-adaf51dd5ca7","2025-03-29 17:13:07","a2bec9ef-28a6-41cb-937b-adaf51dd5ca7","2025-03-29 17:13:07",1
"Sisters in fiction","a2bec9ef-28a6-41cb-937b-adaf51dd5ca7","2025-03-29 17:13:07","a2bec9ef-28a6-41cb-937b-adaf51dd5ca7","2025-03-29 17:13:07",1
"Family life in fiction","a2bec9ef-28a6-41cb-937b-adaf51dd5ca7","2025-03-29 17:13:07","a2bec9ef-28a6-41cb-937b-adaf51dd5ca7","2025-03-29 17:13:07",1
"Mothers and daughters in fiction","a2bec9ef-28a6-41cb-937b-adaf51dd5ca7","2025-03-29 17:13:07","a2bec9ef-28a6-41cb-937b-adaf51dd5ca7","2025-03-29 17:13:07",1
"Young women in fiction","a2bec9ef-28a6-41cb-937b-adaf51dd5ca7","2025-03-29 17:13:07","a2bec9ef-28a6-41cb-937b-adaf51dd5ca7","2025-03-29 17:13:07",1
"Family in fiction","a2bec9ef-28a6-41cb-937b-adaf51dd5ca7","2025-03-29 17:13:07","a2bec9ef-28a6-41cb-937b-adaf51dd5ca7","2025-03-29 17:13:07",1
"Literature, collections","a2bec9ef-28a6-41cb-937b-adaf51dd5ca7","2025-03-29 17:13:07","a2bec9ef-28a6-41cb-937b-adaf51dd5ca7","2025-03-29 17:13:07",1
"New England -- Fiction","a2bec9ef-28a6-41cb-937b-adaf51dd5ca7","2025-03-29 17:13:07","a2bec9ef-28a6-41cb-937b-adaf51dd5ca7","2025-03-29 17:13:07",1
"March family (Fictitious characters) -- Fiction","a2bec9ef-28a6-41cb-937b-adaf51dd5ca7","2025-03-29 17:13:07","a2bec9ef-28a6-41cb-937b-adaf51dd5ca7","2025-03-29 17:13:07",1
"Sisters -- Fiction","a2bec9ef-28a6-41cb-937b-adaf51dd5ca7","2025-03-29 17:13:07","a2bec9ef-28a6-41cb-937b-adaf51dd5ca7","2025-03-29 17:13:07",1
"Family life -- New England -- Fiction","a2bec9ef-28a6-41cb-937b-adaf51dd5ca7","2025-03-29 17:13:07","a2bec9ef-28a6-41cb-937b-adaf51dd5ca7","2025-03-29 17:13:07",1
"Mothers and daughters -- Fiction","a2bec9ef-28a6-41cb-937b-adaf51dd5ca7","2025-03-29 17:13:07","a2bec9ef-28a6-41cb-937b-adaf51dd5ca7","2025-03-29 17:13:07",1
"Young women -- Fiction","a2bec9ef-28a6-41cb-937b-adaf51dd5ca7","2025-03-29 17:13:07","a2bec9ef-28a6-41cb-937b-adaf51dd5ca7","2025-03-29 17:13:07",1
"Autobiographical fiction","a2bec9ef-28a6-41cb-937b-adaf51dd5ca7","2025-03-29 17:13:07","a2bec9ef-28a6-41cb-937b-adaf51dd5ca7","2025-03-29 17:13:07",1
"Children","a2bec9ef-28a6-41cb-937b-adaf51dd5ca7","2025-03-29 17:13:07","a2bec9ef-28a6-41cb-937b-adaf51dd5ca7","2025-03-29 17:13:07",1
"Children's","a2bec9ef-28a6-41cb-937b-adaf51dd5ca7","2025-03-29 17:13:07","a2bec9ef-28a6-41cb-937b-adaf51dd5ca7","2025-03-29 17:13:07",1
"Kids","a2bec9ef-28a6-41cb-937b-adaf51dd5ca7","2025-03-29 17:13:07","a2bec9ef-28a6-41cb-937b-adaf51dd5ca7","2025-03-29 17:13:07",1
"Juvenile","a2bec9ef-28a6-41cb-937b-adaf51dd5ca7","2025-03-29 17:13:07","a2bec9ef-28a6-41cb-937b-adaf51dd5ca7","2025-03-29 17:13:07",1
"American","a2bec9ef-28a6-41cb-937b-adaf51dd5ca7","2025-03-29 17:13:07","a2bec9ef-28a6-41cb-937b-adaf51dd5ca7","2025-03-29 17:13:07",1
"Literature","a2bec9ef-28a6-41cb-937b-adaf51dd5ca7","2025-03-29 17:13:07","a2bec9ef-28a6-41cb-937b-adaf51dd5ca7","2025-03-29 17:13:07",1
"Daughtes","a2bec9ef-28a6-41cb-937b-adaf51dd5ca7","2025-03-29 17:13:07","a2bec9ef-28a6-41cb-937b-adaf51dd5ca7","2025-03-29 17:13:07",1
"Married women","a2bec9ef-28a6-41cb-937b-adaf51dd5ca7","2025-03-29 17:13:07","a2bec9ef-28a6-41cb-937b-adaf51dd5ca7","2025-03-29 17:13:07",1
"Orphans","a2bec9ef-28a6-41cb-937b-adaf51dd5ca7","2025-03-29 17:13:07","a2bec9ef-28a6-41cb-937b-adaf51dd5ca7","2025-03-29 17:13:07",1
"Coming of life","a2bec9ef-28a6-41cb-937b-adaf51dd5ca7","2025-03-29 17:13:07","a2bec9ef-28a6-41cb-937b-adaf51dd5ca7","2025-03-29 17:13:07",1
"Manners","a2bec9ef-28a6-41cb-937b-adaf51dd5ca7","2025-03-29 17:13:07","a2bec9ef-28a6-41cb-937b-adaf51dd5ca7","2025-03-29 17:13:07",1
"Customs","a2bec9ef-28a6-41cb-937b-adaf51dd5ca7","2025-03-29 17:13:07","a2bec9ef-28a6-41cb-937b-adaf51dd5ca7","2025-03-29 17:13:07",1
"Social life","a2bec9ef-28a6-41cb-937b-adaf51dd5ca7","2025-03-29 17:13:07","a2bec9ef-28a6-41cb-937b-adaf51dd5ca7","2025-03-29 17:13:07",1
"Mother-daughter relationship","a2bec9ef-28a6-41cb-937b-adaf51dd5ca7","2025-03-29 17:13:07","a2bec9ef-28a6-41cb-937b-adaf51dd5ca7","2025-03-29 17:13:07",1
"Folklore","a2bec9ef-28a6-41cb-937b-adaf51dd5ca7","2025-03-29 17:13:07","a2bec9ef-28a6-41cb-937b-adaf51dd5ca7","2025-03-29 17:13:07",1
"Fiction, biographical","a2bec9ef-28a6-41cb-937b-adaf51dd5ca7","2025-03-29 17:13:07","a2bec9ef-28a6-41cb-937b-adaf51dd5ca7","2025-03-29 17:13:07",1
"Buried treasure","a2bec9ef-28a6-41cb-937b-adaf51dd5ca7","2025-03-29 17:13:07","a2bec9ef-28a6-41cb-937b-adaf51dd5ca7","2025-03-29 17:13:07",1
"Robin Hood (Legendary character)","a2bec9ef-28a6-41cb-937b-adaf51dd5ca7","2025-03-29 17:13:07","a2bec9ef-28a6-41cb-937b-adaf51dd5ca7","2025-03-29 17:13:07",1
"Legends","a2bec9ef-28a6-41cb-937b-adaf51dd5ca7","2025-03-29 17:13:07","a2bec9ef-28a6-41cb-937b-adaf51dd5ca7","2025-03-29 17:13:07",1
"English Adventure stories","a2bec9ef-28a6-41cb-937b-adaf51dd5ca7","2025-03-29 17:13:07","a2bec9ef-28a6-41cb-937b-adaf51dd5ca7","2025-03-29 17:13:07",1
"Jungle animals","a2bec9ef-28a6-41cb-937b-adaf51dd5ca7","2025-03-29 17:13:07","a2bec9ef-28a6-41cb-937b-adaf51dd5ca7","2025-03-29 17:13:07",1
"Feral children","a2bec9ef-28a6-41cb-937b-adaf51dd5ca7","2025-03-29 17:13:07","a2bec9ef-28a6-41cb-937b-adaf51dd5ca7","2025-03-29 17:13:07",1
"Jungles","a2bec9ef-28a6-41cb-937b-adaf51dd5ca7","2025-03-29 17:13:07","a2bec9ef-28a6-41cb-937b-adaf51dd5ca7","2025-03-29 17:13:07",1
"Chang pian xiao shuo","a2bec9ef-28a6-41cb-937b-adaf51dd5ca7","2025-03-29 17:13:07","a2bec9ef-28a6-41cb-937b-adaf51dd5ca7","2025-03-29 17:13:07",1
"AR 8.6.","a2bec9ef-28a6-41cb-937b-adaf51dd5ca7","2025-03-29 17:13:07","a2bec9ef-28a6-41cb-937b-adaf51dd5ca7","2025-03-29 17:13:07",1
"England, fiction","a2bec9ef-28a6-41cb-937b-adaf51dd5ca7","2025-03-29 17:13:07","a2bec9ef-28a6-41cb-937b-adaf51dd5ca7","2025-03-29 17:13:07",1
"Treasure island (imaginary place), fiction","a2bec9ef-28a6-41cb-937b-adaf51dd5ca7","2025-03-29 17:13:07","a2bec9ef-28a6-41cb-937b-adaf51dd5ca7","2025-03-29 17:13:07",1
"Famille March (Personnages fictifs)","a2bec9ef-28a6-41cb-937b-adaf51dd5ca7","2025-03-29 17:13:07","a2bec9ef-28a6-41cb-937b-adaf51dd5ca7","2025-03-29 17:13:07",1
"Mères et filles","a2bec9ef-28a6-41cb-937b-adaf51dd5ca7","2025-03-29 17:13:07","a2bec9ef-28a6-41cb-937b-adaf51dd5ca7","2025-03-29 17:13:07",1
"Jeunes femmes","a2bec9ef-28a6-41cb-937b-adaf51dd5ca7","2025-03-29 17:13:07","a2bec9ef-28a6-41cb-937b-adaf51dd5ca7","2025-03-29 17:13:07",1
"Sœurs","a2bec9ef-28a6-41cb-937b-adaf51dd5ca7","2025-03-29 17:13:07","a2bec9ef-28a6-41cb-937b-adaf51dd5ca7","2025-03-29 17:13:07",1
"Familles","a2bec9ef-28a6-41cb-937b-adaf51dd5ca7","2025-03-29 17:13:07","a2bec9ef-28a6-41cb-937b-adaf51dd5ca7","2025-03-29 17:13:07",1
"Madres e hijas","a2bec9ef-28a6-41cb-937b-adaf51dd5ca7","2025-03-29 17:13:07","a2bec9ef-28a6-41cb-937b-adaf51dd5ca7","2025-03-29 17:13:07",1
"Novela juvenil","a2bec9ef-28a6-41cb-937b-adaf51dd5ca7","2025-03-29 17:13:07","a2bec9ef-28a6-41cb-937b-adaf51dd5ca7","2025-03-29 17:13:07",1
"Jóvenes (Mujeres)","a2bec9ef-28a6-41cb-937b-adaf51dd5ca7","2025-03-29 17:13:07","a2bec9ef-28a6-41cb-937b-adaf51dd5ca7","2025-03-29 17:13:07",1
"Materiales en español","a2bec9ef-28a6-41cb-937b-adaf51dd5ca7","2025-03-29 17:13:07","a2bec9ef-28a6-41cb-937b-adaf51dd5ca7","2025-03-29 17:13:07",1
"FICTION / Classics","a2bec9ef-28a6-41cb-937b-adaf51dd5ca7","2025-03-29 17:13:07","a2bec9ef-28a6-41cb-937b-adaf51dd5ca7","2025-03-29 17:13:07",1
"Hermanos","a2bec9ef-28a6-41cb-937b-adaf51dd5ca7","2025-03-29 17:13:07","a2bec9ef-28a6-41cb-937b-adaf51dd5ca7","2025-03-29 17:13:07",1
"Familia","a2bec9ef-28a6-41cb-937b-adaf51dd5ca7","2025-03-29 17:13:07","a2bec9ef-28a6-41cb-937b-adaf51dd5ca7","2025-03-29 17:13:07",1
"Little women (Alcott, Louisa May)","a2bec9ef-28a6-41cb-937b-adaf51dd5ca7","2025-03-29 17:13:07","a2bec9ef-28a6-41cb-937b-adaf51dd5ca7","2025-03-29 17:13:07",1
"Literature: Classics","a2bec9ef-28a6-41cb-937b-adaf51dd5ca7","2025-03-29 17:13:07","a2bec9ef-28a6-41cb-937b-adaf51dd5ca7","2025-03-29 17:13:07",1
"Young Adult Books","a2bec9ef-28a6-41cb-937b-adaf51dd5ca7","2025-03-29 17:13:07","a2bec9ef-28a6-41cb-937b-adaf51dd5ca7","2025-03-29 17:13:07",1
"Romance","a2bec9ef-28a6-41cb-937b-adaf51dd5ca7","2025-03-29 17:13:07","a2bec9ef-28a6-41cb-937b-adaf51dd5ca7","2025-03-29 17:13:07",1
"Roman pour la jeunesse","a2bec9ef-28a6-41cb-937b-adaf51dd5ca7","2025-03-29 17:13:07","a2bec9ef-28a6-41cb-937b-adaf51dd5ca7","2025-03-29 17:13:07",1
"Famille","a2bec9ef-28a6-41cb-937b-adaf51dd5ca7","2025-03-29 17:13:07","a2bec9ef-28a6-41cb-937b-adaf51dd5ca7","2025-03-29 17:13:07",1
"Frères et soeurs","a2bec9ef-28a6-41cb-937b-adaf51dd5ca7","2025-03-29 17:13:07","a2bec9ef-28a6-41cb-937b-adaf51dd5ca7","2025-03-29 17:13:07",1
"Drama (dramatic works by one author)","a2bec9ef-28a6-41cb-937b-adaf51dd5ca7","2025-03-29 17:13:07","a2bec9ef-28a6-41cb-937b-adaf51dd5ca7","2025-03-29 17:13:07",1
"Civil service","a2bec9ef-28a6-41cb-937b-adaf51dd5ca7","2025-03-29 17:13:07","a2bec9ef-28a6-41cb-937b-adaf51dd5ca7","2025-03-29 17:13:07",1
"Postal service","a2bec9ef-28a6-41cb-937b-adaf51dd5ca7","2025-03-29 17:13:07","a2bec9ef-28a6-41cb-937b-adaf51dd5ca7","2025-03-29 17:13:07",1
"English Fantasy drama","a2bec9ef-28a6-41cb-937b-adaf51dd5ca7","2025-03-29 17:13:07","a2bec9ef-28a6-41cb-937b-adaf51dd5ca7","2025-03-29 17:13:07",1
"Satire","a2bec9ef-28a6-41cb-937b-adaf51dd5ca7","2025-03-29 17:13:07","a2bec9ef-28a6-41cb-937b-adaf51dd5ca7","2025-03-29 17:13:07",1
"Literature and fiction (general)","a2bec9ef-28a6-41cb-937b-adaf51dd5ca7","2025-03-29 17:13:07","a2bec9ef-28a6-41cb-937b-adaf51dd5ca7","2025-03-29 17:13:07",1
"Disque-monde (Lieu imaginaire)","a2bec9ef-28a6-41cb-937b-adaf51dd5ca7","2025-03-29 17:13:07","a2bec9ef-28a6-41cb-937b-adaf51dd5ca7","2025-03-29 17:13:07",1
"Postes","a2bec9ef-28a6-41cb-937b-adaf51dd5ca7","2025-03-29 17:13:07","a2bec9ef-28a6-41cb-937b-adaf51dd5ca7","2025-03-29 17:13:07",1
"Postal service in fiction","a2bec9ef-28a6-41cb-937b-adaf51dd5ca7","2025-03-29 17:13:07","a2bec9ef-28a6-41cb-937b-adaf51dd5ca7","2025-03-29 17:13:07",1
"Civil service in fiction","a2bec9ef-28a6-41cb-937b-adaf51dd5ca7","2025-03-29 17:13:07","a2bec9ef-28a6-41cb-937b-adaf51dd5ca7","2025-03-29 17:13:07",1
"Soul","a2bec9ef-28a6-41cb-937b-adaf51dd5ca7","2025-03-29 17:13:07","a2bec9ef-28a6-41cb-937b-adaf51dd5ca7","2025-03-29 17:13:07",1
"Heart","a2bec9ef-28a6-41cb-937b-adaf51dd5ca7","2025-03-29 17:13:07","a2bec9ef-28a6-41cb-937b-adaf51dd5ca7","2025-03-29 17:13:07",1
"LGBTQ novels","a2bec9ef-28a6-41cb-937b-adaf51dd5ca7","2025-03-29 17:13:07","a2bec9ef-28a6-41cb-937b-adaf51dd5ca7","2025-03-29 17:13:07",1
"YA fiction","a2bec9ef-28a6-41cb-937b-adaf51dd5ca7","2025-03-29 17:13:07","a2bec9ef-28a6-41cb-937b-adaf51dd5ca7","2025-03-29 17:13:07",1
"mystery","a2bec9ef-28a6-41cb-937b-adaf51dd5ca7","2025-03-29 17:13:07","a2bec9ef-28a6-41cb-937b-adaf51dd5ca7","2025-03-29 17:13:07",1
"heist","a2bec9ef-28a6-41cb-937b-adaf51dd5ca7","2025-03-29 17:13:07","a2bec9ef-28a6-41cb-937b-adaf51dd5ca7","2025-03-29 17:13:07",1
"Brigands and robbers","a2bec9ef-28a6-41cb-937b-adaf51dd5ca7","2025-03-29 17:13:07","a2bec9ef-28a6-41cb-937b-adaf51dd5ca7","2025-03-29 17:13:07",1
"Gangs","a2bec9ef-28a6-41cb-937b-adaf51dd5ca7","2025-03-29 17:13:07","a2bec9ef-28a6-41cb-937b-adaf51dd5ca7","2025-03-29 17:13:07",1
"Robbers and outlaws, fiction","a2bec9ef-28a6-41cb-937b-adaf51dd5ca7","2025-03-29 17:13:07","a2bec9ef-28a6-41cb-937b-adaf51dd5ca7","2025-03-29 17:13:07",1
"nyt:young-adult-e-book=2015-10-18","a2bec9ef-28a6-41cb-937b-adaf51dd5ca7","2025-03-29 17:13:07","a2bec9ef-28a6-41cb-937b-adaf51dd5ca7","2025-03-29 17:13:07",1
"Scandals","a2bec9ef-28a6-41cb-937b-adaf51dd5ca7","2025-03-29 17:13:07","a2bec9ef-28a6-41cb-937b-adaf51dd5ca7","2025-03-29 17:13:07",1
"Korean American teenagers","a2bec9ef-28a6-41cb-937b-adaf51dd5ca7","2025-03-29 17:13:07","a2bec9ef-28a6-41cb-937b-adaf51dd5ca7","2025-03-29 17:13:07",1
"Infatuation","a2bec9ef-28a6-41cb-937b-adaf51dd5ca7","2025-03-29 17:13:07","a2bec9ef-28a6-41cb-937b-adaf51dd5ca7","2025-03-29 17:13:07",1
"Love-letters","a2bec9ef-28a6-41cb-937b-adaf51dd5ca7","2025-03-29 17:13:07","a2bec9ef-28a6-41cb-937b-adaf51dd5ca7","2025-03-29 17:13:07",1
"Dating (social customs), fiction","a2bec9ef-28a6-41cb-937b-adaf51dd5ca7","2025-03-29 17:13:07","a2bec9ef-28a6-41cb-937b-adaf51dd5ca7","2025-03-29 17:13:07",1
"nyt:young-adult-hardcover=2015-09-06","a2bec9ef-28a6-41cb-937b-adaf51dd5ca7","2025-03-29 17:13:07","a2bec9ef-28a6-41cb-937b-adaf51dd5ca7","2025-03-29 17:13:07",1
"YOUNG ADULT FICTION","a2bec9ef-28a6-41cb-937b-adaf51dd5ca7","2025-03-29 17:13:07","a2bec9ef-28a6-41cb-937b-adaf51dd5ca7","2025-03-29 17:13:07",1
"Dating & Sex","a2bec9ef-28a6-41cb-937b-adaf51dd5ca7","2025-03-29 17:13:07","a2bec9ef-28a6-41cb-937b-adaf51dd5ca7","2025-03-29 17:13:07",1
"nyt:young-adult-paperback=2016-02-21","a2bec9ef-28a6-41cb-937b-adaf51dd5ca7","2025-03-29 17:13:07","a2bec9ef-28a6-41cb-937b-adaf51dd5ca7","2025-03-29 17:13:07",1
"Novelas juveniles","a2bec9ef-28a6-41cb-937b-adaf51dd5ca7","2025-03-29 17:13:07","a2bec9ef-28a6-41cb-937b-adaf51dd5ca7","2025-03-29 17:13:07",1
"Citas amorosas","a2bec9ef-28a6-41cb-937b-adaf51dd5ca7","2025-03-29 17:13:07","a2bec9ef-28a6-41cb-937b-adaf51dd5ca7","2025-03-29 17:13:07",1
"Novela romántica","a2bec9ef-28a6-41cb-937b-adaf51dd5ca7","2025-03-29 17:13:07","a2bec9ef-28a6-41cb-937b-adaf51dd5ca7","2025-03-29 17:13:07",1
"C (Computer program language)","a2bec9ef-28a6-41cb-937b-adaf51dd5ca7","2025-03-29 17:13:07","a2bec9ef-28a6-41cb-937b-adaf51dd5ca7","2025-03-29 17:13:07",1
"Linguagem De Programacao (Outras)","a2bec9ef-28a6-41cb-937b-adaf51dd5ca7","2025-03-29 17:13:07","a2bec9ef-28a6-41cb-937b-adaf51dd5ca7","2025-03-29 17:13:07",1
"C (programmeertaal)","a2bec9ef-28a6-41cb-937b-adaf51dd5ca7","2025-03-29 17:13:07","a2bec9ef-28a6-41cb-937b-adaf51dd5ca7","2025-03-29 17:13:07",1
"C (Langage de programmation)","a2bec9ef-28a6-41cb-937b-adaf51dd5ca7","2025-03-29 17:13:07","a2bec9ef-28a6-41cb-937b-adaf51dd5ca7","2025-03-29 17:13:07",1
"Computers","a2bec9ef-28a6-41cb-937b-adaf51dd5ca7","2025-03-29 17:13:07","a2bec9ef-28a6-41cb-937b-adaf51dd5ca7","2025-03-29 17:13:07",1
"Software","a2bec9ef-28a6-41cb-937b-adaf51dd5ca7","2025-03-29 17:13:07","a2bec9ef-28a6-41cb-937b-adaf51dd5ca7","2025-03-29 17:13:07",1
"C (Lenguaje de programación de computadores)","a2bec9ef-28a6-41cb-937b-adaf51dd5ca7","2025-03-29 17:13:07","a2bec9ef-28a6-41cb-937b-adaf51dd5ca7","2025-03-29 17:13:07",1
"C (Lenguaje de programación)","a2bec9ef-28a6-41cb-937b-adaf51dd5ca7","2025-03-29 17:13:07","a2bec9ef-28a6-41cb-937b-adaf51dd5ca7","2025-03-29 17:13:07",1
"Lenguaje de programación (Computadoras electrónicas","a2bec9ef-28a6-41cb-937b-adaf51dd5ca7","2025-03-29 17:13:07","a2bec9ef-28a6-41cb-937b-adaf51dd5ca7","2025-03-29 17:13:07",1
"Lenguajes de programación","a2bec9ef-28a6-41cb-937b-adaf51dd5ca7","2025-03-29 17:13:07","a2bec9ef-28a6-41cb-937b-adaf51dd5ca7","2025-03-29 17:13:07",1
"C (LENGUAJE DE PROGRAMACION PARA COMPUTADORES)","a2bec9ef-28a6-41cb-937b-adaf51dd5ca7","2025-03-29 17:13:07","a2bec9ef-28a6-41cb-937b-adaf51dd5ca7","2025-03-29 17:13:07",1
"C (Lenguaje de programación de computadora)","a2bec9ef-28a6-41cb-937b-adaf51dd5ca7","2025-03-29 17:13:07","a2bec9ef-28a6-41cb-937b-adaf51dd5ca7","2025-03-29 17:13:07",1
"C++ (Computer program language)","a2bec9ef-28a6-41cb-937b-adaf51dd5ca7","2025-03-29 17:13:07","a2bec9ef-28a6-41cb-937b-adaf51dd5ca7","2025-03-29 17:13:07",1
"Programming Languages","a2bec9ef-28a6-41cb-937b-adaf51dd5ca7","2025-03-29 17:13:07","a2bec9ef-28a6-41cb-937b-adaf51dd5ca7","2025-03-29 17:13:07",1
"C.","a2bec9ef-28a6-41cb-937b-adaf51dd5ca7","2025-03-29 17:13:07","a2bec9ef-28a6-41cb-937b-adaf51dd5ca7","2025-03-29 17:13:07",1
"Structure programme","a2bec9ef-28a6-41cb-937b-adaf51dd5ca7","2025-03-29 17:13:07","a2bec9ef-28a6-41cb-937b-adaf51dd5ca7","2025-03-29 17:13:07",1
"Programmation langage C.","a2bec9ef-28a6-41cb-937b-adaf51dd5ca7","2025-03-29 17:13:07","a2bec9ef-28a6-41cb-937b-adaf51dd5ca7","2025-03-29 17:13:07",1
"UNIX","a2bec9ef-28a6-41cb-937b-adaf51dd5ca7","2025-03-29 17:13:07","a2bec9ef-28a6-41cb-937b-adaf51dd5ca7","2025-03-29 17:13:07",1
"Langage C.","a2bec9ef-28a6-41cb-937b-adaf51dd5ca7","2025-03-29 17:13:07","a2bec9ef-28a6-41cb-937b-adaf51dd5ca7","2025-03-29 17:13:07",1
"C","a2bec9ef-28a6-41cb-937b-adaf51dd5ca7","2025-03-29 17:13:07","a2bec9ef-28a6-41cb-937b-adaf51dd5ca7","2025-03-29 17:13:07",1
"programming","a2bec9ef-28a6-41cb-937b-adaf51dd5ca7","2025-03-29 17:13:07","a2bec9ef-28a6-41cb-937b-adaf51dd5ca7","2025-03-29 17:13:07",1
"C (je ·zyk programowania)","a2bec9ef-28a6-41cb-937b-adaf51dd5ca7","2025-03-29 17:13:07","a2bec9ef-28a6-41cb-937b-adaf51dd5ca7","2025-03-29 17:13:07",1
"Grandmothers","a2bec9ef-28a6-41cb-937b-adaf51dd5ca7","2025-03-29 17:13:07","a2bec9ef-28a6-41cb-937b-adaf51dd5ca7","2025-03-29 17:13:07",1
"Brujas","a2bec9ef-28a6-41cb-937b-adaf51dd5ca7","2025-03-29 17:13:07","a2bec9ef-28a6-41cb-937b-adaf51dd5ca7","2025-03-29 17:13:07",1
"Abuelas","a2bec9ef-28a6-41cb-937b-adaf51dd5ca7","2025-03-29 17:13:07","a2bec9ef-28a6-41cb-937b-adaf51dd5ca7","2025-03-29 17:13:07",1
"Spanish language","a2bec9ef-28a6-41cb-937b-adaf51dd5ca7","2025-03-29 17:13:07","a2bec9ef-28a6-41cb-937b-adaf51dd5ca7","2025-03-29 17:13:07",1
"Grandmothers in fiction","a2bec9ef-28a6-41cb-937b-adaf51dd5ca7","2025-03-29 17:13:07","a2bec9ef-28a6-41cb-937b-adaf51dd5ca7","2025-03-29 17:13:07",1
"Witches in fiction","a2bec9ef-28a6-41cb-937b-adaf51dd5ca7","2025-03-29 17:13:07","a2bec9ef-28a6-41cb-937b-adaf51dd5ca7","2025-03-29 17:13:07",1
"Witches -- Juvenile fiction","a2bec9ef-28a6-41cb-937b-adaf51dd5ca7","2025-03-29 17:13:07","a2bec9ef-28a6-41cb-937b-adaf51dd5ca7","2025-03-29 17:13:07",1
"Grandmothers -- Juvenile fiction","a2bec9ef-28a6-41cb-937b-adaf51dd5ca7","2025-03-29 17:13:07","a2bec9ef-28a6-41cb-937b-adaf51dd5ca7","2025-03-29 17:13:07",1
"Witches, fiction","a2bec9ef-28a6-41cb-937b-adaf51dd5ca7","2025-03-29 17:13:07","a2bec9ef-28a6-41cb-937b-adaf51dd5ca7","2025-03-29 17:13:07",1
"Grandparents, fiction","a2bec9ef-28a6-41cb-937b-adaf51dd5ca7","2025-03-29 17:13:07","a2bec9ef-28a6-41cb-937b-adaf51dd5ca7","2025-03-29 17:13:07",1
"Grands-mères","a2bec9ef-28a6-41cb-937b-adaf51dd5ca7","2025-03-29 17:13:07","a2bec9ef-28a6-41cb-937b-adaf51dd5ca7","2025-03-29 17:13:07",1
"Brujería","a2bec9ef-28a6-41cb-937b-adaf51dd5ca7","2025-03-29 17:13:07","a2bec9ef-28a6-41cb-937b-adaf51dd5ca7","2025-03-29 17:13:07",1
"Novelas ocultas","a2bec9ef-28a6-41cb-937b-adaf51dd5ca7","2025-03-29 17:13:07","a2bec9ef-28a6-41cb-937b-adaf51dd5ca7","2025-03-29 17:13:07",1
"Video recordings for the hearing impaired","a2bec9ef-28a6-41cb-937b-adaf51dd5ca7","2025-03-29 17:13:07","a2bec9ef-28a6-41cb-937b-adaf51dd5ca7","2025-03-29 17:13:07",1
"Ratas","a2bec9ef-28a6-41cb-937b-adaf51dd5ca7","2025-03-29 17:13:07","a2bec9ef-28a6-41cb-937b-adaf51dd5ca7","2025-03-29 17:13:07",1
"Newbery medal book","a2bec9ef-28a6-41cb-937b-adaf51dd5ca7","2025-03-29 17:13:07","a2bec9ef-28a6-41cb-937b-adaf51dd5ca7","2025-03-29 17:13:07",1
"Children's 4-8","a2bec9ef-28a6-41cb-937b-adaf51dd5ca7","2025-03-29 17:13:07","a2bec9ef-28a6-41cb-937b-adaf51dd5ca7","2025-03-29 17:13:07",1
"Children's stories, American","a2bec9ef-28a6-41cb-937b-adaf51dd5ca7","2025-03-29 17:13:07","a2bec9ef-28a6-41cb-937b-adaf51dd5ca7","2025-03-29 17:13:07",1
"Children's stories, Spanish","a2bec9ef-28a6-41cb-937b-adaf51dd5ca7","2025-03-29 17:13:07","a2bec9ef-28a6-41cb-937b-adaf51dd5ca7","2025-03-29 17:13:07",1
"Translations from English","a2bec9ef-28a6-41cb-937b-adaf51dd5ca7","2025-03-29 17:13:07","a2bec9ef-28a6-41cb-937b-adaf51dd5ca7","2025-03-29 17:13:07",1
"Translations into Spanish","a2bec9ef-28a6-41cb-937b-adaf51dd5ca7","2025-03-29 17:13:07","a2bec9ef-28a6-41cb-937b-adaf51dd5ca7","2025-03-29 17:13:07",1
"Spanish: Grades 4-7","a2bec9ef-28a6-41cb-937b-adaf51dd5ca7","2025-03-29 17:13:07","a2bec9ef-28a6-41cb-937b-adaf51dd5ca7","2025-03-29 17:13:07",1
"5.9.","a2bec9ef-28a6-41cb-937b-adaf51dd5ca7","2025-03-29 17:13:07","a2bec9ef-28a6-41cb-937b-adaf51dd5ca7","2025-03-29 17:13:07",1
"Animal experimentation","a2bec9ef-28a6-41cb-937b-adaf51dd5ca7","2025-03-29 17:13:07","a2bec9ef-28a6-41cb-937b-adaf51dd5ca7","2025-03-29 17:13:07",1
"Animal intelligence","a2bec9ef-28a6-41cb-937b-adaf51dd5ca7","2025-03-29 17:13:07","a2bec9ef-28a6-41cb-937b-adaf51dd5ca7","2025-03-29 17:13:07",1
"Rats, fiction","a2bec9ef-28a6-41cb-937b-adaf51dd5ca7","2025-03-29 17:13:07","a2bec9ef-28a6-41cb-937b-adaf51dd5ca7","2025-03-29 17:13:07",1
"farmhouse","a2bec9ef-28a6-41cb-937b-adaf51dd5ca7","2025-03-29 17:13:07","a2bec9ef-28a6-41cb-937b-adaf51dd5ca7","2025-03-29 17:13:07",1
"experimental studies","a2bec9ef-28a6-41cb-937b-adaf51dd5ca7","2025-03-29 17:13:07","a2bec9ef-28a6-41cb-937b-adaf51dd5ca7","2025-03-29 17:13:07",1
"lexile:790","a2bec9ef-28a6-41cb-937b-adaf51dd5ca7","2025-03-29 17:13:07","a2bec9ef-28a6-41cb-937b-adaf51dd5ca7","2025-03-29 17:13:07",1
"lexile_range:701-800","a2bec9ef-28a6-41cb-937b-adaf51dd5ca7","2025-03-29 17:13:07","a2bec9ef-28a6-41cb-937b-adaf51dd5ca7","2025-03-29 17:13:07",1
"Wizards in fiction","a2bec9ef-28a6-41cb-937b-adaf51dd5ca7","2025-03-29 17:13:07","a2bec9ef-28a6-41cb-937b-adaf51dd5ca7","2025-03-29 17:13:07",1
"Amnell, kahlan (fictitious character), fiction","a2bec9ef-28a6-41cb-937b-adaf51dd5ca7","2025-03-29 17:13:07","a2bec9ef-28a6-41cb-937b-adaf51dd5ca7","2025-03-29 17:13:07",1
"D'haran empire (imaginary place), fiction","a2bec9ef-28a6-41cb-937b-adaf51dd5ca7","2025-03-29 17:13:07","a2bec9ef-28a6-41cb-937b-adaf51dd5ca7","2025-03-29 17:13:07",1
"Richard Rahl (Fictitious character)","a2bec9ef-28a6-41cb-937b-adaf51dd5ca7","2025-03-29 17:13:07","a2bec9ef-28a6-41cb-937b-adaf51dd5ca7","2025-03-29 17:13:07",1
"High Fantasy","a2bec9ef-28a6-41cb-937b-adaf51dd5ca7","2025-03-29 17:13:07","a2bec9ef-28a6-41cb-937b-adaf51dd5ca7","2025-03-29 17:13:07",1
"lightsabers","a2bec9ef-28a6-41cb-937b-adaf51dd5ca7","2025-03-29 17:13:07","a2bec9ef-28a6-41cb-937b-adaf51dd5ca7","2025-03-29 17:13:07",1
"snitches","a2bec9ef-28a6-41cb-937b-adaf51dd5ca7","2025-03-29 17:13:07","a2bec9ef-28a6-41cb-937b-adaf51dd5ca7","2025-03-29 17:13:07",1
"androids","a2bec9ef-28a6-41cb-937b-adaf51dd5ca7","2025-03-29 17:13:07","a2bec9ef-28a6-41cb-937b-adaf51dd5ca7","2025-03-29 17:13:07",1
"Action and adventure fiction","a2bec9ef-28a6-41cb-937b-adaf51dd5ca7","2025-03-29 17:13:07","a2bec9ef-28a6-41cb-937b-adaf51dd5ca7","2025-03-29 17:13:07",1
"Adventure fiction","a2bec9ef-28a6-41cb-937b-adaf51dd5ca7","2025-03-29 17:13:07","a2bec9ef-28a6-41cb-937b-adaf51dd5ca7","2025-03-29 17:13:07",1
"Good and evil -- Fiction","a2bec9ef-28a6-41cb-937b-adaf51dd5ca7","2025-03-29 17:13:07","a2bec9ef-28a6-41cb-937b-adaf51dd5ca7","2025-03-29 17:13:07",1
"thrillers","a2bec9ef-28a6-41cb-937b-adaf51dd5ca7","2025-03-29 17:13:07","a2bec9ef-28a6-41cb-937b-adaf51dd5ca7","2025-03-29 17:13:07",1
"supernatural","a2bec9ef-28a6-41cb-937b-adaf51dd5ca7","2025-03-29 17:13:07","a2bec9ef-28a6-41cb-937b-adaf51dd5ca7","2025-03-29 17:13:07",1
"dark fantasy","a2bec9ef-28a6-41cb-937b-adaf51dd5ca7","2025-03-29 17:13:07","a2bec9ef-28a6-41cb-937b-adaf51dd5ca7","2025-03-29 17:13:07",1
"Roland (Fictitious character)","a2bec9ef-28a6-41cb-937b-adaf51dd5ca7","2025-03-29 17:13:07","a2bec9ef-28a6-41cb-937b-adaf51dd5ca7","2025-03-29 17:13:07",1
"Roland (fictitious character : king), fiction","a2bec9ef-28a6-41cb-937b-adaf51dd5ca7","2025-03-29 17:13:07","a2bec9ef-28a6-41cb-937b-adaf51dd5ca7","2025-03-29 17:13:07",1
"Dark tower (imaginary place), fiction","a2bec9ef-28a6-41cb-937b-adaf51dd5ca7","2025-03-29 17:13:07","a2bec9ef-28a6-41cb-937b-adaf51dd5ca7","2025-03-29 17:13:07",1
"Roland (Fictitious character : King)","a2bec9ef-28a6-41cb-937b-adaf51dd5ca7","2025-03-29 17:13:07","a2bec9ef-28a6-41cb-937b-adaf51dd5ca7","2025-03-29 17:13:07",1
"Maine in fiction","a2bec9ef-28a6-41cb-937b-adaf51dd5ca7","2025-03-29 17:13:07","a2bec9ef-28a6-41cb-937b-adaf51dd5ca7","2025-03-29 17:13:07",1
"German language materials","a2bec9ef-28a6-41cb-937b-adaf51dd5ca7","2025-03-29 17:13:07","a2bec9ef-28a6-41cb-937b-adaf51dd5ca7","2025-03-29 17:13:07",1
"King, Stephen - Prose & Criticism","a2bec9ef-28a6-41cb-937b-adaf51dd5ca7","2025-03-29 17:13:07","a2bec9ef-28a6-41cb-937b-adaf51dd5ca7","2025-03-29 17:13:07",1
"Fiction - Fantasy","a2bec9ef-28a6-41cb-937b-adaf51dd5ca7","2025-03-29 17:13:07","a2bec9ef-28a6-41cb-937b-adaf51dd5ca7","2025-03-29 17:13:07",1
"Fantasy - Dark/Horror","a2bec9ef-28a6-41cb-937b-adaf51dd5ca7","2025-03-29 17:13:07","a2bec9ef-28a6-41cb-937b-adaf51dd5ca7","2025-03-29 17:13:07",1
"Fiction / General","a2bec9ef-28a6-41cb-937b-adaf51dd5ca7","2025-03-29 17:13:07","a2bec9ef-28a6-41cb-937b-adaf51dd5ca7","2025-03-29 17:13:07",1
"Fantasy - General","a2bec9ef-28a6-41cb-937b-adaf51dd5ca7","2025-03-29 17:13:07","a2bec9ef-28a6-41cb-937b-adaf51dd5ca7","2025-03-29 17:13:07",1
"Cancer—Fiction","a2bec9ef-28a6-41cb-937b-adaf51dd5ca7","2025-03-29 17:13:07","a2bec9ef-28a6-41cb-937b-adaf51dd5ca7","2025-03-29 17:13:07",1
"Terminally ill—Fiction","a2bec9ef-28a6-41cb-937b-adaf51dd5ca7","2025-03-29 17:13:07","a2bec9ef-28a6-41cb-937b-adaf51dd5ca7","2025-03-29 17:13:07",1
"Love—Fiction","a2bec9ef-28a6-41cb-937b-adaf51dd5ca7","2025-03-29 17:13:07","a2bec9ef-28a6-41cb-937b-adaf51dd5ca7","2025-03-29 17:13:07",1
"Cancer","a2bec9ef-28a6-41cb-937b-adaf51dd5ca7","2025-03-29 17:13:07","a2bec9ef-28a6-41cb-937b-adaf51dd5ca7","2025-03-29 17:13:07",1
"Terminally ill","a2bec9ef-28a6-41cb-937b-adaf51dd5ca7","2025-03-29 17:13:07","a2bec9ef-28a6-41cb-937b-adaf51dd5ca7","2025-03-29 17:13:07",1
"Cancer, fiction","a2bec9ef-28a6-41cb-937b-adaf51dd5ca7","2025-03-29 17:13:07","a2bec9ef-28a6-41cb-937b-adaf51dd5ca7","2025-03-29 17:13:07",1
"Cancer in adolescence","a2bec9ef-28a6-41cb-937b-adaf51dd5ca7","2025-03-29 17:13:07","a2bec9ef-28a6-41cb-937b-adaf51dd5ca7","2025-03-29 17:13:07",1
"Terminally ill children","a2bec9ef-28a6-41cb-937b-adaf51dd5ca7","2025-03-29 17:13:07","a2bec9ef-28a6-41cb-937b-adaf51dd5ca7","2025-03-29 17:13:07",1
"Sick","a2bec9ef-28a6-41cb-937b-adaf51dd5ca7","2025-03-29 17:13:07","a2bec9ef-28a6-41cb-937b-adaf51dd5ca7","2025-03-29 17:13:07",1
"Physicians","a2bec9ef-28a6-41cb-937b-adaf51dd5ca7","2025-03-29 17:13:07","a2bec9ef-28a6-41cb-937b-adaf51dd5ca7","2025-03-29 17:13:07",1
"Youth","a2bec9ef-28a6-41cb-937b-adaf51dd5ca7","2025-03-29 17:13:07","a2bec9ef-28a6-41cb-937b-adaf51dd5ca7","2025-03-29 17:13:07",1
"Cancéreux","a2bec9ef-28a6-41cb-937b-adaf51dd5ca7","2025-03-29 17:13:07","a2bec9ef-28a6-41cb-937b-adaf51dd5ca7","2025-03-29 17:13:07",1
"Enfants malades en phase terminale","a2bec9ef-28a6-41cb-937b-adaf51dd5ca7","2025-03-29 17:13:07","a2bec9ef-28a6-41cb-937b-adaf51dd5ca7","2025-03-29 17:13:07",1
"Chez l'enfant","a2bec9ef-28a6-41cb-937b-adaf51dd5ca7","2025-03-29 17:13:07","a2bec9ef-28a6-41cb-937b-adaf51dd5ca7","2025-03-29 17:13:07",1
"Self-help groups","a2bec9ef-28a6-41cb-937b-adaf51dd5ca7","2025-03-29 17:13:07","a2bec9ef-28a6-41cb-937b-adaf51dd5ca7","2025-03-29 17:13:07",1
"Relaciones humanas","a2bec9ef-28a6-41cb-937b-adaf51dd5ca7","2025-03-29 17:13:07","a2bec9ef-28a6-41cb-937b-adaf51dd5ca7","2025-03-29 17:13:07",1
"Interpersonal relations","a2bec9ef-28a6-41cb-937b-adaf51dd5ca7","2025-03-29 17:13:07","a2bec9ef-28a6-41cb-937b-adaf51dd5ca7","2025-03-29 17:13:07",1
"Cancer in children","a2bec9ef-28a6-41cb-937b-adaf51dd5ca7","2025-03-29 17:13:07","a2bec9ef-28a6-41cb-937b-adaf51dd5ca7","2025-03-29 17:13:07",1
"Niños moribundos","a2bec9ef-28a6-41cb-937b-adaf51dd5ca7","2025-03-29 17:13:07","a2bec9ef-28a6-41cb-937b-adaf51dd5ca7","2025-03-29 17:13:07",1
"Niños","a2bec9ef-28a6-41cb-937b-adaf51dd5ca7","2025-03-29 17:13:07","a2bec9ef-28a6-41cb-937b-adaf51dd5ca7","2025-03-29 17:13:07",1
"Cáncer","a2bec9ef-28a6-41cb-937b-adaf51dd5ca7","2025-03-29 17:13:07","a2bec9ef-28a6-41cb-937b-adaf51dd5ca7","2025-03-29 17:13:07",1
"Relaciones hombre-mujer","a2bec9ef-28a6-41cb-937b-adaf51dd5ca7","2025-03-29 17:13:07","a2bec9ef-28a6-41cb-937b-adaf51dd5ca7","2025-03-29 17:13:07",1
"Patients","a2bec9ef-28a6-41cb-937b-adaf51dd5ca7","2025-03-29 17:13:07","a2bec9ef-28a6-41cb-937b-adaf51dd5ca7","2025-03-29 17:13:07",1
"Cancer chez l'adolescent","a2bec9ef-28a6-41cb-937b-adaf51dd5ca7","2025-03-29 17:13:07","a2bec9ef-28a6-41cb-937b-adaf51dd5ca7","2025-03-29 17:13:07",1
"Malades en phase terminale","a2bec9ef-28a6-41cb-937b-adaf51dd5ca7","2025-03-29 17:13:07","a2bec9ef-28a6-41cb-937b-adaf51dd5ca7","2025-03-29 17:13:07",1
"Amitié","a2bec9ef-28a6-41cb-937b-adaf51dd5ca7","2025-03-29 17:13:07","a2bec9ef-28a6-41cb-937b-adaf51dd5ca7","2025-03-29 17:13:07",1
"Médecins","a2bec9ef-28a6-41cb-937b-adaf51dd5ca7","2025-03-29 17:13:07","a2bec9ef-28a6-41cb-937b-adaf51dd5ca7","2025-03-29 17:13:07",1
"Jeunesse","a2bec9ef-28a6-41cb-937b-adaf51dd5ca7","2025-03-29 17:13:07","a2bec9ef-28a6-41cb-937b-adaf51dd5ca7","2025-03-29 17:13:07",1
"Mort","a2bec9ef-28a6-41cb-937b-adaf51dd5ca7","2025-03-29 17:13:07","a2bec9ef-28a6-41cb-937b-adaf51dd5ca7","2025-03-29 17:13:07",1
"Osteosarcoma","a2bec9ef-28a6-41cb-937b-adaf51dd5ca7","2025-03-29 17:13:07","a2bec9ef-28a6-41cb-937b-adaf51dd5ca7","2025-03-29 17:13:07",1
"Eye cancer","a2bec9ef-28a6-41cb-937b-adaf51dd5ca7","2025-03-29 17:13:07","a2bec9ef-28a6-41cb-937b-adaf51dd5ca7","2025-03-29 17:13:07",1
"Nyt:chapter_books=2012-01-07","a2bec9ef-28a6-41cb-937b-adaf51dd5ca7","2025-03-29 17:13:07","a2bec9ef-28a6-41cb-937b-adaf51dd5ca7","2025-03-29 17:13:07",1
"New york times bestseller","a2bec9ef-28a6-41cb-937b-adaf51dd5ca7","2025-03-29 17:13:07","a2bec9ef-28a6-41cb-937b-adaf51dd5ca7","2025-03-29 17:13:07",1
"Enfermos terminales","a2bec9ef-28a6-41cb-937b-adaf51dd5ca7","2025-03-29 17:13:07","a2bec9ef-28a6-41cb-937b-adaf51dd5ca7","2025-03-29 17:13:07",1
"Ficcion juvenil","a2bec9ef-28a6-41cb-937b-adaf51dd5ca7","2025-03-29 17:13:07","a2bec9ef-28a6-41cb-937b-adaf51dd5ca7","2025-03-29 17:13:07",1
"Adolescent","a2bec9ef-28a6-41cb-937b-adaf51dd5ca7","2025-03-29 17:13:07","a2bec9ef-28a6-41cb-937b-adaf51dd5ca7","2025-03-29 17:13:07",1
"Self-esteem & self-reliance","a2bec9ef-28a6-41cb-937b-adaf51dd5ca7","2025-03-29 17:13:07","a2bec9ef-28a6-41cb-937b-adaf51dd5ca7","2025-03-29 17:13:07",1
"Neoplasms","a2bec9ef-28a6-41cb-937b-adaf51dd5ca7","2025-03-29 17:13:07","a2bec9ef-28a6-41cb-937b-adaf51dd5ca7","2025-03-29 17:13:07",1
"Amerikanisches englisch","a2bec9ef-28a6-41cb-937b-adaf51dd5ca7","2025-03-29 17:13:07","a2bec9ef-28a6-41cb-937b-adaf51dd5ca7","2025-03-29 17:13:07",1
"Friends","a2bec9ef-28a6-41cb-937b-adaf51dd5ca7","2025-03-29 17:13:07","a2bec9ef-28a6-41cb-937b-adaf51dd5ca7","2025-03-29 17:13:07",1
"Death & dying","a2bec9ef-28a6-41cb-937b-adaf51dd5ca7","2025-03-29 17:13:07","a2bec9ef-28a6-41cb-937b-adaf51dd5ca7","2025-03-29 17:13:07",1
"Sick young adult fiction","a2bec9ef-28a6-41cb-937b-adaf51dd5ca7","2025-03-29 17:13:07","a2bec9ef-28a6-41cb-937b-adaf51dd5ca7","2025-03-29 17:13:07",1
"Interpersonal relations--young adult fiction","a2bec9ef-28a6-41cb-937b-adaf51dd5ca7","2025-03-29 17:13:07","a2bec9ef-28a6-41cb-937b-adaf51dd5ca7","2025-03-29 17:13:07",1
"Cancer--young adult fiction","a2bec9ef-28a6-41cb-937b-adaf51dd5ca7","2025-03-29 17:13:07","a2bec9ef-28a6-41cb-937b-adaf51dd5ca7","2025-03-29 17:13:07",1
"Thyroid neoplasms","a2bec9ef-28a6-41cb-937b-adaf51dd5ca7","2025-03-29 17:13:07","a2bec9ef-28a6-41cb-937b-adaf51dd5ca7","2025-03-29 17:13:07",1
"Fictional works","a2bec9ef-28a6-41cb-937b-adaf51dd5ca7","2025-03-29 17:13:07","a2bec9ef-28a6-41cb-937b-adaf51dd5ca7","2025-03-29 17:13:07",1
"Psychology","a2bec9ef-28a6-41cb-937b-adaf51dd5ca7","2025-03-29 17:13:07","a2bec9ef-28a6-41cb-937b-adaf51dd5ca7","2025-03-29 17:13:07",1
"Attitude to death","a2bec9ef-28a6-41cb-937b-adaf51dd5ca7","2025-03-29 17:13:07","a2bec9ef-28a6-41cb-937b-adaf51dd5ca7","2025-03-29 17:13:07",1
"17.91 literature from and for special groups","a2bec9ef-28a6-41cb-937b-adaf51dd5ca7","2025-03-29 17:13:07","a2bec9ef-28a6-41cb-937b-adaf51dd5ca7","2025-03-29 17:13:07",1
"18.06 anglo-american literature","a2bec9ef-28a6-41cb-937b-adaf51dd5ca7","2025-03-29 17:13:07","a2bec9ef-28a6-41cb-937b-adaf51dd5ca7","2025-03-29 17:13:07",1
"Zeus (Greek deity)","a2bec9ef-28a6-41cb-937b-adaf51dd5ca7","2025-03-29 17:13:07","a2bec9ef-28a6-41cb-937b-adaf51dd5ca7","2025-03-29 17:13:07",1
"Father-son relationship","a2bec9ef-28a6-41cb-937b-adaf51dd5ca7","2025-03-29 17:13:07","a2bec9ef-28a6-41cb-937b-adaf51dd5ca7","2025-03-29 17:13:07",1
"Hades (Greek deity)","a2bec9ef-28a6-41cb-937b-adaf51dd5ca7","2025-03-29 17:13:07","a2bec9ef-28a6-41cb-937b-adaf51dd5ca7","2025-03-29 17:13:07",1
"Poseidon (Greek deity)","a2bec9ef-28a6-41cb-937b-adaf51dd5ca7","2025-03-29 17:13:07","a2bec9ef-28a6-41cb-937b-adaf51dd5ca7","2025-03-29 17:13:07",1
"Middle school students","a2bec9ef-28a6-41cb-937b-adaf51dd5ca7","2025-03-29 17:13:07","a2bec9ef-28a6-41cb-937b-adaf51dd5ca7","2025-03-29 17:13:07",1
"Gods and goddesses","a2bec9ef-28a6-41cb-937b-adaf51dd5ca7","2025-03-29 17:13:07","a2bec9ef-28a6-41cb-937b-adaf51dd5ca7","2025-03-29 17:13:07",1
"JUVENILE FICTION / Legends, Myths, Fables","a2bec9ef-28a6-41cb-937b-adaf51dd5ca7","2025-03-29 17:13:07","a2bec9ef-28a6-41cb-937b-adaf51dd5ca7","2025-03-29 17:13:07",1
"JUVENILE FICTION / Social Themes","a2bec9ef-28a6-41cb-937b-adaf51dd5ca7","2025-03-29 17:13:07","a2bec9ef-28a6-41cb-937b-adaf51dd5ca7","2025-03-29 17:13:07",1
"Voyages and travels","a2bec9ef-28a6-41cb-937b-adaf51dd5ca7","2025-03-29 17:13:07","a2bec9ef-28a6-41cb-937b-adaf51dd5ca7","2025-03-29 17:13:07",1
"nyt:series_books=2007-07-21","a2bec9ef-28a6-41cb-937b-adaf51dd5ca7","2025-03-29 17:13:07","a2bec9ef-28a6-41cb-937b-adaf51dd5ca7","2025-03-29 17:13:07",1
"Comic books, strips, etc.","a2bec9ef-28a6-41cb-937b-adaf51dd5ca7","2025-03-29 17:13:07","a2bec9ef-28a6-41cb-937b-adaf51dd5ca7","2025-03-29 17:13:07",1
"Graphic novels","a2bec9ef-28a6-41cb-937b-adaf51dd5ca7","2025-03-29 17:13:07","a2bec9ef-28a6-41cb-937b-adaf51dd5ca7","2025-03-29 17:13:07",1
"Comic books, strips, etc.n.","a2bec9ef-28a6-41cb-937b-adaf51dd5ca7","2025-03-29 17:13:07","a2bec9ef-28a6-41cb-937b-adaf51dd5ca7","2025-03-29 17:13:07",1
"Cartoons and comics","a2bec9ef-28a6-41cb-937b-adaf51dd5ca7","2025-03-29 17:13:07","a2bec9ef-28a6-41cb-937b-adaf51dd5ca7","2025-03-29 17:13:07",1
"Greece, fiction","a2bec9ef-28a6-41cb-937b-adaf51dd5ca7","2025-03-29 17:13:07","a2bec9ef-28a6-41cb-937b-adaf51dd5ca7","2025-03-29 17:13:07",1
"Viajes","a2bec9ef-28a6-41cb-937b-adaf51dd5ca7","2025-03-29 17:13:07","a2bec9ef-28a6-41cb-937b-adaf51dd5ca7","2025-03-29 17:13:07",1
"Quakers","a2bec9ef-28a6-41cb-937b-adaf51dd5ca7","2025-03-29 17:13:07","a2bec9ef-28a6-41cb-937b-adaf51dd5ca7","2025-03-29 17:13:07",1
"Pères et fils","a2bec9ef-28a6-41cb-937b-adaf51dd5ca7","2025-03-29 17:13:07","a2bec9ef-28a6-41cb-937b-adaf51dd5ca7","2025-03-29 17:13:07",1
"Poséidon (Divinité grecque)","a2bec9ef-28a6-41cb-937b-adaf51dd5ca7","2025-03-29 17:13:07","a2bec9ef-28a6-41cb-937b-adaf51dd5ca7","2025-03-29 17:13:07",1
"Hadès (Divinité grecque)","a2bec9ef-28a6-41cb-937b-adaf51dd5ca7","2025-03-29 17:13:07","a2bec9ef-28a6-41cb-937b-adaf51dd5ca7","2025-03-29 17:13:07",1
"Zeus (Divinité grecque)","a2bec9ef-28a6-41cb-937b-adaf51dd5ca7","2025-03-29 17:13:07","a2bec9ef-28a6-41cb-937b-adaf51dd5ca7","2025-03-29 17:13:07",1
"Dioses griegos","a2bec9ef-28a6-41cb-937b-adaf51dd5ca7","2025-03-29 17:13:07","a2bec9ef-28a6-41cb-937b-adaf51dd5ca7","2025-03-29 17:13:07",1
"Padres e hijos","a2bec9ef-28a6-41cb-937b-adaf51dd5ca7","2025-03-29 17:13:07","a2bec9ef-28a6-41cb-937b-adaf51dd5ca7","2025-03-29 17:13:07",1
"Narnia","a2bec9ef-28a6-41cb-937b-adaf51dd5ca7","2025-03-29 17:13:07","a2bec9ef-28a6-41cb-937b-adaf51dd5ca7","2025-03-29 17:13:07",1
"The Voyage of the Dawn Treader","a2bec9ef-28a6-41cb-937b-adaf51dd5ca7","2025-03-29 17:13:07","a2bec9ef-28a6-41cb-937b-adaf51dd5ca7","2025-03-29 17:13:07",1
"The Chronicles of Narnia","a2bec9ef-28a6-41cb-937b-adaf51dd5ca7","2025-03-29 17:13:07","a2bec9ef-28a6-41cb-937b-adaf51dd5ca7","2025-03-29 17:13:07",1
"Narnia (imaginary place), fiction","a2bec9ef-28a6-41cb-937b-adaf51dd5ca7","2025-03-29 17:13:07","a2bec9ef-28a6-41cb-937b-adaf51dd5ca7","2025-03-29 17:13:07",1
"Narnia (Imaginary place)","a2bec9ef-28a6-41cb-937b-adaf51dd5ca7","2025-03-29 17:13:07","a2bec9ef-28a6-41cb-937b-adaf51dd5ca7","2025-03-29 17:13:07",1
"Allegory","a2bec9ef-28a6-41cb-937b-adaf51dd5ca7","2025-03-29 17:13:07","a2bec9ef-28a6-41cb-937b-adaf51dd5ca7","2025-03-29 17:13:07",1
"Narnia (Lugar imaginario)","a2bec9ef-28a6-41cb-937b-adaf51dd5ca7","2025-03-29 17:13:07","a2bec9ef-28a6-41cb-937b-adaf51dd5ca7","2025-03-29 17:13:07",1
"Novela fantástica","a2bec9ef-28a6-41cb-937b-adaf51dd5ca7","2025-03-29 17:13:07","a2bec9ef-28a6-41cb-937b-adaf51dd5ca7","2025-03-29 17:13:07",1
"English Fantasy fiction","a2bec9ef-28a6-41cb-937b-adaf51dd5ca7","2025-03-29 17:13:07","a2bec9ef-28a6-41cb-937b-adaf51dd5ca7","2025-03-29 17:13:07",1
"Merveilleux","a2bec9ef-28a6-41cb-937b-adaf51dd5ca7","2025-03-29 17:13:07","a2bec9ef-28a6-41cb-937b-adaf51dd5ca7","2025-03-29 17:13:07",1
"Selfishness","a2bec9ef-28a6-41cb-937b-adaf51dd5ca7","2025-03-29 17:13:07","a2bec9ef-28a6-41cb-937b-adaf51dd5ca7","2025-03-29 17:13:07",1
"Narnia (Imaginary place) (Fictitious character)","a2bec9ef-28a6-41cb-937b-adaf51dd5ca7","2025-03-29 17:13:07","a2bec9ef-28a6-41cb-937b-adaf51dd5ca7","2025-03-29 17:13:07",1
"Narnia (Imaginary place)(Fictitious character)","a2bec9ef-28a6-41cb-937b-adaf51dd5ca7","2025-03-29 17:13:07","a2bec9ef-28a6-41cb-937b-adaf51dd5ca7","2025-03-29 17:13:07",1
"Selfishness in children","a2bec9ef-28a6-41cb-937b-adaf51dd5ca7","2025-03-29 17:13:07","a2bec9ef-28a6-41cb-937b-adaf51dd5ca7","2025-03-29 17:13:07",1
"Ships","a2bec9ef-28a6-41cb-937b-adaf51dd5ca7","2025-03-29 17:13:07","a2bec9ef-28a6-41cb-937b-adaf51dd5ca7","2025-03-29 17:13:07",1
"Good an evil","a2bec9ef-28a6-41cb-937b-adaf51dd5ca7","2025-03-29 17:13:07","a2bec9ef-28a6-41cb-937b-adaf51dd5ca7","2025-03-29 17:13:07",1
"Bildungsroman","a2bec9ef-28a6-41cb-937b-adaf51dd5ca7","2025-03-29 17:13:07","a2bec9ef-28a6-41cb-937b-adaf51dd5ca7","2025-03-29 17:13:07",1
"Epistolary fiction","a2bec9ef-28a6-41cb-937b-adaf51dd5ca7","2025-03-29 17:13:07","a2bec9ef-28a6-41cb-937b-adaf51dd5ca7","2025-03-29 17:13:07",1
"Diary novels","a2bec9ef-28a6-41cb-937b-adaf51dd5ca7","2025-03-29 17:13:07","a2bec9ef-28a6-41cb-937b-adaf51dd5ca7","2025-03-29 17:13:07",1
"high school students","a2bec9ef-28a6-41cb-937b-adaf51dd5ca7","2025-03-29 17:13:07","a2bec9ef-28a6-41cb-937b-adaf51dd5ca7","2025-03-29 17:13:07",1
"social conditions","a2bec9ef-28a6-41cb-937b-adaf51dd5ca7","2025-03-29 17:13:07","a2bec9ef-28a6-41cb-937b-adaf51dd5ca7","2025-03-29 17:13:07",1
"teenagers","a2bec9ef-28a6-41cb-937b-adaf51dd5ca7","2025-03-29 17:13:07","a2bec9ef-28a6-41cb-937b-adaf51dd5ca7","2025-03-29 17:13:07",1
"letters","a2bec9ef-28a6-41cb-937b-adaf51dd5ca7","2025-03-29 17:13:07","a2bec9ef-28a6-41cb-937b-adaf51dd5ca7","2025-03-29 17:13:07",1
"diary fiction","a2bec9ef-28a6-41cb-937b-adaf51dd5ca7","2025-03-29 17:13:07","a2bec9ef-28a6-41cb-937b-adaf51dd5ca7","2025-03-29 17:13:07",1
"adolescence","a2bec9ef-28a6-41cb-937b-adaf51dd5ca7","2025-03-29 17:13:07","a2bec9ef-28a6-41cb-937b-adaf51dd5ca7","2025-03-29 17:13:07",1
"coming of age","a2bec9ef-28a6-41cb-937b-adaf51dd5ca7","2025-03-29 17:13:07","a2bec9ef-28a6-41cb-937b-adaf51dd5ca7","2025-03-29 17:13:07",1
"fiction classics","a2bec9ef-28a6-41cb-937b-adaf51dd5ca7","2025-03-29 17:13:07","a2bec9ef-28a6-41cb-937b-adaf51dd5ca7","2025-03-29 17:13:07",1
"introversion","a2bec9ef-28a6-41cb-937b-adaf51dd5ca7","2025-03-29 17:13:07","a2bec9ef-28a6-41cb-937b-adaf51dd5ca7","2025-03-29 17:13:07",1
"sexuality","a2bec9ef-28a6-41cb-937b-adaf51dd5ca7","2025-03-29 17:13:07","a2bec9ef-28a6-41cb-937b-adaf51dd5ca7","2025-03-29 17:13:07",1
"drug use","a2bec9ef-28a6-41cb-937b-adaf51dd5ca7","2025-03-29 17:13:07","a2bec9ef-28a6-41cb-937b-adaf51dd5ca7","2025-03-29 17:13:07",1
"mental health","a2bec9ef-28a6-41cb-937b-adaf51dd5ca7","2025-03-29 17:13:07","a2bec9ef-28a6-41cb-937b-adaf51dd5ca7","2025-03-29 17:13:07",1
"coming-of-age","a2bec9ef-28a6-41cb-937b-adaf51dd5ca7","2025-03-29 17:13:07","a2bec9ef-28a6-41cb-937b-adaf51dd5ca7","2025-03-29 17:13:07",1
"music","a2bec9ef-28a6-41cb-937b-adaf51dd5ca7","2025-03-29 17:13:07","a2bec9ef-28a6-41cb-937b-adaf51dd5ca7","2025-03-29 17:13:07",1
"infinite","a2bec9ef-28a6-41cb-937b-adaf51dd5ca7","2025-03-29 17:13:07","a2bec9ef-28a6-41cb-937b-adaf51dd5ca7","2025-03-29 17:13:07",1
"abuse","a2bec9ef-28a6-41cb-937b-adaf51dd5ca7","2025-03-29 17:13:07","a2bec9ef-28a6-41cb-937b-adaf51dd5ca7","2025-03-29 17:13:07",1
"repression","a2bec9ef-28a6-41cb-937b-adaf51dd5ca7","2025-03-29 17:13:07","a2bec9ef-28a6-41cb-937b-adaf51dd5ca7","2025-03-29 17:13:07",1
"Loss (Psychology)","a2bec9ef-28a6-41cb-937b-adaf51dd5ca7","2025-03-29 17:13:07","a2bec9ef-28a6-41cb-937b-adaf51dd5ca7","2025-03-29 17:13:07",1
"Reading Level-Grade 9","a2bec9ef-28a6-41cb-937b-adaf51dd5ca7","2025-03-29 17:13:07","a2bec9ef-28a6-41cb-937b-adaf51dd5ca7","2025-03-29 17:13:07",1
"Schools, fiction","a2bec9ef-28a6-41cb-937b-adaf51dd5ca7","2025-03-29 17:13:07","a2bec9ef-28a6-41cb-937b-adaf51dd5ca7","2025-03-29 17:13:07",1
"nyt:paperback-books=2012-06-24","a2bec9ef-28a6-41cb-937b-adaf51dd5ca7","2025-03-29 17:13:07","a2bec9ef-28a6-41cb-937b-adaf51dd5ca7","2025-03-29 17:13:07",1
"Letters, fiction","a2bec9ef-28a6-41cb-937b-adaf51dd5ca7","2025-03-29 17:13:07","a2bec9ef-28a6-41cb-937b-adaf51dd5ca7","2025-03-29 17:13:07",1
"Youth, fiction","a2bec9ef-28a6-41cb-937b-adaf51dd5ca7","2025-03-29 17:13:07","a2bec9ef-28a6-41cb-937b-adaf51dd5ca7","2025-03-29 17:13:07",1
"collectionID:TexChallenge2021","a2bec9ef-28a6-41cb-937b-adaf51dd5ca7","2025-03-29 17:13:07","a2bec9ef-28a6-41cb-937b-adaf51dd5ca7","2025-03-29 17:13:07",1
"Adolescents","a2bec9ef-28a6-41cb-937b-adaf51dd5ca7","2025-03-29 17:13:07","a2bec9ef-28a6-41cb-937b-adaf51dd5ca7","2025-03-29 17:13:07",1
"Élèves du secondaire","a2bec9ef-28a6-41cb-937b-adaf51dd5ca7","2025-03-29 17:13:07","a2bec9ef-28a6-41cb-937b-adaf51dd5ca7","2025-03-29 17:13:07",1
"Conditions sociales","a2bec9ef-28a6-41cb-937b-adaf51dd5ca7","2025-03-29 17:13:07","a2bec9ef-28a6-41cb-937b-adaf51dd5ca7","2025-03-29 17:13:07",1
"Lettres (Genre littéraire)","a2bec9ef-28a6-41cb-937b-adaf51dd5ca7","2025-03-29 17:13:07","a2bec9ef-28a6-41cb-937b-adaf51dd5ca7","2025-03-29 17:13:07",1
"Epistolary novels","a2bec9ef-28a6-41cb-937b-adaf51dd5ca7","2025-03-29 17:13:07","a2bec9ef-28a6-41cb-937b-adaf51dd5ca7","2025-03-29 17:13:07",1
"High school students--social conditions","a2bec9ef-28a6-41cb-937b-adaf51dd5ca7","2025-03-29 17:13:07","a2bec9ef-28a6-41cb-937b-adaf51dd5ca7","2025-03-29 17:13:07",1
"High school students--social conditions--fiction","a2bec9ef-28a6-41cb-937b-adaf51dd5ca7","2025-03-29 17:13:07","a2bec9ef-28a6-41cb-937b-adaf51dd5ca7","2025-03-29 17:13:07",1
"High school students--social conditions--juvenile fiction","a2bec9ef-28a6-41cb-937b-adaf51dd5ca7","2025-03-29 17:13:07","a2bec9ef-28a6-41cb-937b-adaf51dd5ca7","2025-03-29 17:13:07",1
"Teenagers--juvenile fiction","a2bec9ef-28a6-41cb-937b-adaf51dd5ca7","2025-03-29 17:13:07","a2bec9ef-28a6-41cb-937b-adaf51dd5ca7","2025-03-29 17:13:07",1
"Letters--juvenile fiction","a2bec9ef-28a6-41cb-937b-adaf51dd5ca7","2025-03-29 17:13:07","a2bec9ef-28a6-41cb-937b-adaf51dd5ca7","2025-03-29 17:13:07",1
"High school students--juvenile fiction","a2bec9ef-28a6-41cb-937b-adaf51dd5ca7","2025-03-29 17:13:07","a2bec9ef-28a6-41cb-937b-adaf51dd5ca7","2025-03-29 17:13:07",1
"Adolescence--juvenile fiction","a2bec9ef-28a6-41cb-937b-adaf51dd5ca7","2025-03-29 17:13:07","a2bec9ef-28a6-41cb-937b-adaf51dd5ca7","2025-03-29 17:13:07",1
"Ps3553.h3469 p47 1999","a2bec9ef-28a6-41cb-937b-adaf51dd5ca7","2025-03-29 17:13:07","a2bec9ef-28a6-41cb-937b-adaf51dd5ca7","2025-03-29 17:13:07",1
"813/.54","a2bec9ef-28a6-41cb-937b-adaf51dd5ca7","2025-03-29 17:13:07","a2bec9ef-28a6-41cb-937b-adaf51dd5ca7","2025-03-29 17:13:07",1
"Accidentes","a2bec9ef-28a6-41cb-937b-adaf51dd5ca7","2025-03-29 17:13:07","a2bec9ef-28a6-41cb-937b-adaf51dd5ca7","2025-03-29 17:13:07",1
"Accident victims","a2bec9ef-28a6-41cb-937b-adaf51dd5ca7","2025-03-29 17:13:07","a2bec9ef-28a6-41cb-937b-adaf51dd5ca7","2025-03-29 17:13:07",1
"Sobrenatural","a2bec9ef-28a6-41cb-937b-adaf51dd5ca7","2025-03-29 17:13:07","a2bec9ef-28a6-41cb-937b-adaf51dd5ca7","2025-03-29 17:13:07",1
"Supernatural in fiction","a2bec9ef-28a6-41cb-937b-adaf51dd5ca7","2025-03-29 17:13:07","a2bec9ef-28a6-41cb-937b-adaf51dd5ca7","2025-03-29 17:13:07",1
"Supernatural","a2bec9ef-28a6-41cb-937b-adaf51dd5ca7","2025-03-29 17:13:07","a2bec9ef-28a6-41cb-937b-adaf51dd5ca7","2025-03-29 17:13:07",1
"Accident victims in fiction","a2bec9ef-28a6-41cb-937b-adaf51dd5ca7","2025-03-29 17:13:07","a2bec9ef-28a6-41cb-937b-adaf51dd5ca7","2025-03-29 17:13:07",1
"Painters","a2bec9ef-28a6-41cb-937b-adaf51dd5ca7","2025-03-29 17:13:07","a2bec9ef-28a6-41cb-937b-adaf51dd5ca7","2025-03-29 17:13:07",1
"Florida, fiction","a2bec9ef-28a6-41cb-937b-adaf51dd5ca7","2025-03-29 17:13:07","a2bec9ef-28a6-41cb-937b-adaf51dd5ca7","2025-03-29 17:13:07",1
"Artists, fiction","a2bec9ef-28a6-41cb-937b-adaf51dd5ca7","2025-03-29 17:13:07","a2bec9ef-28a6-41cb-937b-adaf51dd5ca7","2025-03-29 17:13:07",1
"Accidents","a2bec9ef-28a6-41cb-937b-adaf51dd5ca7","2025-03-29 17:13:07","a2bec9ef-28a6-41cb-937b-adaf51dd5ca7","2025-03-29 17:13:07",1
"Surnaturel","a2bec9ef-28a6-41cb-937b-adaf51dd5ca7","2025-03-29 17:13:07","a2bec9ef-28a6-41cb-937b-adaf51dd5ca7","2025-03-29 17:13:07",1
"nyt:mass-market-paperback=2008-11-09","a2bec9ef-28a6-41cb-937b-adaf51dd5ca7","2025-03-29 17:13:07","a2bec9ef-28a6-41cb-937b-adaf51dd5ca7","2025-03-29 17:13:07",1
"Social sciences","a2bec9ef-28a6-41cb-937b-adaf51dd5ca7","2025-03-29 17:13:07","a2bec9ef-28a6-41cb-937b-adaf51dd5ca7","2025-03-29 17:13:07",1
"Bibliography","a2bec9ef-28a6-41cb-937b-adaf51dd5ca7","2025-03-29 17:13:07","a2bec9ef-28a6-41cb-937b-adaf51dd5ca7","2025-03-29 17:13:07",1
"Accident victims -- Fiction","a2bec9ef-28a6-41cb-937b-adaf51dd5ca7","2025-03-29 17:13:07","a2bec9ef-28a6-41cb-937b-adaf51dd5ca7","2025-03-29 17:13:07",1
"Supernatural -- Fiction","a2bec9ef-28a6-41cb-937b-adaf51dd5ca7","2025-03-29 17:13:07","a2bec9ef-28a6-41cb-937b-adaf51dd5ca7","2025-03-29 17:13:07",1
"Florida Keys (Fla.) -- Fiction","a2bec9ef-28a6-41cb-937b-adaf51dd5ca7","2025-03-29 17:13:07","a2bec9ef-28a6-41cb-937b-adaf51dd5ca7","2025-03-29 17:13:07",1
"migrant labor","a2bec9ef-28a6-41cb-937b-adaf51dd5ca7","2025-03-29 17:13:07","a2bec9ef-28a6-41cb-937b-adaf51dd5ca7","2025-03-29 17:13:07",1
"domestic fiction","a2bec9ef-28a6-41cb-937b-adaf51dd5ca7","2025-03-29 17:13:07","a2bec9ef-28a6-41cb-937b-adaf51dd5ca7","2025-03-29 17:13:07",1
"depravity","a2bec9ef-28a6-41cb-937b-adaf51dd5ca7","2025-03-29 17:13:07","a2bec9ef-28a6-41cb-937b-adaf51dd5ca7","2025-03-29 17:13:07",1
"beneficence","a2bec9ef-28a6-41cb-937b-adaf51dd5ca7","2025-03-29 17:13:07","a2bec9ef-28a6-41cb-937b-adaf51dd5ca7","2025-03-29 17:13:07",1
"the struggle for acceptance","a2bec9ef-28a6-41cb-937b-adaf51dd5ca7","2025-03-29 17:13:07","a2bec9ef-28a6-41cb-937b-adaf51dd5ca7","2025-03-29 17:13:07",1
"self-destruction","a2bec9ef-28a6-41cb-937b-adaf51dd5ca7","2025-03-29 17:13:07","a2bec9ef-28a6-41cb-937b-adaf51dd5ca7","2025-03-29 17:13:07",1
"guilt","a2bec9ef-28a6-41cb-937b-adaf51dd5ca7","2025-03-29 17:13:07","a2bec9ef-28a6-41cb-937b-adaf51dd5ca7","2025-03-29 17:13:07",1
"freedom","a2bec9ef-28a6-41cb-937b-adaf51dd5ca7","2025-03-29 17:13:07","a2bec9ef-28a6-41cb-937b-adaf51dd5ca7","2025-03-29 17:13:07",1
"classics","a2bec9ef-28a6-41cb-937b-adaf51dd5ca7","2025-03-29 17:13:07","a2bec9ef-28a6-41cb-937b-adaf51dd5ca7","2025-03-29 17:13:07",1
"Twins","a2bec9ef-28a6-41cb-937b-adaf51dd5ca7","2025-03-29 17:13:07","a2bec9ef-28a6-41cb-937b-adaf51dd5ca7","2025-03-29 17:13:07",1
"Novela hogareña","a2bec9ef-28a6-41cb-937b-adaf51dd5ca7","2025-03-29 17:13:07","a2bec9ef-28a6-41cb-937b-adaf51dd5ca7","2025-03-29 17:13:07",1
"Brothers","a2bec9ef-28a6-41cb-937b-adaf51dd5ca7","2025-03-29 17:13:07","a2bec9ef-28a6-41cb-937b-adaf51dd5ca7","2025-03-29 17:13:07",1
"Sibling rivalry","a2bec9ef-28a6-41cb-937b-adaf51dd5ca7","2025-03-29 17:13:07","a2bec9ef-28a6-41cb-937b-adaf51dd5ca7","2025-03-29 17:13:07",1
"Rivaldad entre hermanos","a2bec9ef-28a6-41cb-937b-adaf51dd5ca7","2025-03-29 17:13:07","a2bec9ef-28a6-41cb-937b-adaf51dd5ca7","2025-03-29 17:13:07",1
"Niños de prostitutas","a2bec9ef-28a6-41cb-937b-adaf51dd5ca7","2025-03-29 17:13:07","a2bec9ef-28a6-41cb-937b-adaf51dd5ca7","2025-03-29 17:13:07",1
"Rural families","a2bec9ef-28a6-41cb-937b-adaf51dd5ca7","2025-03-29 17:13:07","a2bec9ef-28a6-41cb-937b-adaf51dd5ca7","2025-03-29 17:13:07",1
"Children of prostitutes","a2bec9ef-28a6-41cb-937b-adaf51dd5ca7","2025-03-29 17:13:07","a2bec9ef-28a6-41cb-937b-adaf51dd5ca7","2025-03-29 17:13:07",1
"California, fiction","a2bec9ef-28a6-41cb-937b-adaf51dd5ca7","2025-03-29 17:13:07","a2bec9ef-28a6-41cb-937b-adaf51dd5ca7","2025-03-29 17:13:07",1
"Poor","a2bec9ef-28a6-41cb-937b-adaf51dd5ca7","2025-03-29 17:13:07","a2bec9ef-28a6-41cb-937b-adaf51dd5ca7","2025-03-29 17:13:07",1
"Murder","a2bec9ef-28a6-41cb-937b-adaf51dd5ca7","2025-03-29 17:13:07","a2bec9ef-28a6-41cb-937b-adaf51dd5ca7","2025-03-29 17:13:07",1
"Jealousy","a2bec9ef-28a6-41cb-937b-adaf51dd5ca7","2025-03-29 17:13:07","a2bec9ef-28a6-41cb-937b-adaf51dd5ca7","2025-03-29 17:13:07",1
"Pauvres","a2bec9ef-28a6-41cb-937b-adaf51dd5ca7","2025-03-29 17:13:07","a2bec9ef-28a6-41cb-937b-adaf51dd5ca7","2025-03-29 17:13:07",1
"Histoire","a2bec9ef-28a6-41cb-937b-adaf51dd5ca7","2025-03-29 17:13:07","a2bec9ef-28a6-41cb-937b-adaf51dd5ca7","2025-03-29 17:13:07",1
"Meurtre","a2bec9ef-28a6-41cb-937b-adaf51dd5ca7","2025-03-29 17:13:07","a2bec9ef-28a6-41cb-937b-adaf51dd5ca7","2025-03-29 17:13:07",1
"Vengeance","a2bec9ef-28a6-41cb-937b-adaf51dd5ca7","2025-03-29 17:13:07","a2bec9ef-28a6-41cb-937b-adaf51dd5ca7","2025-03-29 17:13:07",1
"Jalousie","a2bec9ef-28a6-41cb-937b-adaf51dd5ca7","2025-03-29 17:13:07","a2bec9ef-28a6-41cb-937b-adaf51dd5ca7","2025-03-29 17:13:07",1
"Riches","a2bec9ef-28a6-41cb-937b-adaf51dd5ca7","2025-03-29 17:13:07","a2bec9ef-28a6-41cb-937b-adaf51dd5ca7","2025-03-29 17:13:07",1
"Mœurs et coutumes","a2bec9ef-28a6-41cb-937b-adaf51dd5ca7","2025-03-29 17:13:07","a2bec9ef-28a6-41cb-937b-adaf51dd5ca7","2025-03-29 17:13:07",1
"Vida social y costumbres","a2bec9ef-28a6-41cb-937b-adaf51dd5ca7","2025-03-29 17:13:07","a2bec9ef-28a6-41cb-937b-adaf51dd5ca7","2025-03-29 17:13:07",1
"School principals","a2bec9ef-28a6-41cb-937b-adaf51dd5ca7","2025-03-29 17:13:07","a2bec9ef-28a6-41cb-937b-adaf51dd5ca7","2025-03-29 17:13:07",1
"American Humorous stories","a2bec9ef-28a6-41cb-937b-adaf51dd5ca7","2025-03-29 17:13:07","a2bec9ef-28a6-41cb-937b-adaf51dd5ca7","2025-03-29 17:13:07",1
"Extraterrestrial beings","a2bec9ef-28a6-41cb-937b-adaf51dd5ca7","2025-03-29 17:13:07","a2bec9ef-28a6-41cb-937b-adaf51dd5ca7","2025-03-29 17:13:07",1
"Captain Underpants (Fictitious character)","a2bec9ef-28a6-41cb-937b-adaf51dd5ca7","2025-03-29 17:13:07","a2bec9ef-28a6-41cb-937b-adaf51dd5ca7","2025-03-29 17:13:07",1
"Héroes","a2bec9ef-28a6-41cb-937b-adaf51dd5ca7","2025-03-29 17:13:07","a2bec9ef-28a6-41cb-937b-adaf51dd5ca7","2025-03-29 17:13:07",1
"Superintendentes y directores","a2bec9ef-28a6-41cb-937b-adaf51dd5ca7","2025-03-29 17:13:07","a2bec9ef-28a6-41cb-937b-adaf51dd5ca7","2025-03-29 17:13:07",1
"Metamorphosis","a2bec9ef-28a6-41cb-937b-adaf51dd5ca7","2025-03-29 17:13:07","a2bec9ef-28a6-41cb-937b-adaf51dd5ca7","2025-03-29 17:13:07",1
"Child authors","a2bec9ef-28a6-41cb-937b-adaf51dd5ca7","2025-03-29 17:13:07","a2bec9ef-28a6-41cb-937b-adaf51dd5ca7","2025-03-29 17:13:07",1
"Caricatures and cartoons","a2bec9ef-28a6-41cb-937b-adaf51dd5ca7","2025-03-29 17:13:07","a2bec9ef-28a6-41cb-937b-adaf51dd5ca7","2025-03-29 17:13:07",1
"Heroes and heroines","a2bec9ef-28a6-41cb-937b-adaf51dd5ca7","2025-03-29 17:13:07","a2bec9ef-28a6-41cb-937b-adaf51dd5ca7","2025-03-29 17:13:07",1
"School superintendents and principals","a2bec9ef-28a6-41cb-937b-adaf51dd5ca7","2025-03-29 17:13:07","a2bec9ef-28a6-41cb-937b-adaf51dd5ca7","2025-03-29 17:13:07",1
"Niños autores","a2bec9ef-28a6-41cb-937b-adaf51dd5ca7","2025-03-29 17:13:07","a2bec9ef-28a6-41cb-937b-adaf51dd5ca7","2025-03-29 17:13:07",1
"Metamorfosis (Biología)","a2bec9ef-28a6-41cb-937b-adaf51dd5ca7","2025-03-29 17:13:07","a2bec9ef-28a6-41cb-937b-adaf51dd5ca7","2025-03-29 17:13:07",1
"Novela infantil","a2bec9ef-28a6-41cb-937b-adaf51dd5ca7","2025-03-29 17:13:07","a2bec9ef-28a6-41cb-937b-adaf51dd5ca7","2025-03-29 17:13:07",1
"Captain underpants (fictitious character), fiction","a2bec9ef-28a6-41cb-937b-adaf51dd5ca7","2025-03-29 17:13:07","a2bec9ef-28a6-41cb-937b-adaf51dd5ca7","2025-03-29 17:13:07",1
"Còmics","a2bec9ef-28a6-41cb-937b-adaf51dd5ca7","2025-03-29 17:13:07","a2bec9ef-28a6-41cb-937b-adaf51dd5ca7","2025-03-29 17:13:07",1
"Llibres per a infants","a2bec9ef-28a6-41cb-937b-adaf51dd5ca7","2025-03-29 17:13:07","a2bec9ef-28a6-41cb-937b-adaf51dd5ca7","2025-03-29 17:13:07",1
"Escola","a2bec9ef-28a6-41cb-937b-adaf51dd5ca7","2025-03-29 17:13:07","a2bec9ef-28a6-41cb-937b-adaf51dd5ca7","2025-03-29 17:13:07",1
"Narrativa per a infants","a2bec9ef-28a6-41cb-937b-adaf51dd5ca7","2025-03-29 17:13:07","a2bec9ef-28a6-41cb-937b-adaf51dd5ca7","2025-03-29 17:13:07",1
"Teachers","a2bec9ef-28a6-41cb-937b-adaf51dd5ca7","2025-03-29 17:13:07","a2bec9ef-28a6-41cb-937b-adaf51dd5ca7","2025-03-29 17:13:07",1
"Bobette, Capitaine (Personnage fictif)","a2bec9ef-28a6-41cb-937b-adaf51dd5ca7","2025-03-29 17:13:07","a2bec9ef-28a6-41cb-937b-adaf51dd5ca7","2025-03-29 17:13:07",1
"Enseignants","a2bec9ef-28a6-41cb-937b-adaf51dd5ca7","2025-03-29 17:13:07","a2bec9ef-28a6-41cb-937b-adaf51dd5ca7","2025-03-29 17:13:07",1
"Directeurs d'école","a2bec9ef-28a6-41cb-937b-adaf51dd5ca7","2025-03-29 17:13:07","a2bec9ef-28a6-41cb-937b-adaf51dd5ca7","2025-03-29 17:13:07",1
"Héros","a2bec9ef-28a6-41cb-937b-adaf51dd5ca7","2025-03-29 17:13:07","a2bec9ef-28a6-41cb-937b-adaf51dd5ca7","2025-03-29 17:13:07",1
"H?eroes","a2bec9ef-28a6-41cb-937b-adaf51dd5ca7","2025-03-29 17:13:07","a2bec9ef-28a6-41cb-937b-adaf51dd5ca7","2025-03-29 17:13:07",1
"Captain Underpants (Fictional character)","a2bec9ef-28a6-41cb-937b-adaf51dd5ca7","2025-03-29 17:13:07","a2bec9ef-28a6-41cb-937b-adaf51dd5ca7","2025-03-29 17:13:07",1
"Interpersonal relations, fiction","a2bec9ef-28a6-41cb-937b-adaf51dd5ca7","2025-03-29 17:13:07","a2bec9ef-28a6-41cb-937b-adaf51dd5ca7","2025-03-29 17:13:07",1
"Seashore, fiction","a2bec9ef-28a6-41cb-937b-adaf51dd5ca7","2025-03-29 17:13:07","a2bec9ef-28a6-41cb-937b-adaf51dd5ca7","2025-03-29 17:13:07",1
"Vacations, fiction","a2bec9ef-28a6-41cb-937b-adaf51dd5ca7","2025-03-29 17:13:07","a2bec9ef-28a6-41cb-937b-adaf51dd5ca7","2025-03-29 17:13:07",1
"Summer, fiction","a2bec9ef-28a6-41cb-937b-adaf51dd5ca7","2025-03-29 17:13:07","a2bec9ef-28a6-41cb-937b-adaf51dd5ca7","2025-03-29 17:13:07",1
"desertion","a2bec9ef-28a6-41cb-937b-adaf51dd5ca7","2025-03-29 17:13:07","a2bec9ef-28a6-41cb-937b-adaf51dd5ca7","2025-03-29 17:13:07",1
"Sufism","a2bec9ef-28a6-41cb-937b-adaf51dd5ca7","2025-03-29 17:13:07","a2bec9ef-28a6-41cb-937b-adaf51dd5ca7","2025-03-29 17:13:07",1
"Pashhtuns","a2bec9ef-28a6-41cb-937b-adaf51dd5ca7","2025-03-29 17:13:07","a2bec9ef-28a6-41cb-937b-adaf51dd5ca7","2025-03-29 17:13:07",1
"domestic abuse","a2bec9ef-28a6-41cb-937b-adaf51dd5ca7","2025-03-29 17:13:07","a2bec9ef-28a6-41cb-937b-adaf51dd5ca7","2025-03-29 17:13:07",1
"Tajiks","a2bec9ef-28a6-41cb-937b-adaf51dd5ca7","2025-03-29 17:13:07","a2bec9ef-28a6-41cb-937b-adaf51dd5ca7","2025-03-29 17:13:07",1
"Taliban","a2bec9ef-28a6-41cb-937b-adaf51dd5ca7","2025-03-29 17:13:07","a2bec9ef-28a6-41cb-937b-adaf51dd5ca7","2025-03-29 17:13:07",1
"Pinocchio","a2bec9ef-28a6-41cb-937b-adaf51dd5ca7","2025-03-29 17:13:07","a2bec9ef-28a6-41cb-937b-adaf51dd5ca7","2025-03-29 17:13:07",1
"Intergenerational relations","a2bec9ef-28a6-41cb-937b-adaf51dd5ca7","2025-03-29 17:13:07","a2bec9ef-28a6-41cb-937b-adaf51dd5ca7","2025-03-29 17:13:07",1
"Family relationships","a2bec9ef-28a6-41cb-937b-adaf51dd5ca7","2025-03-29 17:13:07","a2bec9ef-28a6-41cb-937b-adaf51dd5ca7","2025-03-29 17:13:07",1
"Family sagas","a2bec9ef-28a6-41cb-937b-adaf51dd5ca7","2025-03-29 17:13:07","a2bec9ef-28a6-41cb-937b-adaf51dd5ca7","2025-03-29 17:13:07",1
"Families -- Fiction.","a2bec9ef-28a6-41cb-937b-adaf51dd5ca7","2025-03-29 17:13:07","a2bec9ef-28a6-41cb-937b-adaf51dd5ca7","2025-03-29 17:13:07",1
"Ehefrau","a2bec9ef-28a6-41cb-937b-adaf51dd5ca7","2025-03-29 17:13:07","a2bec9ef-28a6-41cb-937b-adaf51dd5ca7","2025-03-29 17:13:07",1
"Social conditions","a2bec9ef-28a6-41cb-937b-adaf51dd5ca7","2025-03-29 17:13:07","a2bec9ef-28a6-41cb-937b-adaf51dd5ca7","2025-03-29 17:13:07",1
"Arranged marriage","a2bec9ef-28a6-41cb-937b-adaf51dd5ca7","2025-03-29 17:13:07","a2bec9ef-28a6-41cb-937b-adaf51dd5ca7","2025-03-29 17:13:07",1
"Ehemann","a2bec9ef-28a6-41cb-937b-adaf51dd5ca7","2025-03-29 17:13:07","a2bec9ef-28a6-41cb-937b-adaf51dd5ca7","2025-03-29 17:13:07",1
"Unterdrückung","a2bec9ef-28a6-41cb-937b-adaf51dd5ca7","2025-03-29 17:13:07","a2bec9ef-28a6-41cb-937b-adaf51dd5ca7","2025-03-29 17:13:07",1
"Afghanistan, fiction","a2bec9ef-28a6-41cb-937b-adaf51dd5ca7","2025-03-29 17:13:07","a2bec9ef-28a6-41cb-937b-adaf51dd5ca7","2025-03-29 17:13:07",1
"Modern & contemporary fiction (post c 1945)","a2bec9ef-28a6-41cb-937b-adaf51dd5ca7","2025-03-29 17:13:07","a2bec9ef-28a6-41cb-937b-adaf51dd5ca7","2025-03-29 17:13:07",1
"Frauenfreundschaft","a2bec9ef-28a6-41cb-937b-adaf51dd5ca7","2025-03-29 17:13:07","a2bec9ef-28a6-41cb-937b-adaf51dd5ca7","2025-03-29 17:13:07",1
"Altersunterschied","a2bec9ef-28a6-41cb-937b-adaf51dd5ca7","2025-03-29 17:13:07","a2bec9ef-28a6-41cb-937b-adaf51dd5ca7","2025-03-29 17:13:07",1
"nyt:trade-fiction-paperback=2008-12-14","a2bec9ef-28a6-41cb-937b-adaf51dd5ca7","2025-03-29 17:13:07","a2bec9ef-28a6-41cb-937b-adaf51dd5ca7","2025-03-29 17:13:07",1
"Afganistán","a2bec9ef-28a6-41cb-937b-adaf51dd5ca7","2025-03-29 17:13:07","a2bec9ef-28a6-41cb-937b-adaf51dd5ca7","2025-03-29 17:13:07",1
"Fictional Works","a2bec9ef-28a6-41cb-937b-adaf51dd5ca7","2025-03-29 17:13:07","a2bec9ef-28a6-41cb-937b-adaf51dd5ca7","2025-03-29 17:13:07",1
"Ciencia-ficción","a2bec9ef-28a6-41cb-937b-adaf51dd5ca7","2025-03-29 17:13:07","a2bec9ef-28a6-41cb-937b-adaf51dd5ca7","2025-03-29 17:13:07",1
"English Language Short stories","a2bec9ef-28a6-41cb-937b-adaf51dd5ca7","2025-03-29 17:13:07","a2bec9ef-28a6-41cb-937b-adaf51dd5ca7","2025-03-29 17:13:07",1
"Interplanetary voyages","a2bec9ef-28a6-41cb-937b-adaf51dd5ca7","2025-03-29 17:13:07","a2bec9ef-28a6-41cb-937b-adaf51dd5ca7","2025-03-29 17:13:07",1
"Translations into Russian","a2bec9ef-28a6-41cb-937b-adaf51dd5ca7","2025-03-29 17:13:07","a2bec9ef-28a6-41cb-937b-adaf51dd5ca7","2025-03-29 17:13:07",1
"Space colonies","a2bec9ef-28a6-41cb-937b-adaf51dd5ca7","2025-03-29 17:13:07","a2bec9ef-28a6-41cb-937b-adaf51dd5ca7","2025-03-29 17:13:07",1
"nyt:series_books=2009-01-10","a2bec9ef-28a6-41cb-937b-adaf51dd5ca7","2025-03-29 17:13:07","a2bec9ef-28a6-41cb-937b-adaf51dd5ca7","2025-03-29 17:13:07",1
"Diary Of A Wimpy Kid Book 06 Cabin Fever","a2bec9ef-28a6-41cb-937b-adaf51dd5ca7","2025-03-29 17:13:07","a2bec9ef-28a6-41cb-937b-adaf51dd5ca7","2025-03-29 17:13:07",1
"Holidays","a2bec9ef-28a6-41cb-937b-adaf51dd5ca7","2025-03-29 17:13:07","a2bec9ef-28a6-41cb-937b-adaf51dd5ca7","2025-03-29 17:13:07",1
"Blizzards","a2bec9ef-28a6-41cb-937b-adaf51dd5ca7","2025-03-29 17:13:07","a2bec9ef-28a6-41cb-937b-adaf51dd5ca7","2025-03-29 17:13:07",1
"Boredom","a2bec9ef-28a6-41cb-937b-adaf51dd5ca7","2025-03-29 17:13:07","a2bec9ef-28a6-41cb-937b-adaf51dd5ca7","2025-03-29 17:13:07",1
"Greg Heffley","a2bec9ef-28a6-41cb-937b-adaf51dd5ca7","2025-03-29 17:13:07","a2bec9ef-28a6-41cb-937b-adaf51dd5ca7","2025-03-29 17:13:07",1
"Holidays, fiction","a2bec9ef-28a6-41cb-937b-adaf51dd5ca7","2025-03-29 17:13:07","a2bec9ef-28a6-41cb-937b-adaf51dd5ca7","2025-03-29 17:13:07",1
"JUVENILE FICTION / Humorous Stories","a2bec9ef-28a6-41cb-937b-adaf51dd5ca7","2025-03-29 17:13:07","a2bec9ef-28a6-41cb-937b-adaf51dd5ca7","2025-03-29 17:13:07",1
"JUVENILE FICTION / Comics & Graphic Novels / General","a2bec9ef-28a6-41cb-937b-adaf51dd5ca7","2025-03-29 17:13:07","a2bec9ef-28a6-41cb-937b-adaf51dd5ca7","2025-03-29 17:13:07",1
"Christmas","a2bec9ef-28a6-41cb-937b-adaf51dd5ca7","2025-03-29 17:13:07","a2bec9ef-28a6-41cb-937b-adaf51dd5ca7","2025-03-29 17:13:07",1
"Vandalism","a2bec9ef-28a6-41cb-937b-adaf51dd5ca7","2025-03-29 17:13:07","a2bec9ef-28a6-41cb-937b-adaf51dd5ca7","2025-03-29 17:13:07",1
"Fear","a2bec9ef-28a6-41cb-937b-adaf51dd5ca7","2025-03-29 17:13:07","a2bec9ef-28a6-41cb-937b-adaf51dd5ca7","2025-03-29 17:13:07",1
"Juvenile Wit and humor","a2bec9ef-28a6-41cb-937b-adaf51dd5ca7","2025-03-29 17:13:07","a2bec9ef-28a6-41cb-937b-adaf51dd5ca7","2025-03-29 17:13:07",1
"Christmas stories","a2bec9ef-28a6-41cb-937b-adaf51dd5ca7","2025-03-29 17:13:07","a2bec9ef-28a6-41cb-937b-adaf51dd5ca7","2025-03-29 17:13:07",1
"Children's stories, Chinese","a2bec9ef-28a6-41cb-937b-adaf51dd5ca7","2025-03-29 17:13:07","a2bec9ef-28a6-41cb-937b-adaf51dd5ca7","2025-03-29 17:13:07",1
"LGBT","a2bec9ef-28a6-41cb-937b-adaf51dd5ca7","2025-03-29 17:13:07","a2bec9ef-28a6-41cb-937b-adaf51dd5ca7","2025-03-29 17:13:07",1
"Young Adult","a2bec9ef-28a6-41cb-937b-adaf51dd5ca7","2025-03-29 17:13:07","a2bec9ef-28a6-41cb-937b-adaf51dd5ca7","2025-03-29 17:13:07",1
"Secrets","a2bec9ef-28a6-41cb-937b-adaf51dd5ca7","2025-03-29 17:13:07","a2bec9ef-28a6-41cb-937b-adaf51dd5ca7","2025-03-29 17:13:07",1
"Secrecy","a2bec9ef-28a6-41cb-937b-adaf51dd5ca7","2025-03-29 17:13:07","a2bec9ef-28a6-41cb-937b-adaf51dd5ca7","2025-03-29 17:13:07",1
"JUVENILE FICTION / Social Issues / Friendship","a2bec9ef-28a6-41cb-937b-adaf51dd5ca7","2025-03-29 17:13:07","a2bec9ef-28a6-41cb-937b-adaf51dd5ca7","2025-03-29 17:13:07",1
"Friendship in adolescence","a2bec9ef-28a6-41cb-937b-adaf51dd5ca7","2025-03-29 17:13:07","a2bec9ef-28a6-41cb-937b-adaf51dd5ca7","2025-03-29 17:13:07",1
"Gay teenagers","a2bec9ef-28a6-41cb-937b-adaf51dd5ca7","2025-03-29 17:13:07","a2bec9ef-28a6-41cb-937b-adaf51dd5ca7","2025-03-29 17:13:07",1
"Extortion","a2bec9ef-28a6-41cb-937b-adaf51dd5ca7","2025-03-29 17:13:07","a2bec9ef-28a6-41cb-937b-adaf51dd5ca7","2025-03-29 17:13:07",1
"JUVENILE FICTION / Social Issues / Homosexuality","a2bec9ef-28a6-41cb-937b-adaf51dd5ca7","2025-03-29 17:13:07","a2bec9ef-28a6-41cb-937b-adaf51dd5ca7","2025-03-29 17:13:07",1
"Pen pals","a2bec9ef-28a6-41cb-937b-adaf51dd5ca7","2025-03-29 17:13:07","a2bec9ef-28a6-41cb-937b-adaf51dd5ca7","2025-03-29 17:13:07",1
"Social Issues","a2bec9ef-28a6-41cb-937b-adaf51dd5ca7","2025-03-29 17:13:07","a2bec9ef-28a6-41cb-937b-adaf51dd5ca7","2025-03-29 17:13:07",1
"Library list","a2bec9ef-28a6-41cb-937b-adaf51dd5ca7","2025-03-29 17:13:07","a2bec9ef-28a6-41cb-937b-adaf51dd5ca7","2025-03-29 17:13:07",1
"Highland Park High School","a2bec9ef-28a6-41cb-937b-adaf51dd5ca7","2025-03-29 17:13:07","a2bec9ef-28a6-41cb-937b-adaf51dd5ca7","2025-03-29 17:13:07",1
"Coming out (Sexual orientation)","a2bec9ef-28a6-41cb-937b-adaf51dd5ca7","2025-03-29 17:13:07","a2bec9ef-28a6-41cb-937b-adaf51dd5ca7","2025-03-29 17:13:07",1
"Reading list","a2bec9ef-28a6-41cb-937b-adaf51dd5ca7","2025-03-29 17:13:07","a2bec9ef-28a6-41cb-937b-adaf51dd5ca7","2025-03-29 17:13:07",1
"2016 Summer","a2bec9ef-28a6-41cb-937b-adaf51dd5ca7","2025-03-29 17:13:07","a2bec9ef-28a6-41cb-937b-adaf51dd5ca7","2025-03-29 17:13:07",1
"Homosexuality","a2bec9ef-28a6-41cb-937b-adaf51dd5ca7","2025-03-29 17:13:07","a2bec9ef-28a6-41cb-937b-adaf51dd5ca7","2025-03-29 17:13:07",1
"Young adult fiction, romance, lgbtq+","a2bec9ef-28a6-41cb-937b-adaf51dd5ca7","2025-03-29 17:13:07","a2bec9ef-28a6-41cb-937b-adaf51dd5ca7","2025-03-29 17:13:07",1
"Young adult fiction, social themes, friendship","a2bec9ef-28a6-41cb-937b-adaf51dd5ca7","2025-03-29 17:13:07","a2bec9ef-28a6-41cb-937b-adaf51dd5ca7","2025-03-29 17:13:07",1
"Young adult fiction, lgbtq+","a2bec9ef-28a6-41cb-937b-adaf51dd5ca7","2025-03-29 17:13:07","a2bec9ef-28a6-41cb-937b-adaf51dd5ca7","2025-03-29 17:13:07",1
"Fairy Schools","a2bec9ef-28a6-41cb-937b-adaf51dd5ca7","2025-03-29 17:13:07","a2bec9ef-28a6-41cb-937b-adaf51dd5ca7","2025-03-29 17:13:07",1
"Identity (Psychology) in children","a2bec9ef-28a6-41cb-937b-adaf51dd5ca7","2025-03-29 17:13:07","a2bec9ef-28a6-41cb-937b-adaf51dd5ca7","2025-03-29 17:13:07",1
"Good and evil, fiction","a2bec9ef-28a6-41cb-937b-adaf51dd5ca7","2025-03-29 17:13:07","a2bec9ef-28a6-41cb-937b-adaf51dd5ca7","2025-03-29 17:13:07",1
"Handbooks, manuals","a2bec9ef-28a6-41cb-937b-adaf51dd5ca7","2025-03-29 17:13:07","a2bec9ef-28a6-41cb-937b-adaf51dd5ca7","2025-03-29 17:13:07",1
"Characters","a2bec9ef-28a6-41cb-937b-adaf51dd5ca7","2025-03-29 17:13:07","a2bec9ef-28a6-41cb-937b-adaf51dd5ca7","2025-03-29 17:13:07",1
"Characters and characteristics","a2bec9ef-28a6-41cb-937b-adaf51dd5ca7","2025-03-29 17:13:07","a2bec9ef-28a6-41cb-937b-adaf51dd5ca7","2025-03-29 17:13:07",1
"nyt:childrens-middle-grade=2013-06-02","a2bec9ef-28a6-41cb-937b-adaf51dd5ca7","2025-03-29 17:13:07","a2bec9ef-28a6-41cb-937b-adaf51dd5ca7","2025-03-29 17:13:07",1
"Christmas romance","a2bec9ef-28a6-41cb-937b-adaf51dd5ca7","2025-03-29 17:13:07","a2bec9ef-28a6-41cb-937b-adaf51dd5ca7","2025-03-29 17:13:07",1
"second chance romance","a2bec9ef-28a6-41cb-937b-adaf51dd5ca7","2025-03-29 17:13:07","a2bec9ef-28a6-41cb-937b-adaf51dd5ca7","2025-03-29 17:13:07",1
"forbidden love","a2bec9ef-28a6-41cb-937b-adaf51dd5ca7","2025-03-29 17:13:07","a2bec9ef-28a6-41cb-937b-adaf51dd5ca7","2025-03-29 17:13:07",1
"family","a2bec9ef-28a6-41cb-937b-adaf51dd5ca7","2025-03-29 17:13:07","a2bec9ef-28a6-41cb-937b-adaf51dd5ca7","2025-03-29 17:13:07",1
"love triangle","a2bec9ef-28a6-41cb-937b-adaf51dd5ca7","2025-03-29 17:13:07","a2bec9ef-28a6-41cb-937b-adaf51dd5ca7","2025-03-29 17:13:07",1
"secrets","a2bec9ef-28a6-41cb-937b-adaf51dd5ca7","2025-03-29 17:13:07","a2bec9ef-28a6-41cb-937b-adaf51dd5ca7","2025-03-29 17:13:07",1
"lies","a2bec9ef-28a6-41cb-937b-adaf51dd5ca7","2025-03-29 17:13:07","a2bec9ef-28a6-41cb-937b-adaf51dd5ca7","2025-03-29 17:13:07",1
"forgiveness","a2bec9ef-28a6-41cb-937b-adaf51dd5ca7","2025-03-29 17:13:07","a2bec9ef-28a6-41cb-937b-adaf51dd5ca7","2025-03-29 17:13:07",1
"redemption","a2bec9ef-28a6-41cb-937b-adaf51dd5ca7","2025-03-29 17:13:07","a2bec9ef-28a6-41cb-937b-adaf51dd5ca7","2025-03-29 17:13:07",1
"love story","a2bec9ef-28a6-41cb-937b-adaf51dd5ca7","2025-03-29 17:13:07","a2bec9ef-28a6-41cb-937b-adaf51dd5ca7","2025-03-29 17:13:07",1
"holiday romance","a2bec9ef-28a6-41cb-937b-adaf51dd5ca7","2025-03-29 17:13:07","a2bec9ef-28a6-41cb-937b-adaf51dd5ca7","2025-03-29 17:13:07",1
"small town romance","a2bec9ef-28a6-41cb-937b-adaf51dd5ca7","2025-03-29 17:13:07","a2bec9ef-28a6-41cb-937b-adaf51dd5ca7","2025-03-29 17:13:07",1
"Samuel Vimes (Fictitious character)","a2bec9ef-28a6-41cb-937b-adaf51dd5ca7","2025-03-29 17:13:07","a2bec9ef-28a6-41cb-937b-adaf51dd5ca7","2025-03-29 17:13:07",1
"Spanish Fantasy fiction","a2bec9ef-28a6-41cb-937b-adaf51dd5ca7","2025-03-29 17:13:07","a2bec9ef-28a6-41cb-937b-adaf51dd5ca7","2025-03-29 17:13:07",1
"Literature and fiction, fantasy","a2bec9ef-28a6-41cb-937b-adaf51dd5ca7","2025-03-29 17:13:07","a2bec9ef-28a6-41cb-937b-adaf51dd5ca7","2025-03-29 17:13:07",1
"Granny weatherwax (fictitious character), fiction","a2bec9ef-28a6-41cb-937b-adaf51dd5ca7","2025-03-29 17:13:07","a2bec9ef-28a6-41cb-937b-adaf51dd5ca7","2025-03-29 17:13:07",1
"Fiction, satire","a2bec9ef-28a6-41cb-937b-adaf51dd5ca7","2025-03-29 17:13:07","a2bec9ef-28a6-41cb-937b-adaf51dd5ca7","2025-03-29 17:13:07",1
"Margaret A. Edwards Award","a2bec9ef-28a6-41cb-937b-adaf51dd5ca7","2025-03-29 17:13:07","a2bec9ef-28a6-41cb-937b-adaf51dd5ca7","2025-03-29 17:13:07",1
"Self-realization","a2bec9ef-28a6-41cb-937b-adaf51dd5ca7","2025-03-29 17:13:07","a2bec9ef-28a6-41cb-937b-adaf51dd5ca7","2025-03-29 17:13:07",1
"Conducta de vida","a2bec9ef-28a6-41cb-937b-adaf51dd5ca7","2025-03-29 17:13:07","a2bec9ef-28a6-41cb-937b-adaf51dd5ca7","2025-03-29 17:13:07",1
"nyt:advice-how-to-and-miscellaneous=2016-10-02","a2bec9ef-28a6-41cb-937b-adaf51dd5ca7","2025-03-29 17:13:07","a2bec9ef-28a6-41cb-937b-adaf51dd5ca7","2025-03-29 17:13:07",1
"Ghost stories","a2bec9ef-28a6-41cb-937b-adaf51dd5ca7","2025-03-29 17:13:07","a2bec9ef-28a6-41cb-937b-adaf51dd5ca7","2025-03-29 17:13:07",1
"Dresden, Harry (Fictitious characters), Urban Fiction","a2bec9ef-28a6-41cb-937b-adaf51dd5ca7","2025-03-29 17:13:07","a2bec9ef-28a6-41cb-937b-adaf51dd5ca7","2025-03-29 17:13:07",1
"nyt:e-book-fiction=2014-06-01","a2bec9ef-28a6-41cb-937b-adaf51dd5ca7","2025-03-29 17:13:07","a2bec9ef-28a6-41cb-937b-adaf51dd5ca7","2025-03-29 17:13:07",1
"Cats","a2bec9ef-28a6-41cb-937b-adaf51dd5ca7","2025-03-29 17:13:07","a2bec9ef-28a6-41cb-937b-adaf51dd5ca7","2025-03-29 17:13:07",1
"Fantasy Fiction","a2bec9ef-28a6-41cb-937b-adaf51dd5ca7","2025-03-29 17:13:07","a2bec9ef-28a6-41cb-937b-adaf51dd5ca7","2025-03-29 17:13:07",1
"Feral Cats","a2bec9ef-28a6-41cb-937b-adaf51dd5ca7","2025-03-29 17:13:07","a2bec9ef-28a6-41cb-937b-adaf51dd5ca7","2025-03-29 17:13:07",1
"Juvenile Fiction","a2bec9ef-28a6-41cb-937b-adaf51dd5ca7","2025-03-29 17:13:07","a2bec9ef-28a6-41cb-937b-adaf51dd5ca7","2025-03-29 17:13:07",1
"Cats, fiction","a2bec9ef-28a6-41cb-937b-adaf51dd5ca7","2025-03-29 17:13:07","a2bec9ef-28a6-41cb-937b-adaf51dd5ca7","2025-03-29 17:13:07",1
"Courage, fiction","a2bec9ef-28a6-41cb-937b-adaf51dd5ca7","2025-03-29 17:13:07","a2bec9ef-28a6-41cb-937b-adaf51dd5ca7","2025-03-29 17:13:07",1
"Action","a2bec9ef-28a6-41cb-937b-adaf51dd5ca7","2025-03-29 17:13:07","a2bec9ef-28a6-41cb-937b-adaf51dd5ca7","2025-03-29 17:13:07",1
"Courage","a2bec9ef-28a6-41cb-937b-adaf51dd5ca7","2025-03-29 17:13:07","a2bec9ef-28a6-41cb-937b-adaf51dd5ca7","2025-03-29 17:13:07",1
"series:warriors_the_prophecies_begin","a2bec9ef-28a6-41cb-937b-adaf51dd5ca7","2025-03-29 17:13:07","a2bec9ef-28a6-41cb-937b-adaf51dd5ca7","2025-03-29 17:13:07",1
"Mystery","a2bec9ef-28a6-41cb-937b-adaf51dd5ca7","2025-03-29 17:13:07","a2bec9ef-28a6-41cb-937b-adaf51dd5ca7","2025-03-29 17:13:07",1
"Conclusions","a2bec9ef-28a6-41cb-937b-adaf51dd5ca7","2025-03-29 17:13:07","a2bec9ef-28a6-41cb-937b-adaf51dd5ca7","2025-03-29 17:13:07",1
"amorality","a2bec9ef-28a6-41cb-937b-adaf51dd5ca7","2025-03-29 17:13:07","a2bec9ef-28a6-41cb-937b-adaf51dd5ca7","2025-03-29 17:13:07",1
"Anglo-Saxons","a2bec9ef-28a6-41cb-937b-adaf51dd5ca7","2025-03-29 17:13:07","a2bec9ef-28a6-41cb-937b-adaf51dd5ca7","2025-03-29 17:13:07",1
"Apaces","a2bec9ef-28a6-41cb-937b-adaf51dd5ca7","2025-03-29 17:13:07","a2bec9ef-28a6-41cb-937b-adaf51dd5ca7","2025-03-29 17:13:07",1
"aristocracy","a2bec9ef-28a6-41cb-937b-adaf51dd5ca7","2025-03-29 17:13:07","a2bec9ef-28a6-41cb-937b-adaf51dd5ca7","2025-03-29 17:13:07",1
"banks","a2bec9ef-28a6-41cb-937b-adaf51dd5ca7","2025-03-29 17:13:07","a2bec9ef-28a6-41cb-937b-adaf51dd5ca7","2025-03-29 17:13:07",1
"barques","a2bec9ef-28a6-41cb-937b-adaf51dd5ca7","2025-03-29 17:13:07","a2bec9ef-28a6-41cb-937b-adaf51dd5ca7","2025-03-29 17:13:07",1
"beryls","a2bec9ef-28a6-41cb-937b-adaf51dd5ca7","2025-03-29 17:13:07","a2bec9ef-28a6-41cb-937b-adaf51dd5ca7","2025-03-29 17:13:07",1
"brain fever","a2bec9ef-28a6-41cb-937b-adaf51dd5ca7","2025-03-29 17:13:07","a2bec9ef-28a6-41cb-937b-adaf51dd5ca7","2025-03-29 17:13:07",1
"bushrangers","a2bec9ef-28a6-41cb-937b-adaf51dd5ca7","2025-03-29 17:13:07","a2bec9ef-28a6-41cb-937b-adaf51dd5ca7","2025-03-29 17:13:07",1
"cabinet cards","a2bec9ef-28a6-41cb-937b-adaf51dd5ca7","2025-03-29 17:13:07","a2bec9ef-28a6-41cb-937b-adaf51dd5ca7","2025-03-29 17:13:07",1
"carbuncles","a2bec9ef-28a6-41cb-937b-adaf51dd5ca7","2025-03-29 17:13:07","a2bec9ef-28a6-41cb-937b-adaf51dd5ca7","2025-03-29 17:13:07",1
"Christmas dinners","a2bec9ef-28a6-41cb-937b-adaf51dd5ca7","2025-03-29 17:13:07","a2bec9ef-28a6-41cb-937b-adaf51dd5ca7","2025-03-29 17:13:07",1
"churches","a2bec9ef-28a6-41cb-937b-adaf51dd5ca7","2025-03-29 17:13:07","a2bec9ef-28a6-41cb-937b-adaf51dd5ca7","2025-03-29 17:13:07",1
"Classic fiction","a2bec9ef-28a6-41cb-937b-adaf51dd5ca7","2025-03-29 17:13:07","a2bec9ef-28a6-41cb-937b-adaf51dd5ca7","2025-03-29 17:13:07",1
"commissionaires","a2bec9ef-28a6-41cb-937b-adaf51dd5ca7","2025-03-29 17:13:07","a2bec9ef-28a6-41cb-937b-adaf51dd5ca7","2025-03-29 17:13:07",1
"Confederate States Army","a2bec9ef-28a6-41cb-937b-adaf51dd5ca7","2025-03-29 17:13:07","a2bec9ef-28a6-41cb-937b-adaf51dd5ca7","2025-03-29 17:13:07",1
"coronets","a2bec9ef-28a6-41cb-937b-adaf51dd5ca7","2025-03-29 17:13:07","a2bec9ef-28a6-41cb-937b-adaf51dd5ca7","2025-03-29 17:13:07",1
"counterfeit money","a2bec9ef-28a6-41cb-937b-adaf51dd5ca7","2025-03-29 17:13:07","a2bec9ef-28a6-41cb-937b-adaf51dd5ca7","2025-03-29 17:13:07",1
"crime","a2bec9ef-28a6-41cb-937b-adaf51dd5ca7","2025-03-29 17:13:07","a2bec9ef-28a6-41cb-937b-adaf51dd5ca7","2025-03-29 17:13:07",1
"Crime & Mystery Fiction","a2bec9ef-28a6-41cb-937b-adaf51dd5ca7","2025-03-29 17:13:07","a2bec9ef-28a6-41cb-937b-adaf51dd5ca7","2025-03-29 17:13:07",1
"darkrooms","a2bec9ef-28a6-41cb-937b-adaf51dd5ca7","2025-03-29 17:13:07","a2bec9ef-28a6-41cb-937b-adaf51dd5ca7","2025-03-29 17:13:07",1
"Detective and mystery stories","a2bec9ef-28a6-41cb-937b-adaf51dd5ca7","2025-03-29 17:13:07","a2bec9ef-28a6-41cb-937b-adaf51dd5ca7","2025-03-29 17:13:07",1
"detective fiction","a2bec9ef-28a6-41cb-937b-adaf51dd5ca7","2025-03-29 17:13:07","a2bec9ef-28a6-41cb-937b-adaf51dd5ca7","2025-03-29 17:13:07",1
"electric blue","a2bec9ef-28a6-41cb-937b-adaf51dd5ca7","2025-03-29 17:13:07","a2bec9ef-28a6-41cb-937b-adaf51dd5ca7","2025-03-29 17:13:07",1
"Encyclopædia Britannica","a2bec9ef-28a6-41cb-937b-adaf51dd5ca7","2025-03-29 17:13:07","a2bec9ef-28a6-41cb-937b-adaf51dd5ca7","2025-03-29 17:13:07",1
"English Children's stories","a2bec9ef-28a6-41cb-937b-adaf51dd5ca7","2025-03-29 17:13:07","a2bec9ef-28a6-41cb-937b-adaf51dd5ca7","2025-03-29 17:13:07",1
"English Detective and mystery stories","a2bec9ef-28a6-41cb-937b-adaf51dd5ca7","2025-03-29 17:13:07","a2bec9ef-28a6-41cb-937b-adaf51dd5ca7","2025-03-29 17:13:07",1
"English Mastiffs","a2bec9ef-28a6-41cb-937b-adaf51dd5ca7","2025-03-29 17:13:07","a2bec9ef-28a6-41cb-937b-adaf51dd5ca7","2025-03-29 17:13:07",1
"English Short stories","a2bec9ef-28a6-41cb-937b-adaf51dd5ca7","2025-03-29 17:13:07","a2bec9ef-28a6-41cb-937b-adaf51dd5ca7","2025-03-29 17:13:07",1
"footprints","a2bec9ef-28a6-41cb-937b-adaf51dd5ca7","2025-03-29 17:13:07","a2bec9ef-28a6-41cb-937b-adaf51dd5ca7","2025-03-29 17:13:07",1
"Fuller's earth","a2bec9ef-28a6-41cb-937b-adaf51dd5ca7","2025-03-29 17:13:07","a2bec9ef-28a6-41cb-937b-adaf51dd5ca7","2025-03-29 17:13:07",1
"governesses","a2bec9ef-28a6-41cb-937b-adaf51dd5ca7","2025-03-29 17:13:07","a2bec9ef-28a6-41cb-937b-adaf51dd5ca7","2025-03-29 17:13:07",1
"half-pennies","a2bec9ef-28a6-41cb-937b-adaf51dd5ca7","2025-03-29 17:13:07","a2bec9ef-28a6-41cb-937b-adaf51dd5ca7","2025-03-29 17:13:07",1
"Honourable Society of the Inner Temple","a2bec9ef-28a6-41cb-937b-adaf51dd5ca7","2025-03-29 17:13:07","a2bec9ef-28a6-41cb-937b-adaf51dd5ca7","2025-03-29 17:13:07",1
"hydraulic presses","a2bec9ef-28a6-41cb-937b-adaf51dd5ca7","2025-03-29 17:13:07","a2bec9ef-28a6-41cb-937b-adaf51dd5ca7","2025-03-29 17:13:07",1
"jewellery","a2bec9ef-28a6-41cb-937b-adaf51dd5ca7","2025-03-29 17:13:07","a2bec9ef-28a6-41cb-937b-adaf51dd5ca7","2025-03-29 17:13:07",1
"Ku Klux Klan","a2bec9ef-28a6-41cb-937b-adaf51dd5ca7","2025-03-29 17:13:07","a2bec9ef-28a6-41cb-937b-adaf51dd5ca7","2025-03-29 17:13:07",1
"lascars","a2bec9ef-28a6-41cb-937b-adaf51dd5ca7","2025-03-29 17:13:07","a2bec9ef-28a6-41cb-937b-adaf51dd5ca7","2025-03-29 17:13:07",1
"locked-room mysteries","a2bec9ef-28a6-41cb-937b-adaf51dd5ca7","2025-03-29 17:13:07","a2bec9ef-28a6-41cb-937b-adaf51dd5ca7","2025-03-29 17:13:07",1
"maids","a2bec9ef-28a6-41cb-937b-adaf51dd5ca7","2025-03-29 17:13:07","a2bec9ef-28a6-41cb-937b-adaf51dd5ca7","2025-03-29 17:13:07",1
"Mystery and detective stories","a2bec9ef-28a6-41cb-937b-adaf51dd5ca7","2025-03-29 17:13:07","a2bec9ef-28a6-41cb-937b-adaf51dd5ca7","2025-03-29 17:13:07",1
"Mystery and Suspense","a2bec9ef-28a6-41cb-937b-adaf51dd5ca7","2025-03-29 17:13:07","a2bec9ef-28a6-41cb-937b-adaf51dd5ca7","2025-03-29 17:13:07",1
"opium dens","a2bec9ef-28a6-41cb-937b-adaf51dd5ca7","2025-03-29 17:13:07","a2bec9ef-28a6-41cb-937b-adaf51dd5ca7","2025-03-29 17:13:07",1
"pawnbrokers","a2bec9ef-28a6-41cb-937b-adaf51dd5ca7","2025-03-29 17:13:07","a2bec9ef-28a6-41cb-937b-adaf51dd5ca7","2025-03-29 17:13:07",1
"pennies","a2bec9ef-28a6-41cb-937b-adaf51dd5ca7","2025-03-29 17:13:07","a2bec9ef-28a6-41cb-937b-adaf51dd5ca7","2025-03-29 17:13:07",1
"police inspectors","a2bec9ef-28a6-41cb-937b-adaf51dd5ca7","2025-03-29 17:13:07","a2bec9ef-28a6-41cb-937b-adaf51dd5ca7","2025-03-29 17:13:07",1
"prima donnas","a2bec9ef-28a6-41cb-937b-adaf51dd5ca7","2025-03-29 17:13:07","a2bec9ef-28a6-41cb-937b-adaf51dd5ca7","2025-03-29 17:13:07",1
"Private investigators","a2bec9ef-28a6-41cb-937b-adaf51dd5ca7","2025-03-29 17:13:07","a2bec9ef-28a6-41cb-937b-adaf51dd5ca7","2025-03-29 17:13:07",1
"Private investigators in fiction","a2bec9ef-28a6-41cb-937b-adaf51dd5ca7","2025-03-29 17:13:07","a2bec9ef-28a6-41cb-937b-adaf51dd5ca7","2025-03-29 17:13:07",1
"prospecting","a2bec9ef-28a6-41cb-937b-adaf51dd5ca7","2025-03-29 17:13:07","a2bec9ef-28a6-41cb-937b-adaf51dd5ca7","2025-03-29 17:13:07",1
"red hair","a2bec9ef-28a6-41cb-937b-adaf51dd5ca7","2025-03-29 17:13:07","a2bec9ef-28a6-41cb-937b-adaf51dd5ca7","2025-03-29 17:13:07",1
"revolvers","a2bec9ef-28a6-41cb-937b-adaf51dd5ca7","2025-03-29 17:13:07","a2bec9ef-28a6-41cb-937b-adaf51dd5ca7","2025-03-29 17:13:07",1
"sailing ships","a2bec9ef-28a6-41cb-937b-adaf51dd5ca7","2025-03-29 17:13:07","a2bec9ef-28a6-41cb-937b-adaf51dd5ca7","2025-03-29 17:13:07",1
"Short Stories","a2bec9ef-28a6-41cb-937b-adaf51dd5ca7","2025-03-29 17:13:07","a2bec9ef-28a6-41cb-937b-adaf51dd5ca7","2025-03-29 17:13:07",1
"smoke bombs","a2bec9ef-28a6-41cb-937b-adaf51dd5ca7","2025-03-29 17:13:07","a2bec9ef-28a6-41cb-937b-adaf51dd5ca7","2025-03-29 17:13:07",1
"snow","a2bec9ef-28a6-41cb-937b-adaf51dd5ca7","2025-03-29 17:13:07","a2bec9ef-28a6-41cb-937b-adaf51dd5ca7","2025-03-29 17:13:07",1
"thumbs","a2bec9ef-28a6-41cb-937b-adaf51dd5ca7","2025-03-29 17:13:07","a2bec9ef-28a6-41cb-937b-adaf51dd5ca7","2025-03-29 17:13:07",1
"Adventures of Sherlock Holmes (Doyle, Arthur Conan)","a2bec9ef-28a6-41cb-937b-adaf51dd5ca7","2025-03-29 17:13:07","a2bec9ef-28a6-41cb-937b-adaf51dd5ca7","2025-03-29 17:13:07",1
"John H. Watson (Fictitious character)","a2bec9ef-28a6-41cb-937b-adaf51dd5ca7","2025-03-29 17:13:07","a2bec9ef-28a6-41cb-937b-adaf51dd5ca7","2025-03-29 17:13:07",1
"Sherlock Holmes (Fictitious character)","a2bec9ef-28a6-41cb-937b-adaf51dd5ca7","2025-03-29 17:13:07","a2bec9ef-28a6-41cb-937b-adaf51dd5ca7","2025-03-29 17:13:07",1
"Influence","a2bec9ef-28a6-41cb-937b-adaf51dd5ca7","2025-03-29 17:13:07","a2bec9ef-28a6-41cb-937b-adaf51dd5ca7","2025-03-29 17:13:07",1
"Influence (Literary, artistic, etc.)","a2bec9ef-28a6-41cb-937b-adaf51dd5ca7","2025-03-29 17:13:07","a2bec9ef-28a6-41cb-937b-adaf51dd5ca7","2025-03-29 17:13:07",1
"Sherlock (Television program : 2010- )","a2bec9ef-28a6-41cb-937b-adaf51dd5ca7","2025-03-29 17:13:07","a2bec9ef-28a6-41cb-937b-adaf51dd5ca7","2025-03-29 17:13:07",1
"LITERARY CRITICISM / European / English, Irish, Scottish, Welsh","a2bec9ef-28a6-41cb-937b-adaf51dd5ca7","2025-03-29 17:13:07","a2bec9ef-28a6-41cb-937b-adaf51dd5ca7","2025-03-29 17:13:07",1
"Fiction, suspense","a2bec9ef-28a6-41cb-937b-adaf51dd5ca7","2025-03-29 17:13:07","a2bec9ef-28a6-41cb-937b-adaf51dd5ca7","2025-03-29 17:13:07",1
"Holmes, sherlock (fictitious character), fiction","a2bec9ef-28a6-41cb-937b-adaf51dd5ca7","2025-03-29 17:13:07","a2bec9ef-28a6-41cb-937b-adaf51dd5ca7","2025-03-29 17:13:07",1
"Fiction, mystery & detective, historical","a2bec9ef-28a6-41cb-937b-adaf51dd5ca7","2025-03-29 17:13:07","a2bec9ef-28a6-41cb-937b-adaf51dd5ca7","2025-03-29 17:13:07",1
"Doyle, arthur conan, sir, 1859-1930, fiction","a2bec9ef-28a6-41cb-937b-adaf51dd5ca7","2025-03-29 17:13:07","a2bec9ef-28a6-41cb-937b-adaf51dd5ca7","2025-03-29 17:13:07",1
"Watson, john h. (fictitious character), fiction","a2bec9ef-28a6-41cb-937b-adaf51dd5ca7","2025-03-29 17:13:07","a2bec9ef-28a6-41cb-937b-adaf51dd5ca7","2025-03-29 17:13:07",1
"Fiction, mystery & detective, traditional","a2bec9ef-28a6-41cb-937b-adaf51dd5ca7","2025-03-29 17:13:07","a2bec9ef-28a6-41cb-937b-adaf51dd5ca7","2025-03-29 17:13:07",1
"Fiction, short stories (single author)","a2bec9ef-28a6-41cb-937b-adaf51dd5ca7","2025-03-29 17:13:07","a2bec9ef-28a6-41cb-937b-adaf51dd5ca7","2025-03-29 17:13:07",1
"Mystery and detective","a2bec9ef-28a6-41cb-937b-adaf51dd5ca7","2025-03-29 17:13:07","a2bec9ef-28a6-41cb-937b-adaf51dd5ca7","2025-03-29 17:13:07",1
"Detectives in literature","a2bec9ef-28a6-41cb-937b-adaf51dd5ca7","2025-03-29 17:13:07","a2bec9ef-28a6-41cb-937b-adaf51dd5ca7","2025-03-29 17:13:07",1
"Fiction, mystery & detective, collections & anthologies","a2bec9ef-28a6-41cb-937b-adaf51dd5ca7","2025-03-29 17:13:07","a2bec9ef-28a6-41cb-937b-adaf51dd5ca7","2025-03-29 17:13:07",1
"Nowele kryminalne angielskie","a2bec9ef-28a6-41cb-937b-adaf51dd5ca7","2025-03-29 17:13:07","a2bec9ef-28a6-41cb-937b-adaf51dd5ca7","2025-03-29 17:13:07",1
"Detective Verhalen Nederlands Sherlock Holmes Avonturen","a2bec9ef-28a6-41cb-937b-adaf51dd5ca7","2025-03-29 17:13:07","a2bec9ef-28a6-41cb-937b-adaf51dd5ca7","2025-03-29 17:13:07",1
"Parent-Child Relations","a2bec9ef-28a6-41cb-937b-adaf51dd5ca7","2025-03-29 17:13:07","a2bec9ef-28a6-41cb-937b-adaf51dd5ca7","2025-03-29 17:13:07",1
"Memorials","a2bec9ef-28a6-41cb-937b-adaf51dd5ca7","2025-03-29 17:13:07","a2bec9ef-28a6-41cb-937b-adaf51dd5ca7","2025-03-29 17:13:07",1
"Fort Worth Library","a2bec9ef-28a6-41cb-937b-adaf51dd5ca7","2025-03-29 17:13:07","a2bec9ef-28a6-41cb-937b-adaf51dd5ca7","2025-03-29 17:13:07",1
"Vacations","a2bec9ef-28a6-41cb-937b-adaf51dd5ca7","2025-03-29 17:13:07","a2bec9ef-28a6-41cb-937b-adaf51dd5ca7","2025-03-29 17:13:07",1
"?t?","a2bec9ef-28a6-41cb-937b-adaf51dd5ca7","2025-03-29 17:13:07","a2bec9ef-28a6-41cb-937b-adaf51dd5ca7","2025-03-29 17:13:07",1
"Journaux intimes","a2bec9ef-28a6-41cb-937b-adaf51dd5ca7","2025-03-29 17:13:07","a2bec9ef-28a6-41cb-937b-adaf51dd5ca7","2025-03-29 17:13:07",1
"Frères","a2bec9ef-28a6-41cb-937b-adaf51dd5ca7","2025-03-29 17:13:07","a2bec9ef-28a6-41cb-937b-adaf51dd5ca7","2025-03-29 17:13:07",1
"R?cits humoristiques","a2bec9ef-28a6-41cb-937b-adaf51dd5ca7","2025-03-29 17:13:07","a2bec9ef-28a6-41cb-937b-adaf51dd5ca7","2025-03-29 17:13:07",1
"Vacances","a2bec9ef-28a6-41cb-937b-adaf51dd5ca7","2025-03-29 17:13:07","a2bec9ef-28a6-41cb-937b-adaf51dd5ca7","2025-03-29 17:13:07",1
"Deportes","a2bec9ef-28a6-41cb-937b-adaf51dd5ca7","2025-03-29 17:13:07","a2bec9ef-28a6-41cb-937b-adaf51dd5ca7","2025-03-29 17:13:07",1
"Novela norteamericana","a2bec9ef-28a6-41cb-937b-adaf51dd5ca7","2025-03-29 17:13:07","a2bec9ef-28a6-41cb-937b-adaf51dd5ca7","2025-03-29 17:13:07",1
"Novela costumbrista","a2bec9ef-28a6-41cb-937b-adaf51dd5ca7","2025-03-29 17:13:07","a2bec9ef-28a6-41cb-937b-adaf51dd5ca7","2025-03-29 17:13:07",1
"Écoles moyennes","a2bec9ef-28a6-41cb-937b-adaf51dd5ca7","2025-03-29 17:13:07","a2bec9ef-28a6-41cb-937b-adaf51dd5ca7","2025-03-29 17:13:07",1
"Socialization","a2bec9ef-28a6-41cb-937b-adaf51dd5ca7","2025-03-29 17:13:07","a2bec9ef-28a6-41cb-937b-adaf51dd5ca7","2025-03-29 17:13:07",1
"Child","a2bec9ef-28a6-41cb-937b-adaf51dd5ca7","2025-03-29 17:13:07","a2bec9ef-28a6-41cb-937b-adaf51dd5ca7","2025-03-29 17:13:07",1
"Interpersonal Relations","a2bec9ef-28a6-41cb-937b-adaf51dd5ca7","2025-03-29 17:13:07","a2bec9ef-28a6-41cb-937b-adaf51dd5ca7","2025-03-29 17:13:07",1
"Parents et enfants","a2bec9ef-28a6-41cb-937b-adaf51dd5ca7","2025-03-29 17:13:07","a2bec9ef-28a6-41cb-937b-adaf51dd5ca7","2025-03-29 17:13:07",1
"Socialisation","a2bec9ef-28a6-41cb-937b-adaf51dd5ca7","2025-03-29 17:13:07","a2bec9ef-28a6-41cb-937b-adaf51dd5ca7","2025-03-29 17:13:07",1
"Enfants","a2bec9ef-28a6-41cb-937b-adaf51dd5ca7","2025-03-29 17:13:07","a2bec9ef-28a6-41cb-937b-adaf51dd5ca7","2025-03-29 17:13:07",1
"Children (people by age group)","a2bec9ef-28a6-41cb-937b-adaf51dd5ca7","2025-03-29 17:13:07","a2bec9ef-28a6-41cb-937b-adaf51dd5ca7","2025-03-29 17:13:07",1
"End of the world","a2bec9ef-28a6-41cb-937b-adaf51dd5ca7","2025-03-29 17:13:07","a2bec9ef-28a6-41cb-937b-adaf51dd5ca7","2025-03-29 17:13:07",1
"Humorous","a2bec9ef-28a6-41cb-937b-adaf51dd5ca7","2025-03-29 17:13:07","a2bec9ef-28a6-41cb-937b-adaf51dd5ca7","2025-03-29 17:13:07",1
"Occult fiction","a2bec9ef-28a6-41cb-937b-adaf51dd5ca7","2025-03-29 17:13:07","a2bec9ef-28a6-41cb-937b-adaf51dd5ca7","2025-03-29 17:13:07",1
"Apocalypse","a2bec9ef-28a6-41cb-937b-adaf51dd5ca7","2025-03-29 17:13:07","a2bec9ef-28a6-41cb-937b-adaf51dd5ca7","2025-03-29 17:13:07",1
"Antichrist","a2bec9ef-28a6-41cb-937b-adaf51dd5ca7","2025-03-29 17:13:07","a2bec9ef-28a6-41cb-937b-adaf51dd5ca7","2025-03-29 17:13:07",1
"Angels","a2bec9ef-28a6-41cb-937b-adaf51dd5ca7","2025-03-29 17:13:07","a2bec9ef-28a6-41cb-937b-adaf51dd5ca7","2025-03-29 17:13:07",1
"humor","a2bec9ef-28a6-41cb-937b-adaf51dd5ca7","2025-03-29 17:13:07","a2bec9ef-28a6-41cb-937b-adaf51dd5ca7","2025-03-29 17:13:07",1
"nyt:trade-fiction-paperback=2019-06-23","a2bec9ef-28a6-41cb-937b-adaf51dd5ca7","2025-03-29 17:13:07","a2bec9ef-28a6-41cb-937b-adaf51dd5ca7","2025-03-29 17:13:07",1
"Fin du monde","a2bec9ef-28a6-41cb-937b-adaf51dd5ca7","2025-03-29 17:13:07","a2bec9ef-28a6-41cb-937b-adaf51dd5ca7","2025-03-29 17:13:07",1
"Prophéties","a2bec9ef-28a6-41cb-937b-adaf51dd5ca7","2025-03-29 17:13:07","a2bec9ef-28a6-41cb-937b-adaf51dd5ca7","2025-03-29 17:13:07",1
"Psychohistory","a2bec9ef-28a6-41cb-937b-adaf51dd5ca7","2025-03-29 17:13:07","a2bec9ef-28a6-41cb-937b-adaf51dd5ca7","2025-03-29 17:13:07",1
"Psychological fiction","a2bec9ef-28a6-41cb-937b-adaf51dd5ca7","2025-03-29 17:13:07","a2bec9ef-28a6-41cb-937b-adaf51dd5ca7","2025-03-29 17:13:07",1
"Psychohistoire","a2bec9ef-28a6-41cb-937b-adaf51dd5ca7","2025-03-29 17:13:07","a2bec9ef-28a6-41cb-937b-adaf51dd5ca7","2025-03-29 17:13:07",1
"Hari Seldon (Fictitious character)","a2bec9ef-28a6-41cb-937b-adaf51dd5ca7","2025-03-29 17:13:07","a2bec9ef-28a6-41cb-937b-adaf51dd5ca7","2025-03-29 17:13:07",1
"Wealth","a2bec9ef-28a6-41cb-937b-adaf51dd5ca7","2025-03-29 17:13:07","a2bec9ef-28a6-41cb-937b-adaf51dd5ca7","2025-03-29 17:13:07",1
"Filosofía","a2bec9ef-28a6-41cb-937b-adaf51dd5ca7","2025-03-29 17:13:07","a2bec9ef-28a6-41cb-937b-adaf51dd5ca7","2025-03-29 17:13:07",1
"Success in business","a2bec9ef-28a6-41cb-937b-adaf51dd5ca7","2025-03-29 17:13:07","a2bec9ef-28a6-41cb-937b-adaf51dd5ca7","2025-03-29 17:13:07",1
"Éxito","a2bec9ef-28a6-41cb-937b-adaf51dd5ca7","2025-03-29 17:13:07","a2bec9ef-28a6-41cb-937b-adaf51dd5ca7","2025-03-29 17:13:07",1
"Exito en los negocios","a2bec9ef-28a6-41cb-937b-adaf51dd5ca7","2025-03-29 17:13:07","a2bec9ef-28a6-41cb-937b-adaf51dd5ca7","2025-03-29 17:13:07",1
"New Thought","a2bec9ef-28a6-41cb-937b-adaf51dd5ca7","2025-03-29 17:13:07","a2bec9ef-28a6-41cb-937b-adaf51dd5ca7","2025-03-29 17:13:07",1
"Pensamiento nuevo","a2bec9ef-28a6-41cb-937b-adaf51dd5ca7","2025-03-29 17:13:07","a2bec9ef-28a6-41cb-937b-adaf51dd5ca7","2025-03-29 17:13:07",1
"Motivation (psychology)","a2bec9ef-28a6-41cb-937b-adaf51dd5ca7","2025-03-29 17:13:07","a2bec9ef-28a6-41cb-937b-adaf51dd5ca7","2025-03-29 17:13:07",1
"Self-actualization (psychology)","a2bec9ef-28a6-41cb-937b-adaf51dd5ca7","2025-03-29 17:13:07","a2bec9ef-28a6-41cb-937b-adaf51dd5ca7","2025-03-29 17:13:07",1
"Think and grow rich (Hill, Napoleon)","a2bec9ef-28a6-41cb-937b-adaf51dd5ca7","2025-03-29 17:13:07","a2bec9ef-28a6-41cb-937b-adaf51dd5ca7","2025-03-29 17:13:07",1
"Self-help techniques","a2bec9ef-28a6-41cb-937b-adaf51dd5ca7","2025-03-29 17:13:07","a2bec9ef-28a6-41cb-937b-adaf51dd5ca7","2025-03-29 17:13:07",1
"Business","a2bec9ef-28a6-41cb-937b-adaf51dd5ca7","2025-03-29 17:13:07","a2bec9ef-28a6-41cb-937b-adaf51dd5ca7","2025-03-29 17:13:07",1
"Carnegie, andrew, 1835-1919","a2bec9ef-28a6-41cb-937b-adaf51dd5ca7","2025-03-29 17:13:07","a2bec9ef-28a6-41cb-937b-adaf51dd5ca7","2025-03-29 17:13:07",1
"Erfolg","a2bec9ef-28a6-41cb-937b-adaf51dd5ca7","2025-03-29 17:13:07","a2bec9ef-28a6-41cb-937b-adaf51dd5ca7","2025-03-29 17:13:07",1
"Lebensführung","a2bec9ef-28a6-41cb-937b-adaf51dd5ca7","2025-03-29 17:13:07","a2bec9ef-28a6-41cb-937b-adaf51dd5ca7","2025-03-29 17:13:07",1
"Éxito en los negocios","a2bec9ef-28a6-41cb-937b-adaf51dd5ca7","2025-03-29 17:13:07","a2bec9ef-28a6-41cb-937b-adaf51dd5ca7","2025-03-29 17:13:07",1
"Succès dans les affaires","a2bec9ef-28a6-41cb-937b-adaf51dd5ca7","2025-03-29 17:13:07","a2bec9ef-28a6-41cb-937b-adaf51dd5ca7","2025-03-29 17:13:07",1
"Government business enterprises","a2bec9ef-28a6-41cb-937b-adaf51dd5ca7","2025-03-29 17:13:07","a2bec9ef-28a6-41cb-937b-adaf51dd5ca7","2025-03-29 17:13:07",1
"Government executives","a2bec9ef-28a6-41cb-937b-adaf51dd5ca7","2025-03-29 17:13:07","a2bec9ef-28a6-41cb-937b-adaf51dd5ca7","2025-03-29 17:13:07",1
"Salaries","a2bec9ef-28a6-41cb-937b-adaf51dd5ca7","2025-03-29 17:13:07","a2bec9ef-28a6-41cb-937b-adaf51dd5ca7","2025-03-29 17:13:07",1
"Regression (Civilization)","a2bec9ef-28a6-41cb-937b-adaf51dd5ca7","2025-03-29 17:13:07","a2bec9ef-28a6-41cb-937b-adaf51dd5ca7","2025-03-29 17:13:07",1
"Utopias","a2bec9ef-28a6-41cb-937b-adaf51dd5ca7","2025-03-29 17:13:07","a2bec9ef-28a6-41cb-937b-adaf51dd5ca7","2025-03-29 17:13:07",1
"Puzzles","a2bec9ef-28a6-41cb-937b-adaf51dd5ca7","2025-03-29 17:13:07","a2bec9ef-28a6-41cb-937b-adaf51dd5ca7","2025-03-29 17:13:07",1
"Fiction, science fiction, action & adventure","a2bec9ef-28a6-41cb-937b-adaf51dd5ca7","2025-03-29 17:13:07","a2bec9ef-28a6-41cb-937b-adaf51dd5ca7","2025-03-29 17:13:07",1
"Fiction, dystopian","a2bec9ef-28a6-41cb-937b-adaf51dd5ca7","2025-03-29 17:13:07","a2bec9ef-28a6-41cb-937b-adaf51dd5ca7","2025-03-29 17:13:07",1
"Shared virtual environments","a2bec9ef-28a6-41cb-937b-adaf51dd5ca7","2025-03-29 17:13:07","a2bec9ef-28a6-41cb-937b-adaf51dd5ca7","2025-03-29 17:13:07",1
"YOUNG ADULT FICTION / Computers & Digital Media","a2bec9ef-28a6-41cb-937b-adaf51dd5ca7","2025-03-29 17:13:07","a2bec9ef-28a6-41cb-937b-adaf51dd5ca7","2025-03-29 17:13:07",1
"YOUNG ADULT FICTION / Dystopian","a2bec9ef-28a6-41cb-937b-adaf51dd5ca7","2025-03-29 17:13:07","a2bec9ef-28a6-41cb-937b-adaf51dd5ca7","2025-03-29 17:13:07",1
"YOUNG ADULT FICTION / Media Tie-In","a2bec9ef-28a6-41cb-937b-adaf51dd5ca7","2025-03-29 17:13:07","a2bec9ef-28a6-41cb-937b-adaf51dd5ca7","2025-03-29 17:13:07",1
"YOUNG ADULT FICTION / Mysteries & Detective Stories","a2bec9ef-28a6-41cb-937b-adaf51dd5ca7","2025-03-29 17:13:07","a2bec9ef-28a6-41cb-937b-adaf51dd5ca7","2025-03-29 17:13:07",1
"YOUNG ADULT FICTION / Science Fiction / General","a2bec9ef-28a6-41cb-937b-adaf51dd5ca7","2025-03-29 17:13:07","a2bec9ef-28a6-41cb-937b-adaf51dd5ca7","2025-03-29 17:13:07",1
"nyt:trade-fiction-paperback=2012-06-24","a2bec9ef-28a6-41cb-937b-adaf51dd5ca7","2025-03-29 17:13:07","a2bec9ef-28a6-41cb-937b-adaf51dd5ca7","2025-03-29 17:13:07",1
"Gaming","a2bec9ef-28a6-41cb-937b-adaf51dd5ca7","2025-03-29 17:13:07","a2bec9ef-28a6-41cb-937b-adaf51dd5ca7","2025-03-29 17:13:07",1
"video games","a2bec9ef-28a6-41cb-937b-adaf51dd5ca7","2025-03-29 17:13:07","a2bec9ef-28a6-41cb-937b-adaf51dd5ca7","2025-03-29 17:13:07",1
"cyberpunk","a2bec9ef-28a6-41cb-937b-adaf51dd5ca7","2025-03-29 17:13:07","a2bec9ef-28a6-41cb-937b-adaf51dd5ca7","2025-03-29 17:13:07",1
"action","a2bec9ef-28a6-41cb-937b-adaf51dd5ca7","2025-03-29 17:13:07","a2bec9ef-28a6-41cb-937b-adaf51dd5ca7","2025-03-29 17:13:07",1
"dystopian","a2bec9ef-28a6-41cb-937b-adaf51dd5ca7","2025-03-29 17:13:07","a2bec9ef-28a6-41cb-937b-adaf51dd5ca7","2025-03-29 17:13:07",1
"Future","a2bec9ef-28a6-41cb-937b-adaf51dd5ca7","2025-03-29 17:13:07","a2bec9ef-28a6-41cb-937b-adaf51dd5ca7","2025-03-29 17:13:07",1
"Realidad virtual","a2bec9ef-28a6-41cb-937b-adaf51dd5ca7","2025-03-29 17:13:07","a2bec9ef-28a6-41cb-937b-adaf51dd5ca7","2025-03-29 17:13:07",1
"Ficcion","a2bec9ef-28a6-41cb-937b-adaf51dd5ca7","2025-03-29 17:13:07","a2bec9ef-28a6-41cb-937b-adaf51dd5ca7","2025-03-29 17:13:07",1
"Regresión (Civilización)","a2bec9ef-28a6-41cb-937b-adaf51dd5ca7","2025-03-29 17:13:07","a2bec9ef-28a6-41cb-937b-adaf51dd5ca7","2025-03-29 17:13:07",1
"Rompecabezas","a2bec9ef-28a6-41cb-937b-adaf51dd5ca7","2025-03-29 17:13:07","a2bec9ef-28a6-41cb-937b-adaf51dd5ca7","2025-03-29 17:13:07",1
"FICTION / Contemporary Women","a2bec9ef-28a6-41cb-937b-adaf51dd5ca7","2025-03-29 17:13:07","a2bec9ef-28a6-41cb-937b-adaf51dd5ca7","2025-03-29 17:13:07",1
"FICTION / Romance / Contemporary","a2bec9ef-28a6-41cb-937b-adaf51dd5ca7","2025-03-29 17:13:07","a2bec9ef-28a6-41cb-937b-adaf51dd5ca7","2025-03-29 17:13:07",1
"Paraplegics","a2bec9ef-28a6-41cb-937b-adaf51dd5ca7","2025-03-29 17:13:07","a2bec9ef-28a6-41cb-937b-adaf51dd5ca7","2025-03-29 17:13:07",1
"People with disabilities, fiction","a2bec9ef-28a6-41cb-937b-adaf51dd5ca7","2025-03-29 17:13:07","a2bec9ef-28a6-41cb-937b-adaf51dd5ca7","2025-03-29 17:13:07",1
"Contemporary Women","a2bec9ef-28a6-41cb-937b-adaf51dd5ca7","2025-03-29 17:13:07","a2bec9ef-28a6-41cb-937b-adaf51dd5ca7","2025-03-29 17:13:07",1
"Entrepreneurship","a2bec9ef-28a6-41cb-937b-adaf51dd5ca7","2025-03-29 17:13:07","a2bec9ef-28a6-41cb-937b-adaf51dd5ca7","2025-03-29 17:13:07",1
"Paralysis","a2bec9ef-28a6-41cb-937b-adaf51dd5ca7","2025-03-29 17:13:07","a2bec9ef-28a6-41cb-937b-adaf51dd5ca7","2025-03-29 17:13:07",1
"Emotions","a2bec9ef-28a6-41cb-937b-adaf51dd5ca7","2025-03-29 17:13:07","a2bec9ef-28a6-41cb-937b-adaf51dd5ca7","2025-03-29 17:13:07",1
"Caregivers","a2bec9ef-28a6-41cb-937b-adaf51dd5ca7","2025-03-29 17:13:07","a2bec9ef-28a6-41cb-937b-adaf51dd5ca7","2025-03-29 17:13:07",1
"Business enterprises","a2bec9ef-28a6-41cb-937b-adaf51dd5ca7","2025-03-29 17:13:07","a2bec9ef-28a6-41cb-937b-adaf51dd5ca7","2025-03-29 17:13:07",1
"People with disabilities","a2bec9ef-28a6-41cb-937b-adaf51dd5ca7","2025-03-29 17:13:07","a2bec9ef-28a6-41cb-937b-adaf51dd5ca7","2025-03-29 17:13:07",1
"Wheelchairs","a2bec9ef-28a6-41cb-937b-adaf51dd5ca7","2025-03-29 17:13:07","a2bec9ef-28a6-41cb-937b-adaf51dd5ca7","2025-03-29 17:13:07",1
"Quadriplegics","a2bec9ef-28a6-41cb-937b-adaf51dd5ca7","2025-03-29 17:13:07","a2bec9ef-28a6-41cb-937b-adaf51dd5ca7","2025-03-29 17:13:07",1
"nyt:trade-fiction-paperback=2013-08-18","a2bec9ef-28a6-41cb-937b-adaf51dd5ca7","2025-03-29 17:13:07","a2bec9ef-28a6-41cb-937b-adaf51dd5ca7","2025-03-29 17:13:07",1
"Man-woman relations","a2bec9ef-28a6-41cb-937b-adaf51dd5ca7","2025-03-29 17:13:07","a2bec9ef-28a6-41cb-937b-adaf51dd5ca7","2025-03-29 17:13:07",1
"Life change events","a2bec9ef-28a6-41cb-937b-adaf51dd5ca7","2025-03-29 17:13:07","a2bec9ef-28a6-41cb-937b-adaf51dd5ca7","2025-03-29 17:13:07",1
"nyt:mass-market-paperback=2016-05-15","a2bec9ef-28a6-41cb-937b-adaf51dd5ca7","2025-03-29 17:13:07","a2bec9ef-28a6-41cb-937b-adaf51dd5ca7","2025-03-29 17:13:07",1
"Bossiness","a2bec9ef-28a6-41cb-937b-adaf51dd5ca7","2025-03-29 17:13:07","a2bec9ef-28a6-41cb-937b-adaf51dd5ca7","2025-03-29 17:13:07",1
"English Romance fiction","a2bec9ef-28a6-41cb-937b-adaf51dd5ca7","2025-03-29 17:13:07","a2bec9ef-28a6-41cb-937b-adaf51dd5ca7","2025-03-29 17:13:07",1
"Parapléjicos","a2bec9ef-28a6-41cb-937b-adaf51dd5ca7","2025-03-29 17:13:07","a2bec9ef-28a6-41cb-937b-adaf51dd5ca7","2025-03-29 17:13:07",1
"Exito","a2bec9ef-28a6-41cb-937b-adaf51dd5ca7","2025-03-29 17:13:07","a2bec9ef-28a6-41cb-937b-adaf51dd5ca7","2025-03-29 17:13:07",1
"Men with disabilities","a2bec9ef-28a6-41cb-937b-adaf51dd5ca7","2025-03-29 17:13:07","a2bec9ef-28a6-41cb-937b-adaf51dd5ca7","2025-03-29 17:13:07",1
"Translations","a2bec9ef-28a6-41cb-937b-adaf51dd5ca7","2025-03-29 17:13:07","a2bec9ef-28a6-41cb-937b-adaf51dd5ca7","2025-03-29 17:13:07",1
"Cuidadores","a2bec9ef-28a6-41cb-937b-adaf51dd5ca7","2025-03-29 17:13:07","a2bec9ef-28a6-41cb-937b-adaf51dd5ca7","2025-03-29 17:13:07",1
"Paralytics","a2bec9ef-28a6-41cb-937b-adaf51dd5ca7","2025-03-29 17:13:07","a2bec9ef-28a6-41cb-937b-adaf51dd5ca7","2025-03-29 17:13:07",1
"Coming of Age","a2bec9ef-28a6-41cb-937b-adaf51dd5ca7","2025-03-29 17:13:07","a2bec9ef-28a6-41cb-937b-adaf51dd5ca7","2025-03-29 17:13:07",1
"Literary","a2bec9ef-28a6-41cb-937b-adaf51dd5ca7","2025-03-29 17:13:07","a2bec9ef-28a6-41cb-937b-adaf51dd5ca7","2025-03-29 17:13:07",1
"Sagas","a2bec9ef-28a6-41cb-937b-adaf51dd5ca7","2025-03-29 17:13:07","a2bec9ef-28a6-41cb-937b-adaf51dd5ca7","2025-03-29 17:13:07",1
"child abuse","a2bec9ef-28a6-41cb-937b-adaf51dd5ca7","2025-03-29 17:13:07","a2bec9ef-28a6-41cb-937b-adaf51dd5ca7","2025-03-29 17:13:07",1
"sexual abuse","a2bec9ef-28a6-41cb-937b-adaf51dd5ca7","2025-03-29 17:13:07","a2bec9ef-28a6-41cb-937b-adaf51dd5ca7","2025-03-29 17:13:07",1
"Dysfunctional families","a2bec9ef-28a6-41cb-937b-adaf51dd5ca7","2025-03-29 17:13:07","a2bec9ef-28a6-41cb-937b-adaf51dd5ca7","2025-03-29 17:13:07",1
"FICTION / Sagas","a2bec9ef-28a6-41cb-937b-adaf51dd5ca7","2025-03-29 17:13:07","a2bec9ef-28a6-41cb-937b-adaf51dd5ca7","2025-03-29 17:13:07",1
"nyt:trade-fiction-paperback=2016-02-14","a2bec9ef-28a6-41cb-937b-adaf51dd5ca7","2025-03-29 17:13:07","a2bec9ef-28a6-41cb-937b-adaf51dd5ca7","2025-03-29 17:13:07",1
"Homosexuels masculins","a2bec9ef-28a6-41cb-937b-adaf51dd5ca7","2025-03-29 17:13:07","a2bec9ef-28a6-41cb-937b-adaf51dd5ca7","2025-03-29 17:13:07",1
"18.06 Anglo-American literature","a2bec9ef-28a6-41cb-937b-adaf51dd5ca7","2025-03-29 17:13:07","a2bec9ef-28a6-41cb-937b-adaf51dd5ca7","2025-03-29 17:13:07",1
"Male friendship -- Fiction","a2bec9ef-28a6-41cb-937b-adaf51dd5ca7","2025-03-29 17:13:07","a2bec9ef-28a6-41cb-937b-adaf51dd5ca7","2025-03-29 17:13:07",1
"Dysfunctional families -- Fiction","a2bec9ef-28a6-41cb-937b-adaf51dd5ca7","2025-03-29 17:13:07","a2bec9ef-28a6-41cb-937b-adaf51dd5ca7","2025-03-29 17:13:07",1
"Memory -- Fiction","a2bec9ef-28a6-41cb-937b-adaf51dd5ca7","2025-03-29 17:13:07","a2bec9ef-28a6-41cb-937b-adaf51dd5ca7","2025-03-29 17:13:07",1
"New York (State) -- Social life and customs -- Fiction","a2bec9ef-28a6-41cb-937b-adaf51dd5ca7","2025-03-29 17:13:07","a2bec9ef-28a6-41cb-937b-adaf51dd5ca7","2025-03-29 17:13:07",1
"Nonverbal communication","a2bec9ef-28a6-41cb-937b-adaf51dd5ca7","2025-03-29 17:13:07","a2bec9ef-28a6-41cb-937b-adaf51dd5ca7","2025-03-29 17:13:07",1
"Interpersonal skills","a2bec9ef-28a6-41cb-937b-adaf51dd5ca7","2025-03-29 17:13:07","a2bec9ef-28a6-41cb-937b-adaf51dd5ca7","2025-03-29 17:13:07",1
"Social psychology","a2bec9ef-28a6-41cb-937b-adaf51dd5ca7","2025-03-29 17:13:07","a2bec9ef-28a6-41cb-937b-adaf51dd5ca7","2025-03-29 17:13:07",1
"Persuasion","a2bec9ef-28a6-41cb-937b-adaf51dd5ca7","2025-03-29 17:13:07","a2bec9ef-28a6-41cb-937b-adaf51dd5ca7","2025-03-29 17:13:07",1
"Charisma","a2bec9ef-28a6-41cb-937b-adaf51dd5ca7","2025-03-29 17:13:07","a2bec9ef-28a6-41cb-937b-adaf51dd5ca7","2025-03-29 17:13:07",1
"Influencing people","a2bec9ef-28a6-41cb-937b-adaf51dd5ca7","2025-03-29 17:13:07","a2bec9ef-28a6-41cb-937b-adaf51dd5ca7","2025-03-29 17:13:07",1
"Reading people","a2bec9ef-28a6-41cb-937b-adaf51dd5ca7","2025-03-29 17:13:07","a2bec9ef-28a6-41cb-937b-adaf51dd5ca7","2025-03-29 17:13:07",1
"Mythology, Greek","a2bec9ef-28a6-41cb-937b-adaf51dd5ca7","2025-03-29 17:13:07","a2bec9ef-28a6-41cb-937b-adaf51dd5ca7","2025-03-29 17:13:07",1
"Juvenile fiction..","a2bec9ef-28a6-41cb-937b-adaf51dd5ca7","2025-03-29 17:13:07","a2bec9ef-28a6-41cb-937b-adaf51dd5ca7","2025-03-29 17:13:07",1
"mirror","a2bec9ef-28a6-41cb-937b-adaf51dd5ca7","2025-03-29 17:13:07","a2bec9ef-28a6-41cb-937b-adaf51dd5ca7","2025-03-29 17:13:07",1
"pdf.yt","a2bec9ef-28a6-41cb-937b-adaf51dd5ca7","2025-03-29 17:13:07","a2bec9ef-28a6-41cb-937b-adaf51dd5ca7","2025-03-29 17:13:07",1
"Children's Books -- Literature -- Action & Adventure","a2bec9ef-28a6-41cb-937b-adaf51dd5ca7","2025-03-29 17:13:07","a2bec9ef-28a6-41cb-937b-adaf51dd5ca7","2025-03-29 17:13:07",1
"Children's Books -- Literature -- Fairy Tales, Folk Tales & Myths -- Greek & Roman","a2bec9ef-28a6-41cb-937b-adaf51dd5ca7","2025-03-29 17:13:07","a2bec9ef-28a6-41cb-937b-adaf51dd5ca7","2025-03-29 17:13:07",1
"Children's Books -- Literature -- Popular Culture","a2bec9ef-28a6-41cb-937b-adaf51dd5ca7","2025-03-29 17:13:07","a2bec9ef-28a6-41cb-937b-adaf51dd5ca7","2025-03-29 17:13:07",1
"Children's Books -- Literature -- Science Fiction, Fantasy, Mystery & Horror -- Science Fiction, Fantasy, & Magic","a2bec9ef-28a6-41cb-937b-adaf51dd5ca7","2025-03-29 17:13:07","a2bec9ef-28a6-41cb-937b-adaf51dd5ca7","2025-03-29 17:13:07",1
"Literature & Fiction -- World Literature -- Mythology","a2bec9ef-28a6-41cb-937b-adaf51dd5ca7","2025-03-29 17:13:07","a2bec9ef-28a6-41cb-937b-adaf51dd5ca7","2025-03-29 17:13:07",1
"Libros ilustrados para niños","a2bec9ef-28a6-41cb-937b-adaf51dd5ca7","2025-03-29 17:13:07","a2bec9ef-28a6-41cb-937b-adaf51dd5ca7","2025-03-29 17:13:07",1
"Dieux grecs","a2bec9ef-28a6-41cb-937b-adaf51dd5ca7","2025-03-29 17:13:07","a2bec9ef-28a6-41cb-937b-adaf51dd5ca7","2025-03-29 17:13:07",1
"Materiales en espñaol","a2bec9ef-28a6-41cb-937b-adaf51dd5ca7","2025-03-29 17:13:07","a2bec9ef-28a6-41cb-937b-adaf51dd5ca7","2025-03-29 17:13:07",1
"orphans","a2bec9ef-28a6-41cb-937b-adaf51dd5ca7","2025-03-29 17:13:07","a2bec9ef-28a6-41cb-937b-adaf51dd5ca7","2025-03-29 17:13:07",1
"foster homes","a2bec9ef-28a6-41cb-937b-adaf51dd5ca7","2025-03-29 17:13:07","a2bec9ef-28a6-41cb-937b-adaf51dd5ca7","2025-03-29 17:13:07",1
"Waisenkind","a2bec9ef-28a6-41cb-937b-adaf51dd5ca7","2025-03-29 17:13:07","a2bec9ef-28a6-41cb-937b-adaf51dd5ca7","2025-03-29 17:13:07",1
"Intrige","a2bec9ef-28a6-41cb-937b-adaf51dd5ca7","2025-03-29 17:13:07","a2bec9ef-28a6-41cb-937b-adaf51dd5ca7","2025-03-29 17:13:07",1
"Wiederbelebung","a2bec9ef-28a6-41cb-937b-adaf51dd5ca7","2025-03-29 17:13:07","a2bec9ef-28a6-41cb-937b-adaf51dd5ca7","2025-03-29 17:13:07",1
"Bewährung","a2bec9ef-28a6-41cb-937b-adaf51dd5ca7","2025-03-29 17:13:07","a2bec9ef-28a6-41cb-937b-adaf51dd5ca7","2025-03-29 17:13:07",1
"Wettkampf","a2bec9ef-28a6-41cb-937b-adaf51dd5ca7","2025-03-29 17:13:07","a2bec9ef-28a6-41cb-937b-adaf51dd5ca7","2025-03-29 17:13:07",1
"Junge","a2bec9ef-28a6-41cb-937b-adaf51dd5ca7","2025-03-29 17:13:07","a2bec9ef-28a6-41cb-937b-adaf51dd5ca7","2025-03-29 17:13:07",1
"Sport","a2bec9ef-28a6-41cb-937b-adaf51dd5ca7","2025-03-29 17:13:07","a2bec9ef-28a6-41cb-937b-adaf51dd5ca7","2025-03-29 17:13:07",1
"Jugendbuch","a2bec9ef-28a6-41cb-937b-adaf51dd5ca7","2025-03-29 17:13:07","a2bec9ef-28a6-41cb-937b-adaf51dd5ca7","2025-03-29 17:13:07",1
"Mord","a2bec9ef-28a6-41cb-937b-adaf51dd5ca7","2025-03-29 17:13:07","a2bec9ef-28a6-41cb-937b-adaf51dd5ca7","2025-03-29 17:13:07",1
"magier","a2bec9ef-28a6-41cb-937b-adaf51dd5ca7","2025-03-29 17:13:07","a2bec9ef-28a6-41cb-937b-adaf51dd5ca7","2025-03-29 17:13:07",1
"fictitious schools","a2bec9ef-28a6-41cb-937b-adaf51dd5ca7","2025-03-29 17:13:07","a2bec9ef-28a6-41cb-937b-adaf51dd5ca7","2025-03-29 17:13:07",1
"juvenile works","a2bec9ef-28a6-41cb-937b-adaf51dd5ca7","2025-03-29 17:13:07","a2bec9ef-28a6-41cb-937b-adaf51dd5ca7","2025-03-29 17:13:07",1
"juvenile audience","a2bec9ef-28a6-41cb-937b-adaf51dd5ca7","2025-03-29 17:13:07","a2bec9ef-28a6-41cb-937b-adaf51dd5ca7","2025-03-29 17:13:07",1
"juvenile literature","a2bec9ef-28a6-41cb-937b-adaf51dd5ca7","2025-03-29 17:13:07","a2bec9ef-28a6-41cb-937b-adaf51dd5ca7","2025-03-29 17:13:07",1
"children's stories","a2bec9ef-28a6-41cb-937b-adaf51dd5ca7","2025-03-29 17:13:07","a2bec9ef-28a6-41cb-937b-adaf51dd5ca7","2025-03-29 17:13:07",1
"nyt:series_books=2006-09-16","a2bec9ef-28a6-41cb-937b-adaf51dd5ca7","2025-03-29 17:13:07","a2bec9ef-28a6-41cb-937b-adaf51dd5ca7","2025-03-29 17:13:07",1
"School","a2bec9ef-28a6-41cb-937b-adaf51dd5ca7","2025-03-29 17:13:07","a2bec9ef-28a6-41cb-937b-adaf51dd5ca7","2025-03-29 17:13:07",1
"Sorcellerie","a2bec9ef-28a6-41cb-937b-adaf51dd5ca7","2025-03-29 17:13:07","a2bec9ef-28a6-41cb-937b-adaf51dd5ca7","2025-03-29 17:13:07",1
"award:hugo_award=2001","a2bec9ef-28a6-41cb-937b-adaf51dd5ca7","2025-03-29 17:13:07","a2bec9ef-28a6-41cb-937b-adaf51dd5ca7","2025-03-29 17:13:07",1
"Sorciers","a2bec9ef-28a6-41cb-937b-adaf51dd5ca7","2025-03-29 17:13:07","a2bec9ef-28a6-41cb-937b-adaf51dd5ca7","2025-03-29 17:13:07",1
"Romans nouvelles etc. pour la jeunesse","a2bec9ef-28a6-41cb-937b-adaf51dd5ca7","2025-03-29 17:13:07","a2bec9ef-28a6-41cb-937b-adaf51dd5ca7","2025-03-29 17:13:07",1
"Hogwarts School of Witchcraft and Wizardry (Imaginary organization)","a2bec9ef-28a6-41cb-937b-adaf51dd5ca7","2025-03-29 17:13:07","a2bec9ef-28a6-41cb-937b-adaf51dd5ca7","2025-03-29 17:13:07",1
"Hermione Granger (Fictitious character)","a2bec9ef-28a6-41cb-937b-adaf51dd5ca7","2025-03-29 17:13:07","a2bec9ef-28a6-41cb-937b-adaf51dd5ca7","2025-03-29 17:13:07",1
"Ron Weasley (Fictitious character)","a2bec9ef-28a6-41cb-937b-adaf51dd5ca7","2025-03-29 17:13:07","a2bec9ef-28a6-41cb-937b-adaf51dd5ca7","2025-03-29 17:13:07",1
"Harry Potter (Fictitious character)","a2bec9ef-28a6-41cb-937b-adaf51dd5ca7","2025-03-29 17:13:07","a2bec9ef-28a6-41cb-937b-adaf51dd5ca7","2025-03-29 17:13:07",1
"Magos","a2bec9ef-28a6-41cb-937b-adaf51dd5ca7","2025-03-29 17:13:07","a2bec9ef-28a6-41cb-937b-adaf51dd5ca7","2025-03-29 17:13:07",1
"Magi","a2bec9ef-28a6-41cb-937b-adaf51dd5ca7","2025-03-29 17:13:07","a2bec9ef-28a6-41cb-937b-adaf51dd5ca7","2025-03-29 17:13:07",1
"Hogwarts School of Witchcraft and Wizardry (Imaginary place)","a2bec9ef-28a6-41cb-937b-adaf51dd5ca7","2025-03-29 17:13:07","a2bec9ef-28a6-41cb-937b-adaf51dd5ca7","2025-03-29 17:13:07",1
"Orphans & Foster Homes","a2bec9ef-28a6-41cb-937b-adaf51dd5ca7","2025-03-29 17:13:07","a2bec9ef-28a6-41cb-937b-adaf51dd5ca7","2025-03-29 17:13:07",1
"Hugo Award","a2bec9ef-28a6-41cb-937b-adaf51dd5ca7","2025-03-29 17:13:07","a2bec9ef-28a6-41cb-937b-adaf51dd5ca7","2025-03-29 17:13:07",1
"Harry Potter (Fictional character)","a2bec9ef-28a6-41cb-937b-adaf51dd5ca7","2025-03-29 17:13:07","a2bec9ef-28a6-41cb-937b-adaf51dd5ca7","2025-03-29 17:13:07",1
"Potter, harry (fictitious character), fiction","a2bec9ef-28a6-41cb-937b-adaf51dd5ca7","2025-03-29 17:13:07","a2bec9ef-28a6-41cb-937b-adaf51dd5ca7","2025-03-29 17:13:07",1
"Magic, fiction","a2bec9ef-28a6-41cb-937b-adaf51dd5ca7","2025-03-29 17:13:07","a2bec9ef-28a6-41cb-937b-adaf51dd5ca7","2025-03-29 17:13:07",1
"Hogwarts school of witchcraft and wizardry (imaginary organization), fiction","a2bec9ef-28a6-41cb-937b-adaf51dd5ca7","2025-03-29 17:13:07","a2bec9ef-28a6-41cb-937b-adaf51dd5ca7","2025-03-29 17:13:07",1
"Potter, harry (fictitious character)","a2bec9ef-28a6-41cb-937b-adaf51dd5ca7","2025-03-29 17:13:07","a2bec9ef-28a6-41cb-937b-adaf51dd5ca7","2025-03-29 17:13:07",1
"Películas cinematográficas juveniles","a2bec9ef-28a6-41cb-937b-adaf51dd5ca7","2025-03-29 17:13:07","a2bec9ef-28a6-41cb-937b-adaf51dd5ca7","2025-03-29 17:13:07",1
"Film adaptations","a2bec9ef-28a6-41cb-937b-adaf51dd5ca7","2025-03-29 17:13:07","a2bec9ef-28a6-41cb-937b-adaf51dd5ca7","2025-03-29 17:13:07",1
"Hechiceros","a2bec9ef-28a6-41cb-937b-adaf51dd5ca7","2025-03-29 17:13:07","a2bec9ef-28a6-41cb-937b-adaf51dd5ca7","2025-03-29 17:13:07",1
"Potter, Harry (Personaje literario)","a2bec9ef-28a6-41cb-937b-adaf51dd5ca7","2025-03-29 17:13:07","a2bec9ef-28a6-41cb-937b-adaf51dd5ca7","2025-03-29 17:13:07",1
"Inglaterra","a2bec9ef-28a6-41cb-937b-adaf51dd5ca7","2025-03-29 17:13:07","a2bec9ef-28a6-41cb-937b-adaf51dd5ca7","2025-03-29 17:13:07",1
"Novelas inglesas","a2bec9ef-28a6-41cb-937b-adaf51dd5ca7","2025-03-29 17:13:07","a2bec9ef-28a6-41cb-937b-adaf51dd5ca7","2025-03-29 17:13:07",1
"Poudlard (Organisation imaginaire)","a2bec9ef-28a6-41cb-937b-adaf51dd5ca7","2025-03-29 17:13:07","a2bec9ef-28a6-41cb-937b-adaf51dd5ca7","2025-03-29 17:13:07",1
"Reading materials","a2bec9ef-28a6-41cb-937b-adaf51dd5ca7","2025-03-29 17:13:07","a2bec9ef-28a6-41cb-937b-adaf51dd5ca7","2025-03-29 17:13:07",1
"English Fantasy literature","a2bec9ef-28a6-41cb-937b-adaf51dd5ca7","2025-03-29 17:13:07","a2bec9ef-28a6-41cb-937b-adaf51dd5ca7","2025-03-29 17:13:07",1
"Translations into Marathi","a2bec9ef-28a6-41cb-937b-adaf51dd5ca7","2025-03-29 17:13:07","a2bec9ef-28a6-41cb-937b-adaf51dd5ca7","2025-03-29 17:13:07",1
"Bengali detective and mystery stories","a2bec9ef-28a6-41cb-937b-adaf51dd5ca7","2025-03-29 17:13:07","a2bec9ef-28a6-41cb-937b-adaf51dd5ca7","2025-03-29 17:13:07",1
"Snowden, edward j., 1983-","a2bec9ef-28a6-41cb-937b-adaf51dd5ca7","2025-03-29 17:13:07","a2bec9ef-28a6-41cb-937b-adaf51dd5ca7","2025-03-29 17:13:07",1
"Government information","a2bec9ef-28a6-41cb-937b-adaf51dd5ca7","2025-03-29 17:13:07","a2bec9ef-28a6-41cb-937b-adaf51dd5ca7","2025-03-29 17:13:07",1
"Whistle blowing","a2bec9ef-28a6-41cb-937b-adaf51dd5ca7","2025-03-29 17:13:07","a2bec9ef-28a6-41cb-937b-adaf51dd5ca7","2025-03-29 17:13:07",1
"Leaks (Disclosure of information)","a2bec9ef-28a6-41cb-937b-adaf51dd5ca7","2025-03-29 17:13:07","a2bec9ef-28a6-41cb-937b-adaf51dd5ca7","2025-03-29 17:13:07",1
"Officials and employees","a2bec9ef-28a6-41cb-937b-adaf51dd5ca7","2025-03-29 17:13:07","a2bec9ef-28a6-41cb-937b-adaf51dd5ca7","2025-03-29 17:13:07",1
"United States","a2bec9ef-28a6-41cb-937b-adaf51dd5ca7","2025-03-29 17:13:07","a2bec9ef-28a6-41cb-937b-adaf51dd5ca7","2025-03-29 17:13:07",1
"United States. National Security Agency","a2bec9ef-28a6-41cb-937b-adaf51dd5ca7","2025-03-29 17:13:07","a2bec9ef-28a6-41cb-937b-adaf51dd5ca7","2025-03-29 17:13:07",1
"nyt:combined-print-and-e-book-nonfiction=2019-10-06","a2bec9ef-28a6-41cb-937b-adaf51dd5ca7","2025-03-29 17:13:07","a2bec9ef-28a6-41cb-937b-adaf51dd5ca7","2025-03-29 17:13:07",1
"Electronic surveillance","a2bec9ef-28a6-41cb-937b-adaf51dd5ca7","2025-03-29 17:13:07","a2bec9ef-28a6-41cb-937b-adaf51dd5ca7","2025-03-29 17:13:07",1
"Russian science fiction","a2bec9ef-28a6-41cb-937b-adaf51dd5ca7","2025-03-29 17:13:07","a2bec9ef-28a6-41cb-937b-adaf51dd5ca7","2025-03-29 17:13:07",1
"alien visitation","a2bec9ef-28a6-41cb-937b-adaf51dd5ca7","2025-03-29 17:13:07","a2bec9ef-28a6-41cb-937b-adaf51dd5ca7","2025-03-29 17:13:07",1
"anomalies","a2bec9ef-28a6-41cb-937b-adaf51dd5ca7","2025-03-29 17:13:07","a2bec9ef-28a6-41cb-937b-adaf51dd5ca7","2025-03-29 17:13:07",1
"Russian fiction","a2bec9ef-28a6-41cb-937b-adaf51dd5ca7","2025-03-29 17:13:07","a2bec9ef-28a6-41cb-937b-adaf51dd5ca7","2025-03-29 17:13:07",1
"good and evil","a2bec9ef-28a6-41cb-937b-adaf51dd5ca7","2025-03-29 17:13:07","a2bec9ef-28a6-41cb-937b-adaf51dd5ca7","2025-03-29 17:13:07",1
"heroes","a2bec9ef-28a6-41cb-937b-adaf51dd5ca7","2025-03-29 17:13:07","a2bec9ef-28a6-41cb-937b-adaf51dd5ca7","2025-03-29 17:13:07",1
"literature","a2bec9ef-28a6-41cb-937b-adaf51dd5ca7","2025-03-29 17:13:07","a2bec9ef-28a6-41cb-937b-adaf51dd5ca7","2025-03-29 17:13:07",1
"adventure fiction","a2bec9ef-28a6-41cb-937b-adaf51dd5ca7","2025-03-29 17:13:07","a2bec9ef-28a6-41cb-937b-adaf51dd5ca7","2025-03-29 17:13:07",1
"wolves","a2bec9ef-28a6-41cb-937b-adaf51dd5ca7","2025-03-29 17:13:07","a2bec9ef-28a6-41cb-937b-adaf51dd5ca7","2025-03-29 17:13:07",1
"Roland of Gilead (Fictitious character)","a2bec9ef-28a6-41cb-937b-adaf51dd5ca7","2025-03-29 17:13:07","a2bec9ef-28a6-41cb-937b-adaf51dd5ca7","2025-03-29 17:13:07",1
"Roland (Fictitious character : King) -- Fiction.","a2bec9ef-28a6-41cb-937b-adaf51dd5ca7","2025-03-29 17:13:07","a2bec9ef-28a6-41cb-937b-adaf51dd5ca7","2025-03-29 17:13:07",1
"Contests","a2bec9ef-28a6-41cb-937b-adaf51dd5ca7","2025-03-29 17:13:07","a2bec9ef-28a6-41cb-937b-adaf51dd5ca7","2025-03-29 17:13:07",1
"Princes","a2bec9ef-28a6-41cb-937b-adaf51dd5ca7","2025-03-29 17:13:07","a2bec9ef-28a6-41cb-937b-adaf51dd5ca7","2025-03-29 17:13:07",1
"Revolutionaries","a2bec9ef-28a6-41cb-937b-adaf51dd5ca7","2025-03-29 17:13:07","a2bec9ef-28a6-41cb-937b-adaf51dd5ca7","2025-03-29 17:13:07",1
"JUVENILE FICTION / Girls & Women","a2bec9ef-28a6-41cb-937b-adaf51dd5ca7","2025-03-29 17:13:07","a2bec9ef-28a6-41cb-937b-adaf51dd5ca7","2025-03-29 17:13:07",1
"Marriage","a2bec9ef-28a6-41cb-937b-adaf51dd5ca7","2025-03-29 17:13:07","a2bec9ef-28a6-41cb-937b-adaf51dd5ca7","2025-03-29 17:13:07",1
"JUVENILE FICTION / General","a2bec9ef-28a6-41cb-937b-adaf51dd5ca7","2025-03-29 17:13:07","a2bec9ef-28a6-41cb-937b-adaf51dd5ca7","2025-03-29 17:13:07",1
"Matrimonio","a2bec9ef-28a6-41cb-937b-adaf51dd5ca7","2025-03-29 17:13:07","a2bec9ef-28a6-41cb-937b-adaf51dd5ca7","2025-03-29 17:13:07",1
"Príncipes","a2bec9ef-28a6-41cb-937b-adaf51dd5ca7","2025-03-29 17:13:07","a2bec9ef-28a6-41cb-937b-adaf51dd5ca7","2025-03-29 17:13:07",1
"Juvenile ficción","a2bec9ef-28a6-41cb-937b-adaf51dd5ca7","2025-03-29 17:13:07","a2bec9ef-28a6-41cb-937b-adaf51dd5ca7","2025-03-29 17:13:07",1
"Competencia","a2bec9ef-28a6-41cb-937b-adaf51dd5ca7","2025-03-29 17:13:07","a2bec9ef-28a6-41cb-937b-adaf51dd5ca7","2025-03-29 17:13:07",1
"Clases sociales","a2bec9ef-28a6-41cb-937b-adaf51dd5ca7","2025-03-29 17:13:07","a2bec9ef-28a6-41cb-937b-adaf51dd5ca7","2025-03-29 17:13:07",1
"nyt:chapter-books=2012-05-13","a2bec9ef-28a6-41cb-937b-adaf51dd5ca7","2025-03-29 17:13:07","a2bec9ef-28a6-41cb-937b-adaf51dd5ca7","2025-03-29 17:13:07",1
"Marriage, fiction","a2bec9ef-28a6-41cb-937b-adaf51dd5ca7","2025-03-29 17:13:07","a2bec9ef-28a6-41cb-937b-adaf51dd5ca7","2025-03-29 17:13:07",1
"Contests, fiction","a2bec9ef-28a6-41cb-937b-adaf51dd5ca7","2025-03-29 17:13:07","a2bec9ef-28a6-41cb-937b-adaf51dd5ca7","2025-03-29 17:13:07",1
"Princes, fiction","a2bec9ef-28a6-41cb-937b-adaf51dd5ca7","2025-03-29 17:13:07","a2bec9ef-28a6-41cb-937b-adaf51dd5ca7","2025-03-29 17:13:07",1
"Mariage","a2bec9ef-28a6-41cb-937b-adaf51dd5ca7","2025-03-29 17:13:07","a2bec9ef-28a6-41cb-937b-adaf51dd5ca7","2025-03-29 17:13:07",1
"Concours et compétitions","a2bec9ef-28a6-41cb-937b-adaf51dd5ca7","2025-03-29 17:13:07","a2bec9ef-28a6-41cb-937b-adaf51dd5ca7","2025-03-29 17:13:07",1
"Classes sociales","a2bec9ef-28a6-41cb-937b-adaf51dd5ca7","2025-03-29 17:13:07","a2bec9ef-28a6-41cb-937b-adaf51dd5ca7","2025-03-29 17:13:07",1
"Révolutionnaires","a2bec9ef-28a6-41cb-937b-adaf51dd5ca7","2025-03-29 17:13:07","a2bec9ef-28a6-41cb-937b-adaf51dd5ca7","2025-03-29 17:13:07",1
"Dystopias","a2bec9ef-28a6-41cb-937b-adaf51dd5ca7","2025-03-29 17:13:07","a2bec9ef-28a6-41cb-937b-adaf51dd5ca7","2025-03-29 17:13:07",1
"Space opera","a2bec9ef-28a6-41cb-937b-adaf51dd5ca7","2025-03-29 17:13:07","a2bec9ef-28a6-41cb-937b-adaf51dd5ca7","2025-03-29 17:13:07",1
"Military science fiction","a2bec9ef-28a6-41cb-937b-adaf51dd5ca7","2025-03-29 17:13:07","a2bec9ef-28a6-41cb-937b-adaf51dd5ca7","2025-03-29 17:13:07",1
"Hard science fiction","a2bec9ef-28a6-41cb-937b-adaf51dd5ca7","2025-03-29 17:13:07","a2bec9ef-28a6-41cb-937b-adaf51dd5ca7","2025-03-29 17:13:07",1
"Space exploration","a2bec9ef-28a6-41cb-937b-adaf51dd5ca7","2025-03-29 17:13:07","a2bec9ef-28a6-41cb-937b-adaf51dd5ca7","2025-03-29 17:13:07",1
"Politics","a2bec9ef-28a6-41cb-937b-adaf51dd5ca7","2025-03-29 17:13:07","a2bec9ef-28a6-41cb-937b-adaf51dd5ca7","2025-03-29 17:13:07",1
"Conspiracy","a2bec9ef-28a6-41cb-937b-adaf51dd5ca7","2025-03-29 17:13:07","a2bec9ef-28a6-41cb-937b-adaf51dd5ca7","2025-03-29 17:13:07",1
"Espionage","a2bec9ef-28a6-41cb-937b-adaf51dd5ca7","2025-03-29 17:13:07","a2bec9ef-28a6-41cb-937b-adaf51dd5ca7","2025-03-29 17:13:07",1
"Revolution","a2bec9ef-28a6-41cb-937b-adaf51dd5ca7","2025-03-29 17:13:07","a2bec9ef-28a6-41cb-937b-adaf51dd5ca7","2025-03-29 17:13:07",1
"The Expanse (series)","a2bec9ef-28a6-41cb-937b-adaf51dd5ca7","2025-03-29 17:13:07","a2bec9ef-28a6-41cb-937b-adaf51dd5ca7","2025-03-29 17:13:07",1
"Assassins","a2bec9ef-28a6-41cb-937b-adaf51dd5ca7","2025-03-29 17:13:07","a2bec9ef-28a6-41cb-937b-adaf51dd5ca7","2025-03-29 17:13:07",1
"Court and courtiers","a2bec9ef-28a6-41cb-937b-adaf51dd5ca7","2025-03-29 17:13:07","a2bec9ef-28a6-41cb-937b-adaf51dd5ca7","2025-03-29 17:13:07",1
"Criminals, fiction","a2bec9ef-28a6-41cb-937b-adaf51dd5ca7","2025-03-29 17:13:07","a2bec9ef-28a6-41cb-937b-adaf51dd5ca7","2025-03-29 17:13:07",1
"Courts and courtiers, fiction","a2bec9ef-28a6-41cb-937b-adaf51dd5ca7","2025-03-29 17:13:07","a2bec9ef-28a6-41cb-937b-adaf51dd5ca7","2025-03-29 17:13:07",1
"Cour et courtisans","a2bec9ef-28a6-41cb-937b-adaf51dd5ca7","2025-03-29 17:13:07","a2bec9ef-28a6-41cb-937b-adaf51dd5ca7","2025-03-29 17:13:07",1
"Prisonniers","a2bec9ef-28a6-41cb-937b-adaf51dd5ca7","2025-03-29 17:13:07","a2bec9ef-28a6-41cb-937b-adaf51dd5ca7","2025-03-29 17:13:07",1
"Roman fantastique","a2bec9ef-28a6-41cb-937b-adaf51dd5ca7","2025-03-29 17:13:07","a2bec9ef-28a6-41cb-937b-adaf51dd5ca7","2025-03-29 17:13:07",1
"Assassin","a2bec9ef-28a6-41cb-937b-adaf51dd5ca7","2025-03-29 17:13:07","a2bec9ef-28a6-41cb-937b-adaf51dd5ca7","2025-03-29 17:13:07",1
"killer","a2bec9ef-28a6-41cb-937b-adaf51dd5ca7","2025-03-29 17:13:07","a2bec9ef-28a6-41cb-937b-adaf51dd5ca7","2025-03-29 17:13:07",1
"king","a2bec9ef-28a6-41cb-937b-adaf51dd5ca7","2025-03-29 17:13:07","a2bec9ef-28a6-41cb-937b-adaf51dd5ca7","2025-03-29 17:13:07",1
"princess","a2bec9ef-28a6-41cb-937b-adaf51dd5ca7","2025-03-29 17:13:07","a2bec9ef-28a6-41cb-937b-adaf51dd5ca7","2025-03-29 17:13:07",1
"prince","a2bec9ef-28a6-41cb-937b-adaf51dd5ca7","2025-03-29 17:13:07","a2bec9ef-28a6-41cb-937b-adaf51dd5ca7","2025-03-29 17:13:07",1
"lunch","a2bec9ef-28a6-41cb-937b-adaf51dd5ca7","2025-03-29 17:13:07","a2bec9ef-28a6-41cb-937b-adaf51dd5ca7","2025-03-29 17:13:07",1
"[series:Throne_of_Glass]","a2bec9ef-28a6-41cb-937b-adaf51dd5ca7","2025-03-29 17:13:07","a2bec9ef-28a6-41cb-937b-adaf51dd5ca7","2025-03-29 17:13:07",1
"nyt:trade-fiction-paperback=2024-06-02","a2bec9ef-28a6-41cb-937b-adaf51dd5ca7","2025-03-29 17:13:07","a2bec9ef-28a6-41cb-937b-adaf51dd5ca7","2025-03-29 17:13:07",1
"Novel","a2bec9ef-28a6-41cb-937b-adaf51dd5ca7","2025-03-29 17:13:07","a2bec9ef-28a6-41cb-937b-adaf51dd5ca7","2025-03-29 17:13:07",1
"translation","a2bec9ef-28a6-41cb-937b-adaf51dd5ca7","2025-03-29 17:13:07","a2bec9ef-28a6-41cb-937b-adaf51dd5ca7","2025-03-29 17:13:07",1
"Neighbors","a2bec9ef-28a6-41cb-937b-adaf51dd5ca7","2025-03-29 17:13:07","a2bec9ef-28a6-41cb-937b-adaf51dd5ca7","2025-03-29 17:13:07",1
"Older men","a2bec9ef-28a6-41cb-937b-adaf51dd5ca7","2025-03-29 17:13:07","a2bec9ef-28a6-41cb-937b-adaf51dd5ca7","2025-03-29 17:13:07",1
"Neighborhoods","a2bec9ef-28a6-41cb-937b-adaf51dd5ca7","2025-03-29 17:13:07","a2bec9ef-28a6-41cb-937b-adaf51dd5ca7","2025-03-29 17:13:07",1
"nyt:e-book-fiction=2016-10-30","a2bec9ef-28a6-41cb-937b-adaf51dd5ca7","2025-03-29 17:13:07","a2bec9ef-28a6-41cb-937b-adaf51dd5ca7","2025-03-29 17:13:07",1
"nyt:trade-fiction-paperback=2016-01-17","a2bec9ef-28a6-41cb-937b-adaf51dd5ca7","2025-03-29 17:13:07","a2bec9ef-28a6-41cb-937b-adaf51dd5ca7","2025-03-29 17:13:07",1
"Viudos","a2bec9ef-28a6-41cb-937b-adaf51dd5ca7","2025-03-29 17:13:07","a2bec9ef-28a6-41cb-937b-adaf51dd5ca7","2025-03-29 17:13:07",1
"Widowers","a2bec9ef-28a6-41cb-937b-adaf51dd5ca7","2025-03-29 17:13:07","a2bec9ef-28a6-41cb-937b-adaf51dd5ca7","2025-03-29 17:13:07",1
"Vecinos","a2bec9ef-28a6-41cb-937b-adaf51dd5ca7","2025-03-29 17:13:07","a2bec9ef-28a6-41cb-937b-adaf51dd5ca7","2025-03-29 17:13:07",1
"Early retirement","a2bec9ef-28a6-41cb-937b-adaf51dd5ca7","2025-03-29 17:13:07","a2bec9ef-28a6-41cb-937b-adaf51dd5ca7","2025-03-29 17:13:07",1
"Jubilación anticipada","a2bec9ef-28a6-41cb-937b-adaf51dd5ca7","2025-03-29 17:13:07","a2bec9ef-28a6-41cb-937b-adaf51dd5ca7","2025-03-29 17:13:07",1
"Control (Psychology)","a2bec9ef-28a6-41cb-937b-adaf51dd5ca7","2025-03-29 17:13:07","a2bec9ef-28a6-41cb-937b-adaf51dd5ca7","2025-03-29 17:13:07",1
"Contrôle (Psychologie)","a2bec9ef-28a6-41cb-937b-adaf51dd5ca7","2025-03-29 17:13:07","a2bec9ef-28a6-41cb-937b-adaf51dd5ca7","2025-03-29 17:13:07",1
"Pouvoir (Morale)","a2bec9ef-28a6-41cb-937b-adaf51dd5ca7","2025-03-29 17:13:07","a2bec9ef-28a6-41cb-937b-adaf51dd5ca7","2025-03-29 17:13:07",1
"Nonfiction","a2bec9ef-28a6-41cb-937b-adaf51dd5ca7","2025-03-29 17:13:07","a2bec9ef-28a6-41cb-937b-adaf51dd5ca7","2025-03-29 17:13:07",1
"Power (Philosophy)","a2bec9ef-28a6-41cb-937b-adaf51dd5ca7","2025-03-29 17:13:07","a2bec9ef-28a6-41cb-937b-adaf51dd5ca7","2025-03-29 17:13:07",1
"Self-Improvement","a2bec9ef-28a6-41cb-937b-adaf51dd5ca7","2025-03-29 17:13:07","a2bec9ef-28a6-41cb-937b-adaf51dd5ca7","2025-03-29 17:13:07",1
"Contrãole (Psychologie","a2bec9ef-28a6-41cb-937b-adaf51dd5ca7","2025-03-29 17:13:07","a2bec9ef-28a6-41cb-937b-adaf51dd5ca7","2025-03-29 17:13:07",1
"Political Science","a2bec9ef-28a6-41cb-937b-adaf51dd5ca7","2025-03-29 17:13:07","a2bec9ef-28a6-41cb-937b-adaf51dd5ca7","2025-03-29 17:13:07",1
"Abridged Audio - Misc. Nonfiction","a2bec9ef-28a6-41cb-937b-adaf51dd5ca7","2025-03-29 17:13:07","a2bec9ef-28a6-41cb-937b-adaf51dd5ca7","2025-03-29 17:13:07",1
"Politics/International Relations","a2bec9ef-28a6-41cb-937b-adaf51dd5ca7","2025-03-29 17:13:07","a2bec9ef-28a6-41cb-937b-adaf51dd5ca7","2025-03-29 17:13:07",1
"History & Theory - General","a2bec9ef-28a6-41cb-937b-adaf51dd5ca7","2025-03-29 17:13:07","a2bec9ef-28a6-41cb-937b-adaf51dd5ca7","2025-03-29 17:13:07",1
"Political Science / History & Theory","a2bec9ef-28a6-41cb-937b-adaf51dd5ca7","2025-03-29 17:13:07","a2bec9ef-28a6-41cb-937b-adaf51dd5ca7","2025-03-29 17:13:07",1
"Political science & theory","a2bec9ef-28a6-41cb-937b-adaf51dd5ca7","2025-03-29 17:13:07","a2bec9ef-28a6-41cb-937b-adaf51dd5ca7","2025-03-29 17:13:07",1
"Contrôle (Psychologie.)","a2bec9ef-28a6-41cb-937b-adaf51dd5ca7","2025-03-29 17:13:07","a2bec9ef-28a6-41cb-937b-adaf51dd5ca7","2025-03-29 17:13:07",1
"Pouvoir (Morale.)","a2bec9ef-28a6-41cb-937b-adaf51dd5ca7","2025-03-29 17:13:07","a2bec9ef-28a6-41cb-937b-adaf51dd5ca7","2025-03-29 17:13:07",1
"BUSINESS & ECONOMICS","a2bec9ef-28a6-41cb-937b-adaf51dd5ca7","2025-03-29 17:13:07","a2bec9ef-28a6-41cb-937b-adaf51dd5ca7","2025-03-29 17:13:07",1
"Leadership","a2bec9ef-28a6-41cb-937b-adaf51dd5ca7","2025-03-29 17:13:07","a2bec9ef-28a6-41cb-937b-adaf51dd5ca7","2025-03-29 17:13:07",1
"Motivational","a2bec9ef-28a6-41cb-937b-adaf51dd5ca7","2025-03-29 17:13:07","a2bec9ef-28a6-41cb-937b-adaf51dd5ca7","2025-03-29 17:13:07",1
"SELF-HELP","a2bec9ef-28a6-41cb-937b-adaf51dd5ca7","2025-03-29 17:13:07","a2bec9ef-28a6-41cb-937b-adaf51dd5ca7","2025-03-29 17:13:07",1
"Personal Growth","a2bec9ef-28a6-41cb-937b-adaf51dd5ca7","2025-03-29 17:13:07","a2bec9ef-28a6-41cb-937b-adaf51dd5ca7","2025-03-29 17:13:07",1
"Macht","a2bec9ef-28a6-41cb-937b-adaf51dd5ca7","2025-03-29 17:13:07","a2bec9ef-28a6-41cb-937b-adaf51dd5ca7","2025-03-29 17:13:07",1
"Nutzung","a2bec9ef-28a6-41cb-937b-adaf51dd5ca7","2025-03-29 17:13:07","a2bec9ef-28a6-41cb-937b-adaf51dd5ca7","2025-03-29 17:13:07",1
"Gesellschaft","a2bec9ef-28a6-41cb-937b-adaf51dd5ca7","2025-03-29 17:13:07","a2bec9ef-28a6-41cb-937b-adaf51dd5ca7","2025-03-29 17:13:07",1
"Zwischenmenschliche Beziehung","a2bec9ef-28a6-41cb-937b-adaf51dd5ca7","2025-03-29 17:13:07","a2bec9ef-28a6-41cb-937b-adaf51dd5ca7","2025-03-29 17:13:07",1
"Power (Social sciences)","a2bec9ef-28a6-41cb-937b-adaf51dd5ca7","2025-03-29 17:13:07","a2bec9ef-28a6-41cb-937b-adaf51dd5ca7","2025-03-29 17:13:07",1
"Power (Psychology)","a2bec9ef-28a6-41cb-937b-adaf51dd5ca7","2025-03-29 17:13:07","a2bec9ef-28a6-41cb-937b-adaf51dd5ca7","2025-03-29 17:13:07",1
"Control (Philosophy)","a2bec9ef-28a6-41cb-937b-adaf51dd5ca7","2025-03-29 17:13:07","a2bec9ef-28a6-41cb-937b-adaf51dd5ca7","2025-03-29 17:13:07",1
"poder","a2bec9ef-28a6-41cb-937b-adaf51dd5ca7","2025-03-29 17:13:07","a2bec9ef-28a6-41cb-937b-adaf51dd5ca7","2025-03-29 17:13:07",1
"influência","a2bec9ef-28a6-41cb-937b-adaf51dd5ca7","2025-03-29 17:13:07","a2bec9ef-28a6-41cb-937b-adaf51dd5ca7","2025-03-29 17:13:07",1
"manipulação","a2bec9ef-28a6-41cb-937b-adaf51dd5ca7","2025-03-29 17:13:07","a2bec9ef-28a6-41cb-937b-adaf51dd5ca7","2025-03-29 17:13:07",1
"liderança","a2bec9ef-28a6-41cb-937b-adaf51dd5ca7","2025-03-29 17:13:07","a2bec9ef-28a6-41cb-937b-adaf51dd5ca7","2025-03-29 17:13:07",1
"ambição","a2bec9ef-28a6-41cb-937b-adaf51dd5ca7","2025-03-29 17:13:07","a2bec9ef-28a6-41cb-937b-adaf51dd5ca7","2025-03-29 17:13:07",1
"jogo","a2bec9ef-28a6-41cb-937b-adaf51dd5ca7","2025-03-29 17:13:07","a2bec9ef-28a6-41cb-937b-adaf51dd5ca7","2025-03-29 17:13:07",1
"persuasão","a2bec9ef-28a6-41cb-937b-adaf51dd5ca7","2025-03-29 17:13:07","a2bec9ef-28a6-41cb-937b-adaf51dd5ca7","2025-03-29 17:13:07",1
"Philosophy and ethics","a2bec9ef-28a6-41cb-937b-adaf51dd5ca7","2025-03-29 17:13:07","a2bec9ef-28a6-41cb-937b-adaf51dd5ca7","2025-03-29 17:13:07",1
"Sko nlitteratur","a2bec9ef-28a6-41cb-937b-adaf51dd5ca7","2025-03-29 17:13:07","a2bec9ef-28a6-41cb-937b-adaf51dd5ca7","2025-03-29 17:13:07",1
"Stuttering","a2bec9ef-28a6-41cb-937b-adaf51dd5ca7","2025-03-29 17:13:07","a2bec9ef-28a6-41cb-937b-adaf51dd5ca7","2025-03-29 17:13:07",1
"Paris (france), fiction","a2bec9ef-28a6-41cb-937b-adaf51dd5ca7","2025-03-29 17:13:07","a2bec9ef-28a6-41cb-937b-adaf51dd5ca7","2025-03-29 17:13:07",1
"Quasimodo (fictitious character), fiction","a2bec9ef-28a6-41cb-937b-adaf51dd5ca7","2025-03-29 17:13:07","a2bec9ef-28a6-41cb-937b-adaf51dd5ca7","2025-03-29 17:13:07",1
"France, history, fiction","a2bec9ef-28a6-41cb-937b-adaf51dd5ca7","2025-03-29 17:13:07","a2bec9ef-28a6-41cb-937b-adaf51dd5ca7","2025-03-29 17:13:07",1
"Paris (france), history, fiction","a2bec9ef-28a6-41cb-937b-adaf51dd5ca7","2025-03-29 17:13:07","a2bec9ef-28a6-41cb-937b-adaf51dd5ca7","2025-03-29 17:13:07",1
"Piano music","a2bec9ef-28a6-41cb-937b-adaf51dd5ca7","2025-03-29 17:13:07","a2bec9ef-28a6-41cb-937b-adaf51dd5ca7","2025-03-29 17:13:07",1
"Notre-Dame de Paris (Cathedral)","a2bec9ef-28a6-41cb-937b-adaf51dd5ca7","2025-03-29 17:13:07","a2bec9ef-28a6-41cb-937b-adaf51dd5ca7","2025-03-29 17:13:07",1
"Physically handicapped","a2bec9ef-28a6-41cb-937b-adaf51dd5ca7","2025-03-29 17:13:07","a2bec9ef-28a6-41cb-937b-adaf51dd5ca7","2025-03-29 17:13:07",1
"Disfigured persons","a2bec9ef-28a6-41cb-937b-adaf51dd5ca7","2025-03-29 17:13:07","a2bec9ef-28a6-41cb-937b-adaf51dd5ca7","2025-03-29 17:13:07",1
"People with physical disabilities","a2bec9ef-28a6-41cb-937b-adaf51dd5ca7","2025-03-29 17:13:07","a2bec9ef-28a6-41cb-937b-adaf51dd5ca7","2025-03-29 17:13:07",1
"Notre Dame Cathedral, Paris, France","a2bec9ef-28a6-41cb-937b-adaf51dd5ca7","2025-03-29 17:13:07","a2bec9ef-28a6-41cb-937b-adaf51dd5ca7","2025-03-29 17:13:07",1
"Medicine","a2bec9ef-28a6-41cb-937b-adaf51dd5ca7","2025-03-29 17:13:07","a2bec9ef-28a6-41cb-937b-adaf51dd5ca7","2025-03-29 17:13:07",1
"Comics & graphic novels, general","a2bec9ef-28a6-41cb-937b-adaf51dd5ca7","2025-03-29 17:13:07","a2bec9ef-28a6-41cb-937b-adaf51dd5ca7","2025-03-29 17:13:07",1
"Readers (Primary)","a2bec9ef-28a6-41cb-937b-adaf51dd5ca7","2025-03-29 17:13:07","a2bec9ef-28a6-41cb-937b-adaf51dd5ca7","2025-03-29 17:13:07",1
"Notre-Dame de Paris (Cathedral) -- Fiction","a2bec9ef-28a6-41cb-937b-adaf51dd5ca7","2025-03-29 17:13:07","a2bec9ef-28a6-41cb-937b-adaf51dd5ca7","2025-03-29 17:13:07",1
"Relations entre hommes et femmes -- Romans, nouvelles, etc","a2bec9ef-28a6-41cb-937b-adaf51dd5ca7","2025-03-29 17:13:07","a2bec9ef-28a6-41cb-937b-adaf51dd5ca7","2025-03-29 17:13:07",1
"Hommes handicapés","a2bec9ef-28a6-41cb-937b-adaf51dd5ca7","2025-03-29 17:13:07","a2bec9ef-28a6-41cb-937b-adaf51dd5ca7","2025-03-29 17:13:07",1
"France -- History -- Louis XI, 1461-1483 -- Fiction","a2bec9ef-28a6-41cb-937b-adaf51dd5ca7","2025-03-29 17:13:07","a2bec9ef-28a6-41cb-937b-adaf51dd5ca7","2025-03-29 17:13:07",1
"France -- Histoire -- 1461-1483 (Louis XI) -- Romans, nouvelles, etc","a2bec9ef-28a6-41cb-937b-adaf51dd5ca7","2025-03-29 17:13:07","a2bec9ef-28a6-41cb-937b-adaf51dd5ca7","2025-03-29 17:13:07",1
"Brothers and sisters","a2bec9ef-28a6-41cb-937b-adaf51dd5ca7","2025-03-29 17:13:07","a2bec9ef-28a6-41cb-937b-adaf51dd5ca7","2025-03-29 17:13:07",1
"Egyptian Mythology","a2bec9ef-28a6-41cb-937b-adaf51dd5ca7","2025-03-29 17:13:07","a2bec9ef-28a6-41cb-937b-adaf51dd5ca7","2025-03-29 17:13:07",1
"nyt:chapter_books=2011-08-06","a2bec9ef-28a6-41cb-937b-adaf51dd5ca7","2025-03-29 17:13:07","a2bec9ef-28a6-41cb-937b-adaf51dd5ca7","2025-03-29 17:13:07",1
"Ra (Egyptian deity)","a2bec9ef-28a6-41cb-937b-adaf51dd5ca7","2025-03-29 17:13:07","a2bec9ef-28a6-41cb-937b-adaf51dd5ca7","2025-03-29 17:13:07",1
"Egyptian Eschatology","a2bec9ef-28a6-41cb-937b-adaf51dd5ca7","2025-03-29 17:13:07","a2bec9ef-28a6-41cb-937b-adaf51dd5ca7","2025-03-29 17:13:07",1
"Other","a2bec9ef-28a6-41cb-937b-adaf51dd5ca7","2025-03-29 17:13:07","a2bec9ef-28a6-41cb-937b-adaf51dd5ca7","2025-03-29 17:13:07",1
"Science Fiction, Fantasy, Magic","a2bec9ef-28a6-41cb-937b-adaf51dd5ca7","2025-03-29 17:13:07","a2bec9ef-28a6-41cb-937b-adaf51dd5ca7","2025-03-29 17:13:07",1
"Encubrimiento","a2bec9ef-28a6-41cb-937b-adaf51dd5ca7","2025-03-29 17:13:07","a2bec9ef-28a6-41cb-937b-adaf51dd5ca7","2025-03-29 17:13:07",1
"Aventuras","a2bec9ef-28a6-41cb-937b-adaf51dd5ca7","2025-03-29 17:13:07","a2bec9ef-28a6-41cb-937b-adaf51dd5ca7","2025-03-29 17:13:07",1
"Voyages and travels, fiction","a2bec9ef-28a6-41cb-937b-adaf51dd5ca7","2025-03-29 17:13:07","a2bec9ef-28a6-41cb-937b-adaf51dd5ca7","2025-03-29 17:13:07",1
"Brothers and sisters, fiction","a2bec9ef-28a6-41cb-937b-adaf51dd5ca7","2025-03-29 17:13:07","a2bec9ef-28a6-41cb-937b-adaf51dd5ca7","2025-03-29 17:13:07",1
"Carter Kane (Fictitious character)","a2bec9ef-28a6-41cb-937b-adaf51dd5ca7","2025-03-29 17:13:07","a2bec9ef-28a6-41cb-937b-adaf51dd5ca7","2025-03-29 17:13:07",1
"Sadie Kane (Fictitious character)","a2bec9ef-28a6-41cb-937b-adaf51dd5ca7","2025-03-29 17:13:07","a2bec9ef-28a6-41cb-937b-adaf51dd5ca7","2025-03-29 17:13:07",1
"Mythologie égyptienne","a2bec9ef-28a6-41cb-937b-adaf51dd5ca7","2025-03-29 17:13:07","a2bec9ef-28a6-41cb-937b-adaf51dd5ca7","2025-03-29 17:13:07",1
"Frères et sœurs","a2bec9ef-28a6-41cb-937b-adaf51dd5ca7","2025-03-29 17:13:07","a2bec9ef-28a6-41cb-937b-adaf51dd5ca7","2025-03-29 17:13:07",1
"Voyages","a2bec9ef-28a6-41cb-937b-adaf51dd5ca7","2025-03-29 17:13:07","a2bec9ef-28a6-41cb-937b-adaf51dd5ca7","2025-03-29 17:13:07",1
"Eschatologie égyptienne","a2bec9ef-28a6-41cb-937b-adaf51dd5ca7","2025-03-29 17:13:07","a2bec9ef-28a6-41cb-937b-adaf51dd5ca7","2025-03-29 17:13:07",1
"Histoires pour enfants américaines","a2bec9ef-28a6-41cb-937b-adaf51dd5ca7","2025-03-29 17:13:07","a2bec9ef-28a6-41cb-937b-adaf51dd5ca7","2025-03-29 17:13:07",1
"Egyptian","a2bec9ef-28a6-41cb-937b-adaf51dd5ca7","2025-03-29 17:13:07","a2bec9ef-28a6-41cb-937b-adaf51dd5ca7","2025-03-29 17:13:07",1
"rick riordan","a2bec9ef-28a6-41cb-937b-adaf51dd5ca7","2025-03-29 17:13:07","a2bec9ef-28a6-41cb-937b-adaf51dd5ca7","2025-03-29 17:13:07",1
"egyptian magicians","a2bec9ef-28a6-41cb-937b-adaf51dd5ca7","2025-03-29 17:13:07","a2bec9ef-28a6-41cb-937b-adaf51dd5ca7","2025-03-29 17:13:07",1
"Abenturak","a2bec9ef-28a6-41cb-937b-adaf51dd5ca7","2025-03-29 17:13:07","a2bec9ef-28a6-41cb-937b-adaf51dd5ca7","2025-03-29 17:13:07",1
"-Eleberriak","a2bec9ef-28a6-41cb-937b-adaf51dd5ca7","2025-03-29 17:13:07","a2bec9ef-28a6-41cb-937b-adaf51dd5ca7","2025-03-29 17:13:07",1
"-Haur eta gazteentzako liburuak","a2bec9ef-28a6-41cb-937b-adaf51dd5ca7","2025-03-29 17:13:07","a2bec9ef-28a6-41cb-937b-adaf51dd5ca7","2025-03-29 17:13:07",1
"-Novelas","a2bec9ef-28a6-41cb-937b-adaf51dd5ca7","2025-03-29 17:13:07","a2bec9ef-28a6-41cb-937b-adaf51dd5ca7","2025-03-29 17:13:07",1
"-Libros infantiles y juveniles","a2bec9ef-28a6-41cb-937b-adaf51dd5ca7","2025-03-29 17:13:07","a2bec9ef-28a6-41cb-937b-adaf51dd5ca7","2025-03-29 17:13:07",1
"Egiptoko mitologia","a2bec9ef-28a6-41cb-937b-adaf51dd5ca7","2025-03-29 17:13:07","a2bec9ef-28a6-41cb-937b-adaf51dd5ca7","2025-03-29 17:13:07",1
"Mitología egipcia","a2bec9ef-28a6-41cb-937b-adaf51dd5ca7","2025-03-29 17:13:07","a2bec9ef-28a6-41cb-937b-adaf51dd5ca7","2025-03-29 17:13:07",1
"Senideak","a2bec9ef-28a6-41cb-937b-adaf51dd5ca7","2025-03-29 17:13:07","a2bec9ef-28a6-41cb-937b-adaf51dd5ca7","2025-03-29 17:13:07",1
"Siblings, fiction","a2bec9ef-28a6-41cb-937b-adaf51dd5ca7","2025-03-29 17:13:07","a2bec9ef-28a6-41cb-937b-adaf51dd5ca7","2025-03-29 17:13:07",1
"nyt:paperback-books=2011-09-04","a2bec9ef-28a6-41cb-937b-adaf51dd5ca7","2025-03-29 17:13:07","a2bec9ef-28a6-41cb-937b-adaf51dd5ca7","2025-03-29 17:13:07",1
"Egyptologists","a2bec9ef-28a6-41cb-937b-adaf51dd5ca7","2025-03-29 17:13:07","a2bec9ef-28a6-41cb-937b-adaf51dd5ca7","2025-03-29 17:13:07",1
"Children's fantasy fiction","a2bec9ef-28a6-41cb-937b-adaf51dd5ca7","2025-03-29 17:13:07","a2bec9ef-28a6-41cb-937b-adaf51dd5ca7","2025-03-29 17:13:07",1
"Family secrets","a2bec9ef-28a6-41cb-937b-adaf51dd5ca7","2025-03-29 17:13:07","a2bec9ef-28a6-41cb-937b-adaf51dd5ca7","2025-03-29 17:13:07",1
"Seth (Egyptian deity)","a2bec9ef-28a6-41cb-937b-adaf51dd5ca7","2025-03-29 17:13:07","a2bec9ef-28a6-41cb-937b-adaf51dd5ca7","2025-03-29 17:13:07",1
"Secret societies","a2bec9ef-28a6-41cb-937b-adaf51dd5ca7","2025-03-29 17:13:07","a2bec9ef-28a6-41cb-937b-adaf51dd5ca7","2025-03-29 17:13:07",1
"Kane Chronicles #1","a2bec9ef-28a6-41cb-937b-adaf51dd5ca7","2025-03-29 17:13:07","a2bec9ef-28a6-41cb-937b-adaf51dd5ca7","2025-03-29 17:13:07",1
"nyt:chapter-books=2010-05-23","a2bec9ef-28a6-41cb-937b-adaf51dd5ca7","2025-03-29 17:13:07","a2bec9ef-28a6-41cb-937b-adaf51dd5ca7","2025-03-29 17:13:07",1
"Syskon","a2bec9ef-28a6-41cb-937b-adaf51dd5ca7","2025-03-29 17:13:07","a2bec9ef-28a6-41cb-937b-adaf51dd5ca7","2025-03-29 17:13:07",1
"Gudar","a2bec9ef-28a6-41cb-937b-adaf51dd5ca7","2025-03-29 17:13:07","a2bec9ef-28a6-41cb-937b-adaf51dd5ca7","2025-03-29 17:13:07",1
"Förbannelser","a2bec9ef-28a6-41cb-937b-adaf51dd5ca7","2025-03-29 17:13:07","a2bec9ef-28a6-41cb-937b-adaf51dd5ca7","2025-03-29 17:13:07",1
"Hemliga sällskap","a2bec9ef-28a6-41cb-937b-adaf51dd5ca7","2025-03-29 17:13:07","a2bec9ef-28a6-41cb-937b-adaf51dd5ca7","2025-03-29 17:13:07",1
"Övernaturligt","a2bec9ef-28a6-41cb-937b-adaf51dd5ca7","2025-03-29 17:13:07","a2bec9ef-28a6-41cb-937b-adaf51dd5ca7","2025-03-29 17:13:07",1
"Hieroglyfer","a2bec9ef-28a6-41cb-937b-adaf51dd5ca7","2025-03-29 17:13:07","a2bec9ef-28a6-41cb-937b-adaf51dd5ca7","2025-03-29 17:13:07",1
"Egyptisk mytologi","a2bec9ef-28a6-41cb-937b-adaf51dd5ca7","2025-03-29 17:13:07","a2bec9ef-28a6-41cb-937b-adaf51dd5ca7","2025-03-29 17:13:07",1
"Sociétés secrètes","a2bec9ef-28a6-41cb-937b-adaf51dd5ca7","2025-03-29 17:13:07","a2bec9ef-28a6-41cb-937b-adaf51dd5ca7","2025-03-29 17:13:07",1
"Children's Books/Ages 9-12 Fiction","a2bec9ef-28a6-41cb-937b-adaf51dd5ca7","2025-03-29 17:13:07","a2bec9ef-28a6-41cb-937b-adaf51dd5ca7","2025-03-29 17:13:07",1
"Witches and warlocks","a2bec9ef-28a6-41cb-937b-adaf51dd5ca7","2025-03-29 17:13:07","a2bec9ef-28a6-41cb-937b-adaf51dd5ca7","2025-03-29 17:13:07",1
"Traducciones al español","a2bec9ef-28a6-41cb-937b-adaf51dd5ca7","2025-03-29 17:13:07","a2bec9ef-28a6-41cb-937b-adaf51dd5ca7","2025-03-29 17:13:07",1
"Novela inglesa","a2bec9ef-28a6-41cb-937b-adaf51dd5ca7","2025-03-29 17:13:07","a2bec9ef-28a6-41cb-937b-adaf51dd5ca7","2025-03-29 17:13:07",1
"Magiciens","a2bec9ef-28a6-41cb-937b-adaf51dd5ca7","2025-03-29 17:13:07","a2bec9ef-28a6-41cb-937b-adaf51dd5ca7","2025-03-29 17:13:07",1
"Magic in fiction","a2bec9ef-28a6-41cb-937b-adaf51dd5ca7","2025-03-29 17:13:07","a2bec9ef-28a6-41cb-937b-adaf51dd5ca7","2025-03-29 17:13:07",1
"England in fiction","a2bec9ef-28a6-41cb-937b-adaf51dd5ca7","2025-03-29 17:13:07","a2bec9ef-28a6-41cb-937b-adaf51dd5ca7","2025-03-29 17:13:07",1
"Schools in fiction","a2bec9ef-28a6-41cb-937b-adaf51dd5ca7","2025-03-29 17:13:07","a2bec9ef-28a6-41cb-937b-adaf51dd5ca7","2025-03-29 17:13:07",1
"Boarding schools","a2bec9ef-28a6-41cb-937b-adaf51dd5ca7","2025-03-29 17:13:07","a2bec9ef-28a6-41cb-937b-adaf51dd5ca7","2025-03-29 17:13:07",1
"Magie","a2bec9ef-28a6-41cb-937b-adaf51dd5ca7","2025-03-29 17:13:07","a2bec9ef-28a6-41cb-937b-adaf51dd5ca7","2025-03-29 17:13:07",1
"{acute}Ecoles","a2bec9ef-28a6-41cb-937b-adaf51dd5ca7","2025-03-29 17:13:07","a2bec9ef-28a6-41cb-937b-adaf51dd5ca7","2025-03-29 17:13:07",1
"Sorciaeres","a2bec9ef-28a6-41cb-937b-adaf51dd5ca7","2025-03-29 17:13:07","a2bec9ef-28a6-41cb-937b-adaf51dd5ca7","2025-03-29 17:13:07",1
"Potter, Harry (Personnage fictif)","a2bec9ef-28a6-41cb-937b-adaf51dd5ca7","2025-03-29 17:13:07","a2bec9ef-28a6-41cb-937b-adaf51dd5ca7","2025-03-29 17:13:07",1
"Potter, Harry (Fictitious character)","a2bec9ef-28a6-41cb-937b-adaf51dd5ca7","2025-03-29 17:13:07","a2bec9ef-28a6-41cb-937b-adaf51dd5ca7","2025-03-29 17:13:07",1
"Arabic language materials","a2bec9ef-28a6-41cb-937b-adaf51dd5ca7","2025-03-29 17:13:07","a2bec9ef-28a6-41cb-937b-adaf51dd5ca7","2025-03-29 17:13:07",1
"England","a2bec9ef-28a6-41cb-937b-adaf51dd5ca7","2025-03-29 17:13:07","a2bec9ef-28a6-41cb-937b-adaf51dd5ca7","2025-03-29 17:13:07",1
"Witchcraft","a2bec9ef-28a6-41cb-937b-adaf51dd5ca7","2025-03-29 17:13:07","a2bec9ef-28a6-41cb-937b-adaf51dd5ca7","2025-03-29 17:13:07",1
"Severus Snape (Fictitious character)","a2bec9ef-28a6-41cb-937b-adaf51dd5ca7","2025-03-29 17:13:07","a2bec9ef-28a6-41cb-937b-adaf51dd5ca7","2025-03-29 17:13:07",1
"Lebensrettung","a2bec9ef-28a6-41cb-937b-adaf51dd5ca7","2025-03-29 17:13:07","a2bec9ef-28a6-41cb-937b-adaf51dd5ca7","2025-03-29 17:13:07",1
"Internat","a2bec9ef-28a6-41cb-937b-adaf51dd5ca7","2025-03-29 17:13:07","a2bec9ef-28a6-41cb-937b-adaf51dd5ca7","2025-03-29 17:13:07",1
"Weissagung","a2bec9ef-28a6-41cb-937b-adaf51dd5ca7","2025-03-29 17:13:07","a2bec9ef-28a6-41cb-937b-adaf51dd5ca7","2025-03-29 17:13:07",1
"Existenzkampf","a2bec9ef-28a6-41cb-937b-adaf51dd5ca7","2025-03-29 17:13:07","a2bec9ef-28a6-41cb-937b-adaf51dd5ca7","2025-03-29 17:13:07",1
"Fabeltiere","a2bec9ef-28a6-41cb-937b-adaf51dd5ca7","2025-03-29 17:13:07","a2bec9ef-28a6-41cb-937b-adaf51dd5ca7","2025-03-29 17:13:07",1
"Boarding school students","a2bec9ef-28a6-41cb-937b-adaf51dd5ca7","2025-03-29 17:13:07","a2bec9ef-28a6-41cb-937b-adaf51dd5ca7","2025-03-29 17:13:07",1
"Military aspects","a2bec9ef-28a6-41cb-937b-adaf51dd5ca7","2025-03-29 17:13:07","a2bec9ef-28a6-41cb-937b-adaf51dd5ca7","2025-03-29 17:13:07",1
"Parapsychology","a2bec9ef-28a6-41cb-937b-adaf51dd5ca7","2025-03-29 17:13:07","a2bec9ef-28a6-41cb-937b-adaf51dd5ca7","2025-03-29 17:13:07",1
"Das Böse","a2bec9ef-28a6-41cb-937b-adaf51dd5ca7","2025-03-29 17:13:07","a2bec9ef-28a6-41cb-937b-adaf51dd5ca7","2025-03-29 17:13:07",1
"Magier","a2bec9ef-28a6-41cb-937b-adaf51dd5ca7","2025-03-29 17:13:07","a2bec9ef-28a6-41cb-937b-adaf51dd5ca7","2025-03-29 17:13:07",1
"Lebensgefahr","a2bec9ef-28a6-41cb-937b-adaf51dd5ca7","2025-03-29 17:13:07","a2bec9ef-28a6-41cb-937b-adaf51dd5ca7","2025-03-29 17:13:07",1
"Schüler","a2bec9ef-28a6-41cb-937b-adaf51dd5ca7","2025-03-29 17:13:07","a2bec9ef-28a6-41cb-937b-adaf51dd5ca7","2025-03-29 17:13:07",1
"Freundschaft","a2bec9ef-28a6-41cb-937b-adaf51dd5ca7","2025-03-29 17:13:07","a2bec9ef-28a6-41cb-937b-adaf51dd5ca7","2025-03-29 17:13:07",1
"Rollentausch","a2bec9ef-28a6-41cb-937b-adaf51dd5ca7","2025-03-29 17:13:07","a2bec9ef-28a6-41cb-937b-adaf51dd5ca7","2025-03-29 17:13:07",1
"Jugendgruppe","a2bec9ef-28a6-41cb-937b-adaf51dd5ca7","2025-03-29 17:13:07","a2bec9ef-28a6-41cb-937b-adaf51dd5ca7","2025-03-29 17:13:07",1
"Telepathie","a2bec9ef-28a6-41cb-937b-adaf51dd5ca7","2025-03-29 17:13:07","a2bec9ef-28a6-41cb-937b-adaf51dd5ca7","2025-03-29 17:13:07",1
"Das Gute","a2bec9ef-28a6-41cb-937b-adaf51dd5ca7","2025-03-29 17:13:07","a2bec9ef-28a6-41cb-937b-adaf51dd5ca7","2025-03-29 17:13:07",1
"Dueling","a2bec9ef-28a6-41cb-937b-adaf51dd5ca7","2025-03-29 17:13:07","a2bec9ef-28a6-41cb-937b-adaf51dd5ca7","2025-03-29 17:13:07",1
"Teacher-student relationships","a2bec9ef-28a6-41cb-937b-adaf51dd5ca7","2025-03-29 17:13:07","a2bec9ef-28a6-41cb-937b-adaf51dd5ca7","2025-03-29 17:13:07",1
"Außenseiter","a2bec9ef-28a6-41cb-937b-adaf51dd5ca7","2025-03-29 17:13:07","a2bec9ef-28a6-41cb-937b-adaf51dd5ca7","2025-03-29 17:13:07",1
"Imaginärer Schauplatz","a2bec9ef-28a6-41cb-937b-adaf51dd5ca7","2025-03-29 17:13:07","a2bec9ef-28a6-41cb-937b-adaf51dd5ca7","2025-03-29 17:13:07",1
"Hate","a2bec9ef-28a6-41cb-937b-adaf51dd5ca7","2025-03-29 17:13:07","a2bec9ef-28a6-41cb-937b-adaf51dd5ca7","2025-03-29 17:13:07",1
"Schools - Fiction","a2bec9ef-28a6-41cb-937b-adaf51dd5ca7","2025-03-29 17:13:07","a2bec9ef-28a6-41cb-937b-adaf51dd5ca7","2025-03-29 17:13:07",1
"Coming of age - Fiction","a2bec9ef-28a6-41cb-937b-adaf51dd5ca7","2025-03-29 17:13:07","a2bec9ef-28a6-41cb-937b-adaf51dd5ca7","2025-03-29 17:13:07",1
"Magic - Fiction","a2bec9ef-28a6-41cb-937b-adaf51dd5ca7","2025-03-29 17:13:07","a2bec9ef-28a6-41cb-937b-adaf51dd5ca7","2025-03-29 17:13:07",1
"Hogwarts Schools of Witchcraft and Wizardry (Imaginary Place)","a2bec9ef-28a6-41cb-937b-adaf51dd5ca7","2025-03-29 17:13:07","a2bec9ef-28a6-41cb-937b-adaf51dd5ca7","2025-03-29 17:13:07",1
"Eventyrlige fortællinger","a2bec9ef-28a6-41cb-937b-adaf51dd5ca7","2025-03-29 17:13:07","a2bec9ef-28a6-41cb-937b-adaf51dd5ca7","2025-03-29 17:13:07",1
"Troldmænd","a2bec9ef-28a6-41cb-937b-adaf51dd5ca7","2025-03-29 17:13:07","a2bec9ef-28a6-41cb-937b-adaf51dd5ca7","2025-03-29 17:13:07",1
"Social control","a2bec9ef-28a6-41cb-937b-adaf51dd5ca7","2025-03-29 17:13:07","a2bec9ef-28a6-41cb-937b-adaf51dd5ca7","2025-03-29 17:13:07",1
"Ethics","a2bec9ef-28a6-41cb-937b-adaf51dd5ca7","2025-03-29 17:13:07","a2bec9ef-28a6-41cb-937b-adaf51dd5ca7","2025-03-29 17:13:07",1
"Braille language materials","a2bec9ef-28a6-41cb-937b-adaf51dd5ca7","2025-03-29 17:13:07","a2bec9ef-28a6-41cb-937b-adaf51dd5ca7","2025-03-29 17:13:07",1
"Dystopian","a2bec9ef-28a6-41cb-937b-adaf51dd5ca7","2025-03-29 17:13:07","a2bec9ef-28a6-41cb-937b-adaf51dd5ca7","2025-03-29 17:13:07",1
"Sci Fi","a2bec9ef-28a6-41cb-937b-adaf51dd5ca7","2025-03-29 17:13:07","a2bec9ef-28a6-41cb-937b-adaf51dd5ca7","2025-03-29 17:13:07",1
"Children's literature, study and teaching","a2bec9ef-28a6-41cb-937b-adaf51dd5ca7","2025-03-29 17:13:07","a2bec9ef-28a6-41cb-937b-adaf51dd5ca7","2025-03-29 17:13:07",1
"Children's literature, examinations, questions, etc.","a2bec9ef-28a6-41cb-937b-adaf51dd5ca7","2025-03-29 17:13:07","a2bec9ef-28a6-41cb-937b-adaf51dd5ca7","2025-03-29 17:13:07",1
"Individuality","a2bec9ef-28a6-41cb-937b-adaf51dd5ca7","2025-03-29 17:13:07","a2bec9ef-28a6-41cb-937b-adaf51dd5ca7","2025-03-29 17:13:07",1
"YOUNG ADULT FICTION / Comics & Graphic Novels / Dystopian","a2bec9ef-28a6-41cb-937b-adaf51dd5ca7","2025-03-29 17:13:07","a2bec9ef-28a6-41cb-937b-adaf51dd5ca7","2025-03-29 17:13:07",1
"YOUNG ADULT FICTION / Comics & Graphic Novels / Fantasy","a2bec9ef-28a6-41cb-937b-adaf51dd5ca7","2025-03-29 17:13:07","a2bec9ef-28a6-41cb-937b-adaf51dd5ca7","2025-03-29 17:13:07",1
"YOUNG ADULT FICTION / Comics & Graphic Novels / Coming of Age","a2bec9ef-28a6-41cb-937b-adaf51dd5ca7","2025-03-29 17:13:07","a2bec9ef-28a6-41cb-937b-adaf51dd5ca7","2025-03-29 17:13:07",1
"Liberty","a2bec9ef-28a6-41cb-937b-adaf51dd5ca7","2025-03-29 17:13:07","a2bec9ef-28a6-41cb-937b-adaf51dd5ca7","2025-03-29 17:13:07",1
"Social prediction","a2bec9ef-28a6-41cb-937b-adaf51dd5ca7","2025-03-29 17:13:07","a2bec9ef-28a6-41cb-937b-adaf51dd5ca7","2025-03-29 17:13:07",1
"Fiction, war & military","a2bec9ef-28a6-41cb-937b-adaf51dd5ca7","2025-03-29 17:13:07","a2bec9ef-28a6-41cb-937b-adaf51dd5ca7","2025-03-29 17:13:07",1
"Succession","a2bec9ef-28a6-41cb-937b-adaf51dd5ca7","2025-03-29 17:13:07","a2bec9ef-28a6-41cb-937b-adaf51dd5ca7","2025-03-29 17:13:07",1
"FICTION / Action & Adventure","a2bec9ef-28a6-41cb-937b-adaf51dd5ca7","2025-03-29 17:13:07","a2bec9ef-28a6-41cb-937b-adaf51dd5ca7","2025-03-29 17:13:07",1
"FICTION / Fantasy / Historical","a2bec9ef-28a6-41cb-937b-adaf51dd5ca7","2025-03-29 17:13:07","a2bec9ef-28a6-41cb-937b-adaf51dd5ca7","2025-03-29 17:13:07",1
"FICTION / War & Military","a2bec9ef-28a6-41cb-937b-adaf51dd5ca7","2025-03-29 17:13:07","a2bec9ef-28a6-41cb-937b-adaf51dd5ca7","2025-03-29 17:13:07",1
"Soldiers","a2bec9ef-28a6-41cb-937b-adaf51dd5ca7","2025-03-29 17:13:07","a2bec9ef-28a6-41cb-937b-adaf51dd5ca7","2025-03-29 17:13:07",1
"Conspiracies","a2bec9ef-28a6-41cb-937b-adaf51dd5ca7","2025-03-29 17:13:07","a2bec9ef-28a6-41cb-937b-adaf51dd5ca7","2025-03-29 17:13:07",1
"English War stories","a2bec9ef-28a6-41cb-937b-adaf51dd5ca7","2025-03-29 17:13:07","a2bec9ef-28a6-41cb-937b-adaf51dd5ca7","2025-03-29 17:13:07",1
"Conspiration","a2bec9ef-28a6-41cb-937b-adaf51dd5ca7","2025-03-29 17:13:07","a2bec9ef-28a6-41cb-937b-adaf51dd5ca7","2025-03-29 17:13:07",1
"Récits de guerre anglais","a2bec9ef-28a6-41cb-937b-adaf51dd5ca7","2025-03-29 17:13:07","a2bec9ef-28a6-41cb-937b-adaf51dd5ca7","2025-03-29 17:13:07",1
"Christmas, fiction","a2bec9ef-28a6-41cb-937b-adaf51dd5ca7","2025-03-29 17:13:07","a2bec9ef-28a6-41cb-937b-adaf51dd5ca7","2025-03-29 17:13:07",1
"airplane","a2bec9ef-28a6-41cb-937b-adaf51dd5ca7","2025-03-29 17:13:07","a2bec9ef-28a6-41cb-937b-adaf51dd5ca7","2025-03-29 17:13:07",1
"Diaries -- Juvenile fiction","a2bec9ef-28a6-41cb-937b-adaf51dd5ca7","2025-03-29 17:13:07","a2bec9ef-28a6-41cb-937b-adaf51dd5ca7","2025-03-29 17:13:07",1
"Families -- Juvenile fiction","a2bec9ef-28a6-41cb-937b-adaf51dd5ca7","2025-03-29 17:13:07","a2bec9ef-28a6-41cb-937b-adaf51dd5ca7","2025-03-29 17:13:07",1
"Vacations -- Juvenile fiction","a2bec9ef-28a6-41cb-937b-adaf51dd5ca7","2025-03-29 17:13:07","a2bec9ef-28a6-41cb-937b-adaf51dd5ca7","2025-03-29 17:13:07",1
"Vacations -- Fiction","a2bec9ef-28a6-41cb-937b-adaf51dd5ca7","2025-03-29 17:13:07","a2bec9ef-28a6-41cb-937b-adaf51dd5ca7","2025-03-29 17:13:07",1
"JUVENILE FICTION -- Comics & Graphic Novels -- General","a2bec9ef-28a6-41cb-937b-adaf51dd5ca7","2025-03-29 17:13:07","a2bec9ef-28a6-41cb-937b-adaf51dd5ca7","2025-03-29 17:13:07",1
"Biographers","a2bec9ef-28a6-41cb-937b-adaf51dd5ca7","2025-03-29 17:13:07","a2bec9ef-28a6-41cb-937b-adaf51dd5ca7","2025-03-29 17:13:07",1
"Hollywood (los angeles, calif.), fiction","a2bec9ef-28a6-41cb-937b-adaf51dd5ca7","2025-03-29 17:13:07","a2bec9ef-28a6-41cb-937b-adaf51dd5ca7","2025-03-29 17:13:07",1
"nyt:trade-fiction-paperback=2021-01-31","a2bec9ef-28a6-41cb-937b-adaf51dd5ca7","2025-03-29 17:13:07","a2bec9ef-28a6-41cb-937b-adaf51dd5ca7","2025-03-29 17:13:07",1
"Women journalists","a2bec9ef-28a6-41cb-937b-adaf51dd5ca7","2025-03-29 17:13:07","a2bec9ef-28a6-41cb-937b-adaf51dd5ca7","2025-03-29 17:13:07",1
"Motion picture actors and actresses","a2bec9ef-28a6-41cb-937b-adaf51dd5ca7","2025-03-29 17:13:07","a2bec9ef-28a6-41cb-937b-adaf51dd5ca7","2025-03-29 17:13:07",1
"Motion picture industry","a2bec9ef-28a6-41cb-937b-adaf51dd5ca7","2025-03-29 17:13:07","a2bec9ef-28a6-41cb-937b-adaf51dd5ca7","2025-03-29 17:13:07",1
"Authorship","a2bec9ef-28a6-41cb-937b-adaf51dd5ca7","2025-03-29 17:13:07","a2bec9ef-28a6-41cb-937b-adaf51dd5ca7","2025-03-29 17:13:07",1
"British fiction","a2bec9ef-28a6-41cb-937b-adaf51dd5ca7","2025-03-29 17:13:07","a2bec9ef-28a6-41cb-937b-adaf51dd5ca7","2025-03-29 17:13:07",1
"Criminals","a2bec9ef-28a6-41cb-937b-adaf51dd5ca7","2025-03-29 17:13:07","a2bec9ef-28a6-41cb-937b-adaf51dd5ca7","2025-03-29 17:13:07",1
"Criminels","a2bec9ef-28a6-41cb-937b-adaf51dd5ca7","2025-03-29 17:13:07","a2bec9ef-28a6-41cb-937b-adaf51dd5ca7","2025-03-29 17:13:07",1
"Criticism and interpretation","a2bec9ef-28a6-41cb-937b-adaf51dd5ca7","2025-03-29 17:13:07","a2bec9ef-28a6-41cb-937b-adaf51dd5ca7","2025-03-29 17:13:07",1
"Enfants pauvres","a2bec9ef-28a6-41cb-937b-adaf51dd5ca7","2025-03-29 17:13:07","a2bec9ef-28a6-41cb-937b-adaf51dd5ca7","2025-03-29 17:13:07",1
"Kidnapping","a2bec9ef-28a6-41cb-937b-adaf51dd5ca7","2025-03-29 17:13:07","a2bec9ef-28a6-41cb-937b-adaf51dd5ca7","2025-03-29 17:13:07",1
"Literature and fiction","a2bec9ef-28a6-41cb-937b-adaf51dd5ca7","2025-03-29 17:13:07","a2bec9ef-28a6-41cb-937b-adaf51dd5ca7","2025-03-29 17:13:07",1
"Manuels pour allophones","a2bec9ef-28a6-41cb-937b-adaf51dd5ca7","2025-03-29 17:13:07","a2bec9ef-28a6-41cb-937b-adaf51dd5ca7","2025-03-29 17:13:07",1
"Novels","a2bec9ef-28a6-41cb-937b-adaf51dd5ca7","2025-03-29 17:13:07","a2bec9ef-28a6-41cb-937b-adaf51dd5ca7","2025-03-29 17:13:07",1
"Poor children","a2bec9ef-28a6-41cb-937b-adaf51dd5ca7","2025-03-29 17:13:07","a2bec9ef-28a6-41cb-937b-adaf51dd5ca7","2025-03-29 17:13:07",1
"Poverty","a2bec9ef-28a6-41cb-937b-adaf51dd5ca7","2025-03-29 17:13:07","a2bec9ef-28a6-41cb-937b-adaf51dd5ca7","2025-03-29 17:13:07",1
"Robbers and outlaws","a2bec9ef-28a6-41cb-937b-adaf51dd5ca7","2025-03-29 17:13:07","a2bec9ef-28a6-41cb-937b-adaf51dd5ca7","2025-03-29 17:13:07",1
"Sources","a2bec9ef-28a6-41cb-937b-adaf51dd5ca7","2025-03-29 17:13:07","a2bec9ef-28a6-41cb-937b-adaf51dd5ca7","2025-03-29 17:13:07",1
"Stories","a2bec9ef-28a6-41cb-937b-adaf51dd5ca7","2025-03-29 17:13:07","a2bec9ef-28a6-41cb-937b-adaf51dd5ca7","2025-03-29 17:13:07",1
"Street life","a2bec9ef-28a6-41cb-937b-adaf51dd5ca7","2025-03-29 17:13:07","a2bec9ef-28a6-41cb-937b-adaf51dd5ca7","2025-03-29 17:13:07",1
"Victimes d'enlèvement","a2bec9ef-28a6-41cb-937b-adaf51dd5ca7","2025-03-29 17:13:07","a2bec9ef-28a6-41cb-937b-adaf51dd5ca7","2025-03-29 17:13:07",1
"Victims","a2bec9ef-28a6-41cb-937b-adaf51dd5ca7","2025-03-29 17:13:07","a2bec9ef-28a6-41cb-937b-adaf51dd5ca7","2025-03-29 17:13:07",1
"Vie dans la rue","a2bec9ef-28a6-41cb-937b-adaf51dd5ca7","2025-03-29 17:13:07","a2bec9ef-28a6-41cb-937b-adaf51dd5ca7","2025-03-29 17:13:07",1
"YA","a2bec9ef-28a6-41cb-937b-adaf51dd5ca7","2025-03-29 17:13:07","a2bec9ef-28a6-41cb-937b-adaf51dd5ca7","2025-03-29 17:13:07",1
"Young adult","a2bec9ef-28a6-41cb-937b-adaf51dd5ca7","2025-03-29 17:13:07","a2bec9ef-28a6-41cb-937b-adaf51dd5ca7","2025-03-29 17:13:07",1
"serials","a2bec9ef-28a6-41cb-937b-adaf51dd5ca7","2025-03-29 17:13:07","a2bec9ef-28a6-41cb-937b-adaf51dd5ca7","2025-03-29 17:13:07",1
"workhouses","a2bec9ef-28a6-41cb-937b-adaf51dd5ca7","2025-03-29 17:13:07","a2bec9ef-28a6-41cb-937b-adaf51dd5ca7","2025-03-29 17:13:07",1
"child labour","a2bec9ef-28a6-41cb-937b-adaf51dd5ca7","2025-03-29 17:13:07","a2bec9ef-28a6-41cb-937b-adaf51dd5ca7","2025-03-29 17:13:07",1
"domestic violence","a2bec9ef-28a6-41cb-937b-adaf51dd5ca7","2025-03-29 17:13:07","a2bec9ef-28a6-41cb-937b-adaf51dd5ca7","2025-03-29 17:13:07",1
"street children","a2bec9ef-28a6-41cb-937b-adaf51dd5ca7","2025-03-29 17:13:07","a2bec9ef-28a6-41cb-937b-adaf51dd5ca7","2025-03-29 17:13:07",1
"Kidnap victims","a2bec9ef-28a6-41cb-937b-adaf51dd5ca7","2025-03-29 17:13:07","a2bec9ef-28a6-41cb-937b-adaf51dd5ca7","2025-03-29 17:13:07",1
"Pickpockets","a2bec9ef-28a6-41cb-937b-adaf51dd5ca7","2025-03-29 17:13:07","a2bec9ef-28a6-41cb-937b-adaf51dd5ca7","2025-03-29 17:13:07",1
"Orphans -- Juvenile drama","a2bec9ef-28a6-41cb-937b-adaf51dd5ca7","2025-03-29 17:13:07","a2bec9ef-28a6-41cb-937b-adaf51dd5ca7","2025-03-29 17:13:07",1
"Children's plays, English","a2bec9ef-28a6-41cb-937b-adaf51dd5ca7","2025-03-29 17:13:07","a2bec9ef-28a6-41cb-937b-adaf51dd5ca7","2025-03-29 17:13:07",1
"London (England) -- Social conditions -- 19th century -- Juvenile drama","a2bec9ef-28a6-41cb-937b-adaf51dd5ca7","2025-03-29 17:13:07","a2bec9ef-28a6-41cb-937b-adaf51dd5ca7","2025-03-29 17:13:07",1
"Dickens, charles , 1812-1870","a2bec9ef-28a6-41cb-937b-adaf51dd5ca7","2025-03-29 17:13:07","a2bec9ef-28a6-41cb-937b-adaf51dd5ca7","2025-03-29 17:13:07",1
"Twist, oliver","a2bec9ef-28a6-41cb-937b-adaf51dd5ca7","2025-03-29 17:13:07","a2bec9ef-28a6-41cb-937b-adaf51dd5ca7","2025-03-29 17:13:07",1
"Kidnapping victims--fiction","a2bec9ef-28a6-41cb-937b-adaf51dd5ca7","2025-03-29 17:13:07","a2bec9ef-28a6-41cb-937b-adaf51dd5ca7","2025-03-29 17:13:07",1
"Criminals--fiction","a2bec9ef-28a6-41cb-937b-adaf51dd5ca7","2025-03-29 17:13:07","a2bec9ef-28a6-41cb-937b-adaf51dd5ca7","2025-03-29 17:13:07",1
"Orphans--fiction","a2bec9ef-28a6-41cb-937b-adaf51dd5ca7","2025-03-29 17:13:07","a2bec9ef-28a6-41cb-937b-adaf51dd5ca7","2025-03-29 17:13:07",1
"Boys--fiction","a2bec9ef-28a6-41cb-937b-adaf51dd5ca7","2025-03-29 17:13:07","a2bec9ef-28a6-41cb-937b-adaf51dd5ca7","2025-03-29 17:13:07",1
"Pr4567.a2 k35 1993","a2bec9ef-28a6-41cb-937b-adaf51dd5ca7","2025-03-29 17:13:07","a2bec9ef-28a6-41cb-937b-adaf51dd5ca7","2025-03-29 17:13:07",1
"823/.8","a2bec9ef-28a6-41cb-937b-adaf51dd5ca7","2025-03-29 17:13:07","a2bec9ef-28a6-41cb-937b-adaf51dd5ca7","2025-03-29 17:13:07",1
"London (england), fiction","a2bec9ef-28a6-41cb-937b-adaf51dd5ca7","2025-03-29 17:13:07","a2bec9ef-28a6-41cb-937b-adaf51dd5ca7","2025-03-29 17:13:07",1
"Crime, fiction","a2bec9ef-28a6-41cb-937b-adaf51dd5ca7","2025-03-29 17:13:07","a2bec9ef-28a6-41cb-937b-adaf51dd5ca7","2025-03-29 17:13:07",1
"Language and languages","a2bec9ef-28a6-41cb-937b-adaf51dd5ca7","2025-03-29 17:13:07","a2bec9ef-28a6-41cb-937b-adaf51dd5ca7","2025-03-29 17:13:07",1
"Literature, british isles","a2bec9ef-28a6-41cb-937b-adaf51dd5ca7","2025-03-29 17:13:07","a2bec9ef-28a6-41cb-937b-adaf51dd5ca7","2025-03-29 17:13:07",1
"London (england), history, fiction","a2bec9ef-28a6-41cb-937b-adaf51dd5ca7","2025-03-29 17:13:07","a2bec9ef-28a6-41cb-937b-adaf51dd5ca7","2025-03-29 17:13:07",1
"English language, juvenile literature","a2bec9ef-28a6-41cb-937b-adaf51dd5ca7","2025-03-29 17:13:07","a2bec9ef-28a6-41cb-937b-adaf51dd5ca7","2025-03-29 17:13:07",1
"Rois et souverains","a2bec9ef-28a6-41cb-937b-adaf51dd5ca7","2025-03-29 17:13:07","a2bec9ef-28a6-41cb-937b-adaf51dd5ca7","2025-03-29 17:13:07",1
"Guerres et batailles imaginaires","a2bec9ef-28a6-41cb-937b-adaf51dd5ca7","2025-03-29 17:13:07","a2bec9ef-28a6-41cb-937b-adaf51dd5ca7","2025-03-29 17:13:07",1
"Imaginary wars and battles -- Fiction","a2bec9ef-28a6-41cb-937b-adaf51dd5ca7","2025-03-29 17:13:07","a2bec9ef-28a6-41cb-937b-adaf51dd5ca7","2025-03-29 17:13:07",1
"Voyages and travels -- Fiction","a2bec9ef-28a6-41cb-937b-adaf51dd5ca7","2025-03-29 17:13:07","a2bec9ef-28a6-41cb-937b-adaf51dd5ca7","2025-03-29 17:13:07",1
"Guerres et batailles imaginaires -- Romans, nouvelles, etc","a2bec9ef-28a6-41cb-937b-adaf51dd5ca7","2025-03-29 17:13:07","a2bec9ef-28a6-41cb-937b-adaf51dd5ca7","2025-03-29 17:13:07",1
"Voyages -- Romans, nouvelles, etc","a2bec9ef-28a6-41cb-937b-adaf51dd5ca7","2025-03-29 17:13:07","a2bec9ef-28a6-41cb-937b-adaf51dd5ca7","2025-03-29 17:13:07",1
"childhood","a2bec9ef-28a6-41cb-937b-adaf51dd5ca7","2025-03-29 17:13:07","a2bec9ef-28a6-41cb-937b-adaf51dd5ca7","2025-03-29 17:13:07",1
"loss","a2bec9ef-28a6-41cb-937b-adaf51dd5ca7","2025-03-29 17:13:07","a2bec9ef-28a6-41cb-937b-adaf51dd5ca7","2025-03-29 17:13:07",1
"loneliness","a2bec9ef-28a6-41cb-937b-adaf51dd5ca7","2025-03-29 17:13:07","a2bec9ef-28a6-41cb-937b-adaf51dd5ca7","2025-03-29 17:13:07",1
"Italian language","a2bec9ef-28a6-41cb-937b-adaf51dd5ca7","2025-03-29 17:13:07","a2bec9ef-28a6-41cb-937b-adaf51dd5ca7","2025-03-29 17:13:07",1
"French language, readers","a2bec9ef-28a6-41cb-937b-adaf51dd5ca7","2025-03-29 17:13:07","a2bec9ef-28a6-41cb-937b-adaf51dd5ca7","2025-03-29 17:13:07",1
"Travel, fiction","a2bec9ef-28a6-41cb-937b-adaf51dd5ca7","2025-03-29 17:13:07","a2bec9ef-28a6-41cb-937b-adaf51dd5ca7","2025-03-29 17:13:07",1
"Translations into Turkish","a2bec9ef-28a6-41cb-937b-adaf51dd5ca7","2025-03-29 17:13:07","a2bec9ef-28a6-41cb-937b-adaf51dd5ca7","2025-03-29 17:13:07",1
"Children's stories, Turkish","a2bec9ef-28a6-41cb-937b-adaf51dd5ca7","2025-03-29 17:13:07","a2bec9ef-28a6-41cb-937b-adaf51dd5ca7","2025-03-29 17:13:07",1
"Pride and vanity","a2bec9ef-28a6-41cb-937b-adaf51dd5ca7","2025-03-29 17:13:07","a2bec9ef-28a6-41cb-937b-adaf51dd5ca7","2025-03-29 17:13:07",1
"Asteroids","a2bec9ef-28a6-41cb-937b-adaf51dd5ca7","2025-03-29 17:13:07","a2bec9ef-28a6-41cb-937b-adaf51dd5ca7","2025-03-29 17:13:07",1
"Fantasmes","a2bec9ef-28a6-41cb-937b-adaf51dd5ca7","2025-03-29 17:13:07","a2bec9ef-28a6-41cb-937b-adaf51dd5ca7","2025-03-29 17:13:07",1
"Philosophy","a2bec9ef-28a6-41cb-937b-adaf51dd5ca7","2025-03-29 17:13:07","a2bec9ef-28a6-41cb-937b-adaf51dd5ca7","2025-03-29 17:13:07",1
"Princes -- Juvenile fiction","a2bec9ef-28a6-41cb-937b-adaf51dd5ca7","2025-03-29 17:13:07","a2bec9ef-28a6-41cb-937b-adaf51dd5ca7","2025-03-29 17:13:07",1
"Air pilots -- Juvenile fiction","a2bec9ef-28a6-41cb-937b-adaf51dd5ca7","2025-03-29 17:13:07","a2bec9ef-28a6-41cb-937b-adaf51dd5ca7","2025-03-29 17:13:07",1
"Princes -- Romans, nouvelles, etc. pour la jeunesse","a2bec9ef-28a6-41cb-937b-adaf51dd5ca7","2025-03-29 17:13:07","a2bec9ef-28a6-41cb-937b-adaf51dd5ca7","2025-03-29 17:13:07",1
"Pilotes d'aéronef -- Romans, nouvelles, etc. pour la jeunesse","a2bec9ef-28a6-41cb-937b-adaf51dd5ca7","2025-03-29 17:13:07","a2bec9ef-28a6-41cb-937b-adaf51dd5ca7","2025-03-29 17:13:07",1
"Pilotos aéreos -- Novela juvenil","a2bec9ef-28a6-41cb-937b-adaf51dd5ca7","2025-03-29 17:13:07","a2bec9ef-28a6-41cb-937b-adaf51dd5ca7","2025-03-29 17:13:07",1
"Príncipes -- Novela juvenil","a2bec9ef-28a6-41cb-937b-adaf51dd5ca7","2025-03-29 17:13:07","a2bec9ef-28a6-41cb-937b-adaf51dd5ca7","2025-03-29 17:13:07",1
"Air pilots","a2bec9ef-28a6-41cb-937b-adaf51dd5ca7","2025-03-29 17:13:07","a2bec9ef-28a6-41cb-937b-adaf51dd5ca7","2025-03-29 17:13:07",1
"Novela fantástica","a2bec9ef-28a6-41cb-937b-adaf51dd5ca7","2025-03-29 17:13:07","a2bec9ef-28a6-41cb-937b-adaf51dd5ca7","2025-03-29 17:13:07",1
"Deaf children","a2bec9ef-28a6-41cb-937b-adaf51dd5ca7","2025-03-29 17:13:07","a2bec9ef-28a6-41cb-937b-adaf51dd5ca7","2025-03-29 17:13:07",1
"Pied Piper of Hamelin (Legendary character)","a2bec9ef-28a6-41cb-937b-adaf51dd5ca7","2025-03-29 17:13:07","a2bec9ef-28a6-41cb-937b-adaf51dd5ca7","2025-03-29 17:13:07",1
"Foxes","a2bec9ef-28a6-41cb-937b-adaf51dd5ca7","2025-03-29 17:13:07","a2bec9ef-28a6-41cb-937b-adaf51dd5ca7","2025-03-29 17:13:07",1
"Deserts","a2bec9ef-28a6-41cb-937b-adaf51dd5ca7","2025-03-29 17:13:07","a2bec9ef-28a6-41cb-937b-adaf51dd5ca7","2025-03-29 17:13:07",1
"Children's literature, french","a2bec9ef-28a6-41cb-937b-adaf51dd5ca7","2025-03-29 17:13:07","a2bec9ef-28a6-41cb-937b-adaf51dd5ca7","2025-03-29 17:13:07",1
"Translations into english","a2bec9ef-28a6-41cb-937b-adaf51dd5ca7","2025-03-29 17:13:07","a2bec9ef-28a6-41cb-937b-adaf51dd5ca7","2025-03-29 17:13:07",1
"Short novel","a2bec9ef-28a6-41cb-937b-adaf51dd5ca7","2025-03-29 17:13:07","a2bec9ef-28a6-41cb-937b-adaf51dd5ca7","2025-03-29 17:13:07",1
"Translations into serbo-croatian","a2bec9ef-28a6-41cb-937b-adaf51dd5ca7","2025-03-29 17:13:07","a2bec9ef-28a6-41cb-937b-adaf51dd5ca7","2025-03-29 17:13:07",1
"Allegories","a2bec9ef-28a6-41cb-937b-adaf51dd5ca7","2025-03-29 17:13:07","a2bec9ef-28a6-41cb-937b-adaf51dd5ca7","2025-03-29 17:13:07",1
"Planets","a2bec9ef-28a6-41cb-937b-adaf51dd5ca7","2025-03-29 17:13:07","a2bec9ef-28a6-41cb-937b-adaf51dd5ca7","2025-03-29 17:13:07",1
"Rhaeto-romance/romansh literature","a2bec9ef-28a6-41cb-937b-adaf51dd5ca7","2025-03-29 17:13:07","a2bec9ef-28a6-41cb-937b-adaf51dd5ca7","2025-03-29 17:13:07",1
"Rhaeto-romance/romansh prose","a2bec9ef-28a6-41cb-937b-adaf51dd5ca7","2025-03-29 17:13:07","a2bec9ef-28a6-41cb-937b-adaf51dd5ca7","2025-03-29 17:13:07",1
"Texts translated into rhaeto-romance/romansh","a2bec9ef-28a6-41cb-937b-adaf51dd5ca7","2025-03-29 17:13:07","a2bec9ef-28a6-41cb-937b-adaf51dd5ca7","2025-03-29 17:13:07",1
"Fantastic fiction","a2bec9ef-28a6-41cb-937b-adaf51dd5ca7","2025-03-29 17:13:07","a2bec9ef-28a6-41cb-937b-adaf51dd5ca7","2025-03-29 17:13:07",1
"Fiction - general","a2bec9ef-28a6-41cb-937b-adaf51dd5ca7","2025-03-29 17:13:07","a2bec9ef-28a6-41cb-937b-adaf51dd5ca7","2025-03-29 17:13:07",1
"Nyt:picture-books=2009-12-27","a2bec9ef-28a6-41cb-937b-adaf51dd5ca7","2025-03-29 17:13:07","a2bec9ef-28a6-41cb-937b-adaf51dd5ca7","2025-03-29 17:13:07",1
"Literary collections","a2bec9ef-28a6-41cb-937b-adaf51dd5ca7","2025-03-29 17:13:07","a2bec9ef-28a6-41cb-937b-adaf51dd5ca7","2025-03-29 17:13:07",1
"Country life","a2bec9ef-28a6-41cb-937b-adaf51dd5ca7","2025-03-29 17:13:07","a2bec9ef-28a6-41cb-937b-adaf51dd5ca7","2025-03-29 17:13:07",1
"River life","a2bec9ef-28a6-41cb-937b-adaf51dd5ca7","2025-03-29 17:13:07","a2bec9ef-28a6-41cb-937b-adaf51dd5ca7","2025-03-29 17:13:07",1
"Toad of Toad Hall (Fictitious character)","a2bec9ef-28a6-41cb-937b-adaf51dd5ca7","2025-03-29 17:13:07","a2bec9ef-28a6-41cb-937b-adaf51dd5ca7","2025-03-29 17:13:07",1
"Legends and stories of Animals","a2bec9ef-28a6-41cb-937b-adaf51dd5ca7","2025-03-29 17:13:07","a2bec9ef-28a6-41cb-937b-adaf51dd5ca7","2025-03-29 17:13:07",1
"Forests and forestry","a2bec9ef-28a6-41cb-937b-adaf51dd5ca7","2025-03-29 17:13:07","a2bec9ef-28a6-41cb-937b-adaf51dd5ca7","2025-03-29 17:13:07",1
"Children: Grades 3-4","a2bec9ef-28a6-41cb-937b-adaf51dd5ca7","2025-03-29 17:13:07","a2bec9ef-28a6-41cb-937b-adaf51dd5ca7","2025-03-29 17:13:07",1
"Home","a2bec9ef-28a6-41cb-937b-adaf51dd5ca7","2025-03-29 17:13:07","a2bec9ef-28a6-41cb-937b-adaf51dd5ca7","2025-03-29 17:13:07",1
"Hospitality","a2bec9ef-28a6-41cb-937b-adaf51dd5ca7","2025-03-29 17:13:07","a2bec9ef-28a6-41cb-937b-adaf51dd5ca7","2025-03-29 17:13:07",1
"Toads","a2bec9ef-28a6-41cb-937b-adaf51dd5ca7","2025-03-29 17:13:07","a2bec9ef-28a6-41cb-937b-adaf51dd5ca7","2025-03-29 17:13:07",1
"Moles","a2bec9ef-28a6-41cb-937b-adaf51dd5ca7","2025-03-29 17:13:07","a2bec9ef-28a6-41cb-937b-adaf51dd5ca7","2025-03-29 17:13:07",1
"Badgers","a2bec9ef-28a6-41cb-937b-adaf51dd5ca7","2025-03-29 17:13:07","a2bec9ef-28a6-41cb-937b-adaf51dd5ca7","2025-03-29 17:13:07",1
"Classical literature","a2bec9ef-28a6-41cb-937b-adaf51dd5ca7","2025-03-29 17:13:07","a2bec9ef-28a6-41cb-937b-adaf51dd5ca7","2025-03-29 17:13:07",1
"Toad of Toad Hall (Fictional character)","a2bec9ef-28a6-41cb-937b-adaf51dd5ca7","2025-03-29 17:13:07","a2bec9ef-28a6-41cb-937b-adaf51dd5ca7","2025-03-29 17:13:07",1
"Winds, fiction","a2bec9ef-28a6-41cb-937b-adaf51dd5ca7","2025-03-29 17:13:07","a2bec9ef-28a6-41cb-937b-adaf51dd5ca7","2025-03-29 17:13:07",1
"Country life, fiction","a2bec9ef-28a6-41cb-937b-adaf51dd5ca7","2025-03-29 17:13:07","a2bec9ef-28a6-41cb-937b-adaf51dd5ca7","2025-03-29 17:13:07",1
"Moles (Animals)","a2bec9ef-28a6-41cb-937b-adaf51dd5ca7","2025-03-29 17:13:07","a2bec9ef-28a6-41cb-937b-adaf51dd5ca7","2025-03-29 17:13:07",1
"Rivers","a2bec9ef-28a6-41cb-937b-adaf51dd5ca7","2025-03-29 17:13:07","a2bec9ef-28a6-41cb-937b-adaf51dd5ca7","2025-03-29 17:13:07",1
"Landscapes","a2bec9ef-28a6-41cb-937b-adaf51dd5ca7","2025-03-29 17:13:07","a2bec9ef-28a6-41cb-937b-adaf51dd5ca7","2025-03-29 17:13:07",1
"Disguise","a2bec9ef-28a6-41cb-937b-adaf51dd5ca7","2025-03-29 17:13:07","a2bec9ef-28a6-41cb-937b-adaf51dd5ca7","2025-03-29 17:13:07",1
"Self-destructive behavior","a2bec9ef-28a6-41cb-937b-adaf51dd5ca7","2025-03-29 17:13:07","a2bec9ef-28a6-41cb-937b-adaf51dd5ca7","2025-03-29 17:13:07",1
"Otters","a2bec9ef-28a6-41cb-937b-adaf51dd5ca7","2025-03-29 17:13:07","a2bec9ef-28a6-41cb-937b-adaf51dd5ca7","2025-03-29 17:13:07",1
"Weasels","a2bec9ef-28a6-41cb-937b-adaf51dd5ca7","2025-03-29 17:13:07","a2bec9ef-28a6-41cb-937b-adaf51dd5ca7","2025-03-29 17:13:07",1
"Dwellings","a2bec9ef-28a6-41cb-937b-adaf51dd5ca7","2025-03-29 17:13:07","a2bec9ef-28a6-41cb-937b-adaf51dd5ca7","2025-03-29 17:13:07",1
"Lost articles","a2bec9ef-28a6-41cb-937b-adaf51dd5ca7","2025-03-29 17:13:07","a2bec9ef-28a6-41cb-937b-adaf51dd5ca7","2025-03-29 17:13:07",1
"Crapauds","a2bec9ef-28a6-41cb-937b-adaf51dd5ca7","2025-03-29 17:13:07","a2bec9ef-28a6-41cb-937b-adaf51dd5ca7","2025-03-29 17:13:07",1
"Taupes","a2bec9ef-28a6-41cb-937b-adaf51dd5ca7","2025-03-29 17:13:07","a2bec9ef-28a6-41cb-937b-adaf51dd5ca7","2025-03-29 17:13:07",1
"Blaireaux","a2bec9ef-28a6-41cb-937b-adaf51dd5ca7","2025-03-29 17:13:07","a2bec9ef-28a6-41cb-937b-adaf51dd5ca7","2025-03-29 17:13:07",1
"Paysages","a2bec9ef-28a6-41cb-937b-adaf51dd5ca7","2025-03-29 17:13:07","a2bec9ef-28a6-41cb-937b-adaf51dd5ca7","2025-03-29 17:13:07",1
"Déguisement","a2bec9ef-28a6-41cb-937b-adaf51dd5ca7","2025-03-29 17:13:07","a2bec9ef-28a6-41cb-937b-adaf51dd5ca7","2025-03-29 17:13:07",1
"Morale","a2bec9ef-28a6-41cb-937b-adaf51dd5ca7","2025-03-29 17:13:07","a2bec9ef-28a6-41cb-937b-adaf51dd5ca7","2025-03-29 17:13:07",1
"Névroses obsessionnelles","a2bec9ef-28a6-41cb-937b-adaf51dd5ca7","2025-03-29 17:13:07","a2bec9ef-28a6-41cb-937b-adaf51dd5ca7","2025-03-29 17:13:07",1
"Comportement autodestructeur","a2bec9ef-28a6-41cb-937b-adaf51dd5ca7","2025-03-29 17:13:07","a2bec9ef-28a6-41cb-937b-adaf51dd5ca7","2025-03-29 17:13:07",1
"Loutres","a2bec9ef-28a6-41cb-937b-adaf51dd5ca7","2025-03-29 17:13:07","a2bec9ef-28a6-41cb-937b-adaf51dd5ca7","2025-03-29 17:13:07",1
"Évasions","a2bec9ef-28a6-41cb-937b-adaf51dd5ca7","2025-03-29 17:13:07","a2bec9ef-28a6-41cb-937b-adaf51dd5ca7","2025-03-29 17:13:07",1
"Voleurs","a2bec9ef-28a6-41cb-937b-adaf51dd5ca7","2025-03-29 17:13:07","a2bec9ef-28a6-41cb-937b-adaf51dd5ca7","2025-03-29 17:13:07",1
"Belettes","a2bec9ef-28a6-41cb-937b-adaf51dd5ca7","2025-03-29 17:13:07","a2bec9ef-28a6-41cb-937b-adaf51dd5ca7","2025-03-29 17:13:07",1
"Habitations","a2bec9ef-28a6-41cb-937b-adaf51dd5ca7","2025-03-29 17:13:07","a2bec9ef-28a6-41cb-937b-adaf51dd5ca7","2025-03-29 17:13:07",1
"Objets perdus","a2bec9ef-28a6-41cb-937b-adaf51dd5ca7","2025-03-29 17:13:07","a2bec9ef-28a6-41cb-937b-adaf51dd5ca7","2025-03-29 17:13:07",1
"Moles (animals), fiction","a2bec9ef-28a6-41cb-937b-adaf51dd5ca7","2025-03-29 17:13:07","a2bec9ef-28a6-41cb-937b-adaf51dd5ca7","2025-03-29 17:13:07",1
"Rivers, fiction","a2bec9ef-28a6-41cb-937b-adaf51dd5ca7","2025-03-29 17:13:07","a2bec9ef-28a6-41cb-937b-adaf51dd5ca7","2025-03-29 17:13:07",1
"Forests and forestry, fiction","a2bec9ef-28a6-41cb-937b-adaf51dd5ca7","2025-03-29 17:13:07","a2bec9ef-28a6-41cb-937b-adaf51dd5ca7","2025-03-29 17:13:07",1
"Animals -- Juvenile fiction","a2bec9ef-28a6-41cb-937b-adaf51dd5ca7","2025-03-29 17:13:07","a2bec9ef-28a6-41cb-937b-adaf51dd5ca7","2025-03-29 17:13:07",1
"juvenile fiction","a2bec9ef-28a6-41cb-937b-adaf51dd5ca7","2025-03-29 17:13:07","a2bec9ef-28a6-41cb-937b-adaf51dd5ca7","2025-03-29 17:13:07",1
"JUVENILE FICTION / Social Issues / Dating & Sex","a2bec9ef-28a6-41cb-937b-adaf51dd5ca7","2025-03-29 17:13:07","a2bec9ef-28a6-41cb-937b-adaf51dd5ca7","2025-03-29 17:13:07",1
"nyt:young-adult=2015-06-14","a2bec9ef-28a6-41cb-937b-adaf51dd5ca7","2025-03-29 17:13:07","a2bec9ef-28a6-41cb-937b-adaf51dd5ca7","2025-03-29 17:13:07",1
"Fiction, Romance, Contemporary, Life change events","a2bec9ef-28a6-41cb-937b-adaf51dd5ca7","2025-03-29 17:13:07","a2bec9ef-28a6-41cb-937b-adaf51dd5ca7","2025-03-29 17:13:07",1
"Neurosurgeons","a2bec9ef-28a6-41cb-937b-adaf51dd5ca7","2025-03-29 17:13:07","a2bec9ef-28a6-41cb-937b-adaf51dd5ca7","2025-03-29 17:13:07",1
"Businesswomen","a2bec9ef-28a6-41cb-937b-adaf51dd5ca7","2025-03-29 17:13:07","a2bec9ef-28a6-41cb-937b-adaf51dd5ca7","2025-03-29 17:13:07",1
"collectionid:nyt2020s","a2bec9ef-28a6-41cb-937b-adaf51dd5ca7","2025-03-29 17:13:07","a2bec9ef-28a6-41cb-937b-adaf51dd5ca7","2025-03-29 17:13:07",1
"Nonsense verses","a2bec9ef-28a6-41cb-937b-adaf51dd5ca7","2025-03-29 17:13:07","a2bec9ef-28a6-41cb-937b-adaf51dd5ca7","2025-03-29 17:13:07",1
"Spanish literature","a2bec9ef-28a6-41cb-937b-adaf51dd5ca7","2025-03-29 17:13:07","a2bec9ef-28a6-41cb-937b-adaf51dd5ca7","2025-03-29 17:13:07",1
"Poetry","a2bec9ef-28a6-41cb-937b-adaf51dd5ca7","2025-03-29 17:13:07","a2bec9ef-28a6-41cb-937b-adaf51dd5ca7","2025-03-29 17:13:07",1
"Children's literature","a2bec9ef-28a6-41cb-937b-adaf51dd5ca7","2025-03-29 17:13:07","a2bec9ef-28a6-41cb-937b-adaf51dd5ca7","2025-03-29 17:13:07",1
"Latin language materials","a2bec9ef-28a6-41cb-937b-adaf51dd5ca7","2025-03-29 17:13:07","a2bec9ef-28a6-41cb-937b-adaf51dd5ca7","2025-03-29 17:13:07",1
"Latin language","a2bec9ef-28a6-41cb-937b-adaf51dd5ca7","2025-03-29 17:13:07","a2bec9ef-28a6-41cb-937b-adaf51dd5ca7","2025-03-29 17:13:07",1
"Stories in rhyme","a2bec9ef-28a6-41cb-937b-adaf51dd5ca7","2025-03-29 17:13:07","a2bec9ef-28a6-41cb-937b-adaf51dd5ca7","2025-03-29 17:13:07",1
"Gatos","a2bec9ef-28a6-41cb-937b-adaf51dd5ca7","2025-03-29 17:13:07","a2bec9ef-28a6-41cb-937b-adaf51dd5ca7","2025-03-29 17:13:07",1
"Cat in the hat (fictitious character), fiction","a2bec9ef-28a6-41cb-937b-adaf51dd5ca7","2025-03-29 17:13:07","a2bec9ef-28a6-41cb-937b-adaf51dd5ca7","2025-03-29 17:13:07",1
"Cat in the Hat (Fictitious character)","a2bec9ef-28a6-41cb-937b-adaf51dd5ca7","2025-03-29 17:13:07","a2bec9ef-28a6-41cb-937b-adaf51dd5ca7","2025-03-29 17:13:07",1
"Student activities","a2bec9ef-28a6-41cb-937b-adaf51dd5ca7","2025-03-29 17:13:07","a2bec9ef-28a6-41cb-937b-adaf51dd5ca7","2025-03-29 17:13:07",1
"Creative activities and seat work","a2bec9ef-28a6-41cb-937b-adaf51dd5ca7","2025-03-29 17:13:07","a2bec9ef-28a6-41cb-937b-adaf51dd5ca7","2025-03-29 17:13:07",1
"Chats","a2bec9ef-28a6-41cb-937b-adaf51dd5ca7","2025-03-29 17:13:07","a2bec9ef-28a6-41cb-937b-adaf51dd5ca7","2025-03-29 17:13:07",1
"Histoires rim?es","a2bec9ef-28a6-41cb-937b-adaf51dd5ca7","2025-03-29 17:13:07","a2bec9ef-28a6-41cb-937b-adaf51dd5ca7","2025-03-29 17:13:07",1
"Hats, fiction","a2bec9ef-28a6-41cb-937b-adaf51dd5ca7","2025-03-29 17:13:07","a2bec9ef-28a6-41cb-937b-adaf51dd5ca7","2025-03-29 17:13:07",1
"Cats--poetry","a2bec9ef-28a6-41cb-937b-adaf51dd5ca7","2025-03-29 17:13:07","a2bec9ef-28a6-41cb-937b-adaf51dd5ca7","2025-03-29 17:13:07",1
"Cats--fiction","a2bec9ef-28a6-41cb-937b-adaf51dd5ca7","2025-03-29 17:13:07","a2bec9ef-28a6-41cb-937b-adaf51dd5ca7","2025-03-29 17:13:07",1
"Rincewind the wizard (fictitious character), fiction","a2bec9ef-28a6-41cb-937b-adaf51dd5ca7","2025-03-29 17:13:07","a2bec9ef-28a6-41cb-937b-adaf51dd5ca7","2025-03-29 17:13:07",1
"the Elder Wand","a2bec9ef-28a6-41cb-937b-adaf51dd5ca7","2025-03-29 17:13:07","a2bec9ef-28a6-41cb-937b-adaf51dd5ca7","2025-03-29 17:13:07",1
"dementors","a2bec9ef-28a6-41cb-937b-adaf51dd5ca7","2025-03-29 17:13:07","a2bec9ef-28a6-41cb-937b-adaf51dd5ca7","2025-03-29 17:13:07",1
"dark magic","a2bec9ef-28a6-41cb-937b-adaf51dd5ca7","2025-03-29 17:13:07","a2bec9ef-28a6-41cb-937b-adaf51dd5ca7","2025-03-29 17:13:07",1
"heroics","a2bec9ef-28a6-41cb-937b-adaf51dd5ca7","2025-03-29 17:13:07","a2bec9ef-28a6-41cb-937b-adaf51dd5ca7","2025-03-29 17:13:07",1
"young adult","a2bec9ef-28a6-41cb-937b-adaf51dd5ca7","2025-03-29 17:13:07","a2bec9ef-28a6-41cb-937b-adaf51dd5ca7","2025-03-29 17:13:07",1
"children","a2bec9ef-28a6-41cb-937b-adaf51dd5ca7","2025-03-29 17:13:07","a2bec9ef-28a6-41cb-937b-adaf51dd5ca7","2025-03-29 17:13:07",1
"children's literature","a2bec9ef-28a6-41cb-937b-adaf51dd5ca7","2025-03-29 17:13:07","a2bec9ef-28a6-41cb-937b-adaf51dd5ca7","2025-03-29 17:13:07",1
"wizardry","a2bec9ef-28a6-41cb-937b-adaf51dd5ca7","2025-03-29 17:13:07","a2bec9ef-28a6-41cb-937b-adaf51dd5ca7","2025-03-29 17:13:07",1
"kids","a2bec9ef-28a6-41cb-937b-adaf51dd5ca7","2025-03-29 17:13:07","a2bec9ef-28a6-41cb-937b-adaf51dd5ca7","2025-03-29 17:13:07",1
"witchcraft","a2bec9ef-28a6-41cb-937b-adaf51dd5ca7","2025-03-29 17:13:07","a2bec9ef-28a6-41cb-937b-adaf51dd5ca7","2025-03-29 17:13:07",1
"war","a2bec9ef-28a6-41cb-937b-adaf51dd5ca7","2025-03-29 17:13:07","a2bec9ef-28a6-41cb-937b-adaf51dd5ca7","2025-03-29 17:13:07",1
"Internats","a2bec9ef-28a6-41cb-937b-adaf51dd5ca7","2025-03-29 17:13:07","a2bec9ef-28a6-41cb-937b-adaf51dd5ca7","2025-03-29 17:13:07",1
"Ecoles","a2bec9ef-28a6-41cb-937b-adaf51dd5ca7","2025-03-29 17:13:07","a2bec9ef-28a6-41cb-937b-adaf51dd5ca7","2025-03-29 17:13:07",1
"Hogwarts School of Witchcraft and Wizardry (Imaginary place) -- Juvenile fiction","a2bec9ef-28a6-41cb-937b-adaf51dd5ca7","2025-03-29 17:13:07","a2bec9ef-28a6-41cb-937b-adaf51dd5ca7","2025-03-29 17:13:07",1
"Potter, Harry (Fictitious character) -- Juvenile fiction","a2bec9ef-28a6-41cb-937b-adaf51dd5ca7","2025-03-29 17:13:07","a2bec9ef-28a6-41cb-937b-adaf51dd5ca7","2025-03-29 17:13:07",1
"Wizards -- Fiction","a2bec9ef-28a6-41cb-937b-adaf51dd5ca7","2025-03-29 17:13:07","a2bec9ef-28a6-41cb-937b-adaf51dd5ca7","2025-03-29 17:13:07",1
"Magic -- Fiction","a2bec9ef-28a6-41cb-937b-adaf51dd5ca7","2025-03-29 17:13:07","a2bec9ef-28a6-41cb-937b-adaf51dd5ca7","2025-03-29 17:13:07",1
"Magos -- Ficción juvenil","a2bec9ef-28a6-41cb-937b-adaf51dd5ca7","2025-03-29 17:13:07","a2bec9ef-28a6-41cb-937b-adaf51dd5ca7","2025-03-29 17:13:07",1
"Magia -- Ficción juvenil","a2bec9ef-28a6-41cb-937b-adaf51dd5ca7","2025-03-29 17:13:07","a2bec9ef-28a6-41cb-937b-adaf51dd5ca7","2025-03-29 17:13:07",1
"Escuelas -- Ficción juvenil","a2bec9ef-28a6-41cb-937b-adaf51dd5ca7","2025-03-29 17:13:07","a2bec9ef-28a6-41cb-937b-adaf51dd5ca7","2025-03-29 17:13:07",1
"England -- Fiction","a2bec9ef-28a6-41cb-937b-adaf51dd5ca7","2025-03-29 17:13:07","a2bec9ef-28a6-41cb-937b-adaf51dd5ca7","2025-03-29 17:13:07",1
"Inglaterra -- Ficción juvenil","a2bec9ef-28a6-41cb-937b-adaf51dd5ca7","2025-03-29 17:13:07","a2bec9ef-28a6-41cb-937b-adaf51dd5ca7","2025-03-29 17:13:07",1
"Méchanceté","a2bec9ef-28a6-41cb-937b-adaf51dd5ca7","2025-03-29 17:13:07","a2bec9ef-28a6-41cb-937b-adaf51dd5ca7","2025-03-29 17:13:07",1
"Quête (Littérature)","a2bec9ef-28a6-41cb-937b-adaf51dd5ca7","2025-03-29 17:13:07","a2bec9ef-28a6-41cb-937b-adaf51dd5ca7","2025-03-29 17:13:07",1
"Illusion (performing art)","a2bec9ef-28a6-41cb-937b-adaf51dd5ca7","2025-03-29 17:13:07","a2bec9ef-28a6-41cb-937b-adaf51dd5ca7","2025-03-29 17:13:07",1
"Schools (institutions)","a2bec9ef-28a6-41cb-937b-adaf51dd5ca7","2025-03-29 17:13:07","a2bec9ef-28a6-41cb-937b-adaf51dd5ca7","2025-03-29 17:13:07",1
"Schools (buildings)","a2bec9ef-28a6-41cb-937b-adaf51dd5ca7","2025-03-29 17:13:07","a2bec9ef-28a6-41cb-937b-adaf51dd5ca7","2025-03-29 17:13:07",1
"Roller skating","a2bec9ef-28a6-41cb-937b-adaf51dd5ca7","2025-03-29 17:13:07","a2bec9ef-28a6-41cb-937b-adaf51dd5ca7","2025-03-29 17:13:07",1
"Roller derby","a2bec9ef-28a6-41cb-937b-adaf51dd5ca7","2025-03-29 17:13:07","a2bec9ef-28a6-41cb-937b-adaf51dd5ca7","2025-03-29 17:13:07",1
"Newbery Honor","a2bec9ef-28a6-41cb-937b-adaf51dd5ca7","2025-03-29 17:13:07","a2bec9ef-28a6-41cb-937b-adaf51dd5ca7","2025-03-29 17:13:07",1
"Roller skating, fiction","a2bec9ef-28a6-41cb-937b-adaf51dd5ca7","2025-03-29 17:13:07","a2bec9ef-28a6-41cb-937b-adaf51dd5ca7","2025-03-29 17:13:07",1
"Patinaje sobre ruedas","a2bec9ef-28a6-41cb-937b-adaf51dd5ca7","2025-03-29 17:13:07","a2bec9ef-28a6-41cb-937b-adaf51dd5ca7","2025-03-29 17:13:07",1
"Libros de caricaturas, tiras comicas","a2bec9ef-28a6-41cb-937b-adaf51dd5ca7","2025-03-29 17:13:07","a2bec9ef-28a6-41cb-937b-adaf51dd5ca7","2025-03-29 17:13:07",1
"nyt:paperback-graphic-books=2015-04-12","a2bec9ef-28a6-41cb-937b-adaf51dd5ca7","2025-03-29 17:13:07","a2bec9ef-28a6-41cb-937b-adaf51dd5ca7","2025-03-29 17:13:07",1
"Newbery honor","a2bec9ef-28a6-41cb-937b-adaf51dd5ca7","2025-03-29 17:13:07","a2bec9ef-28a6-41cb-937b-adaf51dd5ca7","2025-03-29 17:13:07",1
"Nyt:paperback-graphic-books=2015-04-12","a2bec9ef-28a6-41cb-937b-adaf51dd5ca7","2025-03-29 17:13:07","a2bec9ef-28a6-41cb-937b-adaf51dd5ca7","2025-03-29 17:13:07",1
"lexile:440","a2bec9ef-28a6-41cb-937b-adaf51dd5ca7","2025-03-29 17:13:07","a2bec9ef-28a6-41cb-937b-adaf51dd5ca7","2025-03-29 17:13:07",1
"lexile_range:401-500","a2bec9ef-28a6-41cb-937b-adaf51dd5ca7","2025-03-29 17:13:07","a2bec9ef-28a6-41cb-937b-adaf51dd5ca7","2025-03-29 17:13:07",1
"lexile_code:GN","a2bec9ef-28a6-41cb-937b-adaf51dd5ca7","2025-03-29 17:13:07","a2bec9ef-28a6-41cb-937b-adaf51dd5ca7","2025-03-29 17:13:07",1
"age:min:8","a2bec9ef-28a6-41cb-937b-adaf51dd5ca7","2025-03-29 17:13:07","a2bec9ef-28a6-41cb-937b-adaf51dd5ca7","2025-03-29 17:13:07",1
"grade:min:4","a2bec9ef-28a6-41cb-937b-adaf51dd5ca7","2025-03-29 17:13:07","a2bec9ef-28a6-41cb-937b-adaf51dd5ca7","2025-03-29 17:13:07",1
"Abenteuer","a2bec9ef-28a6-41cb-937b-adaf51dd5ca7","2025-03-29 17:13:07","a2bec9ef-28a6-41cb-937b-adaf51dd5ca7","2025-03-29 17:13:07",1
"Science-Fiction-Literatur","a2bec9ef-28a6-41cb-937b-adaf51dd5ca7","2025-03-29 17:13:07","a2bec9ef-28a6-41cb-937b-adaf51dd5ca7","2025-03-29 17:13:07",1
"Weltraum","a2bec9ef-28a6-41cb-937b-adaf51dd5ca7","2025-03-29 17:13:07","a2bec9ef-28a6-41cb-937b-adaf51dd5ca7","2025-03-29 17:13:07",1
"Prophecy","a2bec9ef-28a6-41cb-937b-adaf51dd5ca7","2025-03-29 17:13:07","a2bec9ef-28a6-41cb-937b-adaf51dd5ca7","2025-03-29 17:13:07",1
"Agatha Christie","a2bec9ef-28a6-41cb-937b-adaf51dd5ca7","2025-03-29 17:13:07","a2bec9ef-28a6-41cb-937b-adaf51dd5ca7","2025-03-29 17:13:07",1
"Private investigator","a2bec9ef-28a6-41cb-937b-adaf51dd5ca7","2025-03-29 17:13:07","a2bec9ef-28a6-41cb-937b-adaf51dd5ca7","2025-03-29 17:13:07",1
"P.I.","a2bec9ef-28a6-41cb-937b-adaf51dd5ca7","2025-03-29 17:13:07","a2bec9ef-28a6-41cb-937b-adaf51dd5ca7","2025-03-29 17:13:07",1
"Hercule Poirot","a2bec9ef-28a6-41cb-937b-adaf51dd5ca7","2025-03-29 17:13:07","a2bec9ef-28a6-41cb-937b-adaf51dd5ca7","2025-03-29 17:13:07",1
"Detective","a2bec9ef-28a6-41cb-937b-adaf51dd5ca7","2025-03-29 17:13:07","a2bec9ef-28a6-41cb-937b-adaf51dd5ca7","2025-03-29 17:13:07",1
"Humour","a2bec9ef-28a6-41cb-937b-adaf51dd5ca7","2025-03-29 17:13:07","a2bec9ef-28a6-41cb-937b-adaf51dd5ca7","2025-03-29 17:13:07",1
"Travel","a2bec9ef-28a6-41cb-937b-adaf51dd5ca7","2025-03-29 17:13:07","a2bec9ef-28a6-41cb-937b-adaf51dd5ca7","2025-03-29 17:13:07",1
"Railroad","a2bec9ef-28a6-41cb-937b-adaf51dd5ca7","2025-03-29 17:13:07","a2bec9ef-28a6-41cb-937b-adaf51dd5ca7","2025-03-29 17:13:07",1
"Trains","a2bec9ef-28a6-41cb-937b-adaf51dd5ca7","2025-03-29 17:13:07","a2bec9ef-28a6-41cb-937b-adaf51dd5ca7","2025-03-29 17:13:07",1
"Express trains","a2bec9ef-28a6-41cb-937b-adaf51dd5ca7","2025-03-29 17:13:07","a2bec9ef-28a6-41cb-937b-adaf51dd5ca7","2025-03-29 17:13:07",1
"Orient Express","a2bec9ef-28a6-41cb-937b-adaf51dd5ca7","2025-03-29 17:13:07","a2bec9ef-28a6-41cb-937b-adaf51dd5ca7","2025-03-29 17:13:07",1
"Littérature anglaise","a2bec9ef-28a6-41cb-937b-adaf51dd5ca7","2025-03-29 17:13:07","a2bec9ef-28a6-41cb-937b-adaf51dd5ca7","2025-03-29 17:13:07",1
"Roman anglais","a2bec9ef-28a6-41cb-937b-adaf51dd5ca7","2025-03-29 17:13:07","a2bec9ef-28a6-41cb-937b-adaf51dd5ca7","2025-03-29 17:13:07",1
"Orient Express (Express train)","a2bec9ef-28a6-41cb-937b-adaf51dd5ca7","2025-03-29 17:13:07","a2bec9ef-28a6-41cb-937b-adaf51dd5ca7","2025-03-29 17:13:07",1
"Regény","a2bec9ef-28a6-41cb-937b-adaf51dd5ca7","2025-03-29 17:13:07","a2bec9ef-28a6-41cb-937b-adaf51dd5ca7","2025-03-29 17:13:07",1
"Angol irodalom","a2bec9ef-28a6-41cb-937b-adaf51dd5ca7","2025-03-29 17:13:07","a2bec9ef-28a6-41cb-937b-adaf51dd5ca7","2025-03-29 17:13:07",1
"Hercule Poirot (Fictitious character)","a2bec9ef-28a6-41cb-937b-adaf51dd5ca7","2025-03-29 17:13:07","a2bec9ef-28a6-41cb-937b-adaf51dd5ca7","2025-03-29 17:13:07",1
"Railroad stories","a2bec9ef-28a6-41cb-937b-adaf51dd5ca7","2025-03-29 17:13:07","a2bec9ef-28a6-41cb-937b-adaf51dd5ca7","2025-03-29 17:13:07",1
"Railroad travel","a2bec9ef-28a6-41cb-937b-adaf51dd5ca7","2025-03-29 17:13:07","a2bec9ef-28a6-41cb-937b-adaf51dd5ca7","2025-03-29 17:13:07",1
"Poirot, Hercule (Personaje literario)","a2bec9ef-28a6-41cb-937b-adaf51dd5ca7","2025-03-29 17:13:07","a2bec9ef-28a6-41cb-937b-adaf51dd5ca7","2025-03-29 17:13:07",1
"Novela policíaca","a2bec9ef-28a6-41cb-937b-adaf51dd5ca7","2025-03-29 17:13:07","a2bec9ef-28a6-41cb-937b-adaf51dd5ca7","2025-03-29 17:13:07",1
"Poirot, hercule (fictitious character), fiction","a2bec9ef-28a6-41cb-937b-adaf51dd5ca7","2025-03-29 17:13:07","a2bec9ef-28a6-41cb-937b-adaf51dd5ca7","2025-03-29 17:13:07",1
"French imprints","a2bec9ef-28a6-41cb-937b-adaf51dd5ca7","2025-03-29 17:13:07","a2bec9ef-28a6-41cb-937b-adaf51dd5ca7","2025-03-29 17:13:07",1
"Translations into French","a2bec9ef-28a6-41cb-937b-adaf51dd5ca7","2025-03-29 17:13:07","a2bec9ef-28a6-41cb-937b-adaf51dd5ca7","2025-03-29 17:13:07",1
"English language, textbooks for foreign speakers","a2bec9ef-28a6-41cb-937b-adaf51dd5ca7","2025-03-29 17:13:07","a2bec9ef-28a6-41cb-937b-adaf51dd5ca7","2025-03-29 17:13:07",1
"Hercule Poirot (Fictional character)","a2bec9ef-28a6-41cb-937b-adaf51dd5ca7","2025-03-29 17:13:07","a2bec9ef-28a6-41cb-937b-adaf51dd5ca7","2025-03-29 17:13:07",1
"Mystery fiction","a2bec9ef-28a6-41cb-937b-adaf51dd5ca7","2025-03-29 17:13:07","a2bec9ef-28a6-41cb-937b-adaf51dd5ca7","2025-03-29 17:13:07",1
"Dorian. Grey (Fictitious character)","a2bec9ef-28a6-41cb-937b-adaf51dd5ca7","2025-03-29 17:13:07","a2bec9ef-28a6-41cb-937b-adaf51dd5ca7","2025-03-29 17:13:07",1
"Détectives","a2bec9ef-28a6-41cb-937b-adaf51dd5ca7","2025-03-29 17:13:07","a2bec9ef-28a6-41cb-937b-adaf51dd5ca7","2025-03-29 17:13:07",1
"Orient-Express (Train rapide)","a2bec9ef-28a6-41cb-937b-adaf51dd5ca7","2025-03-29 17:13:07","a2bec9ef-28a6-41cb-937b-adaf51dd5ca7","2025-03-29 17:13:07",1
"Enquêtes","a2bec9ef-28a6-41cb-937b-adaf51dd5ca7","2025-03-29 17:13:07","a2bec9ef-28a6-41cb-937b-adaf51dd5ca7","2025-03-29 17:13:07",1
"Detectives privados","a2bec9ef-28a6-41cb-937b-adaf51dd5ca7","2025-03-29 17:13:07","a2bec9ef-28a6-41cb-937b-adaf51dd5ca7","2025-03-29 17:13:07",1
"Comics & graphic novels, crime & mystery","a2bec9ef-28a6-41cb-937b-adaf51dd5ca7","2025-03-29 17:13:07","a2bec9ef-28a6-41cb-937b-adaf51dd5ca7","2025-03-29 17:13:07",1
"Fortune","a2bec9ef-28a6-41cb-937b-adaf51dd5ca7","2025-03-29 17:13:07","a2bec9ef-28a6-41cb-937b-adaf51dd5ca7","2025-03-29 17:13:07",1
"Accelerated readers (BUR)","a2bec9ef-28a6-41cb-937b-adaf51dd5ca7","2025-03-29 17:13:07","a2bec9ef-28a6-41cb-937b-adaf51dd5ca7","2025-03-29 17:13:07",1
"Luck","a2bec9ef-28a6-41cb-937b-adaf51dd5ca7","2025-03-29 17:13:07","a2bec9ef-28a6-41cb-937b-adaf51dd5ca7","2025-03-29 17:13:07",1
"Bullying, fiction","a2bec9ef-28a6-41cb-937b-adaf51dd5ca7","2025-03-29 17:13:07","a2bec9ef-28a6-41cb-937b-adaf51dd5ca7","2025-03-29 17:13:07",1
"Diary Of A Wimpy Kid Book 08 Hard Luck","a2bec9ef-28a6-41cb-937b-adaf51dd5ca7","2025-03-29 17:13:07","a2bec9ef-28a6-41cb-937b-adaf51dd5ca7","2025-03-29 17:13:07",1
"Chance","a2bec9ef-28a6-41cb-937b-adaf51dd5ca7","2025-03-29 17:13:07","a2bec9ef-28a6-41cb-937b-adaf51dd5ca7","2025-03-29 17:13:07",1
"Luck -- Fiction","a2bec9ef-28a6-41cb-937b-adaf51dd5ca7","2025-03-29 17:13:07","a2bec9ef-28a6-41cb-937b-adaf51dd5ca7","2025-03-29 17:13:07",1
"Beaches","a2bec9ef-28a6-41cb-937b-adaf51dd5ca7","2025-03-29 17:13:07","a2bec9ef-28a6-41cb-937b-adaf51dd5ca7","2025-03-29 17:13:07",1
"Summer","a2bec9ef-28a6-41cb-937b-adaf51dd5ca7","2025-03-29 17:13:07","a2bec9ef-28a6-41cb-937b-adaf51dd5ca7","2025-03-29 17:13:07",1
"Vacation homes","a2bec9ef-28a6-41cb-937b-adaf51dd5ca7","2025-03-29 17:13:07","a2bec9ef-28a6-41cb-937b-adaf51dd5ca7","2025-03-29 17:13:07",1
"Teenage boy/girl","a2bec9ef-28a6-41cb-937b-adaf51dd5ca7","2025-03-29 17:13:07","a2bec9ef-28a6-41cb-937b-adaf51dd5ca7","2025-03-29 17:13:07",1
"Realistic fiction","a2bec9ef-28a6-41cb-937b-adaf51dd5ca7","2025-03-29 17:13:07","a2bec9ef-28a6-41cb-937b-adaf51dd5ca7","2025-03-29 17:13:07",1
"Sixteen-year-old girls","a2bec9ef-28a6-41cb-937b-adaf51dd5ca7","2025-03-29 17:13:07","a2bec9ef-28a6-41cb-937b-adaf51dd5ca7","2025-03-29 17:13:07",1
"Caldecott Medal","a2bec9ef-28a6-41cb-937b-adaf51dd5ca7","2025-03-29 17:13:07","a2bec9ef-28a6-41cb-937b-adaf51dd5ca7","2025-03-29 17:13:07",1
"Dreams","a2bec9ef-28a6-41cb-937b-adaf51dd5ca7","2025-03-29 17:13:07","a2bec9ef-28a6-41cb-937b-adaf51dd5ca7","2025-03-29 17:13:07",1
"Imagination","a2bec9ef-28a6-41cb-937b-adaf51dd5ca7","2025-03-29 17:13:07","a2bec9ef-28a6-41cb-937b-adaf51dd5ca7","2025-03-29 17:13:07",1
"Miniature books","a2bec9ef-28a6-41cb-937b-adaf51dd5ca7","2025-03-29 17:13:07","a2bec9ef-28a6-41cb-937b-adaf51dd5ca7","2025-03-29 17:13:07",1
"Fantasty","a2bec9ef-28a6-41cb-937b-adaf51dd5ca7","2025-03-29 17:13:07","a2bec9ef-28a6-41cb-937b-adaf51dd5ca7","2025-03-29 17:13:07",1
"Temper tantrums","a2bec9ef-28a6-41cb-937b-adaf51dd5ca7","2025-03-29 17:13:07","a2bec9ef-28a6-41cb-937b-adaf51dd5ca7","2025-03-29 17:13:07",1
"Accelerated Reader 2.9.","a2bec9ef-28a6-41cb-937b-adaf51dd5ca7","2025-03-29 17:13:07","a2bec9ef-28a6-41cb-937b-adaf51dd5ca7","2025-03-29 17:13:07",1
"Caldecott Medal books","a2bec9ef-28a6-41cb-937b-adaf51dd5ca7","2025-03-29 17:13:07","a2bec9ef-28a6-41cb-937b-adaf51dd5ca7","2025-03-29 17:13:07",1
"People & Places","a2bec9ef-28a6-41cb-937b-adaf51dd5ca7","2025-03-29 17:13:07","a2bec9ef-28a6-41cb-937b-adaf51dd5ca7","2025-03-29 17:13:07",1
"Hispanic & Latino","a2bec9ef-28a6-41cb-937b-adaf51dd5ca7","2025-03-29 17:13:07","a2bec9ef-28a6-41cb-937b-adaf51dd5ca7","2025-03-29 17:13:07",1
"French Juvenile fiction","a2bec9ef-28a6-41cb-937b-adaf51dd5ca7","2025-03-29 17:13:07","a2bec9ef-28a6-41cb-937b-adaf51dd5ca7","2025-03-29 17:13:07",1
"Juvenile fiction, French","a2bec9ef-28a6-41cb-937b-adaf51dd5ca7","2025-03-29 17:13:07","a2bec9ef-28a6-41cb-937b-adaf51dd5ca7","2025-03-29 17:13:07",1
"collectionID:caldecott60","a2bec9ef-28a6-41cb-937b-adaf51dd5ca7","2025-03-29 17:13:07","a2bec9ef-28a6-41cb-937b-adaf51dd5ca7","2025-03-29 17:13:07",1
"Dreams, fiction","a2bec9ef-28a6-41cb-937b-adaf51dd5ca7","2025-03-29 17:13:07","a2bec9ef-28a6-41cb-937b-adaf51dd5ca7","2025-03-29 17:13:07",1
"Ouvrages illustrés","a2bec9ef-28a6-41cb-937b-adaf51dd5ca7","2025-03-29 17:13:07","a2bec9ef-28a6-41cb-937b-adaf51dd5ca7","2025-03-29 17:13:07",1
"Littérature de jeunesse anglaise","a2bec9ef-28a6-41cb-937b-adaf51dd5ca7","2025-03-29 17:13:07","a2bec9ef-28a6-41cb-937b-adaf51dd5ca7","2025-03-29 17:13:07",1
"award:Caldecott_award","a2bec9ef-28a6-41cb-937b-adaf51dd5ca7","2025-03-29 17:13:07","a2bec9ef-28a6-41cb-937b-adaf51dd5ca7","2025-03-29 17:13:07",1
"lexile:740","a2bec9ef-28a6-41cb-937b-adaf51dd5ca7","2025-03-29 17:13:07","a2bec9ef-28a6-41cb-937b-adaf51dd5ca7","2025-03-29 17:13:07",1
"lexile_code:AD","a2bec9ef-28a6-41cb-937b-adaf51dd5ca7","2025-03-29 17:13:07","a2bec9ef-28a6-41cb-937b-adaf51dd5ca7","2025-03-29 17:13:07",1
"age:min:1","a2bec9ef-28a6-41cb-937b-adaf51dd5ca7","2025-03-29 17:13:07","a2bec9ef-28a6-41cb-937b-adaf51dd5ca7","2025-03-29 17:13:07",1
"age:max:5","a2bec9ef-28a6-41cb-937b-adaf51dd5ca7","2025-03-29 17:13:07","a2bec9ef-28a6-41cb-937b-adaf51dd5ca7","2025-03-29 17:13:07",1
"Islands, fiction","a2bec9ef-28a6-41cb-937b-adaf51dd5ca7","2025-03-29 17:13:07","a2bec9ef-28a6-41cb-937b-adaf51dd5ca7","2025-03-29 17:13:07",1
"Cooks","a2bec9ef-28a6-41cb-937b-adaf51dd5ca7","2025-03-29 17:13:07","a2bec9ef-28a6-41cb-937b-adaf51dd5ca7","2025-03-29 17:13:07",1
"Cocineros","a2bec9ef-28a6-41cb-937b-adaf51dd5ca7","2025-03-29 17:13:07","a2bec9ef-28a6-41cb-937b-adaf51dd5ca7","2025-03-29 17:13:07",1
"Biografía","a2bec9ef-28a6-41cb-937b-adaf51dd5ca7","2025-03-29 17:13:07","a2bec9ef-28a6-41cb-937b-adaf51dd5ca7","2025-03-29 17:13:07",1
"nyt:e-book_nonfiction=2011-10-08","a2bec9ef-28a6-41cb-937b-adaf51dd5ca7","2025-03-29 17:13:07","a2bec9ef-28a6-41cb-937b-adaf51dd5ca7","2025-03-29 17:13:07",1
"Restaurants","a2bec9ef-28a6-41cb-937b-adaf51dd5ca7","2025-03-29 17:13:07","a2bec9ef-28a6-41cb-937b-adaf51dd5ca7","2025-03-29 17:13:07",1
"Restaurateurs","a2bec9ef-28a6-41cb-937b-adaf51dd5ca7","2025-03-29 17:13:07","a2bec9ef-28a6-41cb-937b-adaf51dd5ca7","2025-03-29 17:13:07",1
"Anecdotes","a2bec9ef-28a6-41cb-937b-adaf51dd5ca7","2025-03-29 17:13:07","a2bec9ef-28a6-41cb-937b-adaf51dd5ca7","2025-03-29 17:13:07",1
"Cooks, biography","a2bec9ef-28a6-41cb-937b-adaf51dd5ca7","2025-03-29 17:13:07","a2bec9ef-28a6-41cb-937b-adaf51dd5ca7","2025-03-29 17:13:07",1
"New york (n.y.), biography","a2bec9ef-28a6-41cb-937b-adaf51dd5ca7","2025-03-29 17:13:07","a2bec9ef-28a6-41cb-937b-adaf51dd5ca7","2025-03-29 17:13:07",1
"Gastronomy","a2bec9ef-28a6-41cb-937b-adaf51dd5ca7","2025-03-29 17:13:07","a2bec9ef-28a6-41cb-937b-adaf51dd5ca7","2025-03-29 17:13:07",1
"Biografi","a2bec9ef-28a6-41cb-937b-adaf51dd5ca7","2025-03-29 17:13:07","a2bec9ef-28a6-41cb-937b-adaf51dd5ca7","2025-03-29 17:13:07",1
"Kockar","a2bec9ef-28a6-41cb-937b-adaf51dd5ca7","2025-03-29 17:13:07","a2bec9ef-28a6-41cb-937b-adaf51dd5ca7","2025-03-29 17:13:07",1
"Rand Al'Thor (Fictitious character)","a2bec9ef-28a6-41cb-937b-adaf51dd5ca7","2025-03-29 17:13:07","a2bec9ef-28a6-41cb-937b-adaf51dd5ca7","2025-03-29 17:13:07",1
"Trojan War","a2bec9ef-28a6-41cb-937b-adaf51dd5ca7","2025-03-29 17:13:07","a2bec9ef-28a6-41cb-937b-adaf51dd5ca7","2025-03-29 17:13:07",1
"Achilles (Greek mythology)","a2bec9ef-28a6-41cb-937b-adaf51dd5ca7","2025-03-29 17:13:07","a2bec9ef-28a6-41cb-937b-adaf51dd5ca7","2025-03-29 17:13:07",1
"Gay love","a2bec9ef-28a6-41cb-937b-adaf51dd5ca7","2025-03-29 17:13:07","a2bec9ef-28a6-41cb-937b-adaf51dd5ca7","2025-03-29 17:13:07",1
"Thetis","a2bec9ef-28a6-41cb-937b-adaf51dd5ca7","2025-03-29 17:13:07","a2bec9ef-28a6-41cb-937b-adaf51dd5ca7","2025-03-29 17:13:07",1
"Greeks","a2bec9ef-28a6-41cb-937b-adaf51dd5ca7","2025-03-29 17:13:07","a2bec9ef-28a6-41cb-937b-adaf51dd5ca7","2025-03-29 17:13:07",1
"Trojan War. fast (OCoLC)fst01157294","a2bec9ef-28a6-41cb-937b-adaf51dd5ca7","2025-03-29 17:13:07","a2bec9ef-28a6-41cb-937b-adaf51dd5ca7","2025-03-29 17:13:07",1
"LGBTQ historical fiction","a2bec9ef-28a6-41cb-937b-adaf51dd5ca7","2025-03-29 17:13:07","a2bec9ef-28a6-41cb-937b-adaf51dd5ca7","2025-03-29 17:13:07",1
"Stonewall Book Awards","a2bec9ef-28a6-41cb-937b-adaf51dd5ca7","2025-03-29 17:13:07","a2bec9ef-28a6-41cb-937b-adaf51dd5ca7","2025-03-29 17:13:07",1
"nyt:trade-fiction-paperback=2020-08-30","a2bec9ef-28a6-41cb-937b-adaf51dd5ca7","2025-03-29 17:13:07","a2bec9ef-28a6-41cb-937b-adaf51dd5ca7","2025-03-29 17:13:07",1
"Amitié masculine","a2bec9ef-28a6-41cb-937b-adaf51dd5ca7","2025-03-29 17:13:07","a2bec9ef-28a6-41cb-937b-adaf51dd5ca7","2025-03-29 17:13:07",1
"Guerre de Troie","a2bec9ef-28a6-41cb-937b-adaf51dd5ca7","2025-03-29 17:13:07","a2bec9ef-28a6-41cb-937b-adaf51dd5ca7","2025-03-29 17:13:07",1
"Gay fiction","a2bec9ef-28a6-41cb-937b-adaf51dd5ca7","2025-03-29 17:13:07","a2bec9ef-28a6-41cb-937b-adaf51dd5ca7","2025-03-29 17:13:07",1
"Speculation","a2bec9ef-28a6-41cb-937b-adaf51dd5ca7","2025-03-29 17:13:07","a2bec9ef-28a6-41cb-937b-adaf51dd5ca7","2025-03-29 17:13:07",1
"Stocks","a2bec9ef-28a6-41cb-937b-adaf51dd5ca7","2025-03-29 17:13:07","a2bec9ef-28a6-41cb-937b-adaf51dd5ca7","2025-03-29 17:13:07",1
"Stock exchanges","a2bec9ef-28a6-41cb-937b-adaf51dd5ca7","2025-03-29 17:13:07","a2bec9ef-28a6-41cb-937b-adaf51dd5ca7","2025-03-29 17:13:07",1
"Securities industry","a2bec9ef-28a6-41cb-937b-adaf51dd5ca7","2025-03-29 17:13:07","a2bec9ef-28a6-41cb-937b-adaf51dd5ca7","2025-03-29 17:13:07",1
"severe poverty","a2bec9ef-28a6-41cb-937b-adaf51dd5ca7","2025-03-29 17:13:07","a2bec9ef-28a6-41cb-937b-adaf51dd5ca7","2025-03-29 17:13:07",1
"starvation","a2bec9ef-28a6-41cb-937b-adaf51dd5ca7","2025-03-29 17:13:07","a2bec9ef-28a6-41cb-937b-adaf51dd5ca7","2025-03-29 17:13:07",1
"oppression","a2bec9ef-28a6-41cb-937b-adaf51dd5ca7","2025-03-29 17:13:07","a2bec9ef-28a6-41cb-937b-adaf51dd5ca7","2025-03-29 17:13:07",1
"effects of war","a2bec9ef-28a6-41cb-937b-adaf51dd5ca7","2025-03-29 17:13:07","a2bec9ef-28a6-41cb-937b-adaf51dd5ca7","2025-03-29 17:13:07",1
"self-sacrifice","a2bec9ef-28a6-41cb-937b-adaf51dd5ca7","2025-03-29 17:13:07","a2bec9ef-28a6-41cb-937b-adaf51dd5ca7","2025-03-29 17:13:07",1
"Apocalyptic fiction","a2bec9ef-28a6-41cb-937b-adaf51dd5ca7","2025-03-29 17:13:07","a2bec9ef-28a6-41cb-937b-adaf51dd5ca7","2025-03-29 17:13:07",1
"Dystopian fiction","a2bec9ef-28a6-41cb-937b-adaf51dd5ca7","2025-03-29 17:13:07","a2bec9ef-28a6-41cb-937b-adaf51dd5ca7","2025-03-29 17:13:07",1
"contensts","a2bec9ef-28a6-41cb-937b-adaf51dd5ca7","2025-03-29 17:13:07","a2bec9ef-28a6-41cb-937b-adaf51dd5ca7","2025-03-29 17:13:07",1
"Game shows","a2bec9ef-28a6-41cb-937b-adaf51dd5ca7","2025-03-29 17:13:07","a2bec9ef-28a6-41cb-937b-adaf51dd5ca7","2025-03-29 17:13:07",1
"Television programs","a2bec9ef-28a6-41cb-937b-adaf51dd5ca7","2025-03-29 17:13:07","a2bec9ef-28a6-41cb-937b-adaf51dd5ca7","2025-03-29 17:13:07",1
"nyt:series_books=2010-08-21","a2bec9ef-28a6-41cb-937b-adaf51dd5ca7","2025-03-29 17:13:07","a2bec9ef-28a6-41cb-937b-adaf51dd5ca7","2025-03-29 17:13:07",1
"Reality television programs","a2bec9ef-28a6-41cb-937b-adaf51dd5ca7","2025-03-29 17:13:07","a2bec9ef-28a6-41cb-937b-adaf51dd5ca7","2025-03-29 17:13:07",1
"Television game shows","a2bec9ef-28a6-41cb-937b-adaf51dd5ca7","2025-03-29 17:13:07","a2bec9ef-28a6-41cb-937b-adaf51dd5ca7","2025-03-29 17:13:07",1
"Survival skills","a2bec9ef-28a6-41cb-937b-adaf51dd5ca7","2025-03-29 17:13:07","a2bec9ef-28a6-41cb-937b-adaf51dd5ca7","2025-03-29 17:13:07",1
"Survival Stories","a2bec9ef-28a6-41cb-937b-adaf51dd5ca7","2025-03-29 17:13:07","a2bec9ef-28a6-41cb-937b-adaf51dd5ca7","2025-03-29 17:13:07",1
"Survival, fiction","a2bec9ef-28a6-41cb-937b-adaf51dd5ca7","2025-03-29 17:13:07","a2bec9ef-28a6-41cb-937b-adaf51dd5ca7","2025-03-29 17:13:07",1
"Television, fiction","a2bec9ef-28a6-41cb-937b-adaf51dd5ca7","2025-03-29 17:13:07","a2bec9ef-28a6-41cb-937b-adaf51dd5ca7","2025-03-29 17:13:07",1
"violent","a2bec9ef-28a6-41cb-937b-adaf51dd5ca7","2025-03-29 17:13:07","a2bec9ef-28a6-41cb-937b-adaf51dd5ca7","2025-03-29 17:13:07",1
"life risking","a2bec9ef-28a6-41cb-937b-adaf51dd5ca7","2025-03-29 17:13:07","a2bec9ef-28a6-41cb-937b-adaf51dd5ca7","2025-03-29 17:13:07",1
"bravery.","a2bec9ef-28a6-41cb-937b-adaf51dd5ca7","2025-03-29 17:13:07","a2bec9ef-28a6-41cb-937b-adaf51dd5ca7","2025-03-29 17:13:07",1
"Roman d'aventures","a2bec9ef-28a6-41cb-937b-adaf51dd5ca7","2025-03-29 17:13:07","a2bec9ef-28a6-41cb-937b-adaf51dd5ca7","2025-03-29 17:13:07",1
"Relations humaines","a2bec9ef-28a6-41cb-937b-adaf51dd5ca7","2025-03-29 17:13:07","a2bec9ef-28a6-41cb-937b-adaf51dd5ca7","2025-03-29 17:13:07",1
"Émissions televiseés","a2bec9ef-28a6-41cb-937b-adaf51dd5ca7","2025-03-29 17:13:07","a2bec9ef-28a6-41cb-937b-adaf51dd5ca7","2025-03-29 17:13:07",1
"Programas de televisión","a2bec9ef-28a6-41cb-937b-adaf51dd5ca7","2025-03-29 17:13:07","a2bec9ef-28a6-41cb-937b-adaf51dd5ca7","2025-03-29 17:13:07",1
"Concursos","a2bec9ef-28a6-41cb-937b-adaf51dd5ca7","2025-03-29 17:13:07","a2bec9ef-28a6-41cb-937b-adaf51dd5ca7","2025-03-29 17:13:07",1
"Fantastische Erzahlung","a2bec9ef-28a6-41cb-937b-adaf51dd5ca7","2025-03-29 17:13:07","a2bec9ef-28a6-41cb-937b-adaf51dd5ca7","2025-03-29 17:13:07",1
"Contests Fiction","a2bec9ef-28a6-41cb-937b-adaf51dd5ca7","2025-03-29 17:13:07","a2bec9ef-28a6-41cb-937b-adaf51dd5ca7","2025-03-29 17:13:07",1
"Fictional Work","a2bec9ef-28a6-41cb-937b-adaf51dd5ca7","2025-03-29 17:13:07","a2bec9ef-28a6-41cb-937b-adaf51dd5ca7","2025-03-29 17:13:07",1
"Interpersonal relations Fiction","a2bec9ef-28a6-41cb-937b-adaf51dd5ca7","2025-03-29 17:13:07","a2bec9ef-28a6-41cb-937b-adaf51dd5ca7","2025-03-29 17:13:07",1
"Jeux télévisés Romans, nouvelles, etc. pour la jeunesse","a2bec9ef-28a6-41cb-937b-adaf51dd5ca7","2025-03-29 17:13:07","a2bec9ef-28a6-41cb-937b-adaf51dd5ca7","2025-03-29 17:13:07",1
"Reality television programs Fiction","a2bec9ef-28a6-41cb-937b-adaf51dd5ca7","2025-03-29 17:13:07","a2bec9ef-28a6-41cb-937b-adaf51dd5ca7","2025-03-29 17:13:07",1
"Reality television programs Juvenile fiction","a2bec9ef-28a6-41cb-937b-adaf51dd5ca7","2025-03-29 17:13:07","a2bec9ef-28a6-41cb-937b-adaf51dd5ca7","2025-03-29 17:13:07",1
"Survival Fiction","a2bec9ef-28a6-41cb-937b-adaf51dd5ca7","2025-03-29 17:13:07","a2bec9ef-28a6-41cb-937b-adaf51dd5ca7","2025-03-29 17:13:07",1
"Survival skills Fiction","a2bec9ef-28a6-41cb-937b-adaf51dd5ca7","2025-03-29 17:13:07","a2bec9ef-28a6-41cb-937b-adaf51dd5ca7","2025-03-29 17:13:07",1
"Television game shows Juvenile fiction","a2bec9ef-28a6-41cb-937b-adaf51dd5ca7","2025-03-29 17:13:07","a2bec9ef-28a6-41cb-937b-adaf51dd5ca7","2025-03-29 17:13:07",1
"Television programs Fiction","a2bec9ef-28a6-41cb-937b-adaf51dd5ca7","2025-03-29 17:13:07","a2bec9ef-28a6-41cb-937b-adaf51dd5ca7","2025-03-29 17:13:07",1
"Émissions télévisées","a2bec9ef-28a6-41cb-937b-adaf51dd5ca7","2025-03-29 17:13:07","a2bec9ef-28a6-41cb-937b-adaf51dd5ca7","2025-03-29 17:13:07",1
"Televisión","a2bec9ef-28a6-41cb-937b-adaf51dd5ca7","2025-03-29 17:13:07","a2bec9ef-28a6-41cb-937b-adaf51dd5ca7","2025-03-29 17:13:07",1
"Programas","a2bec9ef-28a6-41cb-937b-adaf51dd5ca7","2025-03-29 17:13:07","a2bec9ef-28a6-41cb-937b-adaf51dd5ca7","2025-03-29 17:13:07",1
"Competencias","a2bec9ef-28a6-41cb-937b-adaf51dd5ca7","2025-03-29 17:13:07","a2bec9ef-28a6-41cb-937b-adaf51dd5ca7","2025-03-29 17:13:07",1
"Chinese language materials","a2bec9ef-28a6-41cb-937b-adaf51dd5ca7","2025-03-29 17:13:07","a2bec9ef-28a6-41cb-937b-adaf51dd5ca7","2025-03-29 17:13:07",1
"American literature, study and teaching","a2bec9ef-28a6-41cb-937b-adaf51dd5ca7","2025-03-29 17:13:07","a2bec9ef-28a6-41cb-937b-adaf51dd5ca7","2025-03-29 17:13:07",1
"Hund","a2bec9ef-28a6-41cb-937b-adaf51dd5ca7","2025-03-29 17:13:07","a2bec9ef-28a6-41cb-937b-adaf51dd5ca7","2025-03-29 17:13:07",1
"Einsamkeit","a2bec9ef-28a6-41cb-937b-adaf51dd5ca7","2025-03-29 17:13:07","a2bec9ef-28a6-41cb-937b-adaf51dd5ca7","2025-03-29 17:13:07",1
"Madchen","a2bec9ef-28a6-41cb-937b-adaf51dd5ca7","2025-03-29 17:13:07","a2bec9ef-28a6-41cb-937b-adaf51dd5ca7","2025-03-29 17:13:07",1
"Teaching, aids and devices","a2bec9ef-28a6-41cb-937b-adaf51dd5ca7","2025-03-29 17:13:07","a2bec9ef-28a6-41cb-937b-adaf51dd5ca7","2025-03-29 17:13:07",1
"Dogs","a2bec9ef-28a6-41cb-937b-adaf51dd5ca7","2025-03-29 17:13:07","a2bec9ef-28a6-41cb-937b-adaf51dd5ca7","2025-03-29 17:13:07",1
"Urban animals","a2bec9ef-28a6-41cb-937b-adaf51dd5ca7","2025-03-29 17:13:07","a2bec9ef-28a6-41cb-937b-adaf51dd5ca7","2025-03-29 17:13:07",1
"Pets","a2bec9ef-28a6-41cb-937b-adaf51dd5ca7","2025-03-29 17:13:07","a2bec9ef-28a6-41cb-937b-adaf51dd5ca7","2025-03-29 17:13:07",1
"City and town life","a2bec9ef-28a6-41cb-937b-adaf51dd5ca7","2025-03-29 17:13:07","a2bec9ef-28a6-41cb-937b-adaf51dd5ca7","2025-03-29 17:13:07",1
"Emotions & Feelings","a2bec9ef-28a6-41cb-937b-adaf51dd5ca7","2025-03-29 17:13:07","a2bec9ef-28a6-41cb-937b-adaf51dd5ca7","2025-03-29 17:13:07",1
"Dogs, fiction","a2bec9ef-28a6-41cb-937b-adaf51dd5ca7","2025-03-29 17:13:07","a2bec9ef-28a6-41cb-937b-adaf51dd5ca7","2025-03-29 17:13:07",1
"Girls, fiction","a2bec9ef-28a6-41cb-937b-adaf51dd5ca7","2025-03-29 17:13:07","a2bec9ef-28a6-41cb-937b-adaf51dd5ca7","2025-03-29 17:13:07",1
"Vida urbana","a2bec9ef-28a6-41cb-937b-adaf51dd5ca7","2025-03-29 17:13:07","a2bec9ef-28a6-41cb-937b-adaf51dd5ca7","2025-03-29 17:13:07",1
"Perros","a2bec9ef-28a6-41cb-937b-adaf51dd5ca7","2025-03-29 17:13:07","a2bec9ef-28a6-41cb-937b-adaf51dd5ca7","2025-03-29 17:13:07",1
"Human-animal relationships, fiction","a2bec9ef-28a6-41cb-937b-adaf51dd5ca7","2025-03-29 17:13:07","a2bec9ef-28a6-41cb-937b-adaf51dd5ca7","2025-03-29 17:13:07",1
"Southern states, fiction","a2bec9ef-28a6-41cb-937b-adaf51dd5ca7","2025-03-29 17:13:07","a2bec9ef-28a6-41cb-937b-adaf51dd5ca7","2025-03-29 17:13:07",1
"Canadian poetry","a2bec9ef-28a6-41cb-937b-adaf51dd5ca7","2025-03-29 17:13:07","a2bec9ef-28a6-41cb-937b-adaf51dd5ca7","2025-03-29 17:13:07",1
"Poetry (poetic works by one author)","a2bec9ef-28a6-41cb-937b-adaf51dd5ca7","2025-03-29 17:13:07","a2bec9ef-28a6-41cb-937b-adaf51dd5ca7","2025-03-29 17:13:07",1
"nyt:trade-fiction-paperback=2016-05-01","a2bec9ef-28a6-41cb-937b-adaf51dd5ca7","2025-03-29 17:13:07","a2bec9ef-28a6-41cb-937b-adaf51dd5ca7","2025-03-29 17:13:07",1
"BODY, MIND & SPIRIT","a2bec9ef-28a6-41cb-937b-adaf51dd5ca7","2025-03-29 17:13:07","a2bec9ef-28a6-41cb-937b-adaf51dd5ca7","2025-03-29 17:13:07",1
"FICTION","a2bec9ef-28a6-41cb-937b-adaf51dd5ca7","2025-03-29 17:13:07","a2bec9ef-28a6-41cb-937b-adaf51dd5ca7","2025-03-29 17:13:07",1
"Lyrik","a2bec9ef-28a6-41cb-937b-adaf51dd5ca7","2025-03-29 17:13:07","a2bec9ef-28a6-41cb-937b-adaf51dd5ca7","2025-03-29 17:13:07",1
"Kvinnor","a2bec9ef-28a6-41cb-937b-adaf51dd5ca7","2025-03-29 17:13:07","a2bec9ef-28a6-41cb-937b-adaf51dd5ca7","2025-03-29 17:13:07",1
"American poetry","a2bec9ef-28a6-41cb-937b-adaf51dd5ca7","2025-03-29 17:13:07","a2bec9ef-28a6-41cb-937b-adaf51dd5ca7","2025-03-29 17:13:07",1
"collectionID:KellerChallenge","a2bec9ef-28a6-41cb-937b-adaf51dd5ca7","2025-03-29 17:13:07","a2bec9ef-28a6-41cb-937b-adaf51dd5ca7","2025-03-29 17:13:07",1
"banned books","a2bec9ef-28a6-41cb-937b-adaf51dd5ca7","2025-03-29 17:13:07","a2bec9ef-28a6-41cb-937b-adaf51dd5ca7","2025-03-29 17:13:07",1
"collectionID:AlpineChallenge","a2bec9ef-28a6-41cb-937b-adaf51dd5ca7","2025-03-29 17:13:07","a2bec9ef-28a6-41cb-937b-adaf51dd5ca7","2025-03-29 17:13:07",1
"FICTION / Romance","a2bec9ef-28a6-41cb-937b-adaf51dd5ca7","2025-03-29 17:13:07","a2bec9ef-28a6-41cb-937b-adaf51dd5ca7","2025-03-29 17:13:07",1
"Christmas stories.sh","a2bec9ef-28a6-41cb-937b-adaf51dd5ca7","2025-03-29 17:13:07","a2bec9ef-28a6-41cb-937b-adaf51dd5ca7","2025-03-29 17:13:07",1
"Children's stories.sh","a2bec9ef-28a6-41cb-937b-adaf51dd5ca7","2025-03-29 17:13:07","a2bec9ef-28a6-41cb-937b-adaf51dd5ca7","2025-03-29 17:13:07",1
"Grinch (fictitious character), fiction","a2bec9ef-28a6-41cb-937b-adaf51dd5ca7","2025-03-29 17:13:07","a2bec9ef-28a6-41cb-937b-adaf51dd5ca7","2025-03-29 17:13:07",1
"Noël","a2bec9ef-28a6-41cb-937b-adaf51dd5ca7","2025-03-29 17:13:07","a2bec9ef-28a6-41cb-937b-adaf51dd5ca7","2025-03-29 17:13:07",1
"Histoires rimées","a2bec9ef-28a6-41cb-937b-adaf51dd5ca7","2025-03-29 17:13:07","a2bec9ef-28a6-41cb-937b-adaf51dd5ca7","2025-03-29 17:13:07",1
"Contes","a2bec9ef-28a6-41cb-937b-adaf51dd5ca7","2025-03-29 17:13:07","a2bec9ef-28a6-41cb-937b-adaf51dd5ca7","2025-03-29 17:13:07",1
"Grinch (Fictitious character)","a2bec9ef-28a6-41cb-937b-adaf51dd5ca7","2025-03-29 17:13:07","a2bec9ef-28a6-41cb-937b-adaf51dd5ca7","2025-03-29 17:13:07",1
"American Christmas stories","a2bec9ef-28a6-41cb-937b-adaf51dd5ca7","2025-03-29 17:13:07","a2bec9ef-28a6-41cb-937b-adaf51dd5ca7","2025-03-29 17:13:07",1
"Translations into Latin","a2bec9ef-28a6-41cb-937b-adaf51dd5ca7","2025-03-29 17:13:07","a2bec9ef-28a6-41cb-937b-adaf51dd5ca7","2025-03-29 17:13:07",1
"ficción","a2bec9ef-28a6-41cb-937b-adaf51dd5ca7","2025-03-29 17:13:07","a2bec9ef-28a6-41cb-937b-adaf51dd5ca7","2025-03-29 17:13:07",1
"ficciones","a2bec9ef-28a6-41cb-937b-adaf51dd5ca7","2025-03-29 17:13:07","a2bec9ef-28a6-41cb-937b-adaf51dd5ca7","2025-03-29 17:13:07",1
"Romántica","a2bec9ef-28a6-41cb-937b-adaf51dd5ca7","2025-03-29 17:13:07","a2bec9ef-28a6-41cb-937b-adaf51dd5ca7","2025-03-29 17:13:07",1
"Romántico","a2bec9ef-28a6-41cb-937b-adaf51dd5ca7","2025-03-29 17:13:07","a2bec9ef-28a6-41cb-937b-adaf51dd5ca7","2025-03-29 17:13:07",1
"joven adulto","a2bec9ef-28a6-41cb-937b-adaf51dd5ca7","2025-03-29 17:13:07","a2bec9ef-28a6-41cb-937b-adaf51dd5ca7","2025-03-29 17:13:07",1
"Mental discipline","a2bec9ef-28a6-41cb-937b-adaf51dd5ca7","2025-03-29 17:13:07","a2bec9ef-28a6-41cb-937b-adaf51dd5ca7","2025-03-29 17:13:07",1
"Subconsciousness","a2bec9ef-28a6-41cb-937b-adaf51dd5ca7","2025-03-29 17:13:07","a2bec9ef-28a6-41cb-937b-adaf51dd5ca7","2025-03-29 17:13:07",1
"Disciplina mental","a2bec9ef-28a6-41cb-937b-adaf51dd5ca7","2025-03-29 17:13:07","a2bec9ef-28a6-41cb-937b-adaf51dd5ca7","2025-03-29 17:13:07",1
"Subconsciencia","a2bec9ef-28a6-41cb-937b-adaf51dd5ca7","2025-03-29 17:13:07","a2bec9ef-28a6-41cb-937b-adaf51dd5ca7","2025-03-29 17:13:07",1
"Personal success","a2bec9ef-28a6-41cb-937b-adaf51dd5ca7","2025-03-29 17:13:07","a2bec9ef-28a6-41cb-937b-adaf51dd5ca7","2025-03-29 17:13:07",1
"Psychology Unconscious","a2bec9ef-28a6-41cb-937b-adaf51dd5ca7","2025-03-29 17:13:07","a2bec9ef-28a6-41cb-937b-adaf51dd5ca7","2025-03-29 17:13:07",1
"Achievement","a2bec9ef-28a6-41cb-937b-adaf51dd5ca7","2025-03-29 17:13:07","a2bec9ef-28a6-41cb-937b-adaf51dd5ca7","2025-03-29 17:13:07",1
"Éducation et discipline mentales","a2bec9ef-28a6-41cb-937b-adaf51dd5ca7","2025-03-29 17:13:07","a2bec9ef-28a6-41cb-937b-adaf51dd5ca7","2025-03-29 17:13:07",1
"Inconscient","a2bec9ef-28a6-41cb-937b-adaf51dd5ca7","2025-03-29 17:13:07","a2bec9ef-28a6-41cb-937b-adaf51dd5ca7","2025-03-29 17:13:07",1
"Succès","a2bec9ef-28a6-41cb-937b-adaf51dd5ca7","2025-03-29 17:13:07","a2bec9ef-28a6-41cb-937b-adaf51dd5ca7","2025-03-29 17:13:07",1
"Pshycology","a2bec9ef-28a6-41cb-937b-adaf51dd5ca7","2025-03-29 17:13:07","a2bec9ef-28a6-41cb-937b-adaf51dd5ca7","2025-03-29 17:13:07",1
"self development","a2bec9ef-28a6-41cb-937b-adaf51dd5ca7","2025-03-29 17:13:07","a2bec9ef-28a6-41cb-937b-adaf51dd5ca7","2025-03-29 17:13:07",1
"Personal development","a2bec9ef-28a6-41cb-937b-adaf51dd5ca7","2025-03-29 17:13:07","a2bec9ef-28a6-41cb-937b-adaf51dd5ca7","2025-03-29 17:13:07",1
"Mind power","a2bec9ef-28a6-41cb-937b-adaf51dd5ca7","2025-03-29 17:13:07","a2bec9ef-28a6-41cb-937b-adaf51dd5ca7","2025-03-29 17:13:07",1
"Law of attraction","a2bec9ef-28a6-41cb-937b-adaf51dd5ca7","2025-03-29 17:13:07","a2bec9ef-28a6-41cb-937b-adaf51dd5ca7","2025-03-29 17:13:07",1
"Subconscious mind","a2bec9ef-28a6-41cb-937b-adaf51dd5ca7","2025-03-29 17:13:07","a2bec9ef-28a6-41cb-937b-adaf51dd5ca7","2025-03-29 17:13:07",1
"Positive thinking","a2bec9ef-28a6-41cb-937b-adaf51dd5ca7","2025-03-29 17:13:07","a2bec9ef-28a6-41cb-937b-adaf51dd5ca7","2025-03-29 17:13:07",1
"Visualization","a2bec9ef-28a6-41cb-937b-adaf51dd5ca7","2025-03-29 17:13:07","a2bec9ef-28a6-41cb-937b-adaf51dd5ca7","2025-03-29 17:13:07",1
"Affirmations","a2bec9ef-28a6-41cb-937b-adaf51dd5ca7","2025-03-29 17:13:07","a2bec9ef-28a6-41cb-937b-adaf51dd5ca7","2025-03-29 17:13:07",1
"Goal setting","a2bec9ef-28a6-41cb-937b-adaf51dd5ca7","2025-03-29 17:13:07","a2bec9ef-28a6-41cb-937b-adaf51dd5ca7","2025-03-29 17:13:07",1
"Meditation","a2bec9ef-28a6-41cb-937b-adaf51dd5ca7","2025-03-29 17:13:07","a2bec9ef-28a6-41cb-937b-adaf51dd5ca7","2025-03-29 17:13:07",1
"Spiritual","a2bec9ef-28a6-41cb-937b-adaf51dd5ca7","2025-03-29 17:13:07","a2bec9ef-28a6-41cb-937b-adaf51dd5ca7","2025-03-29 17:13:07",1
"Spirituality","a2bec9ef-28a6-41cb-937b-adaf51dd5ca7","2025-03-29 17:13:07","a2bec9ef-28a6-41cb-937b-adaf51dd5ca7","2025-03-29 17:13:07",1
"sofas","a2bec9ef-28a6-41cb-937b-adaf51dd5ca7","2025-03-29 17:13:07","a2bec9ef-28a6-41cb-937b-adaf51dd5ca7","2025-03-29 17:13:07",1
"xenophobia","a2bec9ef-28a6-41cb-937b-adaf51dd5ca7","2025-03-29 17:13:07","a2bec9ef-28a6-41cb-937b-adaf51dd5ca7","2025-03-29 17:13:07",1
"bird language","a2bec9ef-28a6-41cb-937b-adaf51dd5ca7","2025-03-29 17:13:07","a2bec9ef-28a6-41cb-937b-adaf51dd5ca7","2025-03-29 17:13:07",1
"paradoxes","a2bec9ef-28a6-41cb-937b-adaf51dd5ca7","2025-03-29 17:13:07","a2bec9ef-28a6-41cb-937b-adaf51dd5ca7","2025-03-29 17:13:07",1
"Infinite Improbability Drive","a2bec9ef-28a6-41cb-937b-adaf51dd5ca7","2025-03-29 17:13:07","a2bec9ef-28a6-41cb-937b-adaf51dd5ca7","2025-03-29 17:13:07",1
"Heart of Gold","a2bec9ef-28a6-41cb-937b-adaf51dd5ca7","2025-03-29 17:13:07","a2bec9ef-28a6-41cb-937b-adaf51dd5ca7","2025-03-29 17:13:07",1
"reverse engineering","a2bec9ef-28a6-41cb-937b-adaf51dd5ca7","2025-03-29 17:13:07","a2bec9ef-28a6-41cb-937b-adaf51dd5ca7","2025-03-29 17:13:07",1
"The Ashes","a2bec9ef-28a6-41cb-937b-adaf51dd5ca7","2025-03-29 17:13:07","a2bec9ef-28a6-41cb-937b-adaf51dd5ca7","2025-03-29 17:13:07",1
"Wikkit Gate","a2bec9ef-28a6-41cb-937b-adaf51dd5ca7","2025-03-29 17:13:07","a2bec9ef-28a6-41cb-937b-adaf51dd5ca7","2025-03-29 17:13:07",1
"Trilogy of Five","a2bec9ef-28a6-41cb-937b-adaf51dd5ca7","2025-03-29 17:13:07","a2bec9ef-28a6-41cb-937b-adaf51dd5ca7","2025-03-29 17:13:07",1
"space-time eddy","a2bec9ef-28a6-41cb-937b-adaf51dd5ca7","2025-03-29 17:13:07","a2bec9ef-28a6-41cb-937b-adaf51dd5ca7","2025-03-29 17:13:07",1
"Anachronism","a2bec9ef-28a6-41cb-937b-adaf51dd5ca7","2025-03-29 17:13:07","a2bec9ef-28a6-41cb-937b-adaf51dd5ca7","2025-03-29 17:13:07",1
"Ford Prefect (Fictitious character)","a2bec9ef-28a6-41cb-937b-adaf51dd5ca7","2025-03-29 17:13:07","a2bec9ef-28a6-41cb-937b-adaf51dd5ca7","2025-03-29 17:13:07",1
"Arthur Dent (Fictitious character)","a2bec9ef-28a6-41cb-937b-adaf51dd5ca7","2025-03-29 17:13:07","a2bec9ef-28a6-41cb-937b-adaf51dd5ca7","2025-03-29 17:13:07",1
"Interstellar travel","a2bec9ef-28a6-41cb-937b-adaf51dd5ca7","2025-03-29 17:13:07","a2bec9ef-28a6-41cb-937b-adaf51dd5ca7","2025-03-29 17:13:07",1
"Dent, arthur (fictitious character), fiction","a2bec9ef-28a6-41cb-937b-adaf51dd5ca7","2025-03-29 17:13:07","a2bec9ef-28a6-41cb-937b-adaf51dd5ca7","2025-03-29 17:13:07",1
"Prefect, ford (fictitious character), fiction","a2bec9ef-28a6-41cb-937b-adaf51dd5ca7","2025-03-29 17:13:07","a2bec9ef-28a6-41cb-937b-adaf51dd5ca7","2025-03-29 17:13:07",1
"Dent, Arthur (Fictitious character) Fiction","a2bec9ef-28a6-41cb-937b-adaf51dd5ca7","2025-03-29 17:13:07","a2bec9ef-28a6-41cb-937b-adaf51dd5ca7","2025-03-29 17:13:07",1
"Prefect, Ford (Fictitious character) Fiction","a2bec9ef-28a6-41cb-937b-adaf51dd5ca7","2025-03-29 17:13:07","a2bec9ef-28a6-41cb-937b-adaf51dd5ca7","2025-03-29 17:13:07",1
"Children's poetry, American","a2bec9ef-28a6-41cb-937b-adaf51dd5ca7","2025-03-29 17:13:07","a2bec9ef-28a6-41cb-937b-adaf51dd5ca7","2025-03-29 17:13:07",1
"Humorous poetry","a2bec9ef-28a6-41cb-937b-adaf51dd5ca7","2025-03-29 17:13:07","a2bec9ef-28a6-41cb-937b-adaf51dd5ca7","2025-03-29 17:13:07",1
"Trees","a2bec9ef-28a6-41cb-937b-adaf51dd5ca7","2025-03-29 17:13:07","a2bec9ef-28a6-41cb-937b-adaf51dd5ca7","2025-03-29 17:13:07",1
"Generosity","a2bec9ef-28a6-41cb-937b-adaf51dd5ca7","2025-03-29 17:13:07","a2bec9ef-28a6-41cb-937b-adaf51dd5ca7","2025-03-29 17:13:07",1
"Sacrifice","a2bec9ef-28a6-41cb-937b-adaf51dd5ca7","2025-03-29 17:13:07","a2bec9ef-28a6-41cb-937b-adaf51dd5ca7","2025-03-29 17:13:07",1
"Arboles","a2bec9ef-28a6-41cb-937b-adaf51dd5ca7","2025-03-29 17:13:07","a2bec9ef-28a6-41cb-937b-adaf51dd5ca7","2025-03-29 17:13:07",1
"Life","a2bec9ef-28a6-41cb-937b-adaf51dd5ca7","2025-03-29 17:13:07","a2bec9ef-28a6-41cb-937b-adaf51dd5ca7","2025-03-29 17:13:07",1
"Accelerated Reader 1.6.","a2bec9ef-28a6-41cb-937b-adaf51dd5ca7","2025-03-29 17:13:07","a2bec9ef-28a6-41cb-937b-adaf51dd5ca7","2025-03-29 17:13:07",1
"Multigenerational","a2bec9ef-28a6-41cb-937b-adaf51dd5ca7","2025-03-29 17:13:07","a2bec9ef-28a6-41cb-937b-adaf51dd5ca7","2025-03-29 17:13:07",1
"Trees, fiction","a2bec9ef-28a6-41cb-937b-adaf51dd5ca7","2025-03-29 17:13:07","a2bec9ef-28a6-41cb-937b-adaf51dd5ca7","2025-03-29 17:13:07",1
"Modern Literature","a2bec9ef-28a6-41cb-937b-adaf51dd5ca7","2025-03-29 17:13:07","a2bec9ef-28a6-41cb-937b-adaf51dd5ca7","2025-03-29 17:13:07",1
"Mental Healing","a2bec9ef-28a6-41cb-937b-adaf51dd5ca7","2025-03-29 17:13:07","a2bec9ef-28a6-41cb-937b-adaf51dd5ca7","2025-03-29 17:13:07",1
"Latin language, readers","a2bec9ef-28a6-41cb-937b-adaf51dd5ca7","2025-03-29 17:13:07","a2bec9ef-28a6-41cb-937b-adaf51dd5ca7","2025-03-29 17:13:07",1
"mutants","a2bec9ef-28a6-41cb-937b-adaf51dd5ca7","2025-03-29 17:13:07","a2bec9ef-28a6-41cb-937b-adaf51dd5ca7","2025-03-29 17:13:07",1
"death","a2bec9ef-28a6-41cb-937b-adaf51dd5ca7","2025-03-29 17:13:07","a2bec9ef-28a6-41cb-937b-adaf51dd5ca7","2025-03-29 17:13:07",1
"amputation","a2bec9ef-28a6-41cb-937b-adaf51dd5ca7","2025-03-29 17:13:07","a2bec9ef-28a6-41cb-937b-adaf51dd5ca7","2025-03-29 17:13:07",1
"time","a2bec9ef-28a6-41cb-937b-adaf51dd5ca7","2025-03-29 17:13:07","a2bec9ef-28a6-41cb-937b-adaf51dd5ca7","2025-03-29 17:13:07",1
"foreshadowing","a2bec9ef-28a6-41cb-937b-adaf51dd5ca7","2025-03-29 17:13:07","a2bec9ef-28a6-41cb-937b-adaf51dd5ca7","2025-03-29 17:13:07",1
"first-person narrative","a2bec9ef-28a6-41cb-937b-adaf51dd5ca7","2025-03-29 17:13:07","a2bec9ef-28a6-41cb-937b-adaf51dd5ca7","2025-03-29 17:13:07",1
"hypothermia","a2bec9ef-28a6-41cb-937b-adaf51dd5ca7","2025-03-29 17:13:07","a2bec9ef-28a6-41cb-937b-adaf51dd5ca7","2025-03-29 17:13:07",1
"frostbite","a2bec9ef-28a6-41cb-937b-adaf51dd5ca7","2025-03-29 17:13:07","a2bec9ef-28a6-41cb-937b-adaf51dd5ca7","2025-03-29 17:13:07",1
"miscarriage","a2bec9ef-28a6-41cb-937b-adaf51dd5ca7","2025-03-29 17:13:07","a2bec9ef-28a6-41cb-937b-adaf51dd5ca7","2025-03-29 17:13:07",1
"vasectomy","a2bec9ef-28a6-41cb-937b-adaf51dd5ca7","2025-03-29 17:13:07","a2bec9ef-28a6-41cb-937b-adaf51dd5ca7","2025-03-29 17:13:07",1
"stress","a2bec9ef-28a6-41cb-937b-adaf51dd5ca7","2025-03-29 17:13:07","a2bec9ef-28a6-41cb-937b-adaf51dd5ca7","2025-03-29 17:13:07",1
"Librarians","a2bec9ef-28a6-41cb-937b-adaf51dd5ca7","2025-03-29 17:13:07","a2bec9ef-28a6-41cb-937b-adaf51dd5ca7","2025-03-29 17:13:07",1
"Married people","a2bec9ef-28a6-41cb-937b-adaf51dd5ca7","2025-03-29 17:13:07","a2bec9ef-28a6-41cb-937b-adaf51dd5ca7","2025-03-29 17:13:07",1
"Viaje a través del tiempo","a2bec9ef-28a6-41cb-937b-adaf51dd5ca7","2025-03-29 17:13:07","a2bec9ef-28a6-41cb-937b-adaf51dd5ca7","2025-03-29 17:13:07",1
"Women art students","a2bec9ef-28a6-41cb-937b-adaf51dd5ca7","2025-03-29 17:13:07","a2bec9ef-28a6-41cb-937b-adaf51dd5ca7","2025-03-29 17:13:07",1
"Bibliotecarios","a2bec9ef-28a6-41cb-937b-adaf51dd5ca7","2025-03-29 17:13:07","a2bec9ef-28a6-41cb-937b-adaf51dd5ca7","2025-03-29 17:13:07",1
"Personas casadas","a2bec9ef-28a6-41cb-937b-adaf51dd5ca7","2025-03-29 17:13:07","a2bec9ef-28a6-41cb-937b-adaf51dd5ca7","2025-03-29 17:13:07",1
"Time travel","a2bec9ef-28a6-41cb-937b-adaf51dd5ca7","2025-03-29 17:13:07","a2bec9ef-28a6-41cb-937b-adaf51dd5ca7","2025-03-29 17:13:07",1
"Viajes a través del tiempo","a2bec9ef-28a6-41cb-937b-adaf51dd5ca7","2025-03-29 17:13:07","a2bec9ef-28a6-41cb-937b-adaf51dd5ca7","2025-03-29 17:13:07",1
"Married people, fiction","a2bec9ef-28a6-41cb-937b-adaf51dd5ca7","2025-03-29 17:13:07","a2bec9ef-28a6-41cb-937b-adaf51dd5ca7","2025-03-29 17:13:07",1
"Fiction, romance, time travel","a2bec9ef-28a6-41cb-937b-adaf51dd5ca7","2025-03-29 17:13:07","a2bec9ef-28a6-41cb-937b-adaf51dd5ca7","2025-03-29 17:13:07",1
"Librarians, fiction","a2bec9ef-28a6-41cb-937b-adaf51dd5ca7","2025-03-29 17:13:07","a2bec9ef-28a6-41cb-937b-adaf51dd5ca7","2025-03-29 17:13:07",1
"Women artists, fiction","a2bec9ef-28a6-41cb-937b-adaf51dd5ca7","2025-03-29 17:13:07","a2bec9ef-28a6-41cb-937b-adaf51dd5ca7","2025-03-29 17:13:07",1
"FICTION / Historical","a2bec9ef-28a6-41cb-937b-adaf51dd5ca7","2025-03-29 17:13:07","a2bec9ef-28a6-41cb-937b-adaf51dd5ca7","2025-03-29 17:13:07",1
"nyt:trade-fiction-paperback=2009-07-05","a2bec9ef-28a6-41cb-937b-adaf51dd5ca7","2025-03-29 17:13:07","a2bec9ef-28a6-41cb-937b-adaf51dd5ca7","2025-03-29 17:13:07",1
"Bibliothécaires","a2bec9ef-28a6-41cb-937b-adaf51dd5ca7","2025-03-29 17:13:07","a2bec9ef-28a6-41cb-937b-adaf51dd5ca7","2025-03-29 17:13:07",1
"Voyages dans le temps","a2bec9ef-28a6-41cb-937b-adaf51dd5ca7","2025-03-29 17:13:07","a2bec9ef-28a6-41cb-937b-adaf51dd5ca7","2025-03-29 17:13:07",1
"Couples mariés","a2bec9ef-28a6-41cb-937b-adaf51dd5ca7","2025-03-29 17:13:07","a2bec9ef-28a6-41cb-937b-adaf51dd5ca7","2025-03-29 17:13:07",1
"Étudiantes en art","a2bec9ef-28a6-41cb-937b-adaf51dd5ca7","2025-03-29 17:13:07","a2bec9ef-28a6-41cb-937b-adaf51dd5ca7","2025-03-29 17:13:07",1
"Women artists","a2bec9ef-28a6-41cb-937b-adaf51dd5ca7","2025-03-29 17:13:07","a2bec9ef-28a6-41cb-937b-adaf51dd5ca7","2025-03-29 17:13:07",1
"Librarians--fiction","a2bec9ef-28a6-41cb-937b-adaf51dd5ca7","2025-03-29 17:13:07","a2bec9ef-28a6-41cb-937b-adaf51dd5ca7","2025-03-29 17:13:07",1
"Time travel--fiction","a2bec9ef-28a6-41cb-937b-adaf51dd5ca7","2025-03-29 17:13:07","a2bec9ef-28a6-41cb-937b-adaf51dd5ca7","2025-03-29 17:13:07",1
"Married people--fiction","a2bec9ef-28a6-41cb-937b-adaf51dd5ca7","2025-03-29 17:13:07","a2bec9ef-28a6-41cb-937b-adaf51dd5ca7","2025-03-29 17:13:07",1
"Women art students--fiction","a2bec9ef-28a6-41cb-937b-adaf51dd5ca7","2025-03-29 17:13:07","a2bec9ef-28a6-41cb-937b-adaf51dd5ca7","2025-03-29 17:13:07",1
"Ps3564.i362 t56 2003b","a2bec9ef-28a6-41cb-937b-adaf51dd5ca7","2025-03-29 17:13:07","a2bec9ef-28a6-41cb-937b-adaf51dd5ca7","2025-03-29 17:13:07",1
"Psychologie appliquée","a2bec9ef-28a6-41cb-937b-adaf51dd5ca7","2025-03-29 17:13:07","a2bec9ef-28a6-41cb-937b-adaf51dd5ca7","2025-03-29 17:13:07",1
"Psychologie applique e.","a2bec9ef-28a6-41cb-937b-adaf51dd5ca7","2025-03-29 17:13:07","a2bec9ef-28a6-41cb-937b-adaf51dd5ca7","2025-03-29 17:13:07",1
"Applied Psychology","a2bec9ef-28a6-41cb-937b-adaf51dd5ca7","2025-03-29 17:13:07","a2bec9ef-28a6-41cb-937b-adaf51dd5ca7","2025-03-29 17:13:07",1
"Succe  s.","a2bec9ef-28a6-41cb-937b-adaf51dd5ca7","2025-03-29 17:13:07","a2bec9ef-28a6-41cb-937b-adaf51dd5ca7","2025-03-29 17:13:07",1
"Persuasion (Psychology)","a2bec9ef-28a6-41cb-937b-adaf51dd5ca7","2025-03-29 17:13:07","a2bec9ef-28a6-41cb-937b-adaf51dd5ca7","2025-03-29 17:13:07",1
"Interpersonal communication","a2bec9ef-28a6-41cb-937b-adaf51dd5ca7","2025-03-29 17:13:07","a2bec9ef-28a6-41cb-937b-adaf51dd5ca7","2025-03-29 17:13:07",1
"Conducta (Ética)","a2bec9ef-28a6-41cb-937b-adaf51dd5ca7","2025-03-29 17:13:07","a2bec9ef-28a6-41cb-937b-adaf51dd5ca7","2025-03-29 17:13:07",1
"Cheng gong fa","a2bec9ef-28a6-41cb-937b-adaf51dd5ca7","2025-03-29 17:13:07","a2bec9ef-28a6-41cb-937b-adaf51dd5ca7","2025-03-29 17:13:07",1
"Ren ji guan xi","a2bec9ef-28a6-41cb-937b-adaf51dd5ca7","2025-03-29 17:13:07","a2bec9ef-28a6-41cb-937b-adaf51dd5ca7","2025-03-29 17:13:07",1
"Xiu shen","a2bec9ef-28a6-41cb-937b-adaf51dd5ca7","2025-03-29 17:13:07","a2bec9ef-28a6-41cb-937b-adaf51dd5ca7","2025-03-29 17:13:07",1
"Succes","a2bec9ef-28a6-41cb-937b-adaf51dd5ca7","2025-03-29 17:13:07","a2bec9ef-28a6-41cb-937b-adaf51dd5ca7","2025-03-29 17:13:07",1
"Psychologie appliquee","a2bec9ef-28a6-41cb-937b-adaf51dd5ca7","2025-03-29 17:13:07","a2bec9ef-28a6-41cb-937b-adaf51dd5ca7","2025-03-29 17:13:07",1
"Tong su du wu","a2bec9ef-28a6-41cb-937b-adaf51dd5ca7","2025-03-29 17:13:07","a2bec9ef-28a6-41cb-937b-adaf51dd5ca7","2025-03-29 17:13:07",1
"Self-actualization (Psychology)","a2bec9ef-28a6-41cb-937b-adaf51dd5ca7","2025-03-29 17:13:07","a2bec9ef-28a6-41cb-937b-adaf51dd5ca7","2025-03-29 17:13:07",1
"Framgång","a2bec9ef-28a6-41cb-937b-adaf51dd5ca7","2025-03-29 17:13:07","a2bec9ef-28a6-41cb-937b-adaf51dd5ca7","2025-03-29 17:13:07",1
"Mänskliga relationer","a2bec9ef-28a6-41cb-937b-adaf51dd5ca7","2025-03-29 17:13:07","a2bec9ef-28a6-41cb-937b-adaf51dd5ca7","2025-03-29 17:13:07",1
"Självförverkligande","a2bec9ef-28a6-41cb-937b-adaf51dd5ca7","2025-03-29 17:13:07","a2bec9ef-28a6-41cb-937b-adaf51dd5ca7","2025-03-29 17:13:07",1
"Psychology, applied","a2bec9ef-28a6-41cb-937b-adaf51dd5ca7","2025-03-29 17:13:07","a2bec9ef-28a6-41cb-937b-adaf51dd5ca7","2025-03-29 17:13:07",1
"Sociology","a2bec9ef-28a6-41cb-937b-adaf51dd5ca7","2025-03-29 17:13:07","a2bec9ef-28a6-41cb-937b-adaf51dd5ca7","2025-03-29 17:13:07",1
"Bf637.s8 c37 1998","a2bec9ef-28a6-41cb-937b-adaf51dd5ca7","2025-03-29 17:13:07","a2bec9ef-28a6-41cb-937b-adaf51dd5ca7","2025-03-29 17:13:07",1
"Bf 637.s8 c289 1998","a2bec9ef-28a6-41cb-937b-adaf51dd5ca7","2025-03-29 17:13:07","a2bec9ef-28a6-41cb-937b-adaf51dd5ca7","2025-03-29 17:13:07",1
"158/.1","a2bec9ef-28a6-41cb-937b-adaf51dd5ca7","2025-03-29 17:13:07","a2bec9ef-28a6-41cb-937b-adaf51dd5ca7","2025-03-29 17:13:07",1
"thrillers & suspense","a2bec9ef-28a6-41cb-937b-adaf51dd5ca7","2025-03-29 17:13:07","a2bec9ef-28a6-41cb-937b-adaf51dd5ca7","2025-03-29 17:13:07",1
"crime'","a2bec9ef-28a6-41cb-937b-adaf51dd5ca7","2025-03-29 17:13:07","a2bec9ef-28a6-41cb-937b-adaf51dd5ca7","2025-03-29 17:13:07",1
"Young adult fiction, law & crime","a2bec9ef-28a6-41cb-937b-adaf51dd5ca7","2025-03-29 17:13:07","a2bec9ef-28a6-41cb-937b-adaf51dd5ca7","2025-03-29 17:13:07",1
"nyt:combined-print-and-e-book-fiction=2019-04-28","a2bec9ef-28a6-41cb-937b-adaf51dd5ca7","2025-03-29 17:13:07","a2bec9ef-28a6-41cb-937b-adaf51dd5ca7","2025-03-29 17:13:07",1
"Action/Adventure","a2bec9ef-28a6-41cb-937b-adaf51dd5ca7","2025-03-29 17:13:07","a2bec9ef-28a6-41cb-937b-adaf51dd5ca7","2025-03-29 17:13:07",1
"teen fiction","a2bec9ef-28a6-41cb-937b-adaf51dd5ca7","2025-03-29 17:13:07","a2bec9ef-28a6-41cb-937b-adaf51dd5ca7","2025-03-29 17:13:07",1
"interdependence","a2bec9ef-28a6-41cb-937b-adaf51dd5ca7","2025-03-29 17:13:07","a2bec9ef-28a6-41cb-937b-adaf51dd5ca7","2025-03-29 17:13:07",1
"independence","a2bec9ef-28a6-41cb-937b-adaf51dd5ca7","2025-03-29 17:13:07","a2bec9ef-28a6-41cb-937b-adaf51dd5ca7","2025-03-29 17:13:07",1
"Apocalyptic literature","a2bec9ef-28a6-41cb-937b-adaf51dd5ca7","2025-03-29 17:13:07","a2bec9ef-28a6-41cb-937b-adaf51dd5ca7","2025-03-29 17:13:07",1
"Competition","a2bec9ef-28a6-41cb-937b-adaf51dd5ca7","2025-03-29 17:13:07","a2bec9ef-28a6-41cb-937b-adaf51dd5ca7","2025-03-29 17:13:07",1
"sisters","a2bec9ef-28a6-41cb-937b-adaf51dd5ca7","2025-03-29 17:13:07","a2bec9ef-28a6-41cb-937b-adaf51dd5ca7","2025-03-29 17:13:07",1
"poverty","a2bec9ef-28a6-41cb-937b-adaf51dd5ca7","2025-03-29 17:13:07","a2bec9ef-28a6-41cb-937b-adaf51dd5ca7","2025-03-29 17:13:07",1
"Insurgency","a2bec9ef-28a6-41cb-937b-adaf51dd5ca7","2025-03-29 17:13:07","a2bec9ef-28a6-41cb-937b-adaf51dd5ca7","2025-03-29 17:13:07",1
"Adventures and Adventurers","a2bec9ef-28a6-41cb-937b-adaf51dd5ca7","2025-03-29 17:13:07","a2bec9ef-28a6-41cb-937b-adaf51dd5ca7","2025-03-29 17:13:07",1
"Television","a2bec9ef-28a6-41cb-937b-adaf51dd5ca7","2025-03-29 17:13:07","a2bec9ef-28a6-41cb-937b-adaf51dd5ca7","2025-03-29 17:13:07",1
"Bravery","a2bec9ef-28a6-41cb-937b-adaf51dd5ca7","2025-03-29 17:13:07","a2bec9ef-28a6-41cb-937b-adaf51dd5ca7","2025-03-29 17:13:07",1
"Heroism","a2bec9ef-28a6-41cb-937b-adaf51dd5ca7","2025-03-29 17:13:07","a2bec9ef-28a6-41cb-937b-adaf51dd5ca7","2025-03-29 17:13:07",1
"Defiance and Talking Back","a2bec9ef-28a6-41cb-937b-adaf51dd5ca7","2025-03-29 17:13:07","a2bec9ef-28a6-41cb-937b-adaf51dd5ca7","2025-03-29 17:13:07",1
"Girls","a2bec9ef-28a6-41cb-937b-adaf51dd5ca7","2025-03-29 17:13:07","a2bec9ef-28a6-41cb-937b-adaf51dd5ca7","2025-03-29 17:13:07",1
"Self-Esteem & Self-Reliance","a2bec9ef-28a6-41cb-937b-adaf51dd5ca7","2025-03-29 17:13:07","a2bec9ef-28a6-41cb-937b-adaf51dd5ca7","2025-03-29 17:13:07",1
"Katniss Everdeen (Fictitious character)","a2bec9ef-28a6-41cb-937b-adaf51dd5ca7","2025-03-29 17:13:07","a2bec9ef-28a6-41cb-937b-adaf51dd5ca7","2025-03-29 17:13:07",1
"Insurgencia","a2bec9ef-28a6-41cb-937b-adaf51dd5ca7","2025-03-29 17:13:07","a2bec9ef-28a6-41cb-937b-adaf51dd5ca7","2025-03-29 17:13:07",1
"Distopías","a2bec9ef-28a6-41cb-937b-adaf51dd5ca7","2025-03-29 17:13:07","a2bec9ef-28a6-41cb-937b-adaf51dd5ca7","2025-03-29 17:13:07",1
"nyt:chapter-books=2009-09-20","a2bec9ef-28a6-41cb-937b-adaf51dd5ca7","2025-03-29 17:13:07","a2bec9ef-28a6-41cb-937b-adaf51dd5ca7","2025-03-29 17:13:07",1
"Phantastische Erzahlung","a2bec9ef-28a6-41cb-937b-adaf51dd5ca7","2025-03-29 17:13:07","a2bec9ef-28a6-41cb-937b-adaf51dd5ca7","2025-03-29 17:13:07",1
"Phantastische Literatur","a2bec9ef-28a6-41cb-937b-adaf51dd5ca7","2025-03-29 17:13:07","a2bec9ef-28a6-41cb-937b-adaf51dd5ca7","2025-03-29 17:13:07",1
"Wilderness survival","a2bec9ef-28a6-41cb-937b-adaf51dd5ca7","2025-03-29 17:13:07","a2bec9ef-28a6-41cb-937b-adaf51dd5ca7","2025-03-29 17:13:07",1
"Révoltes","a2bec9ef-28a6-41cb-937b-adaf51dd5ca7","2025-03-29 17:13:07","a2bec9ef-28a6-41cb-937b-adaf51dd5ca7","2025-03-29 17:13:07",1
"Jeux télévisés","a2bec9ef-28a6-41cb-937b-adaf51dd5ca7","2025-03-29 17:13:07","a2bec9ef-28a6-41cb-937b-adaf51dd5ca7","2025-03-29 17:13:07",1
"Dystopies","a2bec9ef-28a6-41cb-937b-adaf51dd5ca7","2025-03-29 17:13:07","a2bec9ef-28a6-41cb-937b-adaf51dd5ca7","2025-03-29 17:13:07",1
"Filles","a2bec9ef-28a6-41cb-937b-adaf51dd5ca7","2025-03-29 17:13:07","a2bec9ef-28a6-41cb-937b-adaf51dd5ca7","2025-03-29 17:13:07",1
"sociopaths","a2bec9ef-28a6-41cb-937b-adaf51dd5ca7","2025-03-29 17:13:07","a2bec9ef-28a6-41cb-937b-adaf51dd5ca7","2025-03-29 17:13:07",1
"dissociative identity disorder","a2bec9ef-28a6-41cb-937b-adaf51dd5ca7","2025-03-29 17:13:07","a2bec9ef-28a6-41cb-937b-adaf51dd5ca7","2025-03-29 17:13:07",1
"civil rights","a2bec9ef-28a6-41cb-937b-adaf51dd5ca7","2025-03-29 17:13:07","a2bec9ef-28a6-41cb-937b-adaf51dd5ca7","2025-03-29 17:13:07",1
"heroin","a2bec9ef-28a6-41cb-937b-adaf51dd5ca7","2025-03-29 17:13:07","a2bec9ef-28a6-41cb-937b-adaf51dd5ca7","2025-03-29 17:13:07",1
"cocaine","a2bec9ef-28a6-41cb-937b-adaf51dd5ca7","2025-03-29 17:13:07","a2bec9ef-28a6-41cb-937b-adaf51dd5ca7","2025-03-29 17:13:07",1
"lobstrosities","a2bec9ef-28a6-41cb-937b-adaf51dd5ca7","2025-03-29 17:13:07","a2bec9ef-28a6-41cb-937b-adaf51dd5ca7","2025-03-29 17:13:07",1
"tarot cards","a2bec9ef-28a6-41cb-937b-adaf51dd5ca7","2025-03-29 17:13:07","a2bec9ef-28a6-41cb-937b-adaf51dd5ca7","2025-03-29 17:13:07",1
"American fantasy fiction","a2bec9ef-28a6-41cb-937b-adaf51dd5ca7","2025-03-29 17:13:07","a2bec9ef-28a6-41cb-937b-adaf51dd5ca7","2025-03-29 17:13:07",1
"second volume (The Dark Tower saga)","a2bec9ef-28a6-41cb-937b-adaf51dd5ca7","2025-03-29 17:13:07","a2bec9ef-28a6-41cb-937b-adaf51dd5ca7","2025-03-29 17:13:07",1
"fantasy fiction","a2bec9ef-28a6-41cb-937b-adaf51dd5ca7","2025-03-29 17:13:07","a2bec9ef-28a6-41cb-937b-adaf51dd5ca7","2025-03-29 17:13:07",1
"Parallel universes","a2bec9ef-28a6-41cb-937b-adaf51dd5ca7","2025-03-29 17:13:07","a2bec9ef-28a6-41cb-937b-adaf51dd5ca7","2025-03-29 17:13:07",1
"Post-apocalpytic","a2bec9ef-28a6-41cb-937b-adaf51dd5ca7","2025-03-29 17:13:07","a2bec9ef-28a6-41cb-937b-adaf51dd5ca7","2025-03-29 17:13:07",1
"American Authors","a2bec9ef-28a6-41cb-937b-adaf51dd5ca7","2025-03-29 17:13:07","a2bec9ef-28a6-41cb-937b-adaf51dd5ca7","2025-03-29 17:13:07",1
"Percy Jackson","a2bec9ef-28a6-41cb-937b-adaf51dd5ca7","2025-03-29 17:13:07","a2bec9ef-28a6-41cb-937b-adaf51dd5ca7","2025-03-29 17:13:07",1
"Annabeth Chase","a2bec9ef-28a6-41cb-937b-adaf51dd5ca7","2025-03-29 17:13:07","a2bec9ef-28a6-41cb-937b-adaf51dd5ca7","2025-03-29 17:13:07",1
"Jason Grace","a2bec9ef-28a6-41cb-937b-adaf51dd5ca7","2025-03-29 17:13:07","a2bec9ef-28a6-41cb-937b-adaf51dd5ca7","2025-03-29 17:13:07",1
"Hazel","a2bec9ef-28a6-41cb-937b-adaf51dd5ca7","2025-03-29 17:13:07","a2bec9ef-28a6-41cb-937b-adaf51dd5ca7","2025-03-29 17:13:07",1
"Frank","a2bec9ef-28a6-41cb-937b-adaf51dd5ca7","2025-03-29 17:13:07","a2bec9ef-28a6-41cb-937b-adaf51dd5ca7","2025-03-29 17:13:07",1
"Piper","a2bec9ef-28a6-41cb-937b-adaf51dd5ca7","2025-03-29 17:13:07","a2bec9ef-28a6-41cb-937b-adaf51dd5ca7","2025-03-29 17:13:07",1
"Leo Valdez","a2bec9ef-28a6-41cb-937b-adaf51dd5ca7","2025-03-29 17:13:07","a2bec9ef-28a6-41cb-937b-adaf51dd5ca7","2025-03-29 17:13:07",1
"Mark of Athena","a2bec9ef-28a6-41cb-937b-adaf51dd5ca7","2025-03-29 17:13:07","a2bec9ef-28a6-41cb-937b-adaf51dd5ca7","2025-03-29 17:13:07",1
"JUVENILE FICTION / Legends, Myths, Fables / Other","a2bec9ef-28a6-41cb-937b-adaf51dd5ca7","2025-03-29 17:13:07","a2bec9ef-28a6-41cb-937b-adaf51dd5ca7","2025-03-29 17:13:07",1
"nyt:series-books=2012-10-21","a2bec9ef-28a6-41cb-937b-adaf51dd5ca7","2025-03-29 17:13:07","a2bec9ef-28a6-41cb-937b-adaf51dd5ca7","2025-03-29 17:13:07",1
"Greeks, fiction","a2bec9ef-28a6-41cb-937b-adaf51dd5ca7","2025-03-29 17:13:07","a2bec9ef-28a6-41cb-937b-adaf51dd5ca7","2025-03-29 17:13:07",1
"Hera (Personaje mitológico)","a2bec9ef-28a6-41cb-937b-adaf51dd5ca7","2025-03-29 17:13:07","a2bec9ef-28a6-41cb-937b-adaf51dd5ca7","2025-03-29 17:13:07",1
"War stories","a2bec9ef-28a6-41cb-937b-adaf51dd5ca7","2025-03-29 17:13:07","a2bec9ef-28a6-41cb-937b-adaf51dd5ca7","2025-03-29 17:13:07",1
"American Adventure stories","a2bec9ef-28a6-41cb-937b-adaf51dd5ca7","2025-03-29 17:13:07","a2bec9ef-28a6-41cb-937b-adaf51dd5ca7","2025-03-29 17:13:07",1
"Human-alien encounters","a2bec9ef-28a6-41cb-937b-adaf51dd5ca7","2025-03-29 17:13:07","a2bec9ef-28a6-41cb-937b-adaf51dd5ca7","2025-03-29 17:13:07",1
"Chinese Science fiction","a2bec9ef-28a6-41cb-937b-adaf51dd5ca7","2025-03-29 17:13:07","a2bec9ef-28a6-41cb-937b-adaf51dd5ca7","2025-03-29 17:13:07",1
"Hard Science Fiction","a2bec9ef-28a6-41cb-937b-adaf51dd5ca7","2025-03-29 17:13:07","a2bec9ef-28a6-41cb-937b-adaf51dd5ca7","2025-03-29 17:13:07",1
"Alien Contact","a2bec9ef-28a6-41cb-937b-adaf51dd5ca7","2025-03-29 17:13:07","a2bec9ef-28a6-41cb-937b-adaf51dd5ca7","2025-03-29 17:13:07",1
"Civil war","a2bec9ef-28a6-41cb-937b-adaf51dd5ca7","2025-03-29 17:13:07","a2bec9ef-28a6-41cb-937b-adaf51dd5ca7","2025-03-29 17:13:07",1
"LGBTQ science fiction & fantasy","a2bec9ef-28a6-41cb-937b-adaf51dd5ca7","2025-03-29 17:13:07","a2bec9ef-28a6-41cb-937b-adaf51dd5ca7","2025-03-29 17:13:07",1
"Space warfare","a2bec9ef-28a6-41cb-937b-adaf51dd5ca7","2025-03-29 17:13:07","a2bec9ef-28a6-41cb-937b-adaf51dd5ca7","2025-03-29 17:13:07",1
"Space Opera","a2bec9ef-28a6-41cb-937b-adaf51dd5ca7","2025-03-29 17:13:07","a2bec9ef-28a6-41cb-937b-adaf51dd5ca7","2025-03-29 17:13:07",1
"Electronics","a2bec9ef-28a6-41cb-937b-adaf51dd5ca7","2025-03-29 17:13:07","a2bec9ef-28a6-41cb-937b-adaf51dd5ca7","2025-03-29 17:13:07",1
"Electronicas","a2bec9ef-28a6-41cb-937b-adaf51dd5ca7","2025-03-29 17:13:07","a2bec9ef-28a6-41cb-937b-adaf51dd5ca7","2025-03-29 17:13:07",1
"Vida familiar","a2bec9ef-28a6-41cb-937b-adaf51dd5ca7","2025-03-29 17:13:07","a2bec9ef-28a6-41cb-937b-adaf51dd5ca7","2025-03-29 17:13:07",1
"Diarios","a2bec9ef-28a6-41cb-937b-adaf51dd5ca7","2025-03-29 17:13:07","a2bec9ef-28a6-41cb-937b-adaf51dd5ca7","2025-03-29 17:13:07",1
"Materiales lectura en idioma espanol","a2bec9ef-28a6-41cb-937b-adaf51dd5ca7","2025-03-29 17:13:07","a2bec9ef-28a6-41cb-937b-adaf51dd5ca7","2025-03-29 17:13:07",1
"cool","a2bec9ef-28a6-41cb-937b-adaf51dd5ca7","2025-03-29 17:13:07","a2bec9ef-28a6-41cb-937b-adaf51dd5ca7","2025-03-29 17:13:07",1
"funny.","a2bec9ef-28a6-41cb-937b-adaf51dd5ca7","2025-03-29 17:13:07","a2bec9ef-28a6-41cb-937b-adaf51dd5ca7","2025-03-29 17:13:07",1
"Maturation (Psychology)","a2bec9ef-28a6-41cb-937b-adaf51dd5ca7","2025-03-29 17:13:07","a2bec9ef-28a6-41cb-937b-adaf51dd5ca7","2025-03-29 17:13:07",1
"Domestic relations","a2bec9ef-28a6-41cb-937b-adaf51dd5ca7","2025-03-29 17:13:07","a2bec9ef-28a6-41cb-937b-adaf51dd5ca7","2025-03-29 17:13:07",1
"Diary Of A Wimpy Kid Book 10 Old School","a2bec9ef-28a6-41cb-937b-adaf51dd5ca7","2025-03-29 17:13:07","a2bec9ef-28a6-41cb-937b-adaf51dd5ca7","2025-03-29 17:13:07",1
"Lemonade","a2bec9ef-28a6-41cb-937b-adaf51dd5ca7","2025-03-29 17:13:07","a2bec9ef-28a6-41cb-937b-adaf51dd5ca7","2025-03-29 17:13:07",1
"Electronics -- Juvenile fiction","a2bec9ef-28a6-41cb-937b-adaf51dd5ca7","2025-03-29 17:13:07","a2bec9ef-28a6-41cb-937b-adaf51dd5ca7","2025-03-29 17:13:07",1
"Families -- Fiction","a2bec9ef-28a6-41cb-937b-adaf51dd5ca7","2025-03-29 17:13:07","a2bec9ef-28a6-41cb-937b-adaf51dd5ca7","2025-03-29 17:13:07",1
"nyt:combined-print-and-e-book-fiction=2020-10-18","a2bec9ef-28a6-41cb-937b-adaf51dd5ca7","2025-03-29 17:13:07","a2bec9ef-28a6-41cb-937b-adaf51dd5ca7","2025-03-29 17:13:07",1
"Future life","a2bec9ef-28a6-41cb-937b-adaf51dd5ca7","2025-03-29 17:13:07","a2bec9ef-28a6-41cb-937b-adaf51dd5ca7","2025-03-29 17:13:07",1
"Regret","a2bec9ef-28a6-41cb-937b-adaf51dd5ca7","2025-03-29 17:13:07","a2bec9ef-28a6-41cb-937b-adaf51dd5ca7","2025-03-29 17:13:07",1
"Choice (Psychology)","a2bec9ef-28a6-41cb-937b-adaf51dd5ca7","2025-03-29 17:13:07","a2bec9ef-28a6-41cb-937b-adaf51dd5ca7","2025-03-29 17:13:07",1
"Libraries","a2bec9ef-28a6-41cb-937b-adaf51dd5ca7","2025-03-29 17:13:07","a2bec9ef-28a6-41cb-937b-adaf51dd5ca7","2025-03-29 17:13:07",1
"Decision making","a2bec9ef-28a6-41cb-937b-adaf51dd5ca7","2025-03-29 17:13:07","a2bec9ef-28a6-41cb-937b-adaf51dd5ca7","2025-03-29 17:13:07",1
"Vie future","a2bec9ef-28a6-41cb-937b-adaf51dd5ca7","2025-03-29 17:13:07","a2bec9ef-28a6-41cb-937b-adaf51dd5ca7","2025-03-29 17:13:07",1
"Choix (Psychologie)","a2bec9ef-28a6-41cb-937b-adaf51dd5ca7","2025-03-29 17:13:07","a2bec9ef-28a6-41cb-937b-adaf51dd5ca7","2025-03-29 17:13:07",1
"Bibliothèques","a2bec9ef-28a6-41cb-937b-adaf51dd5ca7","2025-03-29 17:13:07","a2bec9ef-28a6-41cb-937b-adaf51dd5ca7","2025-03-29 17:13:07",1
"Prise de décision","a2bec9ef-28a6-41cb-937b-adaf51dd5ca7","2025-03-29 17:13:07","a2bec9ef-28a6-41cb-937b-adaf51dd5ca7","2025-03-29 17:13:07",1
"FICTION / Science Fiction / Time Travel","a2bec9ef-28a6-41cb-937b-adaf51dd5ca7","2025-03-29 17:13:07","a2bec9ef-28a6-41cb-937b-adaf51dd5ca7","2025-03-29 17:13:07",1
"FICTION / Women","a2bec9ef-28a6-41cb-937b-adaf51dd5ca7","2025-03-29 17:13:07","a2bec9ef-28a6-41cb-937b-adaf51dd5ca7","2025-03-29 17:13:07",1
"nyt:young-adult-paperback-monthly=2022-09-04","a2bec9ef-28a6-41cb-937b-adaf51dd5ca7","2025-03-29 17:13:07","a2bec9ef-28a6-41cb-937b-adaf51dd5ca7","2025-03-29 17:13:07",1
"Storytelling","a2bec9ef-28a6-41cb-937b-adaf51dd5ca7","2025-03-29 17:13:07","a2bec9ef-28a6-41cb-937b-adaf51dd5ca7","2025-03-29 17:13:07",1
"Novela australiana","a2bec9ef-28a6-41cb-937b-adaf51dd5ca7","2025-03-29 17:13:07","a2bec9ef-28a6-41cb-937b-adaf51dd5ca7","2025-03-29 17:13:07",1
"Livres et lecture","a2bec9ef-28a6-41cb-937b-adaf51dd5ca7","2025-03-29 17:13:07","a2bec9ef-28a6-41cb-937b-adaf51dd5ca7","2025-03-29 17:13:07",1
"Juifs","a2bec9ef-28a6-41cb-937b-adaf51dd5ca7","2025-03-29 17:13:07","a2bec9ef-28a6-41cb-937b-adaf51dd5ca7","2025-03-29 17:13:07",1
"Guerre mondiale, 1939-1945","a2bec9ef-28a6-41cb-937b-adaf51dd5ca7","2025-03-29 17:13:07","a2bec9ef-28a6-41cb-937b-adaf51dd5ca7","2025-03-29 17:13:07",1
"Sauvetage","a2bec9ef-28a6-41cb-937b-adaf51dd5ca7","2025-03-29 17:13:07","a2bec9ef-28a6-41cb-937b-adaf51dd5ca7","2025-03-29 17:13:07",1
"Libros y lectura","a2bec9ef-28a6-41cb-937b-adaf51dd5ca7","2025-03-29 17:13:07","a2bec9ef-28a6-41cb-937b-adaf51dd5ca7","2025-03-29 17:13:07",1
"Judios","a2bec9ef-28a6-41cb-937b-adaf51dd5ca7","2025-03-29 17:13:07","a2bec9ef-28a6-41cb-937b-adaf51dd5ca7","2025-03-29 17:13:07",1
"Book thefts","a2bec9ef-28a6-41cb-937b-adaf51dd5ca7","2025-03-29 17:13:07","a2bec9ef-28a6-41cb-937b-adaf51dd5ca7","2025-03-29 17:13:07",1
"Jews rescue (1939-1945 : World War) fast (OCoLC)fst01710189","a2bec9ef-28a6-41cb-937b-adaf51dd5ca7","2025-03-29 17:13:07","a2bec9ef-28a6-41cb-937b-adaf51dd5ca7","2025-03-29 17:13:07",1
"Germany, history, fiction","a2bec9ef-28a6-41cb-937b-adaf51dd5ca7","2025-03-29 17:13:07","a2bec9ef-28a6-41cb-937b-adaf51dd5ca7","2025-03-29 17:13:07",1
"Storytelling, fiction","a2bec9ef-28a6-41cb-937b-adaf51dd5ca7","2025-03-29 17:13:07","a2bec9ef-28a6-41cb-937b-adaf51dd5ca7","2025-03-29 17:13:07",1
"Books and reading, fiction","a2bec9ef-28a6-41cb-937b-adaf51dd5ca7","2025-03-29 17:13:07","a2bec9ef-28a6-41cb-937b-adaf51dd5ca7","2025-03-29 17:13:07",1
"Art de conter","a2bec9ef-28a6-41cb-937b-adaf51dd5ca7","2025-03-29 17:13:07","a2bec9ef-28a6-41cb-937b-adaf51dd5ca7","2025-03-29 17:13:07",1
"World war ii","a2bec9ef-28a6-41cb-937b-adaf51dd5ca7","2025-03-29 17:13:07","a2bec9ef-28a6-41cb-937b-adaf51dd5ca7","2025-03-29 17:13:07",1
"Gestapo","a2bec9ef-28a6-41cb-937b-adaf51dd5ca7","2025-03-29 17:13:07","a2bec9ef-28a6-41cb-937b-adaf51dd5ca7","2025-03-29 17:13:07",1
"Judaism","a2bec9ef-28a6-41cb-937b-adaf51dd5ca7","2025-03-29 17:13:07","a2bec9ef-28a6-41cb-937b-adaf51dd5ca7","2025-03-29 17:13:07",1
"Nazi","a2bec9ef-28a6-41cb-937b-adaf51dd5ca7","2025-03-29 17:13:07","a2bec9ef-28a6-41cb-937b-adaf51dd5ca7","2025-03-29 17:13:07",1
"Nazi germany","a2bec9ef-28a6-41cb-937b-adaf51dd5ca7","2025-03-29 17:13:07","a2bec9ef-28a6-41cb-937b-adaf51dd5ca7","2025-03-29 17:13:07",1
"Narración de cuentos","a2bec9ef-28a6-41cb-937b-adaf51dd5ca7","2025-03-29 17:13:07","a2bec9ef-28a6-41cb-937b-adaf51dd5ca7","2025-03-29 17:13:07",1
"Muerte","a2bec9ef-28a6-41cb-937b-adaf51dd5ca7","2025-03-29 17:13:07","a2bec9ef-28a6-41cb-937b-adaf51dd5ca7","2025-03-29 17:13:07",1
"Judíos","a2bec9ef-28a6-41cb-937b-adaf51dd5ca7","2025-03-29 17:13:07","a2bec9ef-28a6-41cb-937b-adaf51dd5ca7","2025-03-29 17:13:07",1
"Nyt:paperback_books=2007-09-09","a2bec9ef-28a6-41cb-937b-adaf51dd5ca7","2025-03-29 17:13:07","a2bec9ef-28a6-41cb-937b-adaf51dd5ca7","2025-03-29 17:13:07",1
"Jews rescue","a2bec9ef-28a6-41cb-937b-adaf51dd5ca7","2025-03-29 17:13:07","a2bec9ef-28a6-41cb-937b-adaf51dd5ca7","2025-03-29 17:13:07",1
"German history","a2bec9ef-28a6-41cb-937b-adaf51dd5ca7","2025-03-29 17:13:07","a2bec9ef-28a6-41cb-937b-adaf51dd5ca7","2025-03-29 17:13:07",1
"Books","a2bec9ef-28a6-41cb-937b-adaf51dd5ca7","2025-03-29 17:13:07","a2bec9ef-28a6-41cb-937b-adaf51dd5ca7","2025-03-29 17:13:07",1
"Reading","a2bec9ef-28a6-41cb-937b-adaf51dd5ca7","2025-03-29 17:13:07","a2bec9ef-28a6-41cb-937b-adaf51dd5ca7","2025-03-29 17:13:07",1
"Guerra mundial ii","a2bec9ef-28a6-41cb-937b-adaf51dd5ca7","2025-03-29 17:13:07","a2bec9ef-28a6-41cb-937b-adaf51dd5ca7","2025-03-29 17:13:07",1
"Family problems","a2bec9ef-28a6-41cb-937b-adaf51dd5ca7","2025-03-29 17:13:07","a2bec9ef-28a6-41cb-937b-adaf51dd5ca7","2025-03-29 17:13:07",1
"Death (personification)","a2bec9ef-28a6-41cb-937b-adaf51dd5ca7","2025-03-29 17:13:07","a2bec9ef-28a6-41cb-937b-adaf51dd5ca7","2025-03-29 17:13:07",1
"Germany","a2bec9ef-28a6-41cb-937b-adaf51dd5ca7","2025-03-29 17:13:07","a2bec9ef-28a6-41cb-937b-adaf51dd5ca7","2025-03-29 17:13:07",1
"Science","a2bec9ef-28a6-41cb-937b-adaf51dd5ca7","2025-03-29 17:13:07","a2bec9ef-28a6-41cb-937b-adaf51dd5ca7","2025-03-29 17:13:07",1
"Ciencia","a2bec9ef-28a6-41cb-937b-adaf51dd5ca7","2025-03-29 17:13:07","a2bec9ef-28a6-41cb-937b-adaf51dd5ca7","2025-03-29 17:13:07",1
"Science, popular works","a2bec9ef-28a6-41cb-937b-adaf51dd5ca7","2025-03-29 17:13:07","a2bec9ef-28a6-41cb-937b-adaf51dd5ca7","2025-03-29 17:13:07",1
"Obras de divulgacio n.","a2bec9ef-28a6-41cb-937b-adaf51dd5ca7","2025-03-29 17:13:07","a2bec9ef-28a6-41cb-937b-adaf51dd5ca7","2025-03-29 17:13:07",1
"Natuurwetenschappen","a2bec9ef-28a6-41cb-937b-adaf51dd5ca7","2025-03-29 17:13:07","a2bec9ef-28a6-41cb-937b-adaf51dd5ca7","2025-03-29 17:13:07",1
"Sciences","a2bec9ef-28a6-41cb-937b-adaf51dd5ca7","2025-03-29 17:13:07","a2bec9ef-28a6-41cb-937b-adaf51dd5ca7","2025-03-29 17:13:07",1
"Ouvrages de vulgarisation","a2bec9ef-28a6-41cb-937b-adaf51dd5ca7","2025-03-29 17:13:07","a2bec9ef-28a6-41cb-937b-adaf51dd5ca7","2025-03-29 17:13:07",1
"Wetenschapsbeoefening","a2bec9ef-28a6-41cb-937b-adaf51dd5ca7","2025-03-29 17:13:07","a2bec9ef-28a6-41cb-937b-adaf51dd5ca7","2025-03-29 17:13:07",1
"Origin","a2bec9ef-28a6-41cb-937b-adaf51dd5ca7","2025-03-29 17:13:07","a2bec9ef-28a6-41cb-937b-adaf51dd5ca7","2025-03-29 17:13:07",1
"Culture","a2bec9ef-28a6-41cb-937b-adaf51dd5ca7","2025-03-29 17:13:07","a2bec9ef-28a6-41cb-937b-adaf51dd5ca7","2025-03-29 17:13:07",1
"Human beings","a2bec9ef-28a6-41cb-937b-adaf51dd5ca7","2025-03-29 17:13:07","a2bec9ef-28a6-41cb-937b-adaf51dd5ca7","2025-03-29 17:13:07",1
"popular science","a2bec9ef-28a6-41cb-937b-adaf51dd5ca7","2025-03-29 17:13:07","a2bec9ef-28a6-41cb-937b-adaf51dd5ca7","2025-03-29 17:13:07",1
"30.01 history of the exact sciences","a2bec9ef-28a6-41cb-937b-adaf51dd5ca7","2025-03-29 17:13:07","a2bec9ef-28a6-41cb-937b-adaf51dd5ca7","2025-03-29 17:13:07",1
"Einführung","a2bec9ef-28a6-41cb-937b-adaf51dd5ca7","2025-03-29 17:13:07","a2bec9ef-28a6-41cb-937b-adaf51dd5ca7","2025-03-29 17:13:07",1
"Naturwissenschaften","a2bec9ef-28a6-41cb-937b-adaf51dd5ca7","2025-03-29 17:13:07","a2bec9ef-28a6-41cb-937b-adaf51dd5ca7","2025-03-29 17:13:07",1
"Wetenschapsfilosofie","a2bec9ef-28a6-41cb-937b-adaf51dd5ca7","2025-03-29 17:13:07","a2bec9ef-28a6-41cb-937b-adaf51dd5ca7","2025-03-29 17:13:07",1
"Natuurlijke historie","a2bec9ef-28a6-41cb-937b-adaf51dd5ca7","2025-03-29 17:13:07","a2bec9ef-28a6-41cb-937b-adaf51dd5ca7","2025-03-29 17:13:07",1
"Einfu hrung","a2bec9ef-28a6-41cb-937b-adaf51dd5ca7","2025-03-29 17:13:07","a2bec9ef-28a6-41cb-937b-adaf51dd5ca7","2025-03-29 17:13:07",1
"Allgemeinwissen","a2bec9ef-28a6-41cb-937b-adaf51dd5ca7","2025-03-29 17:13:07","a2bec9ef-28a6-41cb-937b-adaf51dd5ca7","2025-03-29 17:13:07",1
"Cosmology","a2bec9ef-28a6-41cb-937b-adaf51dd5ca7","2025-03-29 17:13:07","a2bec9ef-28a6-41cb-937b-adaf51dd5ca7","2025-03-29 17:13:07",1
"Geology. Earth sciences","a2bec9ef-28a6-41cb-937b-adaf51dd5ca7","2025-03-29 17:13:07","a2bec9ef-28a6-41cb-937b-adaf51dd5ca7","2025-03-29 17:13:07",1
"Science--popular works","a2bec9ef-28a6-41cb-937b-adaf51dd5ca7","2025-03-29 17:13:07","a2bec9ef-28a6-41cb-937b-adaf51dd5ca7","2025-03-29 17:13:07",1
"Q162 .b88 2003","a2bec9ef-28a6-41cb-937b-adaf51dd5ca7","2025-03-29 17:13:07","a2bec9ef-28a6-41cb-937b-adaf51dd5ca7","2025-03-29 17:13:07",1
"Q162 b916s 2003","a2bec9ef-28a6-41cb-937b-adaf51dd5ca7","2025-03-29 17:13:07","a2bec9ef-28a6-41cb-937b-adaf51dd5ca7","2025-03-29 17:13:07",1
"500","a2bec9ef-28a6-41cb-937b-adaf51dd5ca7","2025-03-29 17:13:07","a2bec9ef-28a6-41cb-937b-adaf51dd5ca7","2025-03-29 17:13:07",1
"Science - general & miscellaneous","a2bec9ef-28a6-41cb-937b-adaf51dd5ca7","2025-03-29 17:13:07","a2bec9ef-28a6-41cb-937b-adaf51dd5ca7","2025-03-29 17:13:07",1
"History & philosophy of science","a2bec9ef-28a6-41cb-937b-adaf51dd5ca7","2025-03-29 17:13:07","a2bec9ef-28a6-41cb-937b-adaf51dd5ca7","2025-03-29 17:13:07",1
"Civilization - history","a2bec9ef-28a6-41cb-937b-adaf51dd5ca7","2025-03-29 17:13:07","a2bec9ef-28a6-41cb-937b-adaf51dd5ca7","2025-03-29 17:13:07",1
"White Ship","a2bec9ef-28a6-41cb-937b-adaf51dd5ca7","2025-03-29 17:13:07","a2bec9ef-28a6-41cb-937b-adaf51dd5ca7","2025-03-29 17:13:07",1
"The Anarchy","a2bec9ef-28a6-41cb-937b-adaf51dd5ca7","2025-03-29 17:13:07","a2bec9ef-28a6-41cb-937b-adaf51dd5ca7","2025-03-29 17:13:07",1
"Battle of Lincoln","a2bec9ef-28a6-41cb-937b-adaf51dd5ca7","2025-03-29 17:13:07","a2bec9ef-28a6-41cb-937b-adaf51dd5ca7","2025-03-29 17:13:07",1
"Anglo-Saxon law","a2bec9ef-28a6-41cb-937b-adaf51dd5ca7","2025-03-29 17:13:07","a2bec9ef-28a6-41cb-937b-adaf51dd5ca7","2025-03-29 17:13:07",1
"Suspense & Thriller","a2bec9ef-28a6-41cb-937b-adaf51dd5ca7","2025-03-29 17:13:07","a2bec9ef-28a6-41cb-937b-adaf51dd5ca7","2025-03-29 17:13:07",1
"suspense fiction","a2bec9ef-28a6-41cb-937b-adaf51dd5ca7","2025-03-29 17:13:07","a2bec9ef-28a6-41cb-937b-adaf51dd5ca7","2025-03-29 17:13:07",1
"church and state","a2bec9ef-28a6-41cb-937b-adaf51dd5ca7","2025-03-29 17:13:07","a2bec9ef-28a6-41cb-937b-adaf51dd5ca7","2025-03-29 17:13:07",1
"historical literature","a2bec9ef-28a6-41cb-937b-adaf51dd5ca7","2025-03-29 17:13:07","a2bec9ef-28a6-41cb-937b-adaf51dd5ca7","2025-03-29 17:13:07",1
"church architecture","a2bec9ef-28a6-41cb-937b-adaf51dd5ca7","2025-03-29 17:13:07","a2bec9ef-28a6-41cb-937b-adaf51dd5ca7","2025-03-29 17:13:07",1
"Epic literature","a2bec9ef-28a6-41cb-937b-adaf51dd5ca7","2025-03-29 17:13:07","a2bec9ef-28a6-41cb-937b-adaf51dd5ca7","2025-03-29 17:13:07",1
"history","a2bec9ef-28a6-41cb-937b-adaf51dd5ca7","2025-03-29 17:13:07","a2bec9ef-28a6-41cb-937b-adaf51dd5ca7","2025-03-29 17:13:07",1
"monks","a2bec9ef-28a6-41cb-937b-adaf51dd5ca7","2025-03-29 17:13:07","a2bec9ef-28a6-41cb-937b-adaf51dd5ca7","2025-03-29 17:13:07",1
"Cathedrals","a2bec9ef-28a6-41cb-937b-adaf51dd5ca7","2025-03-29 17:13:07","a2bec9ef-28a6-41cb-937b-adaf51dd5ca7","2025-03-29 17:13:07",1
"Design and construction","a2bec9ef-28a6-41cb-937b-adaf51dd5ca7","2025-03-29 17:13:07","a2bec9ef-28a6-41cb-937b-adaf51dd5ca7","2025-03-29 17:13:07",1
"nyt:mass_market_paperback=2010-02-28","a2bec9ef-28a6-41cb-937b-adaf51dd5ca7","2025-03-29 17:13:07","a2bec9ef-28a6-41cb-937b-adaf51dd5ca7","2025-03-29 17:13:07",1
"Middles Ages","a2bec9ef-28a6-41cb-937b-adaf51dd5ca7","2025-03-29 17:13:07","a2bec9ef-28a6-41cb-937b-adaf51dd5ca7","2025-03-29 17:13:07",1
"Fictional Works Publication Type","a2bec9ef-28a6-41cb-937b-adaf51dd5ca7","2025-03-29 17:13:07","a2bec9ef-28a6-41cb-937b-adaf51dd5ca7","2025-03-29 17:13:07",1
"Middle Ages","a2bec9ef-28a6-41cb-937b-adaf51dd5ca7","2025-03-29 17:13:07","a2bec9ef-28a6-41cb-937b-adaf51dd5ca7","2025-03-29 17:13:07",1
"Great britain, fiction","a2bec9ef-28a6-41cb-937b-adaf51dd5ca7","2025-03-29 17:13:07","a2bec9ef-28a6-41cb-937b-adaf51dd5ca7","2025-03-29 17:13:07",1
"Kirchenbau","a2bec9ef-28a6-41cb-937b-adaf51dd5ca7","2025-03-29 17:13:07","a2bec9ef-28a6-41cb-937b-adaf51dd5ca7","2025-03-29 17:13:07",1
"Familie","a2bec9ef-28a6-41cb-937b-adaf51dd5ca7","2025-03-29 17:13:07","a2bec9ef-28a6-41cb-937b-adaf51dd5ca7","2025-03-29 17:13:07",1
"Baumeister","a2bec9ef-28a6-41cb-937b-adaf51dd5ca7","2025-03-29 17:13:07","a2bec9ef-28a6-41cb-937b-adaf51dd5ca7","2025-03-29 17:13:07",1
"series:The Expanse","a2bec9ef-28a6-41cb-937b-adaf51dd5ca7","2025-03-29 17:13:07","a2bec9ef-28a6-41cb-937b-adaf51dd5ca7","2025-03-29 17:13:07",1
"Friendship in fiction","a2bec9ef-28a6-41cb-937b-adaf51dd5ca7","2025-03-29 17:13:07","a2bec9ef-28a6-41cb-937b-adaf51dd5ca7","2025-03-29 17:13:07",1
"Prince Edward Island in fiction","a2bec9ef-28a6-41cb-937b-adaf51dd5ca7","2025-03-29 17:13:07","a2bec9ef-28a6-41cb-937b-adaf51dd5ca7","2025-03-29 17:13:07",1
"Orphans in fiction","a2bec9ef-28a6-41cb-937b-adaf51dd5ca7","2025-03-29 17:13:07","a2bec9ef-28a6-41cb-937b-adaf51dd5ca7","2025-03-29 17:13:07",1
"Country life in fiction","a2bec9ef-28a6-41cb-937b-adaf51dd5ca7","2025-03-29 17:13:07","a2bec9ef-28a6-41cb-937b-adaf51dd5ca7","2025-03-29 17:13:07",1
"Anne Shirley (Fictitious character)","a2bec9ef-28a6-41cb-937b-adaf51dd5ca7","2025-03-29 17:13:07","a2bec9ef-28a6-41cb-937b-adaf51dd5ca7","2025-03-29 17:13:07",1
"Shirley, anne (fictitious character), fiction","a2bec9ef-28a6-41cb-937b-adaf51dd5ca7","2025-03-29 17:13:07","a2bec9ef-28a6-41cb-937b-adaf51dd5ca7","2025-03-29 17:13:07",1
"Prince edward island, fiction","a2bec9ef-28a6-41cb-937b-adaf51dd5ca7","2025-03-29 17:13:07","a2bec9ef-28a6-41cb-937b-adaf51dd5ca7","2025-03-29 17:13:07",1
"Er tong wen xue","a2bec9ef-28a6-41cb-937b-adaf51dd5ca7","2025-03-29 17:13:07","a2bec9ef-28a6-41cb-937b-adaf51dd5ca7","2025-03-29 17:13:07",1
"Islands","a2bec9ef-28a6-41cb-937b-adaf51dd5ca7","2025-03-29 17:13:07","a2bec9ef-28a6-41cb-937b-adaf51dd5ca7","2025-03-29 17:13:07",1
"Suo xie","a2bec9ef-28a6-41cb-937b-adaf51dd5ca7","2025-03-29 17:13:07","a2bec9ef-28a6-41cb-937b-adaf51dd5ca7","2025-03-29 17:13:07",1
"Er tong xiao shuo","a2bec9ef-28a6-41cb-937b-adaf51dd5ca7","2025-03-29 17:13:07","a2bec9ef-28a6-41cb-937b-adaf51dd5ca7","2025-03-29 17:13:07",1
"Orphans -- Juvenile fiction","a2bec9ef-28a6-41cb-937b-adaf51dd5ca7","2025-03-29 17:13:07","a2bec9ef-28a6-41cb-937b-adaf51dd5ca7","2025-03-29 17:13:07",1
"Islands -- Juvenile fiction","a2bec9ef-28a6-41cb-937b-adaf51dd5ca7","2025-03-29 17:13:07","a2bec9ef-28a6-41cb-937b-adaf51dd5ca7","2025-03-29 17:13:07",1
"Country life -- Prince Edward Island -- Juvenile fiction","a2bec9ef-28a6-41cb-937b-adaf51dd5ca7","2025-03-29 17:13:07","a2bec9ef-28a6-41cb-937b-adaf51dd5ca7","2025-03-29 17:13:07",1
"Prince Edward Island -- History -- 20th century -- Juvenile fiction","a2bec9ef-28a6-41cb-937b-adaf51dd5ca7","2025-03-29 17:13:07","a2bec9ef-28a6-41cb-937b-adaf51dd5ca7","2025-03-29 17:13:07",1
"Canada -- History -- 1867-1914 -- Juvenile fiction","a2bec9ef-28a6-41cb-937b-adaf51dd5ca7","2025-03-29 17:13:07","a2bec9ef-28a6-41cb-937b-adaf51dd5ca7","2025-03-29 17:13:07",1
"Canada","a2bec9ef-28a6-41cb-937b-adaf51dd5ca7","2025-03-29 17:13:07","a2bec9ef-28a6-41cb-937b-adaf51dd5ca7","2025-03-29 17:13:07",1
"Prince Edward Island","a2bec9ef-28a6-41cb-937b-adaf51dd5ca7","2025-03-29 17:13:07","a2bec9ef-28a6-41cb-937b-adaf51dd5ca7","2025-03-29 17:13:07",1
"Canadian Fiction","a2bec9ef-28a6-41cb-937b-adaf51dd5ca7","2025-03-29 17:13:07","a2bec9ef-28a6-41cb-937b-adaf51dd5ca7","2025-03-29 17:13:07",1
"Self-perception","a2bec9ef-28a6-41cb-937b-adaf51dd5ca7","2025-03-29 17:13:07","a2bec9ef-28a6-41cb-937b-adaf51dd5ca7","2025-03-29 17:13:07",1
"Shirley, Anne (Personnage fictif)","a2bec9ef-28a6-41cb-937b-adaf51dd5ca7","2025-03-29 17:13:07","a2bec9ef-28a6-41cb-937b-adaf51dd5ca7","2025-03-29 17:13:07",1
"Orphelines","a2bec9ef-28a6-41cb-937b-adaf51dd5ca7","2025-03-29 17:13:07","a2bec9ef-28a6-41cb-937b-adaf51dd5ca7","2025-03-29 17:13:07",1
"Perception de soi","a2bec9ef-28a6-41cb-937b-adaf51dd5ca7","2025-03-29 17:13:07","a2bec9ef-28a6-41cb-937b-adaf51dd5ca7","2025-03-29 17:13:07",1
"Vie rurale","a2bec9ef-28a6-41cb-937b-adaf51dd5ca7","2025-03-29 17:13:07","a2bec9ef-28a6-41cb-937b-adaf51dd5ca7","2025-03-29 17:13:07",1
"Canada, fiction","a2bec9ef-28a6-41cb-937b-adaf51dd5ca7","2025-03-29 17:13:07","a2bec9ef-28a6-41cb-937b-adaf51dd5ca7","2025-03-29 17:13:07",1
"Adoption, fiction","a2bec9ef-28a6-41cb-937b-adaf51dd5ca7","2025-03-29 17:13:07","a2bec9ef-28a6-41cb-937b-adaf51dd5ca7","2025-03-29 17:13:07",1
"Canada, history, fiction","a2bec9ef-28a6-41cb-937b-adaf51dd5ca7","2025-03-29 17:13:07","a2bec9ef-28a6-41cb-937b-adaf51dd5ca7","2025-03-29 17:13:07",1
"Language arts","a2bec9ef-28a6-41cb-937b-adaf51dd5ca7","2025-03-29 17:13:07","a2bec9ef-28a6-41cb-937b-adaf51dd5ca7","2025-03-29 17:13:07",1
"Education","a2bec9ef-28a6-41cb-937b-adaf51dd5ca7","2025-03-29 17:13:07","a2bec9ef-28a6-41cb-937b-adaf51dd5ca7","2025-03-29 17:13:07",1
"Suo xie ben","a2bec9ef-28a6-41cb-937b-adaf51dd5ca7","2025-03-29 17:13:07","a2bec9ef-28a6-41cb-937b-adaf51dd5ca7","2025-03-29 17:13:07",1
"Paper work","a2bec9ef-28a6-41cb-937b-adaf51dd5ca7","2025-03-29 17:13:07","a2bec9ef-28a6-41cb-937b-adaf51dd5ca7","2025-03-29 17:13:07",1
"Adult books for young adults","a2bec9ef-28a6-41cb-937b-adaf51dd5ca7","2025-03-29 17:13:07","a2bec9ef-28a6-41cb-937b-adaf51dd5ca7","2025-03-29 17:13:07",1
"series","a2bec9ef-28a6-41cb-937b-adaf51dd5ca7","2025-03-29 17:13:07","a2bec9ef-28a6-41cb-937b-adaf51dd5ca7","2025-03-29 17:13:07",1
"demons","a2bec9ef-28a6-41cb-937b-adaf51dd5ca7","2025-03-29 17:13:07","a2bec9ef-28a6-41cb-937b-adaf51dd5ca7","2025-03-29 17:13:07",1
"loss (psychology)","a2bec9ef-28a6-41cb-937b-adaf51dd5ca7","2025-03-29 17:13:07","a2bec9ef-28a6-41cb-937b-adaf51dd5ca7","2025-03-29 17:13:07",1
"fate and fatalism","a2bec9ef-28a6-41cb-937b-adaf51dd5ca7","2025-03-29 17:13:07","a2bec9ef-28a6-41cb-937b-adaf51dd5ca7","2025-03-29 17:13:07",1
"voyages and travels","a2bec9ef-28a6-41cb-937b-adaf51dd5ca7","2025-03-29 17:13:07","a2bec9ef-28a6-41cb-937b-adaf51dd5ca7","2025-03-29 17:13:07",1
"heroes and heroines","a2bec9ef-28a6-41cb-937b-adaf51dd5ca7","2025-03-29 17:13:07","a2bec9ef-28a6-41cb-937b-adaf51dd5ca7","2025-03-29 17:13:07",1
"murder","a2bec9ef-28a6-41cb-937b-adaf51dd5ca7","2025-03-29 17:13:07","a2bec9ef-28a6-41cb-937b-adaf51dd5ca7","2025-03-29 17:13:07",1
"rulers","a2bec9ef-28a6-41cb-937b-adaf51dd5ca7","2025-03-29 17:13:07","a2bec9ef-28a6-41cb-937b-adaf51dd5ca7","2025-03-29 17:13:07",1
"gods and goddesses","a2bec9ef-28a6-41cb-937b-adaf51dd5ca7","2025-03-29 17:13:07","a2bec9ef-28a6-41cb-937b-adaf51dd5ca7","2025-03-29 17:13:07",1
"imaginary places","a2bec9ef-28a6-41cb-937b-adaf51dd5ca7","2025-03-29 17:13:07","a2bec9ef-28a6-41cb-937b-adaf51dd5ca7","2025-03-29 17:13:07",1
"The Kingkiller Chronicle","a2bec9ef-28a6-41cb-937b-adaf51dd5ca7","2025-03-29 17:13:07","a2bec9ef-28a6-41cb-937b-adaf51dd5ca7","2025-03-29 17:13:07",1
"assassins","a2bec9ef-28a6-41cb-937b-adaf51dd5ca7","2025-03-29 17:13:07","a2bec9ef-28a6-41cb-937b-adaf51dd5ca7","2025-03-29 17:13:07",1
"Quill Award winner","a2bec9ef-28a6-41cb-937b-adaf51dd5ca7","2025-03-29 17:13:07","a2bec9ef-28a6-41cb-937b-adaf51dd5ca7","2025-03-29 17:13:07",1
"Alex Award winner","a2bec9ef-28a6-41cb-937b-adaf51dd5ca7","2025-03-29 17:13:07","a2bec9ef-28a6-41cb-937b-adaf51dd5ca7","2025-03-29 17:13:07",1
"Magician","a2bec9ef-28a6-41cb-937b-adaf51dd5ca7","2025-03-29 17:13:07","a2bec9ef-28a6-41cb-937b-adaf51dd5ca7","2025-03-29 17:13:07",1
"Asesinos","a2bec9ef-28a6-41cb-937b-adaf51dd5ca7","2025-03-29 17:13:07","a2bec9ef-28a6-41cb-937b-adaf51dd5ca7","2025-03-29 17:13:07",1
"Homeless children","a2bec9ef-28a6-41cb-937b-adaf51dd5ca7","2025-03-29 17:13:07","a2bec9ef-28a6-41cb-937b-adaf51dd5ca7","2025-03-29 17:13:07",1
"Antiheroes","a2bec9ef-28a6-41cb-937b-adaf51dd5ca7","2025-03-29 17:13:07","a2bec9ef-28a6-41cb-937b-adaf51dd5ca7","2025-03-29 17:13:07",1
"nyt:mass-market-paperback=2015-01-04","a2bec9ef-28a6-41cb-937b-adaf51dd5ca7","2025-03-29 17:13:07","a2bec9ef-28a6-41cb-937b-adaf51dd5ca7","2025-03-29 17:13:07",1
"Police","a2bec9ef-28a6-41cb-937b-adaf51dd5ca7","2025-03-29 17:13:07","a2bec9ef-28a6-41cb-937b-adaf51dd5ca7","2025-03-29 17:13:07",1
"Police, fiction","a2bec9ef-28a6-41cb-937b-adaf51dd5ca7","2025-03-29 17:13:07","a2bec9ef-28a6-41cb-937b-adaf51dd5ca7","2025-03-29 17:13:07",1
"Dog Man (Fictitious character) -- Comic books, strips, etc","a2bec9ef-28a6-41cb-937b-adaf51dd5ca7","2025-03-29 17:13:07","a2bec9ef-28a6-41cb-937b-adaf51dd5ca7","2025-03-29 17:13:07",1
"Cats -- Comic books, strips, etc","a2bec9ef-28a6-41cb-937b-adaf51dd5ca7","2025-03-29 17:13:07","a2bec9ef-28a6-41cb-937b-adaf51dd5ca7","2025-03-29 17:13:07",1
"Dogs -- Comic books, strips, etc","a2bec9ef-28a6-41cb-937b-adaf51dd5ca7","2025-03-29 17:13:07","a2bec9ef-28a6-41cb-937b-adaf51dd5ca7","2025-03-29 17:13:07",1
"Police -- Comic books, strips, etc","a2bec9ef-28a6-41cb-937b-adaf51dd5ca7","2025-03-29 17:13:07","a2bec9ef-28a6-41cb-937b-adaf51dd5ca7","2025-03-29 17:13:07",1
"Dog Man (Fictitious character) -- Juvenile fiction","a2bec9ef-28a6-41cb-937b-adaf51dd5ca7","2025-03-29 17:13:07","a2bec9ef-28a6-41cb-937b-adaf51dd5ca7","2025-03-29 17:13:07",1
"Dogs -- Juvenile fiction","a2bec9ef-28a6-41cb-937b-adaf51dd5ca7","2025-03-29 17:13:07","a2bec9ef-28a6-41cb-937b-adaf51dd5ca7","2025-03-29 17:13:07",1
"Cats -- Juvenile fiction","a2bec9ef-28a6-41cb-937b-adaf51dd5ca7","2025-03-29 17:13:07","a2bec9ef-28a6-41cb-937b-adaf51dd5ca7","2025-03-29 17:13:07",1
"Police -- Juvenile fiction","a2bec9ef-28a6-41cb-937b-adaf51dd5ca7","2025-03-29 17:13:07","a2bec9ef-28a6-41cb-937b-adaf51dd5ca7","2025-03-29 17:13:07",1
"Dogs -- Fiction","a2bec9ef-28a6-41cb-937b-adaf51dd5ca7","2025-03-29 17:13:07","a2bec9ef-28a6-41cb-937b-adaf51dd5ca7","2025-03-29 17:13:07",1
"Cats -- Fiction","a2bec9ef-28a6-41cb-937b-adaf51dd5ca7","2025-03-29 17:13:07","a2bec9ef-28a6-41cb-937b-adaf51dd5ca7","2025-03-29 17:13:07",1
"Police -- Fiction","a2bec9ef-28a6-41cb-937b-adaf51dd5ca7","2025-03-29 17:13:07","a2bec9ef-28a6-41cb-937b-adaf51dd5ca7","2025-03-29 17:13:07",1
"JUVENILE FICTION -- Action & Adventure","a2bec9ef-28a6-41cb-937b-adaf51dd5ca7","2025-03-29 17:13:07","a2bec9ef-28a6-41cb-937b-adaf51dd5ca7","2025-03-29 17:13:07",1
"JUVENILE FICTION -- Comics & Graphic Novels","a2bec9ef-28a6-41cb-937b-adaf51dd5ca7","2025-03-29 17:13:07","a2bec9ef-28a6-41cb-937b-adaf51dd5ca7","2025-03-29 17:13:07",1
"Policiaca","a2bec9ef-28a6-41cb-937b-adaf51dd5ca7","2025-03-29 17:13:07","a2bec9ef-28a6-41cb-937b-adaf51dd5ca7","2025-03-29 17:13:07",1
"Libros de caricaturas, tiras cómicas","a2bec9ef-28a6-41cb-937b-adaf51dd5ca7","2025-03-29 17:13:07","a2bec9ef-28a6-41cb-937b-adaf51dd5ca7","2025-03-29 17:13:07",1
"Dog Man (Fictitious character) -- Comic books, strips, etc. -- Juvenile fiction","a2bec9ef-28a6-41cb-937b-adaf51dd5ca7","2025-03-29 17:13:07","a2bec9ef-28a6-41cb-937b-adaf51dd5ca7","2025-03-29 17:13:07",1
"Dogs -- Juvenile fiction -- Comic books, strips, etc","a2bec9ef-28a6-41cb-937b-adaf51dd5ca7","2025-03-29 17:13:07","a2bec9ef-28a6-41cb-937b-adaf51dd5ca7","2025-03-29 17:13:07",1
"Police -- Juvenile fiction -- Comic books, strips, etc","a2bec9ef-28a6-41cb-937b-adaf51dd5ca7","2025-03-29 17:13:07","a2bec9ef-28a6-41cb-937b-adaf51dd5ca7","2025-03-29 17:13:07",1
"Cats -- Juvenile fiction -- Comic books, strips, etc","a2bec9ef-28a6-41cb-937b-adaf51dd5ca7","2025-03-29 17:13:07","a2bec9ef-28a6-41cb-937b-adaf51dd5ca7","2025-03-29 17:13:07",1
"Criminals -- Juvenile fiction -- Comic books, strips, etc","a2bec9ef-28a6-41cb-937b-adaf51dd5ca7","2025-03-29 17:13:07","a2bec9ef-28a6-41cb-937b-adaf51dd5ca7","2025-03-29 17:13:07",1
"Police -- Romans, nouvelles, etc. pour la jeunesse -- Bandes dessinées","a2bec9ef-28a6-41cb-937b-adaf51dd5ca7","2025-03-29 17:13:07","a2bec9ef-28a6-41cb-937b-adaf51dd5ca7","2025-03-29 17:13:07",1
"Chiens -- Romans, nouvelles, etc. pour la jeunesse -- Bandes dessinées","a2bec9ef-28a6-41cb-937b-adaf51dd5ca7","2025-03-29 17:13:07","a2bec9ef-28a6-41cb-937b-adaf51dd5ca7","2025-03-29 17:13:07",1
"Chats -- Romans, nouvelles, etc. pour la jeunesse -- Bandes dessinées","a2bec9ef-28a6-41cb-937b-adaf51dd5ca7","2025-03-29 17:13:07","a2bec9ef-28a6-41cb-937b-adaf51dd5ca7","2025-03-29 17:13:07",1
"Criminels -- Romans, nouvelles, etc. pour la jeunesse -- Bandes dessinées","a2bec9ef-28a6-41cb-937b-adaf51dd5ca7","2025-03-29 17:13:07","a2bec9ef-28a6-41cb-937b-adaf51dd5ca7","2025-03-29 17:13:07",1
"Holes","a2bec9ef-28a6-41cb-937b-adaf51dd5ca7","2025-03-29 17:13:07","a2bec9ef-28a6-41cb-937b-adaf51dd5ca7","2025-03-29 17:13:07",1
"Documentary films","a2bec9ef-28a6-41cb-937b-adaf51dd5ca7","2025-03-29 17:13:07","a2bec9ef-28a6-41cb-937b-adaf51dd5ca7","2025-03-29 17:13:07",1
"hard science-fiction","a2bec9ef-28a6-41cb-937b-adaf51dd5ca7","2025-03-29 17:13:07","a2bec9ef-28a6-41cb-937b-adaf51dd5ca7","2025-03-29 17:13:07",1
"science-fiction","a2bec9ef-28a6-41cb-937b-adaf51dd5ca7","2025-03-29 17:13:07","a2bec9ef-28a6-41cb-937b-adaf51dd5ca7","2025-03-29 17:13:07",1
"sci-fi","a2bec9ef-28a6-41cb-937b-adaf51dd5ca7","2025-03-29 17:13:07","a2bec9ef-28a6-41cb-937b-adaf51dd5ca7","2025-03-29 17:13:07",1
"hard sci-fi","a2bec9ef-28a6-41cb-937b-adaf51dd5ca7","2025-03-29 17:13:07","a2bec9ef-28a6-41cb-937b-adaf51dd5ca7","2025-03-29 17:13:07",1
"nyt:hardcover-fiction=2021-05-23","a2bec9ef-28a6-41cb-937b-adaf51dd5ca7","2025-03-29 17:13:07","a2bec9ef-28a6-41cb-937b-adaf51dd5ca7","2025-03-29 17:13:07",1
"Astronauts","a2bec9ef-28a6-41cb-937b-adaf51dd5ca7","2025-03-29 17:13:07","a2bec9ef-28a6-41cb-937b-adaf51dd5ca7","2025-03-29 17:13:07",1
"Space flight","a2bec9ef-28a6-41cb-937b-adaf51dd5ca7","2025-03-29 17:13:07","a2bec9ef-28a6-41cb-937b-adaf51dd5ca7","2025-03-29 17:13:07",1
"Memory disorders","a2bec9ef-28a6-41cb-937b-adaf51dd5ca7","2025-03-29 17:13:07","a2bec9ef-28a6-41cb-937b-adaf51dd5ca7","2025-03-29 17:13:07",1
"Astronautes","a2bec9ef-28a6-41cb-937b-adaf51dd5ca7","2025-03-29 17:13:07","a2bec9ef-28a6-41cb-937b-adaf51dd5ca7","2025-03-29 17:13:07",1
"Vol spatial","a2bec9ef-28a6-41cb-937b-adaf51dd5ca7","2025-03-29 17:13:07","a2bec9ef-28a6-41cb-937b-adaf51dd5ca7","2025-03-29 17:13:07",1
"FICTION / Science Fiction / Action & Adventure","a2bec9ef-28a6-41cb-937b-adaf51dd5ca7","2025-03-29 17:13:07","a2bec9ef-28a6-41cb-937b-adaf51dd5ca7","2025-03-29 17:13:07",1
"FICTION / Science Fiction / Hard Science Fiction","a2bec9ef-28a6-41cb-937b-adaf51dd5ca7","2025-03-29 17:13:07","a2bec9ef-28a6-41cb-937b-adaf51dd5ca7","2025-03-29 17:13:07",1
"Survival after airplane accidents, shipwrecks","a2bec9ef-28a6-41cb-937b-adaf51dd5ca7","2025-03-29 17:13:07","a2bec9ef-28a6-41cb-937b-adaf51dd5ca7","2025-03-29 17:13:07",1
"nyt:trade-fiction-paperback=2022-11-13","a2bec9ef-28a6-41cb-937b-adaf51dd5ca7","2025-03-29 17:13:07","a2bec9ef-28a6-41cb-937b-adaf51dd5ca7","2025-03-29 17:13:07",1
"business","a2bec9ef-28a6-41cb-937b-adaf51dd5ca7","2025-03-29 17:13:07","a2bec9ef-28a6-41cb-937b-adaf51dd5ca7","2025-03-29 17:13:07",1
"technology","a2bec9ef-28a6-41cb-937b-adaf51dd5ca7","2025-03-29 17:13:07","a2bec9ef-28a6-41cb-937b-adaf51dd5ca7","2025-03-29 17:13:07",1
"nonfiction","a2bec9ef-28a6-41cb-937b-adaf51dd5ca7","2025-03-29 17:13:07","a2bec9ef-28a6-41cb-937b-adaf51dd5ca7","2025-03-29 17:13:07",1
"business & economics","a2bec9ef-28a6-41cb-937b-adaf51dd5ca7","2025-03-29 17:13:07","a2bec9ef-28a6-41cb-937b-adaf51dd5ca7","2025-03-29 17:13:07",1
"entrepreneurship","a2bec9ef-28a6-41cb-937b-adaf51dd5ca7","2025-03-29 17:13:07","a2bec9ef-28a6-41cb-937b-adaf51dd5ca7","2025-03-29 17:13:07",1
"Finance","a2bec9ef-28a6-41cb-937b-adaf51dd5ca7","2025-03-29 17:13:07","a2bec9ef-28a6-41cb-937b-adaf51dd5ca7","2025-03-29 17:13:07",1
"technology & engineering","a2bec9ef-28a6-41cb-937b-adaf51dd5ca7","2025-03-29 17:13:07","a2bec9ef-28a6-41cb-937b-adaf51dd5ca7","2025-03-29 17:13:07",1
"biomedical","a2bec9ef-28a6-41cb-937b-adaf51dd5ca7","2025-03-29 17:13:07","a2bec9ef-28a6-41cb-937b-adaf51dd5ca7","2025-03-29 17:13:07",1
"Theranos","a2bec9ef-28a6-41cb-937b-adaf51dd5ca7","2025-03-29 17:13:07","a2bec9ef-28a6-41cb-937b-adaf51dd5ca7","2025-03-29 17:13:07",1
"Hematologic equipment industry","a2bec9ef-28a6-41cb-937b-adaf51dd5ca7","2025-03-29 17:13:07","a2bec9ef-28a6-41cb-937b-adaf51dd5ca7","2025-03-29 17:13:07",1
"TECHNOLOGY & ENGINEERING / Biomedical","a2bec9ef-28a6-41cb-937b-adaf51dd5ca7","2025-03-29 17:13:07","a2bec9ef-28a6-41cb-937b-adaf51dd5ca7","2025-03-29 17:13:07",1
"Fraud","a2bec9ef-28a6-41cb-937b-adaf51dd5ca7","2025-03-29 17:13:07","a2bec9ef-28a6-41cb-937b-adaf51dd5ca7","2025-03-29 17:13:07",1
"Theranos (Firm)","a2bec9ef-28a6-41cb-937b-adaf51dd5ca7","2025-03-29 17:13:07","a2bec9ef-28a6-41cb-937b-adaf51dd5ca7","2025-03-29 17:13:07",1
"BUSINESS & ECONOMICS / Finance","a2bec9ef-28a6-41cb-937b-adaf51dd5ca7","2025-03-29 17:13:07","a2bec9ef-28a6-41cb-937b-adaf51dd5ca7","2025-03-29 17:13:07",1
"BUSINESS & ECONOMICS / Entrepreneurship","a2bec9ef-28a6-41cb-937b-adaf51dd5ca7","2025-03-29 17:13:07","a2bec9ef-28a6-41cb-937b-adaf51dd5ca7","2025-03-29 17:13:07",1
"Industries, united states","a2bec9ef-28a6-41cb-937b-adaf51dd5ca7","2025-03-29 17:13:07","a2bec9ef-28a6-41cb-937b-adaf51dd5ca7","2025-03-29 17:13:07",1
"Medical supplies","a2bec9ef-28a6-41cb-937b-adaf51dd5ca7","2025-03-29 17:13:07","a2bec9ef-28a6-41cb-937b-adaf51dd5ca7","2025-03-29 17:13:07",1
"nyt:combined-print-and-e-book-nonfiction=2018-06-10","a2bec9ef-28a6-41cb-937b-adaf51dd5ca7","2025-03-29 17:13:07","a2bec9ef-28a6-41cb-937b-adaf51dd5ca7","2025-03-29 17:13:07",1
"Corporations, corrupt practices","a2bec9ef-28a6-41cb-937b-adaf51dd5ca7","2025-03-29 17:13:07","a2bec9ef-28a6-41cb-937b-adaf51dd5ca7","2025-03-29 17:13:07",1
"Medical instruments and apparatus","a2bec9ef-28a6-41cb-937b-adaf51dd5ca7","2025-03-29 17:13:07","a2bec9ef-28a6-41cb-937b-adaf51dd5ca7","2025-03-29 17:13:07",1
"nyt:paperback-nonfiction=2020-02-16","a2bec9ef-28a6-41cb-937b-adaf51dd5ca7","2025-03-29 17:13:07","a2bec9ef-28a6-41cb-937b-adaf51dd5ca7","2025-03-29 17:13:07",1
"New business enterprises","a2bec9ef-28a6-41cb-937b-adaf51dd5ca7","2025-03-29 17:13:07","a2bec9ef-28a6-41cb-937b-adaf51dd5ca7","2025-03-29 17:13:07",1
"Case studies","a2bec9ef-28a6-41cb-937b-adaf51dd5ca7","2025-03-29 17:13:07","a2bec9ef-28a6-41cb-937b-adaf51dd5ca7","2025-03-29 17:13:07",1
"Corrupt practices","a2bec9ef-28a6-41cb-937b-adaf51dd5ca7","2025-03-29 17:13:07","a2bec9ef-28a6-41cb-937b-adaf51dd5ca7","2025-03-29 17:13:07",1
"Securities fraud","a2bec9ef-28a6-41cb-937b-adaf51dd5ca7","2025-03-29 17:13:07","a2bec9ef-28a6-41cb-937b-adaf51dd5ca7","2025-03-29 17:13:07",1
"BUSINESS & ECONOMICS / Finance / General","a2bec9ef-28a6-41cb-937b-adaf51dd5ca7","2025-03-29 17:13:07","a2bec9ef-28a6-41cb-937b-adaf51dd5ca7","2025-03-29 17:13:07",1
"Theranos (Firm.)","a2bec9ef-28a6-41cb-937b-adaf51dd5ca7","2025-03-29 17:13:07","a2bec9ef-28a6-41cb-937b-adaf51dd5ca7","2025-03-29 17:13:07",1
"Cases","a2bec9ef-28a6-41cb-937b-adaf51dd5ca7","2025-03-29 17:13:07","a2bec9ef-28a6-41cb-937b-adaf51dd5ca7","2025-03-29 17:13:07",1
"Industries","a2bec9ef-28a6-41cb-937b-adaf51dd5ca7","2025-03-29 17:13:07","a2bec9ef-28a6-41cb-937b-adaf51dd5ca7","2025-03-29 17:13:07",1
"Anthologies","a2bec9ef-28a6-41cb-937b-adaf51dd5ca7","2025-03-29 17:13:07","a2bec9ef-28a6-41cb-937b-adaf51dd5ca7","2025-03-29 17:13:07",1
"Percy Jackson (Fictional character)","a2bec9ef-28a6-41cb-937b-adaf51dd5ca7","2025-03-29 17:13:07","a2bec9ef-28a6-41cb-937b-adaf51dd5ca7","2025-03-29 17:13:07",1
"JUVENILE FICTION / Fairy Tales & Folklore / Anthologies","a2bec9ef-28a6-41cb-937b-adaf51dd5ca7","2025-03-29 17:13:07","a2bec9ef-28a6-41cb-937b-adaf51dd5ca7","2025-03-29 17:13:07",1
"JUVENILE FICTION / Classics","a2bec9ef-28a6-41cb-937b-adaf51dd5ca7","2025-03-29 17:13:07","a2bec9ef-28a6-41cb-937b-adaf51dd5ca7","2025-03-29 17:13:07",1
"teens","a2bec9ef-28a6-41cb-937b-adaf51dd5ca7","2025-03-29 17:13:07","a2bec9ef-28a6-41cb-937b-adaf51dd5ca7","2025-03-29 17:13:07",1
"nyt:childrens-middle-grade=2014-09-07","a2bec9ef-28a6-41cb-937b-adaf51dd5ca7","2025-03-29 17:13:07","a2bec9ef-28a6-41cb-937b-adaf51dd5ca7","2025-03-29 17:13:07",1
"Adventure stories (Children's / Teenage)","a2bec9ef-28a6-41cb-937b-adaf51dd5ca7","2025-03-29 17:13:07","a2bec9ef-28a6-41cb-937b-adaf51dd5ca7","2025-03-29 17:13:07",1
"Traditional stories (Children's / Teenage)","a2bec9ef-28a6-41cb-937b-adaf51dd5ca7","2025-03-29 17:13:07","a2bec9ef-28a6-41cb-937b-adaf51dd5ca7","2025-03-29 17:13:07",1
"SpaceX (Firm)","a2bec9ef-28a6-41cb-937b-adaf51dd5ca7","2025-03-29 17:13:07","a2bec9ef-28a6-41cb-937b-adaf51dd5ca7","2025-03-29 17:13:07",1
"PayPal (Firm)","a2bec9ef-28a6-41cb-937b-adaf51dd5ca7","2025-03-29 17:13:07","a2bec9ef-28a6-41cb-937b-adaf51dd5ca7","2025-03-29 17:13:07",1
"Businesspeople","a2bec9ef-28a6-41cb-937b-adaf51dd5ca7","2025-03-29 17:13:07","a2bec9ef-28a6-41cb-937b-adaf51dd5ca7","2025-03-29 17:13:07",1
"Tesla Motors","a2bec9ef-28a6-41cb-937b-adaf51dd5ca7","2025-03-29 17:13:07","a2bec9ef-28a6-41cb-937b-adaf51dd5ca7","2025-03-29 17:13:07",1
"Businesspeople, biography","a2bec9ef-28a6-41cb-937b-adaf51dd5ca7","2025-03-29 17:13:07","a2bec9ef-28a6-41cb-937b-adaf51dd5ca7","2025-03-29 17:13:07",1
"Technological innovations, economic aspects","a2bec9ef-28a6-41cb-937b-adaf51dd5ca7","2025-03-29 17:13:07","a2bec9ef-28a6-41cb-937b-adaf51dd5ca7","2025-03-29 17:13:07",1
"Aerospace industries","a2bec9ef-28a6-41cb-937b-adaf51dd5ca7","2025-03-29 17:13:07","a2bec9ef-28a6-41cb-937b-adaf51dd5ca7","2025-03-29 17:13:07",1
"Automobiles, electric","a2bec9ef-28a6-41cb-937b-adaf51dd5ca7","2025-03-29 17:13:07","a2bec9ef-28a6-41cb-937b-adaf51dd5ca7","2025-03-29 17:13:07",1
"Inventors","a2bec9ef-28a6-41cb-937b-adaf51dd5ca7","2025-03-29 17:13:07","a2bec9ef-28a6-41cb-937b-adaf51dd5ca7","2025-03-29 17:13:07",1
"nyt:combined-print-and-e-book-nonfiction=2015-06-07","a2bec9ef-28a6-41cb-937b-adaf51dd5ca7","2025-03-29 17:13:07","a2bec9ef-28a6-41cb-937b-adaf51dd5ca7","2025-03-29 17:13:07",1
"Technological innovations","a2bec9ef-28a6-41cb-937b-adaf51dd5ca7","2025-03-29 17:13:07","a2bec9ef-28a6-41cb-937b-adaf51dd5ca7","2025-03-29 17:13:07",1
"Economic aspects","a2bec9ef-28a6-41cb-937b-adaf51dd5ca7","2025-03-29 17:13:07","a2bec9ef-28a6-41cb-937b-adaf51dd5ca7","2025-03-29 17:13:07",1
"Gens d'affaires","a2bec9ef-28a6-41cb-937b-adaf51dd5ca7","2025-03-29 17:13:07","a2bec9ef-28a6-41cb-937b-adaf51dd5ca7","2025-03-29 17:13:07",1
"Biographies","a2bec9ef-28a6-41cb-937b-adaf51dd5ca7","2025-03-29 17:13:07","a2bec9ef-28a6-41cb-937b-adaf51dd5ca7","2025-03-29 17:13:07",1
"Inventeurs","a2bec9ef-28a6-41cb-937b-adaf51dd5ca7","2025-03-29 17:13:07","a2bec9ef-28a6-41cb-937b-adaf51dd5ca7","2025-03-29 17:13:07",1
"Innovations","a2bec9ef-28a6-41cb-937b-adaf51dd5ca7","2025-03-29 17:13:07","a2bec9ef-28a6-41cb-937b-adaf51dd5ca7","2025-03-29 17:13:07",1
"Aspect économique","a2bec9ef-28a6-41cb-937b-adaf51dd5ca7","2025-03-29 17:13:07","a2bec9ef-28a6-41cb-937b-adaf51dd5ca7","2025-03-29 17:13:07",1
"Innovations technologiques","a2bec9ef-28a6-41cb-937b-adaf51dd5ca7","2025-03-29 17:13:07","a2bec9ef-28a6-41cb-937b-adaf51dd5ca7","2025-03-29 17:13:07",1
"Hommes d'affaires","a2bec9ef-28a6-41cb-937b-adaf51dd5ca7","2025-03-29 17:13:07","a2bec9ef-28a6-41cb-937b-adaf51dd5ca7","2025-03-29 17:13:07",1
"Aspects économiques","a2bec9ef-28a6-41cb-937b-adaf51dd5ca7","2025-03-29 17:13:07","a2bec9ef-28a6-41cb-937b-adaf51dd5ca7","2025-03-29 17:13:07",1
"SpaceX (Firme)","a2bec9ef-28a6-41cb-937b-adaf51dd5ca7","2025-03-29 17:13:07","a2bec9ef-28a6-41cb-937b-adaf51dd5ca7","2025-03-29 17:13:07",1
"PayPal (Firme)","a2bec9ef-28a6-41cb-937b-adaf51dd5ca7","2025-03-29 17:13:07","a2bec9ef-28a6-41cb-937b-adaf51dd5ca7","2025-03-29 17:13:07",1
"Technology, economic aspects","a2bec9ef-28a6-41cb-937b-adaf51dd5ca7","2025-03-29 17:13:07","a2bec9ef-28a6-41cb-937b-adaf51dd5ca7","2025-03-29 17:13:07",1
"Business, biography","a2bec9ef-28a6-41cb-937b-adaf51dd5ca7","2025-03-29 17:13:07","a2bec9ef-28a6-41cb-937b-adaf51dd5ca7","2025-03-29 17:13:07",1
"Negotiation","a2bec9ef-28a6-41cb-937b-adaf51dd5ca7","2025-03-29 17:13:07","a2bec9ef-28a6-41cb-937b-adaf51dd5ca7","2025-03-29 17:13:07",1
"Negotiation in business","a2bec9ef-28a6-41cb-937b-adaf51dd5ca7","2025-03-29 17:13:07","a2bec9ef-28a6-41cb-937b-adaf51dd5ca7","2025-03-29 17:13:07",1
"Business communication","a2bec9ef-28a6-41cb-937b-adaf51dd5ca7","2025-03-29 17:13:07","a2bec9ef-28a6-41cb-937b-adaf51dd5ca7","2025-03-29 17:13:07",1
"Communication","a2bec9ef-28a6-41cb-937b-adaf51dd5ca7","2025-03-29 17:13:07","a2bec9ef-28a6-41cb-937b-adaf51dd5ca7","2025-03-29 17:13:07",1
"Emotional intelligence","a2bec9ef-28a6-41cb-937b-adaf51dd5ca7","2025-03-29 17:13:07","a2bec9ef-28a6-41cb-937b-adaf51dd5ca7","2025-03-29 17:13:07",1
"Hostage negotiation","a2bec9ef-28a6-41cb-937b-adaf51dd5ca7","2025-03-29 17:13:07","a2bec9ef-28a6-41cb-937b-adaf51dd5ca7","2025-03-29 17:13:07",1
"FBI","a2bec9ef-28a6-41cb-937b-adaf51dd5ca7","2025-03-29 17:13:07","a2bec9ef-28a6-41cb-937b-adaf51dd5ca7","2025-03-29 17:13:07",1
"FBI negotiation tactics","a2bec9ef-28a6-41cb-937b-adaf51dd5ca7","2025-03-29 17:13:07","a2bec9ef-28a6-41cb-937b-adaf51dd5ca7","2025-03-29 17:13:07",1
"Chris","a2bec9ef-28a6-41cb-937b-adaf51dd5ca7","2025-03-29 17:13:07","a2bec9ef-28a6-41cb-937b-adaf51dd5ca7","2025-03-29 17:13:07",1
"Voss","a2bec9ef-28a6-41cb-937b-adaf51dd5ca7","2025-03-29 17:13:07","a2bec9ef-28a6-41cb-937b-adaf51dd5ca7","2025-03-29 17:13:07",1
"Tahl Raz","a2bec9ef-28a6-41cb-937b-adaf51dd5ca7","2025-03-29 17:13:07","a2bec9ef-28a6-41cb-937b-adaf51dd5ca7","2025-03-29 17:13:07",1
"Fiction & Literature","a2bec9ef-28a6-41cb-937b-adaf51dd5ca7","2025-03-29 17:13:07","a2bec9ef-28a6-41cb-937b-adaf51dd5ca7","2025-03-29 17:13:07",1
"Blacks","a2bec9ef-28a6-41cb-937b-adaf51dd5ca7","2025-03-29 17:13:07","a2bec9ef-28a6-41cb-937b-adaf51dd5ca7","2025-03-29 17:13:07",1
"social life and customs","a2bec9ef-28a6-41cb-937b-adaf51dd5ca7","2025-03-29 17:13:07","a2bec9ef-28a6-41cb-937b-adaf51dd5ca7","2025-03-29 17:13:07",1
"songs and music","a2bec9ef-28a6-41cb-937b-adaf51dd5ca7","2025-03-29 17:13:07","a2bec9ef-28a6-41cb-937b-adaf51dd5ca7","2025-03-29 17:13:07",1
"Lesbian fiction","a2bec9ef-28a6-41cb-937b-adaf51dd5ca7","2025-03-29 17:13:07","a2bec9ef-28a6-41cb-937b-adaf51dd5ca7","2025-03-29 17:13:07",1
"African American women","a2bec9ef-28a6-41cb-937b-adaf51dd5ca7","2025-03-29 17:13:07","a2bec9ef-28a6-41cb-937b-adaf51dd5ca7","2025-03-29 17:13:07",1
"Adult child sexual abuse victims","a2bec9ef-28a6-41cb-937b-adaf51dd5ca7","2025-03-29 17:13:07","a2bec9ef-28a6-41cb-937b-adaf51dd5ca7","2025-03-29 17:13:07",1
"Abused wives","a2bec9ef-28a6-41cb-937b-adaf51dd5ca7","2025-03-29 17:13:07","a2bec9ef-28a6-41cb-937b-adaf51dd5ca7","2025-03-29 17:13:07",1
"National Book Award Winner","a2bec9ef-28a6-41cb-937b-adaf51dd5ca7","2025-03-29 17:13:07","a2bec9ef-28a6-41cb-937b-adaf51dd5ca7","2025-03-29 17:13:07",1
"award:national_book_award=1983","a2bec9ef-28a6-41cb-937b-adaf51dd5ca7","2025-03-29 17:13:07","a2bec9ef-28a6-41cb-937b-adaf51dd5ca7","2025-03-29 17:13:07",1
"award:national_book_award=fiction","a2bec9ef-28a6-41cb-937b-adaf51dd5ca7","2025-03-29 17:13:07","a2bec9ef-28a6-41cb-937b-adaf51dd5ca7","2025-03-29 17:13:07",1
"African American authors","a2bec9ef-28a6-41cb-937b-adaf51dd5ca7","2025-03-29 17:13:07","a2bec9ef-28a6-41cb-937b-adaf51dd5ca7","2025-03-29 17:13:07",1
"Language readers","a2bec9ef-28a6-41cb-937b-adaf51dd5ca7","2025-03-29 17:13:07","a2bec9ef-28a6-41cb-937b-adaf51dd5ca7","2025-03-29 17:13:07",1
"Books that Shaped Work in America","a2bec9ef-28a6-41cb-937b-adaf51dd5ca7","2025-03-29 17:13:07","a2bec9ef-28a6-41cb-937b-adaf51dd5ca7","2025-03-29 17:13:07",1
"African Continental Ancestry Group","a2bec9ef-28a6-41cb-937b-adaf51dd5ca7","2025-03-29 17:13:07","a2bec9ef-28a6-41cb-937b-adaf51dd5ca7","2025-03-29 17:13:07",1
"Noires américaines","a2bec9ef-28a6-41cb-937b-adaf51dd5ca7","2025-03-29 17:13:07","a2bec9ef-28a6-41cb-937b-adaf51dd5ca7","2025-03-29 17:13:07",1
"1000blackgirlbooks","a2bec9ef-28a6-41cb-937b-adaf51dd5ca7","2025-03-29 17:13:07","a2bec9ef-28a6-41cb-937b-adaf51dd5ca7","2025-03-29 17:13:07",1
"African americans, fiction","a2bec9ef-28a6-41cb-937b-adaf51dd5ca7","2025-03-29 17:13:07","a2bec9ef-28a6-41cb-937b-adaf51dd5ca7","2025-03-29 17:13:07",1
"Fiction, african american, general","a2bec9ef-28a6-41cb-937b-adaf51dd5ca7","2025-03-29 17:13:07","a2bec9ef-28a6-41cb-937b-adaf51dd5ca7","2025-03-29 17:13:07",1
"Noires","a2bec9ef-28a6-41cb-937b-adaf51dd5ca7","2025-03-29 17:13:07","a2bec9ef-28a6-41cb-937b-adaf51dd5ca7","2025-03-29 17:13:07",1
"Fiction, african american & black, general","a2bec9ef-28a6-41cb-937b-adaf51dd5ca7","2025-03-29 17:13:07","a2bec9ef-28a6-41cb-937b-adaf51dd5ca7","2025-03-29 17:13:07",1
"Vrouwenemancipatie","a2bec9ef-28a6-41cb-937b-adaf51dd5ca7","2025-03-29 17:13:07","a2bec9ef-28a6-41cb-937b-adaf51dd5ca7","2025-03-29 17:13:07",1
"Racisme","a2bec9ef-28a6-41cb-937b-adaf51dd5ca7","2025-03-29 17:13:07","a2bec9ef-28a6-41cb-937b-adaf51dd5ca7","2025-03-29 17:13:07",1
"Romans en novellen ; vertaald","a2bec9ef-28a6-41cb-937b-adaf51dd5ca7","2025-03-29 17:13:07","a2bec9ef-28a6-41cb-937b-adaf51dd5ca7","2025-03-29 17:13:07",1
"Spanish fiction","a2bec9ef-28a6-41cb-937b-adaf51dd5ca7","2025-03-29 17:13:07","a2bec9ef-28a6-41cb-937b-adaf51dd5ca7","2025-03-29 17:13:07",1
"Spanish imprints","a2bec9ef-28a6-41cb-937b-adaf51dd5ca7","2025-03-29 17:13:07","a2bec9ef-28a6-41cb-937b-adaf51dd5ca7","2025-03-29 17:13:07",1
"Roman espagnol","a2bec9ef-28a6-41cb-937b-adaf51dd5ca7","2025-03-29 17:13:07","a2bec9ef-28a6-41cb-937b-adaf51dd5ca7","2025-03-29 17:13:07",1
"Imprimés espagnols","a2bec9ef-28a6-41cb-937b-adaf51dd5ca7","2025-03-29 17:13:07","a2bec9ef-28a6-41cb-937b-adaf51dd5ca7","2025-03-29 17:13:07",1
"Lesbians","a2bec9ef-28a6-41cb-937b-adaf51dd5ca7","2025-03-29 17:13:07","a2bec9ef-28a6-41cb-937b-adaf51dd5ca7","2025-03-29 17:13:07",1
"FICTION / General","a2bec9ef-28a6-41cb-937b-adaf51dd5ca7","2025-03-29 17:13:07","a2bec9ef-28a6-41cb-937b-adaf51dd5ca7","2025-03-29 17:13:07",1
"Germany, fiction","a2bec9ef-28a6-41cb-937b-adaf51dd5ca7","2025-03-29 17:13:07","a2bec9ef-28a6-41cb-937b-adaf51dd5ca7","2025-03-29 17:13:07",1
"nyt:trade-fiction-paperback=2017-04-23","a2bec9ef-28a6-41cb-937b-adaf51dd5ca7","2025-03-29 17:13:07","a2bec9ef-28a6-41cb-937b-adaf51dd5ca7","2025-03-29 17:13:07",1
"nyt:hardcover-fiction=2014-05-25","a2bec9ef-28a6-41cb-937b-adaf51dd5ca7","2025-03-29 17:13:07","a2bec9ef-28a6-41cb-937b-adaf51dd5ca7","2025-03-29 17:13:07",1
"nyt:e-book-fiction=2014-06-08","a2bec9ef-28a6-41cb-937b-adaf51dd5ca7","2025-03-29 17:13:07","a2bec9ef-28a6-41cb-937b-adaf51dd5ca7","2025-03-29 17:13:07",1
"Juventud","a2bec9ef-28a6-41cb-937b-adaf51dd5ca7","2025-03-29 17:13:07","a2bec9ef-28a6-41cb-937b-adaf51dd5ca7","2025-03-29 17:13:07",1
"Ciegos","a2bec9ef-28a6-41cb-937b-adaf51dd5ca7","2025-03-29 17:13:07","a2bec9ef-28a6-41cb-937b-adaf51dd5ca7","2025-03-29 17:13:07",1
"Berliner Mauer","a2bec9ef-28a6-41cb-937b-adaf51dd5ca7","2025-03-29 17:13:07","a2bec9ef-28a6-41cb-937b-adaf51dd5ca7","2025-03-29 17:13:07",1
"Fathers and daughters","a2bec9ef-28a6-41cb-937b-adaf51dd5ca7","2025-03-29 17:13:07","a2bec9ef-28a6-41cb-937b-adaf51dd5ca7","2025-03-29 17:13:07",1
"Tweede Wereldoorlog","a2bec9ef-28a6-41cb-937b-adaf51dd5ca7","2025-03-29 17:13:07","a2bec9ef-28a6-41cb-937b-adaf51dd5ca7","2025-03-29 17:13:07",1
"Personnes aveugles","a2bec9ef-28a6-41cb-937b-adaf51dd5ca7","2025-03-29 17:13:07","a2bec9ef-28a6-41cb-937b-adaf51dd5ca7","2025-03-29 17:13:07",1
"German Occupation of France (1940-1945) fast (OCoLC)fst01353176","a2bec9ef-28a6-41cb-937b-adaf51dd5ca7","2025-03-29 17:13:07","a2bec9ef-28a6-41cb-937b-adaf51dd5ca7","2025-03-29 17:13:07",1
"Portuguese language materials","a2bec9ef-28a6-41cb-937b-adaf51dd5ca7","2025-03-29 17:13:07","a2bec9ef-28a6-41cb-937b-adaf51dd5ca7","2025-03-29 17:13:07",1
"Enfants aveugles","a2bec9ef-28a6-41cb-937b-adaf51dd5ca7","2025-03-29 17:13:07","a2bec9ef-28a6-41cb-937b-adaf51dd5ca7","2025-03-29 17:13:07",1
"Enfants et guerre","a2bec9ef-28a6-41cb-937b-adaf51dd5ca7","2025-03-29 17:13:07","a2bec9ef-28a6-41cb-937b-adaf51dd5ca7","2025-03-29 17:13:07",1
"Self-Help","a2bec9ef-28a6-41cb-937b-adaf51dd5ca7","2025-03-29 17:13:07","a2bec9ef-28a6-41cb-937b-adaf51dd5ca7","2025-03-29 17:13:07",1
"Self-improvement","a2bec9ef-28a6-41cb-937b-adaf51dd5ca7","2025-03-29 17:13:07","a2bec9ef-28a6-41cb-937b-adaf51dd5ca7","2025-03-29 17:13:07",1
"BODY, MIND & SPIRIT / Meditation","a2bec9ef-28a6-41cb-937b-adaf51dd5ca7","2025-03-29 17:13:07","a2bec9ef-28a6-41cb-937b-adaf51dd5ca7","2025-03-29 17:13:07",1
"Essays","a2bec9ef-28a6-41cb-937b-adaf51dd5ca7","2025-03-29 17:13:07","a2bec9ef-28a6-41cb-937b-adaf51dd5ca7","2025-03-29 17:13:07",1
"Emotions and cognition","a2bec9ef-28a6-41cb-937b-adaf51dd5ca7","2025-03-29 17:13:07","a2bec9ef-28a6-41cb-937b-adaf51dd5ca7","2025-03-29 17:13:07",1
"Change (Psychology)","a2bec9ef-28a6-41cb-937b-adaf51dd5ca7","2025-03-29 17:13:07","a2bec9ef-28a6-41cb-937b-adaf51dd5ca7","2025-03-29 17:13:07",1
"Thought and thinking","a2bec9ef-28a6-41cb-937b-adaf51dd5ca7","2025-03-29 17:13:07","a2bec9ef-28a6-41cb-937b-adaf51dd5ca7","2025-03-29 17:13:07",1
"Romance norte americano","a2bec9ef-28a6-41cb-937b-adaf51dd5ca7","2025-03-29 17:13:07","a2bec9ef-28a6-41cb-937b-adaf51dd5ca7","2025-03-29 17:13:07",1
"Armstrong Elementary","a2bec9ef-28a6-41cb-937b-adaf51dd5ca7","2025-03-29 17:13:07","a2bec9ef-28a6-41cb-937b-adaf51dd5ca7","2025-03-29 17:13:07",1
"4th grade","a2bec9ef-28a6-41cb-937b-adaf51dd5ca7","2025-03-29 17:13:07","a2bec9ef-28a6-41cb-937b-adaf51dd5ca7","2025-03-29 17:13:07",1
"3rd and 4th grades","a2bec9ef-28a6-41cb-937b-adaf51dd5ca7","2025-03-29 17:13:07","a2bec9ef-28a6-41cb-937b-adaf51dd5ca7","2025-03-29 17:13:07",1
"St. Marks","a2bec9ef-28a6-41cb-937b-adaf51dd5ca7","2025-03-29 17:13:07","a2bec9ef-28a6-41cb-937b-adaf51dd5ca7","2025-03-29 17:13:07",1
"Imaginary Voyages","a2bec9ef-28a6-41cb-937b-adaf51dd5ca7","2025-03-29 17:13:07","a2bec9ef-28a6-41cb-937b-adaf51dd5ca7","2025-03-29 17:13:07",1
"Children's stories, German","a2bec9ef-28a6-41cb-937b-adaf51dd5ca7","2025-03-29 17:13:07","a2bec9ef-28a6-41cb-937b-adaf51dd5ca7","2025-03-29 17:13:07",1
"Children: Grades 2-3","a2bec9ef-28a6-41cb-937b-adaf51dd5ca7","2025-03-29 17:13:07","a2bec9ef-28a6-41cb-937b-adaf51dd5ca7","2025-03-29 17:13:07",1
"Christian fiction","a2bec9ef-28a6-41cb-937b-adaf51dd5ca7","2025-03-29 17:13:07","a2bec9ef-28a6-41cb-937b-adaf51dd5ca7","2025-03-29 17:13:07",1
"Human-computer interaction","a2bec9ef-28a6-41cb-937b-adaf51dd5ca7","2025-03-29 17:13:07","a2bec9ef-28a6-41cb-937b-adaf51dd5ca7","2025-03-29 17:13:07",1
"Artificial intelligence","a2bec9ef-28a6-41cb-937b-adaf51dd5ca7","2025-03-29 17:13:07","a2bec9ef-28a6-41cb-937b-adaf51dd5ca7","2025-03-29 17:13:07",1
"Androids","a2bec9ef-28a6-41cb-937b-adaf51dd5ca7","2025-03-29 17:13:07","a2bec9ef-28a6-41cb-937b-adaf51dd5ca7","2025-03-29 17:13:07",1
"Robots","a2bec9ef-28a6-41cb-937b-adaf51dd5ca7","2025-03-29 17:13:07","a2bec9ef-28a6-41cb-937b-adaf51dd5ca7","2025-03-29 17:13:07",1
"nyt:mass_market_paperback=2011-08-20","a2bec9ef-28a6-41cb-937b-adaf51dd5ca7","2025-03-29 17:13:07","a2bec9ef-28a6-41cb-937b-adaf51dd5ca7","2025-03-29 17:13:07",1
"Seven Kingdoms (Imaginary place)","a2bec9ef-28a6-41cb-937b-adaf51dd5ca7","2025-03-29 17:13:07","a2bec9ef-28a6-41cb-937b-adaf51dd5ca7","2025-03-29 17:13:07",1
"Seven kingdoms (imaginary place), fiction","a2bec9ef-28a6-41cb-937b-adaf51dd5ca7","2025-03-29 17:13:07","a2bec9ef-28a6-41cb-937b-adaf51dd5ca7","2025-03-29 17:13:07",1
"Knights and knighthood","a2bec9ef-28a6-41cb-937b-adaf51dd5ca7","2025-03-29 17:13:07","a2bec9ef-28a6-41cb-937b-adaf51dd5ca7","2025-03-29 17:13:07",1
"Alchemy","a2bec9ef-28a6-41cb-937b-adaf51dd5ca7","2025-03-29 17:13:07","a2bec9ef-28a6-41cb-937b-adaf51dd5ca7","2025-03-29 17:13:07",1
"Incest","a2bec9ef-28a6-41cb-937b-adaf51dd5ca7","2025-03-29 17:13:07","a2bec9ef-28a6-41cb-937b-adaf51dd5ca7","2025-03-29 17:13:07",1
"Murderers","a2bec9ef-28a6-41cb-937b-adaf51dd5ca7","2025-03-29 17:13:07","a2bec9ef-28a6-41cb-937b-adaf51dd5ca7","2025-03-29 17:13:07",1
"Proscritos","a2bec9ef-28a6-41cb-937b-adaf51dd5ca7","2025-03-29 17:13:07","a2bec9ef-28a6-41cb-937b-adaf51dd5ca7","2025-03-29 17:13:07",1
"Paz","a2bec9ef-28a6-41cb-937b-adaf51dd5ca7","2025-03-29 17:13:07","a2bec9ef-28a6-41cb-937b-adaf51dd5ca7","2025-03-29 17:13:07",1
"Peace","a2bec9ef-28a6-41cb-937b-adaf51dd5ca7","2025-03-29 17:13:07","a2bec9ef-28a6-41cb-937b-adaf51dd5ca7","2025-03-29 17:13:07",1
"Outlaws","a2bec9ef-28a6-41cb-937b-adaf51dd5ca7","2025-03-29 17:13:07","a2bec9ef-28a6-41cb-937b-adaf51dd5ca7","2025-03-29 17:13:07",1
"Guerras imaginarias","a2bec9ef-28a6-41cb-937b-adaf51dd5ca7","2025-03-29 17:13:07","a2bec9ef-28a6-41cb-937b-adaf51dd5ca7","2025-03-29 17:13:07",1
"Magico","a2bec9ef-28a6-41cb-937b-adaf51dd5ca7","2025-03-29 17:13:07","a2bec9ef-28a6-41cb-937b-adaf51dd5ca7","2025-03-29 17:13:07",1
"Monarchy","a2bec9ef-28a6-41cb-937b-adaf51dd5ca7","2025-03-29 17:13:07","a2bec9ef-28a6-41cb-937b-adaf51dd5ca7","2025-03-29 17:13:07",1
"Winter","a2bec9ef-28a6-41cb-937b-adaf51dd5ca7","2025-03-29 17:13:07","a2bec9ef-28a6-41cb-937b-adaf51dd5ca7","2025-03-29 17:13:07",1
"Polish language materials","a2bec9ef-28a6-41cb-937b-adaf51dd5ca7","2025-03-29 17:13:07","a2bec9ef-28a6-41cb-937b-adaf51dd5ca7","2025-03-29 17:13:07",1
"Materiał w Języku Polskiem","a2bec9ef-28a6-41cb-937b-adaf51dd5ca7","2025-03-29 17:13:07","a2bec9ef-28a6-41cb-937b-adaf51dd5ca7","2025-03-29 17:13:07",1
"Kings & queens","a2bec9ef-28a6-41cb-937b-adaf51dd5ca7","2025-03-29 17:13:07","a2bec9ef-28a6-41cb-937b-adaf51dd5ca7","2025-03-29 17:13:07",1
"Peace -- Fiction","a2bec9ef-28a6-41cb-937b-adaf51dd5ca7","2025-03-29 17:13:07","a2bec9ef-28a6-41cb-937b-adaf51dd5ca7","2025-03-29 17:13:07",1
"Outlaws -- Fiction","a2bec9ef-28a6-41cb-937b-adaf51dd5ca7","2025-03-29 17:13:07","a2bec9ef-28a6-41cb-937b-adaf51dd5ca7","2025-03-29 17:13:07",1
"Imaginary places -- Fiction","a2bec9ef-28a6-41cb-937b-adaf51dd5ca7","2025-03-29 17:13:07","a2bec9ef-28a6-41cb-937b-adaf51dd5ca7","2025-03-29 17:13:07",1
"Aging","a2bec9ef-28a6-41cb-937b-adaf51dd5ca7","2025-03-29 17:13:07","a2bec9ef-28a6-41cb-937b-adaf51dd5ca7","2025-03-29 17:13:07",1
"Aging in fiction","a2bec9ef-28a6-41cb-937b-adaf51dd5ca7","2025-03-29 17:13:07","a2bec9ef-28a6-41cb-937b-adaf51dd5ca7","2025-03-29 17:13:07",1
"Space and time","a2bec9ef-28a6-41cb-937b-adaf51dd5ca7","2025-03-29 17:13:07","a2bec9ef-28a6-41cb-937b-adaf51dd5ca7","2025-03-29 17:13:07",1
"Space and time in fiction","a2bec9ef-28a6-41cb-937b-adaf51dd5ca7","2025-03-29 17:13:07","a2bec9ef-28a6-41cb-937b-adaf51dd5ca7","2025-03-29 17:13:07",1
"Science fiction comic books, strips","a2bec9ef-28a6-41cb-937b-adaf51dd5ca7","2025-03-29 17:13:07","a2bec9ef-28a6-41cb-937b-adaf51dd5ca7","2025-03-29 17:13:07",1
"award:hugo_award=1976","a2bec9ef-28a6-41cb-937b-adaf51dd5ca7","2025-03-29 17:13:07","a2bec9ef-28a6-41cb-937b-adaf51dd5ca7","2025-03-29 17:13:07",1
"Space warfare in fiction","a2bec9ef-28a6-41cb-937b-adaf51dd5ca7","2025-03-29 17:13:07","a2bec9ef-28a6-41cb-937b-adaf51dd5ca7","2025-03-29 17:13:07",1
"Fiction, science fiction, military","a2bec9ef-28a6-41cb-937b-adaf51dd5ca7","2025-03-29 17:13:07","a2bec9ef-28a6-41cb-937b-adaf51dd5ca7","2025-03-29 17:13:07",1
"Mandella, william (fictitious character), fiction","a2bec9ef-28a6-41cb-937b-adaf51dd5ca7","2025-03-29 17:13:07","a2bec9ef-28a6-41cb-937b-adaf51dd5ca7","2025-03-29 17:13:07",1
"award:nebula_award=novel","a2bec9ef-28a6-41cb-937b-adaf51dd5ca7","2025-03-29 17:13:07","a2bec9ef-28a6-41cb-937b-adaf51dd5ca7","2025-03-29 17:13:07",1
"Envejecimiento","a2bec9ef-28a6-41cb-937b-adaf51dd5ca7","2025-03-29 17:13:07","a2bec9ef-28a6-41cb-937b-adaf51dd5ca7","2025-03-29 17:13:07",1
"Espacio y tiempo","a2bec9ef-28a6-41cb-937b-adaf51dd5ca7","2025-03-29 17:13:07","a2bec9ef-28a6-41cb-937b-adaf51dd5ca7","2025-03-29 17:13:07",1
"Science-fiction americaine","a2bec9ef-28a6-41cb-937b-adaf51dd5ca7","2025-03-29 17:13:07","a2bec9ef-28a6-41cb-937b-adaf51dd5ca7","2025-03-29 17:13:07",1
"Fiction, fantasy, dark fantasy","a2bec9ef-28a6-41cb-937b-adaf51dd5ca7","2025-03-29 17:13:07","a2bec9ef-28a6-41cb-937b-adaf51dd5ca7","2025-03-29 17:13:07",1
"paranormal","a2bec9ef-28a6-41cb-937b-adaf51dd5ca7","2025-03-29 17:13:07","a2bec9ef-28a6-41cb-937b-adaf51dd5ca7","2025-03-29 17:13:07",1
"necromancy","a2bec9ef-28a6-41cb-937b-adaf51dd5ca7","2025-03-29 17:13:07","a2bec9ef-28a6-41cb-937b-adaf51dd5ca7","2025-03-29 17:13:07",1
"Women authors","a2bec9ef-28a6-41cb-937b-adaf51dd5ca7","2025-03-29 17:13:07","a2bec9ef-28a6-41cb-937b-adaf51dd5ca7","2025-03-29 17:13:07",1
"Butch Lesbians","a2bec9ef-28a6-41cb-937b-adaf51dd5ca7","2025-03-29 17:13:07","a2bec9ef-28a6-41cb-937b-adaf51dd5ca7","2025-03-29 17:13:07",1
"Voyages, imaginary","a2bec9ef-28a6-41cb-937b-adaf51dd5ca7","2025-03-29 17:13:07","a2bec9ef-28a6-41cb-937b-adaf51dd5ca7","2025-03-29 17:13:07",1
"Gothic fiction","a2bec9ef-28a6-41cb-937b-adaf51dd5ca7","2025-03-29 17:13:07","a2bec9ef-28a6-41cb-937b-adaf51dd5ca7","2025-03-29 17:13:07",1
"psychological fiction","a2bec9ef-28a6-41cb-937b-adaf51dd5ca7","2025-03-29 17:13:07","a2bec9ef-28a6-41cb-937b-adaf51dd5ca7","2025-03-29 17:13:07",1
"Social isolation","a2bec9ef-28a6-41cb-937b-adaf51dd5ca7","2025-03-29 17:13:07","a2bec9ef-28a6-41cb-937b-adaf51dd5ca7","2025-03-29 17:13:07",1
"Gothic novels","a2bec9ef-28a6-41cb-937b-adaf51dd5ca7","2025-03-29 17:13:07","a2bec9ef-28a6-41cb-937b-adaf51dd5ca7","2025-03-29 17:13:07",1
"Fiction, gothic","a2bec9ef-28a6-41cb-937b-adaf51dd5ca7","2025-03-29 17:13:07","a2bec9ef-28a6-41cb-937b-adaf51dd5ca7","2025-03-29 17:13:07",1
"comic science fiction","a2bec9ef-28a6-41cb-937b-adaf51dd5ca7","2025-03-29 17:13:07","a2bec9ef-28a6-41cb-937b-adaf51dd5ca7","2025-03-29 17:13:07",1
"Vogons","a2bec9ef-28a6-41cb-937b-adaf51dd5ca7","2025-03-29 17:13:07","a2bec9ef-28a6-41cb-937b-adaf51dd5ca7","2025-03-29 17:13:07",1
"Imaginary voyages","a2bec9ef-28a6-41cb-937b-adaf51dd5ca7","2025-03-29 17:13:07","a2bec9ef-28a6-41cb-937b-adaf51dd5ca7","2025-03-29 17:13:07",1
"wit and humour","a2bec9ef-28a6-41cb-937b-adaf51dd5ca7","2025-03-29 17:13:07","a2bec9ef-28a6-41cb-937b-adaf51dd5ca7","2025-03-29 17:13:07",1
"Viajes interplanetarios","a2bec9ef-28a6-41cb-937b-adaf51dd5ca7","2025-03-29 17:13:07","a2bec9ef-28a6-41cb-937b-adaf51dd5ca7","2025-03-29 17:13:07",1
"Radio plays","a2bec9ef-28a6-41cb-937b-adaf51dd5ca7","2025-03-29 17:13:07","a2bec9ef-28a6-41cb-937b-adaf51dd5ca7","2025-03-29 17:13:07",1
"Christian life","a2bec9ef-28a6-41cb-937b-adaf51dd5ca7","2025-03-29 17:13:07","a2bec9ef-28a6-41cb-937b-adaf51dd5ca7","2025-03-29 17:13:07",1
"Indians of North America","a2bec9ef-28a6-41cb-937b-adaf51dd5ca7","2025-03-29 17:13:07","a2bec9ef-28a6-41cb-937b-adaf51dd5ca7","2025-03-29 17:13:07",1
"Science-fiction","a2bec9ef-28a6-41cb-937b-adaf51dd5ca7","2025-03-29 17:13:07","a2bec9ef-28a6-41cb-937b-adaf51dd5ca7","2025-03-29 17:13:07",1
"New age movement","a2bec9ef-28a6-41cb-937b-adaf51dd5ca7","2025-03-29 17:13:07","a2bec9ef-28a6-41cb-937b-adaf51dd5ca7","2025-03-29 17:13:07",1
"Action & adventure","a2bec9ef-28a6-41cb-937b-adaf51dd5ca7","2025-03-29 17:13:07","a2bec9ef-28a6-41cb-937b-adaf51dd5ca7","2025-03-29 17:13:07",1
"English & college success -> english -> fiction","a2bec9ef-28a6-41cb-937b-adaf51dd5ca7","2025-03-29 17:13:07","a2bec9ef-28a6-41cb-937b-adaf51dd5ca7","2025-03-29 17:13:07",1
"English & college success -> english -> humor","a2bec9ef-28a6-41cb-937b-adaf51dd5ca7","2025-03-29 17:13:07","a2bec9ef-28a6-41cb-937b-adaf51dd5ca7","2025-03-29 17:13:07",1
"death row inmates","a2bec9ef-28a6-41cb-937b-adaf51dd5ca7","2025-03-29 17:13:07","a2bec9ef-28a6-41cb-937b-adaf51dd5ca7","2025-03-29 17:13:07",1
"prisons","a2bec9ef-28a6-41cb-937b-adaf51dd5ca7","2025-03-29 17:13:07","a2bec9ef-28a6-41cb-937b-adaf51dd5ca7","2025-03-29 17:13:07",1
"Executions and executioners","a2bec9ef-28a6-41cb-937b-adaf51dd5ca7","2025-03-29 17:13:07","a2bec9ef-28a6-41cb-937b-adaf51dd5ca7","2025-03-29 17:13:07",1
"jails","a2bec9ef-28a6-41cb-937b-adaf51dd5ca7","2025-03-29 17:13:07","a2bec9ef-28a6-41cb-937b-adaf51dd5ca7","2025-03-29 17:13:07",1
"prison officials and employees","a2bec9ef-28a6-41cb-937b-adaf51dd5ca7","2025-03-29 17:13:07","a2bec9ef-28a6-41cb-937b-adaf51dd5ca7","2025-03-29 17:13:07",1
"American Horror tales","a2bec9ef-28a6-41cb-937b-adaf51dd5ca7","2025-03-29 17:13:07","a2bec9ef-28a6-41cb-937b-adaf51dd5ca7","2025-03-29 17:13:07",1
"mice","a2bec9ef-28a6-41cb-937b-adaf51dd5ca7","2025-03-29 17:13:07","a2bec9ef-28a6-41cb-937b-adaf51dd5ca7","2025-03-29 17:13:07",1
"Serialized fiction","a2bec9ef-28a6-41cb-937b-adaf51dd5ca7","2025-03-29 17:13:07","a2bec9ef-28a6-41cb-937b-adaf51dd5ca7","2025-03-29 17:13:07",1
"Penitentiary","a2bec9ef-28a6-41cb-937b-adaf51dd5ca7","2025-03-29 17:13:07","a2bec9ef-28a6-41cb-937b-adaf51dd5ca7","2025-03-29 17:13:07",1
"death row","a2bec9ef-28a6-41cb-937b-adaf51dd5ca7","2025-03-29 17:13:07","a2bec9ef-28a6-41cb-937b-adaf51dd5ca7","2025-03-29 17:13:07",1
"Prison wardens","a2bec9ef-28a6-41cb-937b-adaf51dd5ca7","2025-03-29 17:13:07","a2bec9ef-28a6-41cb-937b-adaf51dd5ca7","2025-03-29 17:13:07",1
"African American healers","a2bec9ef-28a6-41cb-937b-adaf51dd5ca7","2025-03-29 17:13:07","a2bec9ef-28a6-41cb-937b-adaf51dd5ca7","2025-03-29 17:13:07",1
"miracles","a2bec9ef-28a6-41cb-937b-adaf51dd5ca7","2025-03-29 17:13:07","a2bec9ef-28a6-41cb-937b-adaf51dd5ca7","2025-03-29 17:13:07",1
"serialised fiction","a2bec9ef-28a6-41cb-937b-adaf51dd5ca7","2025-03-29 17:13:07","a2bec9ef-28a6-41cb-937b-adaf51dd5ca7","2025-03-29 17:13:07",1
"serial","a2bec9ef-28a6-41cb-937b-adaf51dd5ca7","2025-03-29 17:13:07","a2bec9ef-28a6-41cb-937b-adaf51dd5ca7","2025-03-29 17:13:07",1
"First-person narrative","a2bec9ef-28a6-41cb-937b-adaf51dd5ca7","2025-03-29 17:13:07","a2bec9ef-28a6-41cb-937b-adaf51dd5ca7","2025-03-29 17:13:07",1
"nursing homes","a2bec9ef-28a6-41cb-937b-adaf51dd5ca7","2025-03-29 17:13:07","a2bec9ef-28a6-41cb-937b-adaf51dd5ca7","2025-03-29 17:13:07",1
"rape","a2bec9ef-28a6-41cb-937b-adaf51dd5ca7","2025-03-29 17:13:07","a2bec9ef-28a6-41cb-937b-adaf51dd5ca7","2025-03-29 17:13:07",1
"Cajuns","a2bec9ef-28a6-41cb-937b-adaf51dd5ca7","2025-03-29 17:13:07","a2bec9ef-28a6-41cb-937b-adaf51dd5ca7","2025-03-29 17:13:07",1
"arsonists","a2bec9ef-28a6-41cb-937b-adaf51dd5ca7","2025-03-29 17:13:07","a2bec9ef-28a6-41cb-937b-adaf51dd5ca7","2025-03-29 17:13:07",1
"Native Americans","a2bec9ef-28a6-41cb-937b-adaf51dd5ca7","2025-03-29 17:13:07","a2bec9ef-28a6-41cb-937b-adaf51dd5ca7","2025-03-29 17:13:07",1
"insurance fraud","a2bec9ef-28a6-41cb-937b-adaf51dd5ca7","2025-03-29 17:13:07","a2bec9ef-28a6-41cb-937b-adaf51dd5ca7","2025-03-29 17:13:07",1
"psychiatric hospitals","a2bec9ef-28a6-41cb-937b-adaf51dd5ca7","2025-03-29 17:13:07","a2bec9ef-28a6-41cb-937b-adaf51dd5ca7","2025-03-29 17:13:07",1
"electrodes","a2bec9ef-28a6-41cb-937b-adaf51dd5ca7","2025-03-29 17:13:07","a2bec9ef-28a6-41cb-937b-adaf51dd5ca7","2025-03-29 17:13:07",1
"electric chairs","a2bec9ef-28a6-41cb-937b-adaf51dd5ca7","2025-03-29 17:13:07","a2bec9ef-28a6-41cb-937b-adaf51dd5ca7","2025-03-29 17:13:07",1
"electric current","a2bec9ef-28a6-41cb-937b-adaf51dd5ca7","2025-03-29 17:13:07","a2bec9ef-28a6-41cb-937b-adaf51dd5ca7","2025-03-29 17:13:07",1
"urinary tract infections","a2bec9ef-28a6-41cb-937b-adaf51dd5ca7","2025-03-29 17:13:07","a2bec9ef-28a6-41cb-937b-adaf51dd5ca7","2025-03-29 17:13:07",1
"empathy","a2bec9ef-28a6-41cb-937b-adaf51dd5ca7","2025-03-29 17:13:07","a2bec9ef-28a6-41cb-937b-adaf51dd5ca7","2025-03-29 17:13:07",1
"straitjackets","a2bec9ef-28a6-41cb-937b-adaf51dd5ca7","2025-03-29 17:13:07","a2bec9ef-28a6-41cb-937b-adaf51dd5ca7","2025-03-29 17:13:07",1
"solitary confinement","a2bec9ef-28a6-41cb-937b-adaf51dd5ca7","2025-03-29 17:13:07","a2bec9ef-28a6-41cb-937b-adaf51dd5ca7","2025-03-29 17:13:07",1
"catatonia","a2bec9ef-28a6-41cb-937b-adaf51dd5ca7","2025-03-29 17:13:07","a2bec9ef-28a6-41cb-937b-adaf51dd5ca7","2025-03-29 17:13:07",1
"mystery and detective stories","a2bec9ef-28a6-41cb-937b-adaf51dd5ca7","2025-03-29 17:13:07","a2bec9ef-28a6-41cb-937b-adaf51dd5ca7","2025-03-29 17:13:07",1
"Cuentos de terror","a2bec9ef-28a6-41cb-937b-adaf51dd5ca7","2025-03-29 17:13:07","a2bec9ef-28a6-41cb-937b-adaf51dd5ca7","2025-03-29 17:13:07",1
"Prisiones","a2bec9ef-28a6-41cb-937b-adaf51dd5ca7","2025-03-29 17:13:07","a2bec9ef-28a6-41cb-937b-adaf51dd5ca7","2025-03-29 17:13:07",1
"Coffey, john (fictitious character), fiction","a2bec9ef-28a6-41cb-937b-adaf51dd5ca7","2025-03-29 17:13:07","a2bec9ef-28a6-41cb-937b-adaf51dd5ca7","2025-03-29 17:13:07",1
"Georgia, fiction","a2bec9ef-28a6-41cb-937b-adaf51dd5ca7","2025-03-29 17:13:07","a2bec9ef-28a6-41cb-937b-adaf51dd5ca7","2025-03-29 17:13:07",1
"John Coffey (Fictitious character)","a2bec9ef-28a6-41cb-937b-adaf51dd5ca7","2025-03-29 17:13:07","a2bec9ef-28a6-41cb-937b-adaf51dd5ca7","2025-03-29 17:13:07",1
"American Humorous poetry","a2bec9ef-28a6-41cb-937b-adaf51dd5ca7","2025-03-29 17:13:07","a2bec9ef-28a6-41cb-937b-adaf51dd5ca7","2025-03-29 17:13:07",1
"Children's poetry","a2bec9ef-28a6-41cb-937b-adaf51dd5ca7","2025-03-29 17:13:07","a2bec9ef-28a6-41cb-937b-adaf51dd5ca7","2025-03-29 17:13:07",1
"Humorous poetry.","a2bec9ef-28a6-41cb-937b-adaf51dd5ca7","2025-03-29 17:13:07","a2bec9ef-28a6-41cb-937b-adaf51dd5ca7","2025-03-29 17:13:07",1
"Poesía infantil","a2bec9ef-28a6-41cb-937b-adaf51dd5ca7","2025-03-29 17:13:07","a2bec9ef-28a6-41cb-937b-adaf51dd5ca7","2025-03-29 17:13:07",1
"Poesía infantil estadounidense","a2bec9ef-28a6-41cb-937b-adaf51dd5ca7","2025-03-29 17:13:07","a2bec9ef-28a6-41cb-937b-adaf51dd5ca7","2025-03-29 17:13:07",1
"Poesía humorística","a2bec9ef-28a6-41cb-937b-adaf51dd5ca7","2025-03-29 17:13:07","a2bec9ef-28a6-41cb-937b-adaf51dd5ca7","2025-03-29 17:13:07",1
"Wit and humor","a2bec9ef-28a6-41cb-937b-adaf51dd5ca7","2025-03-29 17:13:07","a2bec9ef-28a6-41cb-937b-adaf51dd5ca7","2025-03-29 17:13:07",1
"Italy","a2bec9ef-28a6-41cb-937b-adaf51dd5ca7","2025-03-29 17:13:07","a2bec9ef-28a6-41cb-937b-adaf51dd5ca7","2025-03-29 17:13:07",1
"Authors","a2bec9ef-28a6-41cb-937b-adaf51dd5ca7","2025-03-29 17:13:07","a2bec9ef-28a6-41cb-937b-adaf51dd5ca7","2025-03-29 17:13:07",1
"Boys and men","a2bec9ef-28a6-41cb-937b-adaf51dd5ca7","2025-03-29 17:13:07","a2bec9ef-28a6-41cb-937b-adaf51dd5ca7","2025-03-29 17:13:07",1
"cmbyn","a2bec9ef-28a6-41cb-937b-adaf51dd5ca7","2025-03-29 17:13:07","a2bec9ef-28a6-41cb-937b-adaf51dd5ca7","2025-03-29 17:13:07",1
"northern Italy","a2bec9ef-28a6-41cb-937b-adaf51dd5ca7","2025-03-29 17:13:07","a2bec9ef-28a6-41cb-937b-adaf51dd5ca7","2025-03-29 17:13:07",1
"gay","a2bec9ef-28a6-41cb-937b-adaf51dd5ca7","2025-03-29 17:13:07","a2bec9ef-28a6-41cb-937b-adaf51dd5ca7","2025-03-29 17:13:07",1
"teen romance","a2bec9ef-28a6-41cb-937b-adaf51dd5ca7","2025-03-29 17:13:07","a2bec9ef-28a6-41cb-937b-adaf51dd5ca7","2025-03-29 17:13:07",1
"Lambda Literary Awards","a2bec9ef-28a6-41cb-937b-adaf51dd5ca7","2025-03-29 17:13:07","a2bec9ef-28a6-41cb-937b-adaf51dd5ca7","2025-03-29 17:13:07",1
"Lambda Literary Award Winner","a2bec9ef-28a6-41cb-937b-adaf51dd5ca7","2025-03-29 17:13:07","a2bec9ef-28a6-41cb-937b-adaf51dd5ca7","2025-03-29 17:13:07",1
"nyt:trade-fiction-paperback=2018-01-21","a2bec9ef-28a6-41cb-937b-adaf51dd5ca7","2025-03-29 17:13:07","a2bec9ef-28a6-41cb-937b-adaf51dd5ca7","2025-03-29 17:13:07",1
"Gay men, fiction","a2bec9ef-28a6-41cb-937b-adaf51dd5ca7","2025-03-29 17:13:07","a2bec9ef-28a6-41cb-937b-adaf51dd5ca7","2025-03-29 17:13:07",1
"Fiction, gay","a2bec9ef-28a6-41cb-937b-adaf51dd5ca7","2025-03-29 17:13:07","a2bec9ef-28a6-41cb-937b-adaf51dd5ca7","2025-03-29 17:13:07",1
"Italy, fiction","a2bec9ef-28a6-41cb-937b-adaf51dd5ca7","2025-03-29 17:13:07","a2bec9ef-28a6-41cb-937b-adaf51dd5ca7","2025-03-29 17:13:07",1
"Authors, fiction","a2bec9ef-28a6-41cb-937b-adaf51dd5ca7","2025-03-29 17:13:07","a2bec9ef-28a6-41cb-937b-adaf51dd5ca7","2025-03-29 17:13:07",1
"Garcons adolescents","a2bec9ef-28a6-41cb-937b-adaf51dd5ca7","2025-03-29 17:13:07","a2bec9ef-28a6-41cb-937b-adaf51dd5ca7","2025-03-29 17:13:07",1
"Adolescents homosexuel","a2bec9ef-28a6-41cb-937b-adaf51dd5ca7","2025-03-29 17:13:07","a2bec9ef-28a6-41cb-937b-adaf51dd5ca7","2025-03-29 17:13:07",1
"Fiction, lgbtq+, gay","a2bec9ef-28a6-41cb-937b-adaf51dd5ca7","2025-03-29 17:13:07","a2bec9ef-28a6-41cb-937b-adaf51dd5ca7","2025-03-29 17:13:07",1
"Conduct of life, fiction","a2bec9ef-28a6-41cb-937b-adaf51dd5ca7","2025-03-29 17:13:07","a2bec9ef-28a6-41cb-937b-adaf51dd5ca7","2025-03-29 17:13:07",1
"Appearance (Philosophy)","a2bec9ef-28a6-41cb-937b-adaf51dd5ca7","2025-03-29 17:13:07","a2bec9ef-28a6-41cb-937b-adaf51dd5ca7","2025-03-29 17:13:07",1
"Youthfulness","a2bec9ef-28a6-41cb-937b-adaf51dd5ca7","2025-03-29 17:13:07","a2bec9ef-28a6-41cb-937b-adaf51dd5ca7","2025-03-29 17:13:07",1
"Portraits","a2bec9ef-28a6-41cb-937b-adaf51dd5ca7","2025-03-29 17:13:07","a2bec9ef-28a6-41cb-937b-adaf51dd5ca7","2025-03-29 17:13:07",1
"Apparence (Philosophie)","a2bec9ef-28a6-41cb-937b-adaf51dd5ca7","2025-03-29 17:13:07","a2bec9ef-28a6-41cb-937b-adaf51dd5ca7","2025-03-29 17:13:07",1
"Juvénilité","a2bec9ef-28a6-41cb-937b-adaf51dd5ca7","2025-03-29 17:13:07","a2bec9ef-28a6-41cb-937b-adaf51dd5ca7","2025-03-29 17:13:07",1
"Didactic fiction","a2bec9ef-28a6-41cb-937b-adaf51dd5ca7","2025-03-29 17:13:07","a2bec9ef-28a6-41cb-937b-adaf51dd5ca7","2025-03-29 17:13:07",1
"Fiction, fantasy, paranormal","a2bec9ef-28a6-41cb-937b-adaf51dd5ca7","2025-03-29 17:13:07","a2bec9ef-28a6-41cb-937b-adaf51dd5ca7","2025-03-29 17:13:07",1
"LGBTQ novels before Stonewall","a2bec9ef-28a6-41cb-937b-adaf51dd5ca7","2025-03-29 17:13:07","a2bec9ef-28a6-41cb-937b-adaf51dd5ca7","2025-03-29 17:13:07",1
"European","a2bec9ef-28a6-41cb-937b-adaf51dd5ca7","2025-03-29 17:13:07","a2bec9ef-28a6-41cb-937b-adaf51dd5ca7","2025-03-29 17:13:07",1
"English, Irish, Scottish, Welsh","a2bec9ef-28a6-41cb-937b-adaf51dd5ca7","2025-03-29 17:13:07","a2bec9ef-28a6-41cb-937b-adaf51dd5ca7","2025-03-29 17:13:07",1
"Drama, history and criticism","a2bec9ef-28a6-41cb-937b-adaf51dd5ca7","2025-03-29 17:13:07","a2bec9ef-28a6-41cb-937b-adaf51dd5ca7","2025-03-29 17:13:07",1
"Hedonism","a2bec9ef-28a6-41cb-937b-adaf51dd5ca7","2025-03-29 17:13:07","a2bec9ef-28a6-41cb-937b-adaf51dd5ca7","2025-03-29 17:13:07",1
"Men","a2bec9ef-28a6-41cb-937b-adaf51dd5ca7","2025-03-29 17:13:07","a2bec9ef-28a6-41cb-937b-adaf51dd5ca7","2025-03-29 17:13:07",1
"Influence (Psychology)","a2bec9ef-28a6-41cb-937b-adaf51dd5ca7","2025-03-29 17:13:07","a2bec9ef-28a6-41cb-937b-adaf51dd5ca7","2025-03-29 17:13:07",1
"Novela didáctica","a2bec9ef-28a6-41cb-937b-adaf51dd5ca7","2025-03-29 17:13:07","a2bec9ef-28a6-41cb-937b-adaf51dd5ca7","2025-03-29 17:13:07",1
"Novela psicología","a2bec9ef-28a6-41cb-937b-adaf51dd5ca7","2025-03-29 17:13:07","a2bec9ef-28a6-41cb-937b-adaf51dd5ca7","2025-03-29 17:13:07",1
"Painting, fiction","a2bec9ef-28a6-41cb-937b-adaf51dd5ca7","2025-03-29 17:13:07","a2bec9ef-28a6-41cb-937b-adaf51dd5ca7","2025-03-29 17:13:07",1
"Picture of Dorian Gray (Wilde, Oscar)","a2bec9ef-28a6-41cb-937b-adaf51dd5ca7","2025-03-29 17:13:07","a2bec9ef-28a6-41cb-937b-adaf51dd5ca7","2025-03-29 17:13:07",1
"English literature, history and criticism, 19th century","a2bec9ef-28a6-41cb-937b-adaf51dd5ca7","2025-03-29 17:13:07","a2bec9ef-28a6-41cb-937b-adaf51dd5ca7","2025-03-29 17:13:07",1
"Immortality","a2bec9ef-28a6-41cb-937b-adaf51dd5ca7","2025-03-29 17:13:07","a2bec9ef-28a6-41cb-937b-adaf51dd5ca7","2025-03-29 17:13:07",1
"Irish Occult fiction","a2bec9ef-28a6-41cb-937b-adaf51dd5ca7","2025-03-29 17:13:07","a2bec9ef-28a6-41cb-937b-adaf51dd5ca7","2025-03-29 17:13:07",1
"Issues of Presses","a2bec9ef-28a6-41cb-937b-adaf51dd5ca7","2025-03-29 17:13:07","a2bec9ef-28a6-41cb-937b-adaf51dd5ca7","2025-03-29 17:13:07",1
"Le livre.","a2bec9ef-28a6-41cb-937b-adaf51dd5ca7","2025-03-29 17:13:07","a2bec9ef-28a6-41cb-937b-adaf51dd5ca7","2025-03-29 17:13:07",1
"Appearance (philosophy)--fiction","a2bec9ef-28a6-41cb-937b-adaf51dd5ca7","2025-03-29 17:13:07","a2bec9ef-28a6-41cb-937b-adaf51dd5ca7","2025-03-29 17:13:07",1
"Conduct of life--fiction","a2bec9ef-28a6-41cb-937b-adaf51dd5ca7","2025-03-29 17:13:07","a2bec9ef-28a6-41cb-937b-adaf51dd5ca7","2025-03-29 17:13:07",1
"Portraits--fiction","a2bec9ef-28a6-41cb-937b-adaf51dd5ca7","2025-03-29 17:13:07","a2bec9ef-28a6-41cb-937b-adaf51dd5ca7","2025-03-29 17:13:07",1
"Pr5819 .a1 1998b","a2bec9ef-28a6-41cb-937b-adaf51dd5ca7","2025-03-29 17:13:07","a2bec9ef-28a6-41cb-937b-adaf51dd5ca7","2025-03-29 17:13:07",1
"British and irish drama (dramatic works by one author)","a2bec9ef-28a6-41cb-937b-adaf51dd5ca7","2025-03-29 17:13:07","a2bec9ef-28a6-41cb-937b-adaf51dd5ca7","2025-03-29 17:13:07",1
"Hobbits","a2bec9ef-28a6-41cb-937b-adaf51dd5ca7","2025-03-29 17:13:07","a2bec9ef-28a6-41cb-937b-adaf51dd5ca7","2025-03-29 17:13:07",1
"The Lord of the Rings","a2bec9ef-28a6-41cb-937b-adaf51dd5ca7","2025-03-29 17:13:07","a2bec9ef-28a6-41cb-937b-adaf51dd5ca7","2025-03-29 17:13:07",1
"hope","a2bec9ef-28a6-41cb-937b-adaf51dd5ca7","2025-03-29 17:13:07","a2bec9ef-28a6-41cb-937b-adaf51dd5ca7","2025-03-29 17:13:07",1
"fear","a2bec9ef-28a6-41cb-937b-adaf51dd5ca7","2025-03-29 17:13:07","a2bec9ef-28a6-41cb-937b-adaf51dd5ca7","2025-03-29 17:13:07",1
"Textual Criticism","a2bec9ef-28a6-41cb-937b-adaf51dd5ca7","2025-03-29 17:13:07","a2bec9ef-28a6-41cb-937b-adaf51dd5ca7","2025-03-29 17:13:07",1
"Middle Earth (Imaginary place)","a2bec9ef-28a6-41cb-937b-adaf51dd5ca7","2025-03-29 17:13:07","a2bec9ef-28a6-41cb-937b-adaf51dd5ca7","2025-03-29 17:13:07",1
"Frodo Baggins (Fictional character)","a2bec9ef-28a6-41cb-937b-adaf51dd5ca7","2025-03-29 17:13:07","a2bec9ef-28a6-41cb-937b-adaf51dd5ca7","2025-03-29 17:13:07",1
"Frodo Baggins (Fictitious character)","a2bec9ef-28a6-41cb-937b-adaf51dd5ca7","2025-03-29 17:13:07","a2bec9ef-28a6-41cb-937b-adaf51dd5ca7","2025-03-29 17:13:07",1
"Middle earth (imaginary place), fiction","a2bec9ef-28a6-41cb-937b-adaf51dd5ca7","2025-03-29 17:13:07","a2bec9ef-28a6-41cb-937b-adaf51dd5ca7","2025-03-29 17:13:07",1
"Baggins, frodo (fictitious character), fiction","a2bec9ef-28a6-41cb-937b-adaf51dd5ca7","2025-03-29 17:13:07","a2bec9ef-28a6-41cb-937b-adaf51dd5ca7","2025-03-29 17:13:07",1
"Gandalf (fictitious character), fiction","a2bec9ef-28a6-41cb-937b-adaf51dd5ca7","2025-03-29 17:13:07","a2bec9ef-28a6-41cb-937b-adaf51dd5ca7","2025-03-29 17:13:07",1
"Spanish language edition","a2bec9ef-28a6-41cb-937b-adaf51dd5ca7","2025-03-29 17:13:07","a2bec9ef-28a6-41cb-937b-adaf51dd5ca7","2025-03-29 17:13:07",1
"Français (langue)","a2bec9ef-28a6-41cb-937b-adaf51dd5ca7","2025-03-29 17:13:07","a2bec9ef-28a6-41cb-937b-adaf51dd5ca7","2025-03-29 17:13:07",1
"Lectures et morceaux choisis","a2bec9ef-28a6-41cb-937b-adaf51dd5ca7","2025-03-29 17:13:07","a2bec9ef-28a6-41cb-937b-adaf51dd5ca7","2025-03-29 17:13:07",1
"Bolsón, Frodo (Personaje literario)","a2bec9ef-28a6-41cb-937b-adaf51dd5ca7","2025-03-29 17:13:07","a2bec9ef-28a6-41cb-937b-adaf51dd5ca7","2025-03-29 17:13:07",1
"Tierra Media (Lugar imaginario)","a2bec9ef-28a6-41cb-937b-adaf51dd5ca7","2025-03-29 17:13:07","a2bec9ef-28a6-41cb-937b-adaf51dd5ca7","2025-03-29 17:13:07",1
"Historia de aventuras","a2bec9ef-28a6-41cb-937b-adaf51dd5ca7","2025-03-29 17:13:07","a2bec9ef-28a6-41cb-937b-adaf51dd5ca7","2025-03-29 17:13:07",1
"Literatura inglesa","a2bec9ef-28a6-41cb-937b-adaf51dd5ca7","2025-03-29 17:13:07","a2bec9ef-28a6-41cb-937b-adaf51dd5ca7","2025-03-29 17:13:07",1
"Fiction, media tie-in","a2bec9ef-28a6-41cb-937b-adaf51dd5ca7","2025-03-29 17:13:07","a2bec9ef-28a6-41cb-937b-adaf51dd5ca7","2025-03-29 17:13:07",1
"Moon in fiction","a2bec9ef-28a6-41cb-937b-adaf51dd5ca7","2025-03-29 17:13:07","a2bec9ef-28a6-41cb-937b-adaf51dd5ca7","2025-03-29 17:13:07",1
"Bedtime in fiction","a2bec9ef-28a6-41cb-937b-adaf51dd5ca7","2025-03-29 17:13:07","a2bec9ef-28a6-41cb-937b-adaf51dd5ca7","2025-03-29 17:13:07",1
"Rabbits in fiction","a2bec9ef-28a6-41cb-937b-adaf51dd5ca7","2025-03-29 17:13:07","a2bec9ef-28a6-41cb-937b-adaf51dd5ca7","2025-03-29 17:13:07",1
"Sleep","a2bec9ef-28a6-41cb-937b-adaf51dd5ca7","2025-03-29 17:13:07","a2bec9ef-28a6-41cb-937b-adaf51dd5ca7","2025-03-29 17:13:07",1
"Libros de láminas","a2bec9ef-28a6-41cb-937b-adaf51dd5ca7","2025-03-29 17:13:07","a2bec9ef-28a6-41cb-937b-adaf51dd5ca7","2025-03-29 17:13:07",1
"Hmong language materials","a2bec9ef-28a6-41cb-937b-adaf51dd5ca7","2025-03-29 17:13:07","a2bec9ef-28a6-41cb-937b-adaf51dd5ca7","2025-03-29 17:13:07",1
"Words","a2bec9ef-28a6-41cb-937b-adaf51dd5ca7","2025-03-29 17:13:07","a2bec9ef-28a6-41cb-937b-adaf51dd5ca7","2025-03-29 17:13:07",1
"Concepts","a2bec9ef-28a6-41cb-937b-adaf51dd5ca7","2025-03-29 17:13:07","a2bec9ef-28a6-41cb-937b-adaf51dd5ca7","2025-03-29 17:13:07",1
"Moon, fiction","a2bec9ef-28a6-41cb-937b-adaf51dd5ca7","2025-03-29 17:13:07","a2bec9ef-28a6-41cb-937b-adaf51dd5ca7","2025-03-29 17:13:07",1
"Night, fiction","a2bec9ef-28a6-41cb-937b-adaf51dd5ca7","2025-03-29 17:13:07","a2bec9ef-28a6-41cb-937b-adaf51dd5ca7","2025-03-29 17:13:07",1
"Counting books","a2bec9ef-28a6-41cb-937b-adaf51dd5ca7","2025-03-29 17:13:07","a2bec9ef-28a6-41cb-937b-adaf51dd5ca7","2025-03-29 17:13:07",1
"Children's literature, history and criticism","a2bec9ef-28a6-41cb-937b-adaf51dd5ca7","2025-03-29 17:13:07","a2bec9ef-28a6-41cb-937b-adaf51dd5ca7","2025-03-29 17:13:07",1
"Authorship, juvenile literature","a2bec9ef-28a6-41cb-937b-adaf51dd5ca7","2025-03-29 17:13:07","a2bec9ef-28a6-41cb-937b-adaf51dd5ca7","2025-03-29 17:13:07",1
"Libros para contar","a2bec9ef-28a6-41cb-937b-adaf51dd5ca7","2025-03-29 17:13:07","a2bec9ef-28a6-41cb-937b-adaf51dd5ca7","2025-03-29 17:13:07",1
"Bilingües","a2bec9ef-28a6-41cb-937b-adaf51dd5ca7","2025-03-29 17:13:07","a2bec9ef-28a6-41cb-937b-adaf51dd5ca7","2025-03-29 17:13:07",1
"Sleep, fiction","a2bec9ef-28a6-41cb-937b-adaf51dd5ca7","2025-03-29 17:13:07","a2bec9ef-28a6-41cb-937b-adaf51dd5ca7","2025-03-29 17:13:07",1
"Nazi concentration camps","a2bec9ef-28a6-41cb-937b-adaf51dd5ca7","2025-03-29 17:13:07","a2bec9ef-28a6-41cb-937b-adaf51dd5ca7","2025-03-29 17:13:07",1
"psychotherapy","a2bec9ef-28a6-41cb-937b-adaf51dd5ca7","2025-03-29 17:13:07","a2bec9ef-28a6-41cb-937b-adaf51dd5ca7","2025-03-29 17:13:07",1
"meaning of life","a2bec9ef-28a6-41cb-937b-adaf51dd5ca7","2025-03-29 17:13:07","a2bec9ef-28a6-41cb-937b-adaf51dd5ca7","2025-03-29 17:13:07",1
"freedom of choice","a2bec9ef-28a6-41cb-937b-adaf51dd5ca7","2025-03-29 17:13:07","a2bec9ef-28a6-41cb-937b-adaf51dd5ca7","2025-03-29 17:13:07",1
"kapo","a2bec9ef-28a6-41cb-937b-adaf51dd5ca7","2025-03-29 17:13:07","a2bec9ef-28a6-41cb-937b-adaf51dd5ca7","2025-03-29 17:13:07",1
"Konzentrationslager","a2bec9ef-28a6-41cb-937b-adaf51dd5ca7","2025-03-29 17:13:07","a2bec9ef-28a6-41cb-937b-adaf51dd5ca7","2025-03-29 17:13:07",1
"Erlebnisbericht","a2bec9ef-28a6-41cb-937b-adaf51dd5ca7","2025-03-29 17:13:07","a2bec9ef-28a6-41cb-937b-adaf51dd5ca7","2025-03-29 17:13:07",1
"spirituality","a2bec9ef-28a6-41cb-937b-adaf51dd5ca7","2025-03-29 17:13:07","a2bec9ef-28a6-41cb-937b-adaf51dd5ca7","2025-03-29 17:13:07",1
"war and conflict","a2bec9ef-28a6-41cb-937b-adaf51dd5ca7","2025-03-29 17:13:07","a2bec9ef-28a6-41cb-937b-adaf51dd5ca7","2025-03-29 17:13:07",1
"autobiography","a2bec9ef-28a6-41cb-937b-adaf51dd5ca7","2025-03-29 17:13:07","a2bec9ef-28a6-41cb-937b-adaf51dd5ca7","2025-03-29 17:13:07",1
"Concentration camps","a2bec9ef-28a6-41cb-937b-adaf51dd5ca7","2025-03-29 17:13:07","a2bec9ef-28a6-41cb-937b-adaf51dd5ca7","2025-03-29 17:13:07",1
"Existentialism","a2bec9ef-28a6-41cb-937b-adaf51dd5ca7","2025-03-29 17:13:07","a2bec9ef-28a6-41cb-937b-adaf51dd5ca7","2025-03-29 17:13:07",1
"German Prisoners and prisons","a2bec9ef-28a6-41cb-937b-adaf51dd5ca7","2025-03-29 17:13:07","a2bec9ef-28a6-41cb-937b-adaf51dd5ca7","2025-03-29 17:13:07",1
"Logotherapy","a2bec9ef-28a6-41cb-937b-adaf51dd5ca7","2025-03-29 17:13:07","a2bec9ef-28a6-41cb-937b-adaf51dd5ca7","2025-03-29 17:13:07",1
"Personal narratives","a2bec9ef-28a6-41cb-937b-adaf51dd5ca7","2025-03-29 17:13:07","a2bec9ef-28a6-41cb-937b-adaf51dd5ca7","2025-03-29 17:13:07",1
"Prison psychology","a2bec9ef-28a6-41cb-937b-adaf51dd5ca7","2025-03-29 17:13:07","a2bec9ef-28a6-41cb-937b-adaf51dd5ca7","2025-03-29 17:13:07",1
"Prisoners and prisons, German","a2bec9ef-28a6-41cb-937b-adaf51dd5ca7","2025-03-29 17:13:07","a2bec9ef-28a6-41cb-937b-adaf51dd5ca7","2025-03-29 17:13:07",1
"Psychological aspects","a2bec9ef-28a6-41cb-937b-adaf51dd5ca7","2025-03-29 17:13:07","a2bec9ef-28a6-41cb-937b-adaf51dd5ca7","2025-03-29 17:13:07",1
"Psychological aspects of Concentration camps","a2bec9ef-28a6-41cb-937b-adaf51dd5ca7","2025-03-29 17:13:07","a2bec9ef-28a6-41cb-937b-adaf51dd5ca7","2025-03-29 17:13:07",1
"Psychological aspects of Holocaust, Jewish (1939-1945)","a2bec9ef-28a6-41cb-937b-adaf51dd5ca7","2025-03-29 17:13:07","a2bec9ef-28a6-41cb-937b-adaf51dd5ca7","2025-03-29 17:13:07",1
"Psychologists","a2bec9ef-28a6-41cb-937b-adaf51dd5ca7","2025-03-29 17:13:07","a2bec9ef-28a6-41cb-937b-adaf51dd5ca7","2025-03-29 17:13:07",1
"Psychoanalytic Therapy","a2bec9ef-28a6-41cb-937b-adaf51dd5ca7","2025-03-29 17:13:07","a2bec9ef-28a6-41cb-937b-adaf51dd5ca7","2025-03-29 17:13:07",1
"War","a2bec9ef-28a6-41cb-937b-adaf51dd5ca7","2025-03-29 17:13:07","a2bec9ef-28a6-41cb-937b-adaf51dd5ca7","2025-03-29 17:13:07",1
"Meaning (Psychology)","a2bec9ef-28a6-41cb-937b-adaf51dd5ca7","2025-03-29 17:13:07","a2bec9ef-28a6-41cb-937b-adaf51dd5ca7","2025-03-29 17:13:07",1
"Concentration camp inmates","a2bec9ef-28a6-41cb-937b-adaf51dd5ca7","2025-03-29 17:13:07","a2bec9ef-28a6-41cb-937b-adaf51dd5ca7","2025-03-29 17:13:07",1
"Camps de concentration","a2bec9ef-28a6-41cb-937b-adaf51dd5ca7","2025-03-29 17:13:07","a2bec9ef-28a6-41cb-937b-adaf51dd5ca7","2025-03-29 17:13:07",1
"Psychologie","a2bec9ef-28a6-41cb-937b-adaf51dd5ca7","2025-03-29 17:13:07","a2bec9ef-28a6-41cb-937b-adaf51dd5ca7","2025-03-29 17:13:07",1
"Logothérapie","a2bec9ef-28a6-41cb-937b-adaf51dd5ca7","2025-03-29 17:13:07","a2bec9ef-28a6-41cb-937b-adaf51dd5ca7","2025-03-29 17:13:07",1
"Prisonniers et prisons des Allemands","a2bec9ef-28a6-41cb-937b-adaf51dd5ca7","2025-03-29 17:13:07","a2bec9ef-28a6-41cb-937b-adaf51dd5ca7","2025-03-29 17:13:07",1
"Existentialisme","a2bec9ef-28a6-41cb-937b-adaf51dd5ca7","2025-03-29 17:13:07","a2bec9ef-28a6-41cb-937b-adaf51dd5ca7","2025-03-29 17:13:07",1
"Koncentrationsläger","a2bec9ef-28a6-41cb-937b-adaf51dd5ca7","2025-03-29 17:13:07","a2bec9ef-28a6-41cb-937b-adaf51dd5ca7","2025-03-29 17:13:07",1
"PSYCHOLOGY","a2bec9ef-28a6-41cb-937b-adaf51dd5ca7","2025-03-29 17:13:07","a2bec9ef-28a6-41cb-937b-adaf51dd5ca7","2025-03-29 17:13:07",1
"Holocaust, 1939-1945","a2bec9ef-28a6-41cb-937b-adaf51dd5ca7","2025-03-29 17:13:07","a2bec9ef-28a6-41cb-937b-adaf51dd5ca7","2025-03-29 17:13:07",1
"Social Psychology","a2bec9ef-28a6-41cb-937b-adaf51dd5ca7","2025-03-29 17:13:07","a2bec9ef-28a6-41cb-937b-adaf51dd5ca7","2025-03-29 17:13:07",1
"Counseling","a2bec9ef-28a6-41cb-937b-adaf51dd5ca7","2025-03-29 17:13:07","a2bec9ef-28a6-41cb-937b-adaf51dd5ca7","2025-03-29 17:13:07",1
"Holocaust, jewish (1939-1945), personal narratives","a2bec9ef-28a6-41cb-937b-adaf51dd5ca7","2025-03-29 17:13:07","a2bec9ef-28a6-41cb-937b-adaf51dd5ca7","2025-03-29 17:13:07",1
"Holocaust, jewish (1939-1945), psychological aspects","a2bec9ef-28a6-41cb-937b-adaf51dd5ca7","2025-03-29 17:13:07","a2bec9ef-28a6-41cb-937b-adaf51dd5ca7","2025-03-29 17:13:07",1
"Psychologists, biography","a2bec9ef-28a6-41cb-937b-adaf51dd5ca7","2025-03-29 17:13:07","a2bec9ef-28a6-41cb-937b-adaf51dd5ca7","2025-03-29 17:13:07",1
"Austria, biography","a2bec9ef-28a6-41cb-937b-adaf51dd5ca7","2025-03-29 17:13:07","a2bec9ef-28a6-41cb-937b-adaf51dd5ca7","2025-03-29 17:13:07",1
"Frankl, viktor emil, 1905-1997","a2bec9ef-28a6-41cb-937b-adaf51dd5ca7","2025-03-29 17:13:07","a2bec9ef-28a6-41cb-937b-adaf51dd5ca7","2025-03-29 17:13:07",1
"Jing shen fen xi","a2bec9ef-28a6-41cb-937b-adaf51dd5ca7","2025-03-29 17:13:07","a2bec9ef-28a6-41cb-937b-adaf51dd5ca7","2025-03-29 17:13:07",1
"Holocaust, Jewish (1939-1945) fast (OCoLC)fst00958866","a2bec9ef-28a6-41cb-937b-adaf51dd5ca7","2025-03-29 17:13:07","a2bec9ef-28a6-41cb-937b-adaf51dd5ca7","2025-03-29 17:13:07",1
"Fen xi xin li xue","a2bec9ef-28a6-41cb-937b-adaf51dd5ca7","2025-03-29 17:13:07","a2bec9ef-28a6-41cb-937b-adaf51dd5ca7","2025-03-29 17:13:07",1
"Psychiatrie","a2bec9ef-28a6-41cb-937b-adaf51dd5ca7","2025-03-29 17:13:07","a2bec9ef-28a6-41cb-937b-adaf51dd5ca7","2025-03-29 17:13:07",1
"Aspect psychologique","a2bec9ef-28a6-41cb-937b-adaf51dd5ca7","2025-03-29 17:13:07","a2bec9ef-28a6-41cb-937b-adaf51dd5ca7","2025-03-29 17:13:07",1
"Recits personnels","a2bec9ef-28a6-41cb-937b-adaf51dd5ca7","2025-03-29 17:13:07","a2bec9ef-28a6-41cb-937b-adaf51dd5ca7","2025-03-29 17:13:07",1
"Sens (philosophie)","a2bec9ef-28a6-41cb-937b-adaf51dd5ca7","2025-03-29 17:13:07","a2bec9ef-28a6-41cb-937b-adaf51dd5ca7","2025-03-29 17:13:07",1
"Holocauste, 1939-1945","a2bec9ef-28a6-41cb-937b-adaf51dd5ca7","2025-03-29 17:13:07","a2bec9ef-28a6-41cb-937b-adaf51dd5ca7","2025-03-29 17:13:07",1
"Logotherapie","a2bec9ef-28a6-41cb-937b-adaf51dd5ca7","2025-03-29 17:13:07","a2bec9ef-28a6-41cb-937b-adaf51dd5ca7","2025-03-29 17:13:07",1
"Psychologues","a2bec9ef-28a6-41cb-937b-adaf51dd5ca7","2025-03-29 17:13:07","a2bec9ef-28a6-41cb-937b-adaf51dd5ca7","2025-03-29 17:13:07",1
"Psicoterapia","a2bec9ef-28a6-41cb-937b-adaf51dd5ca7","2025-03-29 17:13:07","a2bec9ef-28a6-41cb-937b-adaf51dd5ca7","2025-03-29 17:13:07",1
"Logoterapia","a2bec9ef-28a6-41cb-937b-adaf51dd5ca7","2025-03-29 17:13:07","a2bec9ef-28a6-41cb-937b-adaf51dd5ca7","2025-03-29 17:13:07",1
"Existential psychotherapy","a2bec9ef-28a6-41cb-937b-adaf51dd5ca7","2025-03-29 17:13:07","a2bec9ef-28a6-41cb-937b-adaf51dd5ca7","2025-03-29 17:13:07",1
"Existentiell psykoterapi","a2bec9ef-28a6-41cb-937b-adaf51dd5ca7","2025-03-29 17:13:07","a2bec9ef-28a6-41cb-937b-adaf51dd5ca7","2025-03-29 17:13:07",1
"Logoterapi","a2bec9ef-28a6-41cb-937b-adaf51dd5ca7","2025-03-29 17:13:07","a2bec9ef-28a6-41cb-937b-adaf51dd5ca7","2025-03-29 17:13:07",1
"Livets mening","a2bec9ef-28a6-41cb-937b-adaf51dd5ca7","2025-03-29 17:13:07","a2bec9ef-28a6-41cb-937b-adaf51dd5ca7","2025-03-29 17:13:07",1
"Psykologiska aspekter","a2bec9ef-28a6-41cb-937b-adaf51dd5ca7","2025-03-29 17:13:07","a2bec9ef-28a6-41cb-937b-adaf51dd5ca7","2025-03-29 17:13:07",1
"Förintelsen","a2bec9ef-28a6-41cb-937b-adaf51dd5ca7","2025-03-29 17:13:07","a2bec9ef-28a6-41cb-937b-adaf51dd5ca7","2025-03-29 17:13:07",1
"Internal medicine","a2bec9ef-28a6-41cb-937b-adaf51dd5ca7","2025-03-29 17:13:07","a2bec9ef-28a6-41cb-937b-adaf51dd5ca7","2025-03-29 17:13:07",1
"Shoah","a2bec9ef-28a6-41cb-937b-adaf51dd5ca7","2025-03-29 17:13:07","a2bec9ef-28a6-41cb-937b-adaf51dd5ca7","2025-03-29 17:13:07",1
"Récits personnels","a2bec9ef-28a6-41cb-937b-adaf51dd5ca7","2025-03-29 17:13:07","a2bec9ef-28a6-41cb-937b-adaf51dd5ca7","2025-03-29 17:13:07",1
"Nazi concentration camp inmates","a2bec9ef-28a6-41cb-937b-adaf51dd5ca7","2025-03-29 17:13:07","a2bec9ef-28a6-41cb-937b-adaf51dd5ca7","2025-03-29 17:13:07",1
"Holocausto, judío (1939-1945)","a2bec9ef-28a6-41cb-937b-adaf51dd5ca7","2025-03-29 17:13:07","a2bec9ef-28a6-41cb-937b-adaf51dd5ca7","2025-03-29 17:13:07",1
"Narrativas personales","a2bec9ef-28a6-41cb-937b-adaf51dd5ca7","2025-03-29 17:13:07","a2bec9ef-28a6-41cb-937b-adaf51dd5ca7","2025-03-29 17:13:07",1
"Aspectos psicológicos","a2bec9ef-28a6-41cb-937b-adaf51dd5ca7","2025-03-29 17:13:07","a2bec9ef-28a6-41cb-937b-adaf51dd5ca7","2025-03-29 17:13:07",1
"X","a2bec9ef-28a6-41cb-937b-adaf51dd5ca7","2025-03-29 17:13:07","a2bec9ef-28a6-41cb-937b-adaf51dd5ca7","2025-03-29 17:13:07",1
"Significación (Psicología)","a2bec9ef-28a6-41cb-937b-adaf51dd5ca7","2025-03-29 17:13:07","a2bec9ef-28a6-41cb-937b-adaf51dd5ca7","2025-03-29 17:13:07",1
"Biografías","a2bec9ef-28a6-41cb-937b-adaf51dd5ca7","2025-03-29 17:13:07","a2bec9ef-28a6-41cb-937b-adaf51dd5ca7","2025-03-29 17:13:07",1
"Organization & administration","a2bec9ef-28a6-41cb-937b-adaf51dd5ca7","2025-03-29 17:13:07","a2bec9ef-28a6-41cb-937b-adaf51dd5ca7","2025-03-29 17:13:07",1
"Existential psychology","a2bec9ef-28a6-41cb-937b-adaf51dd5ca7","2025-03-29 17:13:07","a2bec9ef-28a6-41cb-937b-adaf51dd5ca7","2025-03-29 17:13:07",1
"Correspondence","a2bec9ef-28a6-41cb-937b-adaf51dd5ca7","2025-03-29 17:13:07","a2bec9ef-28a6-41cb-937b-adaf51dd5ca7","2025-03-29 17:13:07",1
"Pathological Psychology","a2bec9ef-28a6-41cb-937b-adaf51dd5ca7","2025-03-29 17:13:07","a2bec9ef-28a6-41cb-937b-adaf51dd5ca7","2025-03-29 17:13:07",1
"Psychoanalysis and philosophy","a2bec9ef-28a6-41cb-937b-adaf51dd5ca7","2025-03-29 17:13:07","a2bec9ef-28a6-41cb-937b-adaf51dd5ca7","2025-03-29 17:13:07",1
"Psychiatrists & psychologists - biography","a2bec9ef-28a6-41cb-937b-adaf51dd5ca7","2025-03-29 17:13:07","a2bec9ef-28a6-41cb-937b-adaf51dd5ca7","2025-03-29 17:13:07",1
"Holocaust - personal narratives","a2bec9ef-28a6-41cb-937b-adaf51dd5ca7","2025-03-29 17:13:07","a2bec9ef-28a6-41cb-937b-adaf51dd5ca7","2025-03-29 17:13:07",1
"Holocaust biographies","a2bec9ef-28a6-41cb-937b-adaf51dd5ca7","2025-03-29 17:13:07","a2bec9ef-28a6-41cb-937b-adaf51dd5ca7","2025-03-29 17:13:07",1
"Individual psychologists","a2bec9ef-28a6-41cb-937b-adaf51dd5ca7","2025-03-29 17:13:07","a2bec9ef-28a6-41cb-937b-adaf51dd5ca7","2025-03-29 17:13:07",1
"Holocaust - study & teaching","a2bec9ef-28a6-41cb-937b-adaf51dd5ca7","2025-03-29 17:13:07","a2bec9ef-28a6-41cb-937b-adaf51dd5ca7","2025-03-29 17:13:07",1
"Collected Works","a2bec9ef-28a6-41cb-937b-adaf51dd5ca7","2025-03-29 17:13:07","a2bec9ef-28a6-41cb-937b-adaf51dd5ca7","2025-03-29 17:13:07",1
"Investing","a2bec9ef-28a6-41cb-937b-adaf51dd5ca7","2025-03-29 17:13:07","a2bec9ef-28a6-41cb-937b-adaf51dd5ca7","2025-03-29 17:13:07",1
"value investing","a2bec9ef-28a6-41cb-937b-adaf51dd5ca7","2025-03-29 17:13:07","a2bec9ef-28a6-41cb-937b-adaf51dd5ca7","2025-03-29 17:13:07",1
"stock market","a2bec9ef-28a6-41cb-937b-adaf51dd5ca7","2025-03-29 17:13:07","a2bec9ef-28a6-41cb-937b-adaf51dd5ca7","2025-03-29 17:13:07",1
"finance","a2bec9ef-28a6-41cb-937b-adaf51dd5ca7","2025-03-29 17:13:07","a2bec9ef-28a6-41cb-937b-adaf51dd5ca7","2025-03-29 17:13:07",1
"personal finance","a2bec9ef-28a6-41cb-937b-adaf51dd5ca7","2025-03-29 17:13:07","a2bec9ef-28a6-41cb-937b-adaf51dd5ca7","2025-03-29 17:13:07",1
"security analysis","a2bec9ef-28a6-41cb-937b-adaf51dd5ca7","2025-03-29 17:13:07","a2bec9ef-28a6-41cb-937b-adaf51dd5ca7","2025-03-29 17:13:07",1
"Graham's number","a2bec9ef-28a6-41cb-937b-adaf51dd5ca7","2025-03-29 17:13:07","a2bec9ef-28a6-41cb-937b-adaf51dd5ca7","2025-03-29 17:13:07",1
"security selection","a2bec9ef-28a6-41cb-937b-adaf51dd5ca7","2025-03-29 17:13:07","a2bec9ef-28a6-41cb-937b-adaf51dd5ca7","2025-03-29 17:13:07",1
"margin of safety","a2bec9ef-28a6-41cb-937b-adaf51dd5ca7","2025-03-29 17:13:07","a2bec9ef-28a6-41cb-937b-adaf51dd5ca7","2025-03-29 17:13:07",1
"Mr. Market","a2bec9ef-28a6-41cb-937b-adaf51dd5ca7","2025-03-29 17:13:07","a2bec9ef-28a6-41cb-937b-adaf51dd5ca7","2025-03-29 17:13:07",1
"Organizational effectiveness","a2bec9ef-28a6-41cb-937b-adaf51dd5ca7","2025-03-29 17:13:07","a2bec9ef-28a6-41cb-937b-adaf51dd5ca7","2025-03-29 17:13:07",1
"Consumers' preferences","a2bec9ef-28a6-41cb-937b-adaf51dd5ca7","2025-03-29 17:13:07","a2bec9ef-28a6-41cb-937b-adaf51dd5ca7","2025-03-29 17:13:07",1
"nyt:hardcover_business_books=2012-02-25","a2bec9ef-28a6-41cb-937b-adaf51dd5ca7","2025-03-29 17:13:07","a2bec9ef-28a6-41cb-937b-adaf51dd5ca7","2025-03-29 17:13:07",1
"Consumer behavior","a2bec9ef-28a6-41cb-937b-adaf51dd5ca7","2025-03-29 17:13:07","a2bec9ef-28a6-41cb-937b-adaf51dd5ca7","2025-03-29 17:13:07",1
"psychology","a2bec9ef-28a6-41cb-937b-adaf51dd5ca7","2025-03-29 17:13:07","a2bec9ef-28a6-41cb-937b-adaf51dd5ca7","2025-03-29 17:13:07",1
"animatronics","a2bec9ef-28a6-41cb-937b-adaf51dd5ca7","2025-03-29 17:13:07","a2bec9ef-28a6-41cb-937b-adaf51dd5ca7","2025-03-29 17:13:07",1
"Pizzerias","a2bec9ef-28a6-41cb-937b-adaf51dd5ca7","2025-03-29 17:13:07","a2bec9ef-28a6-41cb-937b-adaf51dd5ca7","2025-03-29 17:13:07",1
"Five Nights at Freddy's (Video game)","a2bec9ef-28a6-41cb-937b-adaf51dd5ca7","2025-03-29 17:13:07","a2bec9ef-28a6-41cb-937b-adaf51dd5ca7","2025-03-29 17:13:07",1
"Zombies","a2bec9ef-28a6-41cb-937b-adaf51dd5ca7","2025-03-29 17:13:07","a2bec9ef-28a6-41cb-937b-adaf51dd5ca7","2025-03-29 17:13:07",1
"Horror stories","a2bec9ef-28a6-41cb-937b-adaf51dd5ca7","2025-03-29 17:13:07","a2bec9ef-28a6-41cb-937b-adaf51dd5ca7","2025-03-29 17:13:07",1
"Robots, fiction","a2bec9ef-28a6-41cb-937b-adaf51dd5ca7","2025-03-29 17:13:07","a2bec9ef-28a6-41cb-937b-adaf51dd5ca7","2025-03-29 17:13:07",1
"nyt:young-adult-paperback=2016-10-16","a2bec9ef-28a6-41cb-937b-adaf51dd5ca7","2025-03-29 17:13:07","a2bec9ef-28a6-41cb-937b-adaf51dd5ca7","2025-03-29 17:13:07",1
"Media Tie-In","a2bec9ef-28a6-41cb-937b-adaf51dd5ca7","2025-03-29 17:13:07","a2bec9ef-28a6-41cb-937b-adaf51dd5ca7","2025-03-29 17:13:07",1
"Businesspeople, juvenile literature","a2bec9ef-28a6-41cb-937b-adaf51dd5ca7","2025-03-29 17:13:07","a2bec9ef-28a6-41cb-937b-adaf51dd5ca7","2025-03-29 17:13:07",1
"Business, juvenile literature","a2bec9ef-28a6-41cb-937b-adaf51dd5ca7","2025-03-29 17:13:07","a2bec9ef-28a6-41cb-937b-adaf51dd5ca7","2025-03-29 17:13:07",1
"nyt:sports=2017-11-12","a2bec9ef-28a6-41cb-937b-adaf51dd5ca7","2025-03-29 17:13:07","a2bec9ef-28a6-41cb-937b-adaf51dd5ca7","2025-03-29 17:13:07",1
"nyt:paperback-nonfiction=2018-05-20","a2bec9ef-28a6-41cb-937b-adaf51dd5ca7","2025-03-29 17:13:07","a2bec9ef-28a6-41cb-937b-adaf51dd5ca7","2025-03-29 17:13:07",1
"Sporting goods industry","a2bec9ef-28a6-41cb-937b-adaf51dd5ca7","2025-03-29 17:13:07","a2bec9ef-28a6-41cb-937b-adaf51dd5ca7","2025-03-29 17:13:07",1
"Nike (Firm)","a2bec9ef-28a6-41cb-937b-adaf51dd5ca7","2025-03-29 17:13:07","a2bec9ef-28a6-41cb-937b-adaf51dd5ca7","2025-03-29 17:13:07",1
"Business enterprises, history","a2bec9ef-28a6-41cb-937b-adaf51dd5ca7","2025-03-29 17:13:07","a2bec9ef-28a6-41cb-937b-adaf51dd5ca7","2025-03-29 17:13:07",1
"nyt:business-books=2016-05-08","a2bec9ef-28a6-41cb-937b-adaf51dd5ca7","2025-03-29 17:13:07","a2bec9ef-28a6-41cb-937b-adaf51dd5ca7","2025-03-29 17:13:07",1
"memoir","a2bec9ef-28a6-41cb-937b-adaf51dd5ca7","2025-03-29 17:13:07","a2bec9ef-28a6-41cb-937b-adaf51dd5ca7","2025-03-29 17:13:07",1
"nike","a2bec9ef-28a6-41cb-937b-adaf51dd5ca7","2025-03-29 17:13:07","a2bec9ef-28a6-41cb-937b-adaf51dd5ca7","2025-03-29 17:13:07",1
"Sporting goods","a2bec9ef-28a6-41cb-937b-adaf51dd5ca7","2025-03-29 17:13:07","a2bec9ef-28a6-41cb-937b-adaf51dd5ca7","2025-03-29 17:13:07",1
"BIOGRAPHY & AUTOBIOGRAPHY","a2bec9ef-28a6-41cb-937b-adaf51dd5ca7","2025-03-29 17:13:07","a2bec9ef-28a6-41cb-937b-adaf51dd5ca7","2025-03-29 17:13:07",1
"Personal Memoirs","a2bec9ef-28a6-41cb-937b-adaf51dd5ca7","2025-03-29 17:13:07","a2bec9ef-28a6-41cb-937b-adaf51dd5ca7","2025-03-29 17:13:07",1
"SPORTS & RECREATION","a2bec9ef-28a6-41cb-937b-adaf51dd5ca7","2025-03-29 17:13:07","a2bec9ef-28a6-41cb-937b-adaf51dd5ca7","2025-03-29 17:13:07",1
"Running & Jogging","a2bec9ef-28a6-41cb-937b-adaf51dd5ca7","2025-03-29 17:13:07","a2bec9ef-28a6-41cb-937b-adaf51dd5ca7","2025-03-29 17:13:07",1
"Unternehmer","a2bec9ef-28a6-41cb-937b-adaf51dd5ca7","2025-03-29 17:13:07","a2bec9ef-28a6-41cb-937b-adaf51dd5ca7","2025-03-29 17:13:07",1
"Sportartikelindustrie","a2bec9ef-28a6-41cb-937b-adaf51dd5ca7","2025-03-29 17:13:07","a2bec9ef-28a6-41cb-937b-adaf51dd5ca7","2025-03-29 17:13:07",1
"Nike Inc","a2bec9ef-28a6-41cb-937b-adaf51dd5ca7","2025-03-29 17:13:07","a2bec9ef-28a6-41cb-937b-adaf51dd5ca7","2025-03-29 17:13:07",1
"Umschulungswerkstätten für Siedler und Auswanderer","a2bec9ef-28a6-41cb-937b-adaf51dd5ca7","2025-03-29 17:13:07","a2bec9ef-28a6-41cb-937b-adaf51dd5ca7","2025-03-29 17:13:07",1
"Athletic shoes","a2bec9ef-28a6-41cb-937b-adaf51dd5ca7","2025-03-29 17:13:07","a2bec9ef-28a6-41cb-937b-adaf51dd5ca7","2025-03-29 17:13:07",1
"Historians","a2bec9ef-28a6-41cb-937b-adaf51dd5ca7","2025-03-29 17:13:07","a2bec9ef-28a6-41cb-937b-adaf51dd5ca7","2025-03-29 17:13:07",1
"Historiadores","a2bec9ef-28a6-41cb-937b-adaf51dd5ca7","2025-03-29 17:13:07","a2bec9ef-28a6-41cb-937b-adaf51dd5ca7","2025-03-29 17:13:07",1
"Profecía","a2bec9ef-28a6-41cb-937b-adaf51dd5ca7","2025-03-29 17:13:07","a2bec9ef-28a6-41cb-937b-adaf51dd5ca7","2025-03-29 17:13:07",1
"apartheid","a2bec9ef-28a6-41cb-937b-adaf51dd5ca7","2025-03-29 17:13:07","a2bec9ef-28a6-41cb-937b-adaf51dd5ca7","2025-03-29 17:13:07",1
"PERFORMING ARTS","a2bec9ef-28a6-41cb-937b-adaf51dd5ca7","2025-03-29 17:13:07","a2bec9ef-28a6-41cb-937b-adaf51dd5ca7","2025-03-29 17:13:07",1
"HUMOR","a2bec9ef-28a6-41cb-937b-adaf51dd5ca7","2025-03-29 17:13:07","a2bec9ef-28a6-41cb-937b-adaf51dd5ca7","2025-03-29 17:13:07",1
"Television personalities","a2bec9ef-28a6-41cb-937b-adaf51dd5ca7","2025-03-29 17:13:07","a2bec9ef-28a6-41cb-937b-adaf51dd5ca7","2025-03-29 17:13:07",1
"PERFORMING ARTS / Comedy","a2bec9ef-28a6-41cb-937b-adaf51dd5ca7","2025-03-29 17:13:07","a2bec9ef-28a6-41cb-937b-adaf51dd5ca7","2025-03-29 17:13:07",1
"HUMOR / Form / Essays","a2bec9ef-28a6-41cb-937b-adaf51dd5ca7","2025-03-29 17:13:07","a2bec9ef-28a6-41cb-937b-adaf51dd5ca7","2025-03-29 17:13:07",1
"Comedy","a2bec9ef-28a6-41cb-937b-adaf51dd5ca7","2025-03-29 17:13:07","a2bec9ef-28a6-41cb-937b-adaf51dd5ca7","2025-03-29 17:13:07",1
"HUMOR / Essays","a2bec9ef-28a6-41cb-937b-adaf51dd5ca7","2025-03-29 17:13:07","a2bec9ef-28a6-41cb-937b-adaf51dd5ca7","2025-03-29 17:13:07",1
"Comedians, biography","a2bec9ef-28a6-41cb-937b-adaf51dd5ca7","2025-03-29 17:13:07","a2bec9ef-28a6-41cb-937b-adaf51dd5ca7","2025-03-29 17:13:07",1
"South africa, biography","a2bec9ef-28a6-41cb-937b-adaf51dd5ca7","2025-03-29 17:13:07","a2bec9ef-28a6-41cb-937b-adaf51dd5ca7","2025-03-29 17:13:07",1
"Mothers and sons","a2bec9ef-28a6-41cb-937b-adaf51dd5ca7","2025-03-29 17:13:07","a2bec9ef-28a6-41cb-937b-adaf51dd5ca7","2025-03-29 17:13:07",1
"South africa, history","a2bec9ef-28a6-41cb-937b-adaf51dd5ca7","2025-03-29 17:13:07","a2bec9ef-28a6-41cb-937b-adaf51dd5ca7","2025-03-29 17:13:07",1
"South africa, social conditions","a2bec9ef-28a6-41cb-937b-adaf51dd5ca7","2025-03-29 17:13:07","a2bec9ef-28a6-41cb-937b-adaf51dd5ca7","2025-03-29 17:13:07",1
"nyt:combined-print-and-e-book-nonfiction=2016-12-04","a2bec9ef-28a6-41cb-937b-adaf51dd5ca7","2025-03-29 17:13:07","a2bec9ef-28a6-41cb-937b-adaf51dd5ca7","2025-03-29 17:13:07",1
"BIOGRAPHY & AUTOBIOGRAPHY / Personal Memoirs","a2bec9ef-28a6-41cb-937b-adaf51dd5ca7","2025-03-29 17:13:07","a2bec9ef-28a6-41cb-937b-adaf51dd5ca7","2025-03-29 17:13:07",1
"HUMOR / Topic / Cultural, Ethnic & Regional","a2bec9ef-28a6-41cb-937b-adaf51dd5ca7","2025-03-29 17:13:07","a2bec9ef-28a6-41cb-937b-adaf51dd5ca7","2025-03-29 17:13:07",1
"Racially mixed people","a2bec9ef-28a6-41cb-937b-adaf51dd5ca7","2025-03-29 17:13:07","a2bec9ef-28a6-41cb-937b-adaf51dd5ca7","2025-03-29 17:13:07",1
"Comiques","a2bec9ef-28a6-41cb-937b-adaf51dd5ca7","2025-03-29 17:13:07","a2bec9ef-28a6-41cb-937b-adaf51dd5ca7","2025-03-29 17:13:07",1
"Métis","a2bec9ef-28a6-41cb-937b-adaf51dd5ca7","2025-03-29 17:13:07","a2bec9ef-28a6-41cb-937b-adaf51dd5ca7","2025-03-29 17:13:07",1
"Vedettes de télévision","a2bec9ef-28a6-41cb-937b-adaf51dd5ca7","2025-03-29 17:13:07","a2bec9ef-28a6-41cb-937b-adaf51dd5ca7","2025-03-29 17:13:07",1
"Childhood and youth","a2bec9ef-28a6-41cb-937b-adaf51dd5ca7","2025-03-29 17:13:07","a2bec9ef-28a6-41cb-937b-adaf51dd5ca7","2025-03-29 17:13:07",1
"OverDrive","a2bec9ef-28a6-41cb-937b-adaf51dd5ca7","2025-03-29 17:13:07","a2bec9ef-28a6-41cb-937b-adaf51dd5ca7","2025-03-29 17:13:07",1
"Accessible book","a2bec9ef-28a6-41cb-937b-adaf51dd5ca7","2025-03-29 17:13:07","a2bec9ef-28a6-41cb-937b-adaf51dd5ca7","2025-03-29 17:13:07",1
"Protected DAISY","a2bec9ef-28a6-41cb-937b-adaf51dd5ca7","2025-03-29 17:13:07","a2bec9ef-28a6-41cb-937b-adaf51dd5ca7","2025-03-29 17:13:07",1
"In library","a2bec9ef-28a6-41cb-937b-adaf51dd5ca7","2025-03-29 17:13:07","a2bec9ef-28a6-41cb-937b-adaf51dd5ca7","2025-03-29 17:13:07",1
"nyt:young-adult-hardcover=2020-09-20","a2bec9ef-28a6-41cb-937b-adaf51dd5ca7","2025-03-29 17:13:07","a2bec9ef-28a6-41cb-937b-adaf51dd5ca7","2025-03-29 17:13:07",1
"Young adult fiction, social themes, class differences","a2bec9ef-28a6-41cb-937b-adaf51dd5ca7","2025-03-29 17:13:07","a2bec9ef-28a6-41cb-937b-adaf51dd5ca7","2025-03-29 17:13:07",1
"Young adult fiction, thrillers & suspense, general","a2bec9ef-28a6-41cb-937b-adaf51dd5ca7","2025-03-29 17:13:07","a2bec9ef-28a6-41cb-937b-adaf51dd5ca7","2025-03-29 17:13:07",1
"Young adult fiction, mysteries & detective stories","a2bec9ef-28a6-41cb-937b-adaf51dd5ca7","2025-03-29 17:13:07","a2bec9ef-28a6-41cb-937b-adaf51dd5ca7","2025-03-29 17:13:07",1
"nyt:trade_fiction_paperback=2008-10-26","a2bec9ef-28a6-41cb-937b-adaf51dd5ca7","2025-03-29 17:13:07","a2bec9ef-28a6-41cb-937b-adaf51dd5ca7","2025-03-29 17:13:07",1
"nyt:trade_fiction_paperback=2009-09-26","a2bec9ef-28a6-41cb-937b-adaf51dd5ca7","2025-03-29 17:13:07","a2bec9ef-28a6-41cb-937b-adaf51dd5ca7","2025-03-29 17:13:07",1
"Bacha bazi","a2bec9ef-28a6-41cb-937b-adaf51dd5ca7","2025-03-29 17:13:07","a2bec9ef-28a6-41cb-937b-adaf51dd5ca7","2025-03-29 17:13:07",1
"Soviet-Afghan war","a2bec9ef-28a6-41cb-937b-adaf51dd5ca7","2025-03-29 17:13:07","a2bec9ef-28a6-41cb-937b-adaf51dd5ca7","2025-03-29 17:13:07",1
"Mullahs","a2bec9ef-28a6-41cb-937b-adaf51dd5ca7","2025-03-29 17:13:07","a2bec9ef-28a6-41cb-937b-adaf51dd5ca7","2025-03-29 17:13:07",1
"sadistic personality disorder","a2bec9ef-28a6-41cb-937b-adaf51dd5ca7","2025-03-29 17:13:07","a2bec9ef-28a6-41cb-937b-adaf51dd5ca7","2025-03-29 17:13:07",1
"brass knuckles","a2bec9ef-28a6-41cb-937b-adaf51dd5ca7","2025-03-29 17:13:07","a2bec9ef-28a6-41cb-937b-adaf51dd5ca7","2025-03-29 17:13:07",1
"fighter kites","a2bec9ef-28a6-41cb-937b-adaf51dd5ca7","2025-03-29 17:13:07","a2bec9ef-28a6-41cb-937b-adaf51dd5ca7","2025-03-29 17:13:07",1
"Pashtuns","a2bec9ef-28a6-41cb-937b-adaf51dd5ca7","2025-03-29 17:13:07","a2bec9ef-28a6-41cb-937b-adaf51dd5ca7","2025-03-29 17:13:07",1
"Hazaras","a2bec9ef-28a6-41cb-937b-adaf51dd5ca7","2025-03-29 17:13:07","a2bec9ef-28a6-41cb-937b-adaf51dd5ca7","2025-03-29 17:13:07",1
"Competitions","a2bec9ef-28a6-41cb-937b-adaf51dd5ca7","2025-03-29 17:13:07","a2bec9ef-28a6-41cb-937b-adaf51dd5ca7","2025-03-29 17:13:07",1
"Kites","a2bec9ef-28a6-41cb-937b-adaf51dd5ca7","2025-03-29 17:13:07","a2bec9ef-28a6-41cb-937b-adaf51dd5ca7","2025-03-29 17:13:07",1
"Amistad entre hombres","a2bec9ef-28a6-41cb-937b-adaf51dd5ca7","2025-03-29 17:13:07","a2bec9ef-28a6-41cb-937b-adaf51dd5ca7","2025-03-29 17:13:07",1
"Autographed books","a2bec9ef-28a6-41cb-937b-adaf51dd5ca7","2025-03-29 17:13:07","a2bec9ef-28a6-41cb-937b-adaf51dd5ca7","2025-03-29 17:13:07",1
"Social Class","a2bec9ef-28a6-41cb-937b-adaf51dd5ca7","2025-03-29 17:13:07","a2bec9ef-28a6-41cb-937b-adaf51dd5ca7","2025-03-29 17:13:07",1
"Fictional Works [Publication Type]","a2bec9ef-28a6-41cb-937b-adaf51dd5ca7","2025-03-29 17:13:07","a2bec9ef-28a6-41cb-937b-adaf51dd5ca7","2025-03-29 17:13:07",1
"Afghanistan-Konflikt","a2bec9ef-28a6-41cb-937b-adaf51dd5ca7","2025-03-29 17:13:07","a2bec9ef-28a6-41cb-937b-adaf51dd5ca7","2025-03-29 17:13:07",1
"Soziale Ungleichheit","a2bec9ef-28a6-41cb-937b-adaf51dd5ca7","2025-03-29 17:13:07","a2bec9ef-28a6-41cb-937b-adaf51dd5ca7","2025-03-29 17:13:07",1
"Arabic fiction","a2bec9ef-28a6-41cb-937b-adaf51dd5ca7","2025-03-29 17:13:07","a2bec9ef-28a6-41cb-937b-adaf51dd5ca7","2025-03-29 17:13:07",1
"Afghans","a2bec9ef-28a6-41cb-937b-adaf51dd5ca7","2025-03-29 17:13:07","a2bec9ef-28a6-41cb-937b-adaf51dd5ca7","2025-03-29 17:13:07",1
"Littérature américaine","a2bec9ef-28a6-41cb-937b-adaf51dd5ca7","2025-03-29 17:13:07","a2bec9ef-28a6-41cb-937b-adaf51dd5ca7","2025-03-29 17:13:07",1
"Afghanistan","a2bec9ef-28a6-41cb-937b-adaf51dd5ca7","2025-03-29 17:13:07","a2bec9ef-28a6-41cb-937b-adaf51dd5ca7","2025-03-29 17:13:07",1
"Talibans","a2bec9ef-28a6-41cb-937b-adaf51dd5ca7","2025-03-29 17:13:07","a2bec9ef-28a6-41cb-937b-adaf51dd5ca7","2025-03-29 17:13:07",1
"Novelas afganas","a2bec9ef-28a6-41cb-937b-adaf51dd5ca7","2025-03-29 17:13:07","a2bec9ef-28a6-41cb-937b-adaf51dd5ca7","2025-03-29 17:13:07",1
"Traición","a2bec9ef-28a6-41cb-937b-adaf51dd5ca7","2025-03-29 17:13:07","a2bec9ef-28a6-41cb-937b-adaf51dd5ca7","2025-03-29 17:13:07",1
"Social classes&#x200B;","a2bec9ef-28a6-41cb-937b-adaf51dd5ca7","2025-03-29 17:13:07","a2bec9ef-28a6-41cb-937b-adaf51dd5ca7","2025-03-29 17:13:07",1
"Trahison (Morale)","a2bec9ef-28a6-41cb-937b-adaf51dd5ca7","2025-03-29 17:13:07","a2bec9ef-28a6-41cb-937b-adaf51dd5ca7","2025-03-29 17:13:07",1
"Garçons","a2bec9ef-28a6-41cb-937b-adaf51dd5ca7","2025-03-29 17:13:07","a2bec9ef-28a6-41cb-937b-adaf51dd5ca7","2025-03-29 17:13:07",1
"Male friendship--fiction","a2bec9ef-28a6-41cb-937b-adaf51dd5ca7","2025-03-29 17:13:07","a2bec9ef-28a6-41cb-937b-adaf51dd5ca7","2025-03-29 17:13:07",1
"Social classes--fiction","a2bec9ef-28a6-41cb-937b-adaf51dd5ca7","2025-03-29 17:13:07","a2bec9ef-28a6-41cb-937b-adaf51dd5ca7","2025-03-29 17:13:07",1
"Betrayal--fiction","a2bec9ef-28a6-41cb-937b-adaf51dd5ca7","2025-03-29 17:13:07","a2bec9ef-28a6-41cb-937b-adaf51dd5ca7","2025-03-29 17:13:07",1
"World literature","a2bec9ef-28a6-41cb-937b-adaf51dd5ca7","2025-03-29 17:13:07","a2bec9ef-28a6-41cb-937b-adaf51dd5ca7","2025-03-29 17:13:07",1
"Fiction subjects","a2bec9ef-28a6-41cb-937b-adaf51dd5ca7","2025-03-29 17:13:07","a2bec9ef-28a6-41cb-937b-adaf51dd5ca7","2025-03-29 17:13:07",1
"Translations into Persian","a2bec9ef-28a6-41cb-937b-adaf51dd5ca7","2025-03-29 17:13:07","a2bec9ef-28a6-41cb-937b-adaf51dd5ca7","2025-03-29 17:13:07",1
"Nyt:series_books=2006-09-16","a2bec9ef-28a6-41cb-937b-adaf51dd5ca7","2025-03-29 17:13:07","a2bec9ef-28a6-41cb-937b-adaf51dd5ca7","2025-03-29 17:13:07",1
"nyt:paperback-graphic-books=2009-07-26","a2bec9ef-28a6-41cb-937b-adaf51dd5ca7","2025-03-29 17:13:07","a2bec9ef-28a6-41cb-937b-adaf51dd5ca7","2025-03-29 17:13:07",1
"nyt:trade_fiction_paperback=2011-12-31","a2bec9ef-28a6-41cb-937b-adaf51dd5ca7","2025-03-29 17:13:07","a2bec9ef-28a6-41cb-937b-adaf51dd5ca7","2025-03-29 17:13:07",1
"Fantasy - Epic","a2bec9ef-28a6-41cb-937b-adaf51dd5ca7","2025-03-29 17:13:07","a2bec9ef-28a6-41cb-937b-adaf51dd5ca7","2025-03-29 17:13:07",1
"Fantasy - Series","a2bec9ef-28a6-41cb-937b-adaf51dd5ca7","2025-03-29 17:13:07","a2bec9ef-28a6-41cb-937b-adaf51dd5ca7","2025-03-29 17:13:07",1
"Fiction / Fantasy / Epic","a2bec9ef-28a6-41cb-937b-adaf51dd5ca7","2025-03-29 17:13:07","a2bec9ef-28a6-41cb-937b-adaf51dd5ca7","2025-03-29 17:13:07",1
"Dragons","a2bec9ef-28a6-41cb-937b-adaf51dd5ca7","2025-03-29 17:13:07","a2bec9ef-28a6-41cb-937b-adaf51dd5ca7","2025-03-29 17:13:07",1
"Refugees","a2bec9ef-28a6-41cb-937b-adaf51dd5ca7","2025-03-29 17:13:07","a2bec9ef-28a6-41cb-937b-adaf51dd5ca7","2025-03-29 17:13:07",1
"Alquimia","a2bec9ef-28a6-41cb-937b-adaf51dd5ca7","2025-03-29 17:13:07","a2bec9ef-28a6-41cb-937b-adaf51dd5ca7","2025-03-29 17:13:07",1
"Reyes y soberanos","a2bec9ef-28a6-41cb-937b-adaf51dd5ca7","2025-03-29 17:13:07","a2bec9ef-28a6-41cb-937b-adaf51dd5ca7","2025-03-29 17:13:07",1
"Arkenstone","a2bec9ef-28a6-41cb-937b-adaf51dd5ca7","2025-03-29 17:13:07","a2bec9ef-28a6-41cb-937b-adaf51dd5ca7","2025-03-29 17:13:07",1
"Battle of Five Armies","a2bec9ef-28a6-41cb-937b-adaf51dd5ca7","2025-03-29 17:13:07","a2bec9ef-28a6-41cb-937b-adaf51dd5ca7","2025-03-29 17:13:07",1
"invisibility","a2bec9ef-28a6-41cb-937b-adaf51dd5ca7","2025-03-29 17:13:07","a2bec9ef-28a6-41cb-937b-adaf51dd5ca7","2025-03-29 17:13:07",1
"thrushes","a2bec9ef-28a6-41cb-937b-adaf51dd5ca7","2025-03-29 17:13:07","a2bec9ef-28a6-41cb-937b-adaf51dd5ca7","2025-03-29 17:13:07",1
"eagles","a2bec9ef-28a6-41cb-937b-adaf51dd5ca7","2025-03-29 17:13:07","a2bec9ef-28a6-41cb-937b-adaf51dd5ca7","2025-03-29 17:13:07",1
"hobbits","a2bec9ef-28a6-41cb-937b-adaf51dd5ca7","2025-03-29 17:13:07","a2bec9ef-28a6-41cb-937b-adaf51dd5ca7","2025-03-29 17:13:07",1
"wizards","a2bec9ef-28a6-41cb-937b-adaf51dd5ca7","2025-03-29 17:13:07","a2bec9ef-28a6-41cb-937b-adaf51dd5ca7","2025-03-29 17:13:07",1
"dragons","a2bec9ef-28a6-41cb-937b-adaf51dd5ca7","2025-03-29 17:13:07","a2bec9ef-28a6-41cb-937b-adaf51dd5ca7","2025-03-29 17:13:07",1
"dwarves","a2bec9ef-28a6-41cb-937b-adaf51dd5ca7","2025-03-29 17:13:07","a2bec9ef-28a6-41cb-937b-adaf51dd5ca7","2025-03-29 17:13:07",1
"elves","a2bec9ef-28a6-41cb-937b-adaf51dd5ca7","2025-03-29 17:13:07","a2bec9ef-28a6-41cb-937b-adaf51dd5ca7","2025-03-29 17:13:07",1
"men","a2bec9ef-28a6-41cb-937b-adaf51dd5ca7","2025-03-29 17:13:07","a2bec9ef-28a6-41cb-937b-adaf51dd5ca7","2025-03-29 17:13:07",1
"trolls","a2bec9ef-28a6-41cb-937b-adaf51dd5ca7","2025-03-29 17:13:07","a2bec9ef-28a6-41cb-937b-adaf51dd5ca7","2025-03-29 17:13:07",1
"goblins","a2bec9ef-28a6-41cb-937b-adaf51dd5ca7","2025-03-29 17:13:07","a2bec9ef-28a6-41cb-937b-adaf51dd5ca7","2025-03-29 17:13:07",1
"giant spiders","a2bec9ef-28a6-41cb-937b-adaf51dd5ca7","2025-03-29 17:13:07","a2bec9ef-28a6-41cb-937b-adaf51dd5ca7","2025-03-29 17:13:07",1
"the one ring","a2bec9ef-28a6-41cb-937b-adaf51dd5ca7","2025-03-29 17:13:07","a2bec9ef-28a6-41cb-937b-adaf51dd5ca7","2025-03-29 17:13:07",1
"juvenile fantasy","a2bec9ef-28a6-41cb-937b-adaf51dd5ca7","2025-03-29 17:13:07","a2bec9ef-28a6-41cb-937b-adaf51dd5ca7","2025-03-29 17:13:07",1
"Teen & Young Adult literature","a2bec9ef-28a6-41cb-937b-adaf51dd5ca7","2025-03-29 17:13:07","a2bec9ef-28a6-41cb-937b-adaf51dd5ca7","2025-03-29 17:13:07",1
"Juvenile Fantasy fiction","a2bec9ef-28a6-41cb-937b-adaf51dd5ca7","2025-03-29 17:13:07","a2bec9ef-28a6-41cb-937b-adaf51dd5ca7","2025-03-29 17:13:07",1
"Dragons in fiction","a2bec9ef-28a6-41cb-937b-adaf51dd5ca7","2025-03-29 17:13:07","a2bec9ef-28a6-41cb-937b-adaf51dd5ca7","2025-03-29 17:13:07",1
"Ficción fantástica inglesa","a2bec9ef-28a6-41cb-937b-adaf51dd5ca7","2025-03-29 17:13:07","a2bec9ef-28a6-41cb-937b-adaf51dd5ca7","2025-03-29 17:13:07",1
"Fantasy in fiction","a2bec9ef-28a6-41cb-937b-adaf51dd5ca7","2025-03-29 17:13:07","a2bec9ef-28a6-41cb-937b-adaf51dd5ca7","2025-03-29 17:13:07",1
"Bilbo Baggins (Fictitious character)","a2bec9ef-28a6-41cb-937b-adaf51dd5ca7","2025-03-29 17:13:07","a2bec9ef-28a6-41cb-937b-adaf51dd5ca7","2025-03-29 17:13:07",1
"Dwarfs","a2bec9ef-28a6-41cb-937b-adaf51dd5ca7","2025-03-29 17:13:07","a2bec9ef-28a6-41cb-937b-adaf51dd5ca7","2025-03-29 17:13:07",1
"Gollum (Fictitious character)","a2bec9ef-28a6-41cb-937b-adaf51dd5ca7","2025-03-29 17:13:07","a2bec9ef-28a6-41cb-937b-adaf51dd5ca7","2025-03-29 17:13:07",1
"Hobbits (Fictitious characters)","a2bec9ef-28a6-41cb-937b-adaf51dd5ca7","2025-03-29 17:13:07","a2bec9ef-28a6-41cb-937b-adaf51dd5ca7","2025-03-29 17:13:07",1
"Baggins, bilbo (fictitious character), fiction","a2bec9ef-28a6-41cb-937b-adaf51dd5ca7","2025-03-29 17:13:07","a2bec9ef-28a6-41cb-937b-adaf51dd5ca7","2025-03-29 17:13:07",1
"Hobbit, an unexpected journey (Motion picture)","a2bec9ef-28a6-41cb-937b-adaf51dd5ca7","2025-03-29 17:13:07","a2bec9ef-28a6-41cb-937b-adaf51dd5ca7","2025-03-29 17:13:07",1
"Hobbit (Tolkien, J.R.R.)","a2bec9ef-28a6-41cb-937b-adaf51dd5ca7","2025-03-29 17:13:07","a2bec9ef-28a6-41cb-937b-adaf51dd5ca7","2025-03-29 17:13:07",1
"YOUNG ADULT FICTION / Classics","a2bec9ef-28a6-41cb-937b-adaf51dd5ca7","2025-03-29 17:13:07","a2bec9ef-28a6-41cb-937b-adaf51dd5ca7","2025-03-29 17:13:07",1
"YOUNG ADULT FICTION / Fantasy / General","a2bec9ef-28a6-41cb-937b-adaf51dd5ca7","2025-03-29 17:13:07","a2bec9ef-28a6-41cb-937b-adaf51dd5ca7","2025-03-29 17:13:07",1
"Motion pictures","a2bec9ef-28a6-41cb-937b-adaf51dd5ca7","2025-03-29 17:13:07","a2bec9ef-28a6-41cb-937b-adaf51dd5ca7","2025-03-29 17:13:07",1
"Novela Inglesa","a2bec9ef-28a6-41cb-937b-adaf51dd5ca7","2025-03-29 17:13:07","a2bec9ef-28a6-41cb-937b-adaf51dd5ca7","2025-03-29 17:13:07",1
"Untranslated","a2bec9ef-28a6-41cb-937b-adaf51dd5ca7","2025-03-29 17:13:07","a2bec9ef-28a6-41cb-937b-adaf51dd5ca7","2025-03-29 17:13:07",1
"Terre du Milieu (Lieu imaginaire)","a2bec9ef-28a6-41cb-937b-adaf51dd5ca7","2025-03-29 17:13:07","a2bec9ef-28a6-41cb-937b-adaf51dd5ca7","2025-03-29 17:13:07",1
"Hobbits (Personnages fictifs)","a2bec9ef-28a6-41cb-937b-adaf51dd5ca7","2025-03-29 17:13:07","a2bec9ef-28a6-41cb-937b-adaf51dd5ca7","2025-03-29 17:13:07",1
"Schultheater","a2bec9ef-28a6-41cb-937b-adaf51dd5ca7","2025-03-29 17:13:07","a2bec9ef-28a6-41cb-937b-adaf51dd5ca7","2025-03-29 17:13:07",1
"Fiction, fairy tales, folk tales, legends & mythology","a2bec9ef-28a6-41cb-937b-adaf51dd5ca7","2025-03-29 17:13:07","a2bec9ef-28a6-41cb-937b-adaf51dd5ca7","2025-03-29 17:13:07",1
"Fiction, fantasy, dragons & mythical creatures","a2bec9ef-28a6-41cb-937b-adaf51dd5ca7","2025-03-29 17:13:07","a2bec9ef-28a6-41cb-937b-adaf51dd5ca7","2025-03-29 17:13:07",1
"Comics & graphic novels, fantasy, general","a2bec9ef-28a6-41cb-937b-adaf51dd5ca7","2025-03-29 17:13:07","a2bec9ef-28a6-41cb-937b-adaf51dd5ca7","2025-03-29 17:13:07",1
"Mother and child","a2bec9ef-28a6-41cb-937b-adaf51dd5ca7","2025-03-29 17:13:07","a2bec9ef-28a6-41cb-937b-adaf51dd5ca7","2025-03-29 17:13:07",1
"Birds","a2bec9ef-28a6-41cb-937b-adaf51dd5ca7","2025-03-29 17:13:07","a2bec9ef-28a6-41cb-937b-adaf51dd5ca7","2025-03-29 17:13:07",1
"Birds, fiction","a2bec9ef-28a6-41cb-937b-adaf51dd5ca7","2025-03-29 17:13:07","a2bec9ef-28a6-41cb-937b-adaf51dd5ca7","2025-03-29 17:13:07",1
"Mothers, fiction","a2bec9ef-28a6-41cb-937b-adaf51dd5ca7","2025-03-29 17:13:07","a2bec9ef-28a6-41cb-937b-adaf51dd5ca7","2025-03-29 17:13:07",1
"Ghosts","a2bec9ef-28a6-41cb-937b-adaf51dd5ca7","2025-03-29 17:13:07","a2bec9ef-28a6-41cb-937b-adaf51dd5ca7","2025-03-29 17:13:07",1
"Challenges and Overcoming Obstacles","a2bec9ef-28a6-41cb-937b-adaf51dd5ca7","2025-03-29 17:13:07","a2bec9ef-28a6-41cb-937b-adaf51dd5ca7","2025-03-29 17:13:07",1
"Magic and Supernatural","a2bec9ef-28a6-41cb-937b-adaf51dd5ca7","2025-03-29 17:13:07","a2bec9ef-28a6-41cb-937b-adaf51dd5ca7","2025-03-29 17:13:07",1
"Cleverness","a2bec9ef-28a6-41cb-937b-adaf51dd5ca7","2025-03-29 17:13:07","a2bec9ef-28a6-41cb-937b-adaf51dd5ca7","2025-03-29 17:13:07",1
"School Life","a2bec9ef-28a6-41cb-937b-adaf51dd5ca7","2025-03-29 17:13:07","a2bec9ef-28a6-41cb-937b-adaf51dd5ca7","2025-03-29 17:13:07",1
"school stories","a2bec9ef-28a6-41cb-937b-adaf51dd5ca7","2025-03-29 17:13:07","a2bec9ef-28a6-41cb-937b-adaf51dd5ca7","2025-03-29 17:13:07",1
"MAGIA","a2bec9ef-28a6-41cb-937b-adaf51dd5ca7","2025-03-29 17:13:07","a2bec9ef-28a6-41cb-937b-adaf51dd5ca7","2025-03-29 17:13:07",1
"MAGOS","a2bec9ef-28a6-41cb-937b-adaf51dd5ca7","2025-03-29 17:13:07","a2bec9ef-28a6-41cb-937b-adaf51dd5ca7","2025-03-29 17:13:07",1
"NOVELAS INGLESAS","a2bec9ef-28a6-41cb-937b-adaf51dd5ca7","2025-03-29 17:13:07","a2bec9ef-28a6-41cb-937b-adaf51dd5ca7","2025-03-29 17:13:07",1
"Lehrling","a2bec9ef-28a6-41cb-937b-adaf51dd5ca7","2025-03-29 17:13:07","a2bec9ef-28a6-41cb-937b-adaf51dd5ca7","2025-03-29 17:13:07",1
"Kinderbuch","a2bec9ef-28a6-41cb-937b-adaf51dd5ca7","2025-03-29 17:13:07","a2bec9ef-28a6-41cb-937b-adaf51dd5ca7","2025-03-29 17:13:07",1
"Stein der Weisen","a2bec9ef-28a6-41cb-937b-adaf51dd5ca7","2025-03-29 17:13:07","a2bec9ef-28a6-41cb-937b-adaf51dd5ca7","2025-03-29 17:13:07",1
"Ungeheuer","a2bec9ef-28a6-41cb-937b-adaf51dd5ca7","2025-03-29 17:13:07","a2bec9ef-28a6-41cb-937b-adaf51dd5ca7","2025-03-29 17:13:07",1
"Translating into Welsh","a2bec9ef-28a6-41cb-937b-adaf51dd5ca7","2025-03-29 17:13:07","a2bec9ef-28a6-41cb-937b-adaf51dd5ca7","2025-03-29 17:13:07",1
"Modern history to 20th century: c 1700 to c 1900","a2bec9ef-28a6-41cb-937b-adaf51dd5ca7","2025-03-29 17:13:07","a2bec9ef-28a6-41cb-937b-adaf51dd5ca7","2025-03-29 17:13:07",1
"Literary theory","a2bec9ef-28a6-41cb-937b-adaf51dd5ca7","2025-03-29 17:13:07","a2bec9ef-28a6-41cb-937b-adaf51dd5ca7","2025-03-29 17:13:07",1
"Poudlard, école de sorcellerie (Organisation imaginaire)","a2bec9ef-28a6-41cb-937b-adaf51dd5ca7","2025-03-29 17:13:07","a2bec9ef-28a6-41cb-937b-adaf51dd5ca7","2025-03-29 17:13:07",1
"Witchcraft, fiction","a2bec9ef-28a6-41cb-937b-adaf51dd5ca7","2025-03-29 17:13:07","a2bec9ef-28a6-41cb-937b-adaf51dd5ca7","2025-03-29 17:13:07",1
"Wizard","a2bec9ef-28a6-41cb-937b-adaf51dd5ca7","2025-03-29 17:13:07","a2bec9ef-28a6-41cb-937b-adaf51dd5ca7","2025-03-29 17:13:07",1
"NOVELAS FANTÁSTICAS","a2bec9ef-28a6-41cb-937b-adaf51dd5ca7","2025-03-29 17:13:07","a2bec9ef-28a6-41cb-937b-adaf51dd5ca7","2025-03-29 17:13:07",1
"NOVELAS JUVENILES INGLESAS","a2bec9ef-28a6-41cb-937b-adaf51dd5ca7","2025-03-29 17:13:07","a2bec9ef-28a6-41cb-937b-adaf51dd5ca7","2025-03-29 17:13:07",1
"LITERATURA JUVENIL ESTADOUNIDENSE","a2bec9ef-28a6-41cb-937b-adaf51dd5ca7","2025-03-29 17:13:07","a2bec9ef-28a6-41cb-937b-adaf51dd5ca7","2025-03-29 17:13:07",1
"Hechicería","a2bec9ef-28a6-41cb-937b-adaf51dd5ca7","2025-03-29 17:13:07","a2bec9ef-28a6-41cb-937b-adaf51dd5ca7","2025-03-29 17:13:07",1
"Ingleterra","a2bec9ef-28a6-41cb-937b-adaf51dd5ca7","2025-03-29 17:13:07","a2bec9ef-28a6-41cb-937b-adaf51dd5ca7","2025-03-29 17:13:07",1
"roman","a2bec9ef-28a6-41cb-937b-adaf51dd5ca7","2025-03-29 17:13:07","a2bec9ef-28a6-41cb-937b-adaf51dd5ca7","2025-03-29 17:13:07",1
"Children - harry potter","a2bec9ef-28a6-41cb-937b-adaf51dd5ca7","2025-03-29 17:13:07","a2bec9ef-28a6-41cb-937b-adaf51dd5ca7","2025-03-29 17:13:07",1
"Children - fiction & literature","a2bec9ef-28a6-41cb-937b-adaf51dd5ca7","2025-03-29 17:13:07","a2bec9ef-28a6-41cb-937b-adaf51dd5ca7","2025-03-29 17:13:07",1
"Science fiction & fantasy","a2bec9ef-28a6-41cb-937b-adaf51dd5ca7","2025-03-29 17:13:07","a2bec9ef-28a6-41cb-937b-adaf51dd5ca7","2025-03-29 17:13:07",1
"Fiction - people","a2bec9ef-28a6-41cb-937b-adaf51dd5ca7","2025-03-29 17:13:07","a2bec9ef-28a6-41cb-937b-adaf51dd5ca7","2025-03-29 17:13:07",1
"Places & cultures","a2bec9ef-28a6-41cb-937b-adaf51dd5ca7","2025-03-29 17:13:07","a2bec9ef-28a6-41cb-937b-adaf51dd5ca7","2025-03-29 17:13:07",1
"Video games","a2bec9ef-28a6-41cb-937b-adaf51dd5ca7","2025-03-29 17:13:07","a2bec9ef-28a6-41cb-937b-adaf51dd5ca7","2025-03-29 17:13:07",1
"Été","a2bec9ef-28a6-41cb-937b-adaf51dd5ca7","2025-03-29 17:13:07","a2bec9ef-28a6-41cb-937b-adaf51dd5ca7","2025-03-29 17:13:07",1
"Jeux vidéo","a2bec9ef-28a6-41cb-937b-adaf51dd5ca7","2025-03-29 17:13:07","a2bec9ef-28a6-41cb-937b-adaf51dd5ca7","2025-03-29 17:13:07",1
"Cuentos infantiles estadounidenses","a2bec9ef-28a6-41cb-937b-adaf51dd5ca7","2025-03-29 17:13:07","a2bec9ef-28a6-41cb-937b-adaf51dd5ca7","2025-03-29 17:13:07",1
"Fiestas","a2bec9ef-28a6-41cb-937b-adaf51dd5ca7","2025-03-29 17:13:07","a2bec9ef-28a6-41cb-937b-adaf51dd5ca7","2025-03-29 17:13:07",1
"Adolescentes","a2bec9ef-28a6-41cb-937b-adaf51dd5ca7","2025-03-29 17:13:07","a2bec9ef-28a6-41cb-937b-adaf51dd5ca7","2025-03-29 17:13:07",1
"Intimidation","a2bec9ef-28a6-41cb-937b-adaf51dd5ca7","2025-03-29 17:13:07","a2bec9ef-28a6-41cb-937b-adaf51dd5ca7","2025-03-29 17:13:07",1
"Neurology -","a2bec9ef-28a6-41cb-937b-adaf51dd5ca7","2025-03-29 17:13:07","a2bec9ef-28a6-41cb-937b-adaf51dd5ca7","2025-03-29 17:13:07",1
"Neurology","a2bec9ef-28a6-41cb-937b-adaf51dd5ca7","2025-03-29 17:13:07","a2bec9ef-28a6-41cb-937b-adaf51dd5ca7","2025-03-29 17:13:07",1
"Nervous system","a2bec9ef-28a6-41cb-937b-adaf51dd5ca7","2025-03-29 17:13:07","a2bec9ef-28a6-41cb-937b-adaf51dd5ca7","2025-03-29 17:13:07",1
"Mental Disorders","a2bec9ef-28a6-41cb-937b-adaf51dd5ca7","2025-03-29 17:13:07","a2bec9ef-28a6-41cb-937b-adaf51dd5ca7","2025-03-29 17:13:07",1
"Psychology, pathological","a2bec9ef-28a6-41cb-937b-adaf51dd5ca7","2025-03-29 17:13:07","a2bec9ef-28a6-41cb-937b-adaf51dd5ca7","2025-03-29 17:13:07",1
"Emoties","a2bec9ef-28a6-41cb-937b-adaf51dd5ca7","2025-03-29 17:13:07","a2bec9ef-28a6-41cb-937b-adaf51dd5ca7","2025-03-29 17:13:07",1
"Neurologie","a2bec9ef-28a6-41cb-937b-adaf51dd5ca7","2025-03-29 17:13:07","a2bec9ef-28a6-41cb-937b-adaf51dd5ca7","2025-03-29 17:13:07",1
"Cognitie","a2bec9ef-28a6-41cb-937b-adaf51dd5ca7","2025-03-29 17:13:07","a2bec9ef-28a6-41cb-937b-adaf51dd5ca7","2025-03-29 17:13:07",1
"Synesthesie","a2bec9ef-28a6-41cb-937b-adaf51dd5ca7","2025-03-29 17:13:07","a2bec9ef-28a6-41cb-937b-adaf51dd5ca7","2025-03-29 17:13:07",1
"Psychoanalysis","a2bec9ef-28a6-41cb-937b-adaf51dd5ca7","2025-03-29 17:13:07","a2bec9ef-28a6-41cb-937b-adaf51dd5ca7","2025-03-29 17:13:07",1
"nyt:science=2015-10-11","a2bec9ef-28a6-41cb-937b-adaf51dd5ca7","2025-03-29 17:13:07","a2bec9ef-28a6-41cb-937b-adaf51dd5ca7","2025-03-29 17:13:07",1
"Neurologische aspecten","a2bec9ef-28a6-41cb-937b-adaf51dd5ca7","2025-03-29 17:13:07","a2bec9ef-28a6-41cb-937b-adaf51dd5ca7","2025-03-29 17:13:07",1
"Neurologische aandoeningen","a2bec9ef-28a6-41cb-937b-adaf51dd5ca7","2025-03-29 17:13:07","a2bec9ef-28a6-41cb-937b-adaf51dd5ca7","2025-03-29 17:13:07",1
"Casussen","a2bec9ef-28a6-41cb-937b-adaf51dd5ca7","2025-03-29 17:13:07","a2bec9ef-28a6-41cb-937b-adaf51dd5ca7","2025-03-29 17:13:07",1
"Neuropsychiatrie","a2bec9ef-28a6-41cb-937b-adaf51dd5ca7","2025-03-29 17:13:07","a2bec9ef-28a6-41cb-937b-adaf51dd5ca7","2025-03-29 17:13:07",1
"Personnes atteintes de lésions cérébrales","a2bec9ef-28a6-41cb-937b-adaf51dd5ca7","2025-03-29 17:13:07","a2bec9ef-28a6-41cb-937b-adaf51dd5ca7","2025-03-29 17:13:07",1
"Malades mentaux","a2bec9ef-28a6-41cb-937b-adaf51dd5ca7","2025-03-29 17:13:07","a2bec9ef-28a6-41cb-937b-adaf51dd5ca7","2025-03-29 17:13:07",1
"Études de cas","a2bec9ef-28a6-41cb-937b-adaf51dd5ca7","2025-03-29 17:13:07","a2bec9ef-28a6-41cb-937b-adaf51dd5ca7","2025-03-29 17:13:07",1
"Encéphalopathies","a2bec9ef-28a6-41cb-937b-adaf51dd5ca7","2025-03-29 17:13:07","a2bec9ef-28a6-41cb-937b-adaf51dd5ca7","2025-03-29 17:13:07",1
"Manifestations neurologiques","a2bec9ef-28a6-41cb-937b-adaf51dd5ca7","2025-03-29 17:13:07","a2bec9ef-28a6-41cb-937b-adaf51dd5ca7","2025-03-29 17:13:07",1
"Cas, Études de","a2bec9ef-28a6-41cb-937b-adaf51dd5ca7","2025-03-29 17:13:07","a2bec9ef-28a6-41cb-937b-adaf51dd5ca7","2025-03-29 17:13:07",1
"Bizarrerie","a2bec9ef-28a6-41cb-937b-adaf51dd5ca7","2025-03-29 17:13:07","a2bec9ef-28a6-41cb-937b-adaf51dd5ca7","2025-03-29 17:13:07",1
"Étude de cas","a2bec9ef-28a6-41cb-937b-adaf51dd5ca7","2025-03-29 17:13:07","a2bec9ef-28a6-41cb-937b-adaf51dd5ca7","2025-03-29 17:13:07",1
"Fantasme","a2bec9ef-28a6-41cb-937b-adaf51dd5ca7","2025-03-29 17:13:07","a2bec9ef-28a6-41cb-937b-adaf51dd5ca7","2025-03-29 17:13:07",1
"Maladie mentale","a2bec9ef-28a6-41cb-937b-adaf51dd5ca7","2025-03-29 17:13:07","a2bec9ef-28a6-41cb-937b-adaf51dd5ca7","2025-03-29 17:13:07",1
"Mentally ill","a2bec9ef-28a6-41cb-937b-adaf51dd5ca7","2025-03-29 17:13:07","a2bec9ef-28a6-41cb-937b-adaf51dd5ca7","2025-03-29 17:13:07",1
"Mentally Ill Persons","a2bec9ef-28a6-41cb-937b-adaf51dd5ca7","2025-03-29 17:13:07","a2bec9ef-28a6-41cb-937b-adaf51dd5ca7","2025-03-29 17:13:07",1
"Personnes vivant avec un trouble de santé mentale","a2bec9ef-28a6-41cb-937b-adaf51dd5ca7","2025-03-29 17:13:07","a2bec9ef-28a6-41cb-937b-adaf51dd5ca7","2025-03-29 17:13:07",1
"Troubles psychotiques","a2bec9ef-28a6-41cb-937b-adaf51dd5ca7","2025-03-29 17:13:07","a2bec9ef-28a6-41cb-937b-adaf51dd5ca7","2025-03-29 17:13:07",1
"Neuropsychology","a2bec9ef-28a6-41cb-937b-adaf51dd5ca7","2025-03-29 17:13:07","a2bec9ef-28a6-41cb-937b-adaf51dd5ca7","2025-03-29 17:13:07",1
"Humans","a2bec9ef-28a6-41cb-937b-adaf51dd5ca7","2025-03-29 17:13:07","a2bec9ef-28a6-41cb-937b-adaf51dd5ca7","2025-03-29 17:13:07",1
"Popular Works","a2bec9ef-28a6-41cb-937b-adaf51dd5ca7","2025-03-29 17:13:07","a2bec9ef-28a6-41cb-937b-adaf51dd5ca7","2025-03-29 17:13:07",1
"political satire","a2bec9ef-28a6-41cb-937b-adaf51dd5ca7","2025-03-29 17:13:07","a2bec9ef-28a6-41cb-937b-adaf51dd5ca7","2025-03-29 17:13:07",1
"classic","a2bec9ef-28a6-41cb-937b-adaf51dd5ca7","2025-03-29 17:13:07","a2bec9ef-28a6-41cb-937b-adaf51dd5ca7","2025-03-29 17:13:07",1
"animal drama","a2bec9ef-28a6-41cb-937b-adaf51dd5ca7","2025-03-29 17:13:07","a2bec9ef-28a6-41cb-937b-adaf51dd5ca7","2025-03-29 17:13:07",1
"Fiction, political","a2bec9ef-28a6-41cb-937b-adaf51dd5ca7","2025-03-29 17:13:07","a2bec9ef-28a6-41cb-937b-adaf51dd5ca7","2025-03-29 17:13:07",1
"English literature: literary criticism","a2bec9ef-28a6-41cb-937b-adaf51dd5ca7","2025-03-29 17:13:07","a2bec9ef-28a6-41cb-937b-adaf51dd5ca7","2025-03-29 17:13:07",1
"For National Curriculum Key Stage 4 & GCSE","a2bec9ef-28a6-41cb-937b-adaf51dd5ca7","2025-03-29 17:13:07","a2bec9ef-28a6-41cb-937b-adaf51dd5ca7","2025-03-29 17:13:07",1
"Comics & graphic novels, literary","a2bec9ef-28a6-41cb-937b-adaf51dd5ca7","2025-03-29 17:13:07","a2bec9ef-28a6-41cb-937b-adaf51dd5ca7","2025-03-29 17:13:07",1
"Comics & graphic novels, adaptations","a2bec9ef-28a6-41cb-937b-adaf51dd5ca7","2025-03-29 17:13:07","a2bec9ef-28a6-41cb-937b-adaf51dd5ca7","2025-03-29 17:13:07",1
"Totalitarianism","a2bec9ef-28a6-41cb-937b-adaf51dd5ca7","2025-03-29 17:13:07","a2bec9ef-28a6-41cb-937b-adaf51dd5ca7","2025-03-29 17:13:07",1
"Domestic animals","a2bec9ef-28a6-41cb-937b-adaf51dd5ca7","2025-03-29 17:13:07","a2bec9ef-28a6-41cb-937b-adaf51dd5ca7","2025-03-29 17:13:07",1
"Zhong pian xiao shuo","a2bec9ef-28a6-41cb-937b-adaf51dd5ca7","2025-03-29 17:13:07","a2bec9ef-28a6-41cb-937b-adaf51dd5ca7","2025-03-29 17:13:07",1
"English Political satire","a2bec9ef-28a6-41cb-937b-adaf51dd5ca7","2025-03-29 17:13:07","a2bec9ef-28a6-41cb-937b-adaf51dd5ca7","2025-03-29 17:13:07",1
"Animales domésticos","a2bec9ef-28a6-41cb-937b-adaf51dd5ca7","2025-03-29 17:13:07","a2bec9ef-28a6-41cb-937b-adaf51dd5ca7","2025-03-29 17:13:07",1
"Totalitarismo","a2bec9ef-28a6-41cb-937b-adaf51dd5ca7","2025-03-29 17:13:07","a2bec9ef-28a6-41cb-937b-adaf51dd5ca7","2025-03-29 17:13:07",1
"Animals in literature","a2bec9ef-28a6-41cb-937b-adaf51dd5ca7","2025-03-29 17:13:07","a2bec9ef-28a6-41cb-937b-adaf51dd5ca7","2025-03-29 17:13:07",1
"Orwell, george, 1903-1950","a2bec9ef-28a6-41cb-937b-adaf51dd5ca7","2025-03-29 17:13:07","a2bec9ef-28a6-41cb-937b-adaf51dd5ca7","2025-03-29 17:13:07",1
"Farms","a2bec9ef-28a6-41cb-937b-adaf51dd5ca7","2025-03-29 17:13:07","a2bec9ef-28a6-41cb-937b-adaf51dd5ca7","2025-03-29 17:13:07",1
"Livestock","a2bec9ef-28a6-41cb-937b-adaf51dd5ca7","2025-03-29 17:13:07","a2bec9ef-28a6-41cb-937b-adaf51dd5ca7","2025-03-29 17:13:07",1
"Political corruption","a2bec9ef-28a6-41cb-937b-adaf51dd5ca7","2025-03-29 17:13:07","a2bec9ef-28a6-41cb-937b-adaf51dd5ca7","2025-03-29 17:13:07",1
"Englischunterricht","a2bec9ef-28a6-41cb-937b-adaf51dd5ca7","2025-03-29 17:13:07","a2bec9ef-28a6-41cb-937b-adaf51dd5ca7","2025-03-29 17:13:07",1
"Skönlitteratur","a2bec9ef-28a6-41cb-937b-adaf51dd5ca7","2025-03-29 17:13:07","a2bec9ef-28a6-41cb-937b-adaf51dd5ca7","2025-03-29 17:13:07",1
"Political science","a2bec9ef-28a6-41cb-937b-adaf51dd5ca7","2025-03-29 17:13:07","a2bec9ef-28a6-41cb-937b-adaf51dd5ca7","2025-03-29 17:13:07",1
"Fables","a2bec9ef-28a6-41cb-937b-adaf51dd5ca7","2025-03-29 17:13:07","a2bec9ef-28a6-41cb-937b-adaf51dd5ca7","2025-03-29 17:13:07",1
"Political fiction","a2bec9ef-28a6-41cb-937b-adaf51dd5ca7","2025-03-29 17:13:07","a2bec9ef-28a6-41cb-937b-adaf51dd5ca7","2025-03-29 17:13:07",1
"Politique-fiction","a2bec9ef-28a6-41cb-937b-adaf51dd5ca7","2025-03-29 17:13:07","a2bec9ef-28a6-41cb-937b-adaf51dd5ca7","2025-03-29 17:13:07",1
"Animaux domestiques","a2bec9ef-28a6-41cb-937b-adaf51dd5ca7","2025-03-29 17:13:07","a2bec9ef-28a6-41cb-937b-adaf51dd5ca7","2025-03-29 17:13:07",1
"Totalitarisme","a2bec9ef-28a6-41cb-937b-adaf51dd5ca7","2025-03-29 17:13:07","a2bec9ef-28a6-41cb-937b-adaf51dd5ca7","2025-03-29 17:13:07",1
"In literature","a2bec9ef-28a6-41cb-937b-adaf51dd5ca7","2025-03-29 17:13:07","a2bec9ef-28a6-41cb-937b-adaf51dd5ca7","2025-03-29 17:13:07",1
"Comics & graphic novels, nonfiction, biography & memoir","a2bec9ef-28a6-41cb-937b-adaf51dd5ca7","2025-03-29 17:13:07","a2bec9ef-28a6-41cb-937b-adaf51dd5ca7","2025-03-29 17:13:07",1
"Iran, biography","a2bec9ef-28a6-41cb-937b-adaf51dd5ca7","2025-03-29 17:13:07","a2bec9ef-28a6-41cb-937b-adaf51dd5ca7","2025-03-29 17:13:07",1
"Girls, biography","a2bec9ef-28a6-41cb-937b-adaf51dd5ca7","2025-03-29 17:13:07","a2bec9ef-28a6-41cb-937b-adaf51dd5ca7","2025-03-29 17:13:07",1
"Authors, biography","a2bec9ef-28a6-41cb-937b-adaf51dd5ca7","2025-03-29 17:13:07","a2bec9ef-28a6-41cb-937b-adaf51dd5ca7","2025-03-29 17:13:07",1
"Comics & graphic novels, nonfiction, general","a2bec9ef-28a6-41cb-937b-adaf51dd5ca7","2025-03-29 17:13:07","a2bec9ef-28a6-41cb-937b-adaf51dd5ca7","2025-03-29 17:13:07",1
"Women, biography","a2bec9ef-28a6-41cb-937b-adaf51dd5ca7","2025-03-29 17:13:07","a2bec9ef-28a6-41cb-937b-adaf51dd5ca7","2025-03-29 17:13:07",1
"nyt:paperback-graphic-books=2013-02-03","a2bec9ef-28a6-41cb-937b-adaf51dd5ca7","2025-03-29 17:13:07","a2bec9ef-28a6-41cb-937b-adaf51dd5ca7","2025-03-29 17:13:07",1
"Teens - biography","a2bec9ef-28a6-41cb-937b-adaf51dd5ca7","2025-03-29 17:13:07","a2bec9ef-28a6-41cb-937b-adaf51dd5ca7","2025-03-29 17:13:07",1
"Teens - life & relationships","a2bec9ef-28a6-41cb-937b-adaf51dd5ca7","2025-03-29 17:13:07","a2bec9ef-28a6-41cb-937b-adaf51dd5ca7","2025-03-29 17:13:07",1
"Graphic novels & comic books","a2bec9ef-28a6-41cb-937b-adaf51dd5ca7","2025-03-29 17:13:07","a2bec9ef-28a6-41cb-937b-adaf51dd5ca7","2025-03-29 17:13:07",1
"Women's biography","a2bec9ef-28a6-41cb-937b-adaf51dd5ca7","2025-03-29 17:13:07","a2bec9ef-28a6-41cb-937b-adaf51dd5ca7","2025-03-29 17:13:07",1
"Peoples & cultures - biography","a2bec9ef-28a6-41cb-937b-adaf51dd5ca7","2025-03-29 17:13:07","a2bec9ef-28a6-41cb-937b-adaf51dd5ca7","2025-03-29 17:13:07",1
"Comics & graphic novels","a2bec9ef-28a6-41cb-937b-adaf51dd5ca7","2025-03-29 17:13:07","a2bec9ef-28a6-41cb-937b-adaf51dd5ca7","2025-03-29 17:13:07",1
"Regional studies","a2bec9ef-28a6-41cb-937b-adaf51dd5ca7","2025-03-29 17:13:07","a2bec9ef-28a6-41cb-937b-adaf51dd5ca7","2025-03-29 17:13:07",1
"Clergy","a2bec9ef-28a6-41cb-937b-adaf51dd5ca7","2025-03-29 17:13:07","a2bec9ef-28a6-41cb-937b-adaf51dd5ca7","2025-03-29 17:13:07",1
"Spouses of clergy","a2bec9ef-28a6-41cb-937b-adaf51dd5ca7","2025-03-29 17:13:07","a2bec9ef-28a6-41cb-937b-adaf51dd5ca7","2025-03-29 17:13:07",1
"Theft","a2bec9ef-28a6-41cb-937b-adaf51dd5ca7","2025-03-29 17:13:07","a2bec9ef-28a6-41cb-937b-adaf51dd5ca7","2025-03-29 17:13:07",1
"Literature, history and criticism","a2bec9ef-28a6-41cb-937b-adaf51dd5ca7","2025-03-29 17:13:07","a2bec9ef-28a6-41cb-937b-adaf51dd5ca7","2025-03-29 17:13:07",1
"Juegos con video","a2bec9ef-28a6-41cb-937b-adaf51dd5ca7","2025-03-29 17:13:07","a2bec9ef-28a6-41cb-937b-adaf51dd5ca7","2025-03-29 17:13:07",1
"Cuentos humorosos","a2bec9ef-28a6-41cb-937b-adaf51dd5ca7","2025-03-29 17:13:07","a2bec9ef-28a6-41cb-937b-adaf51dd5ca7","2025-03-29 17:13:07",1
"Vacaciones","a2bec9ef-28a6-41cb-937b-adaf51dd5ca7","2025-03-29 17:13:07","a2bec9ef-28a6-41cb-937b-adaf51dd5ca7","2025-03-29 17:13:07",1
"Diarios íntimos","a2bec9ef-28a6-41cb-937b-adaf51dd5ca7","2025-03-29 17:13:07","a2bec9ef-28a6-41cb-937b-adaf51dd5ca7","2025-03-29 17:13:07",1
"Verano","a2bec9ef-28a6-41cb-937b-adaf51dd5ca7","2025-03-29 17:13:07","a2bec9ef-28a6-41cb-937b-adaf51dd5ca7","2025-03-29 17:13:07",1
"Summer -- Fiction","a2bec9ef-28a6-41cb-937b-adaf51dd5ca7","2025-03-29 17:13:07","a2bec9ef-28a6-41cb-937b-adaf51dd5ca7","2025-03-29 17:13:07",1
"Forgery","a2bec9ef-28a6-41cb-937b-adaf51dd5ca7","2025-03-29 17:13:07","a2bec9ef-28a6-41cb-937b-adaf51dd5ca7","2025-03-29 17:13:07",1
"Forgers","a2bec9ef-28a6-41cb-937b-adaf51dd5ca7","2025-03-29 17:13:07","a2bec9ef-28a6-41cb-937b-adaf51dd5ca7","2025-03-29 17:13:07",1
"Fiction, fantasy, action & adventure","a2bec9ef-28a6-41cb-937b-adaf51dd5ca7","2025-03-29 17:13:07","a2bec9ef-28a6-41cb-937b-adaf51dd5ca7","2025-03-29 17:13:07",1
"series:Elantris","a2bec9ef-28a6-41cb-937b-adaf51dd5ca7","2025-03-29 17:13:07","a2bec9ef-28a6-41cb-937b-adaf51dd5ca7","2025-03-29 17:13:07",1
"Typhon (Greek mythology)","a2bec9ef-28a6-41cb-937b-adaf51dd5ca7","2025-03-29 17:13:07","a2bec9ef-28a6-41cb-937b-adaf51dd5ca7","2025-03-29 17:13:07",1
"Amnesia","a2bec9ef-28a6-41cb-937b-adaf51dd5ca7","2025-03-29 17:13:07","a2bec9ef-28a6-41cb-937b-adaf51dd5ca7","2025-03-29 17:13:07",1
"Massachusetts","a2bec9ef-28a6-41cb-937b-adaf51dd5ca7","2025-03-29 17:13:07","a2bec9ef-28a6-41cb-937b-adaf51dd5ca7","2025-03-29 17:13:07",1
"Cousins","a2bec9ef-28a6-41cb-937b-adaf51dd5ca7","2025-03-29 17:13:07","a2bec9ef-28a6-41cb-937b-adaf51dd5ca7","2025-03-29 17:13:07",1
"Truthfulness and falsehood","a2bec9ef-28a6-41cb-937b-adaf51dd5ca7","2025-03-29 17:13:07","a2bec9ef-28a6-41cb-937b-adaf51dd5ca7","2025-03-29 17:13:07",1
"Death & Dying","a2bec9ef-28a6-41cb-937b-adaf51dd5ca7","2025-03-29 17:13:07","a2bec9ef-28a6-41cb-937b-adaf51dd5ca7","2025-03-29 17:13:07",1
"Massachusetts, fiction","a2bec9ef-28a6-41cb-937b-adaf51dd5ca7","2025-03-29 17:13:07","a2bec9ef-28a6-41cb-937b-adaf51dd5ca7","2025-03-29 17:13:07",1
"Amnesia, fiction","a2bec9ef-28a6-41cb-937b-adaf51dd5ca7","2025-03-29 17:13:07","a2bec9ef-28a6-41cb-937b-adaf51dd5ca7","2025-03-29 17:13:07",1
"nyt:young-adult=2014-06-01","a2bec9ef-28a6-41cb-937b-adaf51dd5ca7","2025-03-29 17:13:07","a2bec9ef-28a6-41cb-937b-adaf51dd5ca7","2025-03-29 17:13:07",1
"1960-1988","a2bec9ef-28a6-41cb-937b-adaf51dd5ca7","2025-03-29 17:13:07","a2bec9ef-28a6-41cb-937b-adaf51dd5ca7","2025-03-29 17:13:07",1
"Dr. Seuss","a2bec9ef-28a6-41cb-937b-adaf51dd5ca7","2025-03-29 17:13:07","a2bec9ef-28a6-41cb-937b-adaf51dd5ca7","2025-03-29 17:13:07",1
"Beginner Books","a2bec9ef-28a6-41cb-937b-adaf51dd5ca7","2025-03-29 17:13:07","a2bec9ef-28a6-41cb-937b-adaf51dd5ca7","2025-03-29 17:13:07",1
"I Can Read It All By Myself","a2bec9ef-28a6-41cb-937b-adaf51dd5ca7","2025-03-29 17:13:07","a2bec9ef-28a6-41cb-937b-adaf51dd5ca7","2025-03-29 17:13:07",1
"Green Eggs and Ham","a2bec9ef-28a6-41cb-937b-adaf51dd5ca7","2025-03-29 17:13:07","a2bec9ef-28a6-41cb-937b-adaf51dd5ca7","2025-03-29 17:13:07",1
"Audio-Cassette included","a2bec9ef-28a6-41cb-937b-adaf51dd5ca7","2025-03-29 17:13:07","a2bec9ef-28a6-41cb-937b-adaf51dd5ca7","2025-03-29 17:13:07",1
"First time readers","a2bec9ef-28a6-41cb-937b-adaf51dd5ca7","2025-03-29 17:13:07","a2bec9ef-28a6-41cb-937b-adaf51dd5ca7","2025-03-29 17:13:07",1
"English","a2bec9ef-28a6-41cb-937b-adaf51dd5ca7","2025-03-29 17:13:07","a2bec9ef-28a6-41cb-937b-adaf51dd5ca7","2025-03-29 17:13:07",1
"2-3 years","a2bec9ef-28a6-41cb-937b-adaf51dd5ca7","2025-03-29 17:13:07","a2bec9ef-28a6-41cb-937b-adaf51dd5ca7","2025-03-29 17:13:07",1
"Pre-school","a2bec9ef-28a6-41cb-937b-adaf51dd5ca7","2025-03-29 17:13:07","a2bec9ef-28a6-41cb-937b-adaf51dd5ca7","2025-03-29 17:13:07",1
"In rhymes","a2bec9ef-28a6-41cb-937b-adaf51dd5ca7","2025-03-29 17:13:07","a2bec9ef-28a6-41cb-937b-adaf51dd5ca7","2025-03-29 17:13:07",1
"Rhyming","a2bec9ef-28a6-41cb-937b-adaf51dd5ca7","2025-03-29 17:13:07","a2bec9ef-28a6-41cb-937b-adaf51dd5ca7","2025-03-29 17:13:07",1
"Food","a2bec9ef-28a6-41cb-937b-adaf51dd5ca7","2025-03-29 17:13:07","a2bec9ef-28a6-41cb-937b-adaf51dd5ca7","2025-03-29 17:13:07",1
"Eggs","a2bec9ef-28a6-41cb-937b-adaf51dd5ca7","2025-03-29 17:13:07","a2bec9ef-28a6-41cb-937b-adaf51dd5ca7","2025-03-29 17:13:07",1
"Ham","a2bec9ef-28a6-41cb-937b-adaf51dd5ca7","2025-03-29 17:13:07","a2bec9ef-28a6-41cb-937b-adaf51dd5ca7","2025-03-29 17:13:07",1
"Food habits","a2bec9ef-28a6-41cb-937b-adaf51dd5ca7","2025-03-29 17:13:07","a2bec9ef-28a6-41cb-937b-adaf51dd5ca7","2025-03-29 17:13:07",1
"Food, fiction","a2bec9ef-28a6-41cb-937b-adaf51dd5ca7","2025-03-29 17:13:07","a2bec9ef-28a6-41cb-937b-adaf51dd5ca7","2025-03-29 17:13:07",1
"Food preferences","a2bec9ef-28a6-41cb-937b-adaf51dd5ca7","2025-03-29 17:13:07","a2bec9ef-28a6-41cb-937b-adaf51dd5ca7","2025-03-29 17:13:07",1
"Juvenile poetry","a2bec9ef-28a6-41cb-937b-adaf51dd5ca7","2025-03-29 17:13:07","a2bec9ef-28a6-41cb-937b-adaf51dd5ca7","2025-03-29 17:13:07",1
"Vocabulary","a2bec9ef-28a6-41cb-937b-adaf51dd5ca7","2025-03-29 17:13:07","a2bec9ef-28a6-41cb-937b-adaf51dd5ca7","2025-03-29 17:13:07",1
"Reader","a2bec9ef-28a6-41cb-937b-adaf51dd5ca7","2025-03-29 17:13:07","a2bec9ef-28a6-41cb-937b-adaf51dd5ca7","2025-03-29 17:13:07",1
"Beginner","a2bec9ef-28a6-41cb-937b-adaf51dd5ca7","2025-03-29 17:13:07","a2bec9ef-28a6-41cb-937b-adaf51dd5ca7","2025-03-29 17:13:07",1
"PICTURE LIONS","a2bec9ef-28a6-41cb-937b-adaf51dd5ca7","2025-03-29 17:13:07","a2bec9ef-28a6-41cb-937b-adaf51dd5ca7","2025-03-29 17:13:07",1
"Jig Story","a2bec9ef-28a6-41cb-937b-adaf51dd5ca7","2025-03-29 17:13:07","a2bec9ef-28a6-41cb-937b-adaf51dd5ca7","2025-03-29 17:13:07",1
"4","a2bec9ef-28a6-41cb-937b-adaf51dd5ca7","2025-03-29 17:13:07","a2bec9ef-28a6-41cb-937b-adaf51dd5ca7","2025-03-29 17:13:07",1
"Jigsaw","a2bec9ef-28a6-41cb-937b-adaf51dd5ca7","2025-03-29 17:13:07","a2bec9ef-28a6-41cb-937b-adaf51dd5ca7","2025-03-29 17:13:07",1
"20","a2bec9ef-28a6-41cb-937b-adaf51dd5ca7","2025-03-29 17:13:07","a2bec9ef-28a6-41cb-937b-adaf51dd5ca7","2025-03-29 17:13:07",1
"Activities","a2bec9ef-28a6-41cb-937b-adaf51dd5ca7","2025-03-29 17:13:07","a2bec9ef-28a6-41cb-937b-adaf51dd5ca7","2025-03-29 17:13:07",1
"Chamber music","a2bec9ef-28a6-41cb-937b-adaf51dd5ca7","2025-03-29 17:13:07","a2bec9ef-28a6-41cb-937b-adaf51dd5ca7","2025-03-29 17:13:07",1
"Eggs, fiction","a2bec9ef-28a6-41cb-937b-adaf51dd5ca7","2025-03-29 17:13:07","a2bec9ef-28a6-41cb-937b-adaf51dd5ca7","2025-03-29 17:13:07",1
"Puzzles, juvenile literature","a2bec9ef-28a6-41cb-937b-adaf51dd5ca7","2025-03-29 17:13:07","a2bec9ef-28a6-41cb-937b-adaf51dd5ca7","2025-03-29 17:13:07",1
"Homeless persons, fiction","a2bec9ef-28a6-41cb-937b-adaf51dd5ca7","2025-03-29 17:13:07","a2bec9ef-28a6-41cb-937b-adaf51dd5ca7","2025-03-29 17:13:07",1
"Child sexual abuse, fiction","a2bec9ef-28a6-41cb-937b-adaf51dd5ca7","2025-03-29 17:13:07","a2bec9ef-28a6-41cb-937b-adaf51dd5ca7","2025-03-29 17:13:07",1
"Self-mutilation, fiction","a2bec9ef-28a6-41cb-937b-adaf51dd5ca7","2025-03-29 17:13:07","a2bec9ef-28a6-41cb-937b-adaf51dd5ca7","2025-03-29 17:13:07",1
"Emotional problems","a2bec9ef-28a6-41cb-937b-adaf51dd5ca7","2025-03-29 17:13:07","a2bec9ef-28a6-41cb-937b-adaf51dd5ca7","2025-03-29 17:13:07",1
"Abandoned children","a2bec9ef-28a6-41cb-937b-adaf51dd5ca7","2025-03-29 17:13:07","a2bec9ef-28a6-41cb-937b-adaf51dd5ca7","2025-03-29 17:13:07",1
"Homeless persons","a2bec9ef-28a6-41cb-937b-adaf51dd5ca7","2025-03-29 17:13:07","a2bec9ef-28a6-41cb-937b-adaf51dd5ca7","2025-03-29 17:13:07",1
"Cutting (Self-mutilation)","a2bec9ef-28a6-41cb-937b-adaf51dd5ca7","2025-03-29 17:13:07","a2bec9ef-28a6-41cb-937b-adaf51dd5ca7","2025-03-29 17:13:07",1
"Sex crimes","a2bec9ef-28a6-41cb-937b-adaf51dd5ca7","2025-03-29 17:13:07","a2bec9ef-28a6-41cb-937b-adaf51dd5ca7","2025-03-29 17:13:07",1
"Sexual abuse","a2bec9ef-28a6-41cb-937b-adaf51dd5ca7","2025-03-29 17:13:07","a2bec9ef-28a6-41cb-937b-adaf51dd5ca7","2025-03-29 17:13:07",1
"nyt:young-adult-hardcover=2016-09-25","a2bec9ef-28a6-41cb-937b-adaf51dd5ca7","2025-03-29 17:13:07","a2bec9ef-28a6-41cb-937b-adaf51dd5ca7","2025-03-29 17:13:07",1
"Suicidal behavior","a2bec9ef-28a6-41cb-937b-adaf51dd5ca7","2025-03-29 17:13:07","a2bec9ef-28a6-41cb-937b-adaf51dd5ca7","2025-03-29 17:13:07",1
"Absentee fathers","a2bec9ef-28a6-41cb-937b-adaf51dd5ca7","2025-03-29 17:13:07","a2bec9ef-28a6-41cb-937b-adaf51dd5ca7","2025-03-29 17:13:07",1
"Abusive mothers","a2bec9ef-28a6-41cb-937b-adaf51dd5ca7","2025-03-29 17:13:07","a2bec9ef-28a6-41cb-937b-adaf51dd5ca7","2025-03-29 17:13:07",1
"Child sexual abuse","a2bec9ef-28a6-41cb-937b-adaf51dd5ca7","2025-03-29 17:13:07","a2bec9ef-28a6-41cb-937b-adaf51dd5ca7","2025-03-29 17:13:07",1
"Self-mutilation","a2bec9ef-28a6-41cb-937b-adaf51dd5ca7","2025-03-29 17:13:07","a2bec9ef-28a6-41cb-937b-adaf51dd5ca7","2025-03-29 17:13:07",1
"nyt:young-adult-paperback-monthly=2023-07-02","a2bec9ef-28a6-41cb-937b-adaf51dd5ca7","2025-03-29 17:13:07","a2bec9ef-28a6-41cb-937b-adaf51dd5ca7","2025-03-29 17:13:07",1
"nyt:young-adult-paperback-monthly=2023-04-16","a2bec9ef-28a6-41cb-937b-adaf51dd5ca7","2025-03-29 17:13:07","a2bec9ef-28a6-41cb-937b-adaf51dd5ca7","2025-03-29 17:13:07",1
"Solitude","a2bec9ef-28a6-41cb-937b-adaf51dd5ca7","2025-03-29 17:13:07","a2bec9ef-28a6-41cb-937b-adaf51dd5ca7","2025-03-29 17:13:07",1
"North carolina, fiction","a2bec9ef-28a6-41cb-937b-adaf51dd5ca7","2025-03-29 17:13:07","a2bec9ef-28a6-41cb-937b-adaf51dd5ca7","2025-03-29 17:13:07",1
"nyt:hardcover-fiction=2018-09-23","a2bec9ef-28a6-41cb-937b-adaf51dd5ca7","2025-03-29 17:13:07","a2bec9ef-28a6-41cb-937b-adaf51dd5ca7","2025-03-29 17:13:07",1
"nyt:combined-print-and-e-book-fiction=2018-09-30","a2bec9ef-28a6-41cb-937b-adaf51dd5ca7","2025-03-29 17:13:07","a2bec9ef-28a6-41cb-937b-adaf51dd5ca7","2025-03-29 17:13:07",1
"nyt:trade-fiction-paperback=2021-04-18","a2bec9ef-28a6-41cb-937b-adaf51dd5ca7","2025-03-29 17:13:07","a2bec9ef-28a6-41cb-937b-adaf51dd5ca7","2025-03-29 17:13:07",1
"Women hermits","a2bec9ef-28a6-41cb-937b-adaf51dd5ca7","2025-03-29 17:13:07","a2bec9ef-28a6-41cb-937b-adaf51dd5ca7","2025-03-29 17:13:07",1
"Fictitious Character","a2bec9ef-28a6-41cb-937b-adaf51dd5ca7","2025-03-29 17:13:07","a2bec9ef-28a6-41cb-937b-adaf51dd5ca7","2025-03-29 17:13:07",1
"Mount Olympus","a2bec9ef-28a6-41cb-937b-adaf51dd5ca7","2025-03-29 17:13:07","a2bec9ef-28a6-41cb-937b-adaf51dd5ca7","2025-03-29 17:13:07",1
"Children's Fiction","a2bec9ef-28a6-41cb-937b-adaf51dd5ca7","2025-03-29 17:13:07","a2bec9ef-28a6-41cb-937b-adaf51dd5ca7","2025-03-29 17:13:07",1
"Artemis (Greek deity)","a2bec9ef-28a6-41cb-937b-adaf51dd5ca7","2025-03-29 17:13:07","a2bec9ef-28a6-41cb-937b-adaf51dd5ca7","2025-03-29 17:13:07",1
"Titans (Mythology.)","a2bec9ef-28a6-41cb-937b-adaf51dd5ca7","2025-03-29 17:13:07","a2bec9ef-28a6-41cb-937b-adaf51dd5ca7","2025-03-29 17:13:07",1
"Artemis (Greek deity.)","a2bec9ef-28a6-41cb-937b-adaf51dd5ca7","2025-03-29 17:13:07","a2bec9ef-28a6-41cb-937b-adaf51dd5ca7","2025-03-29 17:13:07",1
"numbers","a2bec9ef-28a6-41cb-937b-adaf51dd5ca7","2025-03-29 17:13:07","a2bec9ef-28a6-41cb-937b-adaf51dd5ca7","2025-03-29 17:13:07",1
"orchestras","a2bec9ef-28a6-41cb-937b-adaf51dd5ca7","2025-03-29 17:13:07","a2bec9ef-28a6-41cb-937b-adaf51dd5ca7","2025-03-29 17:13:07",1
"Creativity and Imagination","a2bec9ef-28a6-41cb-937b-adaf51dd5ca7","2025-03-29 17:13:07","a2bec9ef-28a6-41cb-937b-adaf51dd5ca7","2025-03-29 17:13:07",1
"Discovery and Learning","a2bec9ef-28a6-41cb-937b-adaf51dd5ca7","2025-03-29 17:13:07","a2bec9ef-28a6-41cb-937b-adaf51dd5ca7","2025-03-29 17:13:07",1
"Imaginación","a2bec9ef-28a6-41cb-937b-adaf51dd5ca7","2025-03-29 17:13:07","a2bec9ef-28a6-41cb-937b-adaf51dd5ca7","2025-03-29 17:13:07",1
"Lenguaje y lenguas","a2bec9ef-28a6-41cb-937b-adaf51dd5ca7","2025-03-29 17:13:07","a2bec9ef-28a6-41cb-937b-adaf51dd5ca7","2025-03-29 17:13:07",1
"children's fantasy","a2bec9ef-28a6-41cb-937b-adaf51dd5ca7","2025-03-29 17:13:07","a2bec9ef-28a6-41cb-937b-adaf51dd5ca7","2025-03-29 17:13:07",1
"puns","a2bec9ef-28a6-41cb-937b-adaf51dd5ca7","2025-03-29 17:13:07","a2bec9ef-28a6-41cb-937b-adaf51dd5ca7","2025-03-29 17:13:07",1
"tollbooths","a2bec9ef-28a6-41cb-937b-adaf51dd5ca7","2025-03-29 17:13:07","a2bec9ef-28a6-41cb-937b-adaf51dd5ca7","2025-03-29 17:13:07",1
"Puns and punning","a2bec9ef-28a6-41cb-937b-adaf51dd5ca7","2025-03-29 17:13:07","a2bec9ef-28a6-41cb-937b-adaf51dd5ca7","2025-03-29 17:13:07",1
"Imagination in children","a2bec9ef-28a6-41cb-937b-adaf51dd5ca7","2025-03-29 17:13:07","a2bec9ef-28a6-41cb-937b-adaf51dd5ca7","2025-03-29 17:13:07",1
"Science Fiction, Fantasy, & Magic","a2bec9ef-28a6-41cb-937b-adaf51dd5ca7","2025-03-29 17:13:07","a2bec9ef-28a6-41cb-937b-adaf51dd5ca7","2025-03-29 17:13:07",1
"Children's 9-12 - Literature - Classics / Contemporary","a2bec9ef-28a6-41cb-937b-adaf51dd5ca7","2025-03-29 17:13:07","a2bec9ef-28a6-41cb-937b-adaf51dd5ca7","2025-03-29 17:13:07",1
"Readers - Chapter Books","a2bec9ef-28a6-41cb-937b-adaf51dd5ca7","2025-03-29 17:13:07","a2bec9ef-28a6-41cb-937b-adaf51dd5ca7","2025-03-29 17:13:07",1
"Non-Classifiable","a2bec9ef-28a6-41cb-937b-adaf51dd5ca7","2025-03-29 17:13:07","a2bec9ef-28a6-41cb-937b-adaf51dd5ca7","2025-03-29 17:13:07",1
"Learning and scholarship","a2bec9ef-28a6-41cb-937b-adaf51dd5ca7","2025-03-29 17:13:07","a2bec9ef-28a6-41cb-937b-adaf51dd5ca7","2025-03-29 17:13:07",1
"Male authors","a2bec9ef-28a6-41cb-937b-adaf51dd5ca7","2025-03-29 17:13:07","a2bec9ef-28a6-41cb-937b-adaf51dd5ca7","2025-03-29 17:13:07",1
"Illustrated children's books","a2bec9ef-28a6-41cb-937b-adaf51dd5ca7","2025-03-29 17:13:07","a2bec9ef-28a6-41cb-937b-adaf51dd5ca7","2025-03-29 17:13:07",1
"Savoir et érudition","a2bec9ef-28a6-41cb-937b-adaf51dd5ca7","2025-03-29 17:13:07","a2bec9ef-28a6-41cb-937b-adaf51dd5ca7","2025-03-29 17:13:07",1
"Livres illustrés pour enfants","a2bec9ef-28a6-41cb-937b-adaf51dd5ca7","2025-03-29 17:13:07","a2bec9ef-28a6-41cb-937b-adaf51dd5ca7","2025-03-29 17:13:07",1
"Spécimens","a2bec9ef-28a6-41cb-937b-adaf51dd5ca7","2025-03-29 17:13:07","a2bec9ef-28a6-41cb-937b-adaf51dd5ca7","2025-03-29 17:13:07",1
"Ennui (Lassitude)","a2bec9ef-28a6-41cb-937b-adaf51dd5ca7","2025-03-29 17:13:07","a2bec9ef-28a6-41cb-937b-adaf51dd5ca7","2025-03-29 17:13:07",1
"Relatos de aventura","a2bec9ef-28a6-41cb-937b-adaf51dd5ca7","2025-03-29 17:13:07","a2bec9ef-28a6-41cb-937b-adaf51dd5ca7","2025-03-29 17:13:07",1
"Fantasy--juvenile fiction","a2bec9ef-28a6-41cb-937b-adaf51dd5ca7","2025-03-29 17:13:07","a2bec9ef-28a6-41cb-937b-adaf51dd5ca7","2025-03-29 17:13:07",1
"Pz7.j9865 ph 1996","a2bec9ef-28a6-41cb-937b-adaf51dd5ca7","2025-03-29 17:13:07","a2bec9ef-28a6-41cb-937b-adaf51dd5ca7","2025-03-29 17:13:07",1
"[fic]","a2bec9ef-28a6-41cb-937b-adaf51dd5ca7","2025-03-29 17:13:07","a2bec9ef-28a6-41cb-937b-adaf51dd5ca7","2025-03-29 17:13:07",1
"Alphabet","a2bec9ef-28a6-41cb-937b-adaf51dd5ca7","2025-03-29 17:13:07","a2bec9ef-28a6-41cb-937b-adaf51dd5ca7","2025-03-29 17:13:07",1
"Arithmetic","a2bec9ef-28a6-41cb-937b-adaf51dd5ca7","2025-03-29 17:13:07","a2bec9ef-28a6-41cb-937b-adaf51dd5ca7","2025-03-29 17:13:07",1
"Arithmétique","a2bec9ef-28a6-41cb-937b-adaf51dd5ca7","2025-03-29 17:13:07","a2bec9ef-28a6-41cb-937b-adaf51dd5ca7","2025-03-29 17:13:07",1
"Histoires pour enfants","a2bec9ef-28a6-41cb-937b-adaf51dd5ca7","2025-03-29 17:13:07","a2bec9ef-28a6-41cb-937b-adaf51dd5ca7","2025-03-29 17:13:07",1
"novels","a2bec9ef-28a6-41cb-937b-adaf51dd5ca7","2025-03-29 17:13:07","a2bec9ef-28a6-41cb-937b-adaf51dd5ca7","2025-03-29 17:13:07",1
"Civil rights movements","a2bec9ef-28a6-41cb-937b-adaf51dd5ca7","2025-03-29 17:13:07","a2bec9ef-28a6-41cb-937b-adaf51dd5ca7","2025-03-29 17:13:07",1
"Household employees","a2bec9ef-28a6-41cb-937b-adaf51dd5ca7","2025-03-29 17:13:07","a2bec9ef-28a6-41cb-937b-adaf51dd5ca7","2025-03-29 17:13:07",1
"Civil Rights Movement","a2bec9ef-28a6-41cb-937b-adaf51dd5ca7","2025-03-29 17:13:07","a2bec9ef-28a6-41cb-937b-adaf51dd5ca7","2025-03-29 17:13:07",1
"mothers","a2bec9ef-28a6-41cb-937b-adaf51dd5ca7","2025-03-29 17:13:07","a2bec9ef-28a6-41cb-937b-adaf51dd5ca7","2025-03-29 17:13:07",1
"nyt:hardcover_fiction=2009-03-29","a2bec9ef-28a6-41cb-937b-adaf51dd5ca7","2025-03-29 17:13:07","a2bec9ef-28a6-41cb-937b-adaf51dd5ca7","2025-03-29 17:13:07",1
"Housekeepers","a2bec9ef-28a6-41cb-937b-adaf51dd5ca7","2025-03-29 17:13:07","a2bec9ef-28a6-41cb-937b-adaf51dd5ca7","2025-03-29 17:13:07",1
"caregivers","a2bec9ef-28a6-41cb-937b-adaf51dd5ca7","2025-03-29 17:13:07","a2bec9ef-28a6-41cb-937b-adaf51dd5ca7","2025-03-29 17:13:07",1
"friends","a2bec9ef-28a6-41cb-937b-adaf51dd5ca7","2025-03-29 17:13:07","a2bec9ef-28a6-41cb-937b-adaf51dd5ca7","2025-03-29 17:13:07",1
"daughters","a2bec9ef-28a6-41cb-937b-adaf51dd5ca7","2025-03-29 17:13:07","a2bec9ef-28a6-41cb-937b-adaf51dd5ca7","2025-03-29 17:13:07",1
"Small Town & Rural","a2bec9ef-28a6-41cb-937b-adaf51dd5ca7","2025-03-29 17:13:07","a2bec9ef-28a6-41cb-937b-adaf51dd5ca7","2025-03-29 17:13:07",1
"African American","a2bec9ef-28a6-41cb-937b-adaf51dd5ca7","2025-03-29 17:13:07","a2bec9ef-28a6-41cb-937b-adaf51dd5ca7","2025-03-29 17:13:07",1
"NEW LIST 20091215","a2bec9ef-28a6-41cb-937b-adaf51dd5ca7","2025-03-29 17:13:07","a2bec9ef-28a6-41cb-937b-adaf51dd5ca7","2025-03-29 17:13:07",1
"Mississippi, fiction","a2bec9ef-28a6-41cb-937b-adaf51dd5ca7","2025-03-29 17:13:07","a2bec9ef-28a6-41cb-937b-adaf51dd5ca7","2025-03-29 17:13:07",1
"Derechos civiles","a2bec9ef-28a6-41cb-937b-adaf51dd5ca7","2025-03-29 17:13:07","a2bec9ef-28a6-41cb-937b-adaf51dd5ca7","2025-03-29 17:13:07",1
"Movimientos sociales","a2bec9ef-28a6-41cb-937b-adaf51dd5ca7","2025-03-29 17:13:07","a2bec9ef-28a6-41cb-937b-adaf51dd5ca7","2025-03-29 17:13:07",1
"Afronorteamericanos","a2bec9ef-28a6-41cb-937b-adaf51dd5ca7","2025-03-29 17:13:07","a2bec9ef-28a6-41cb-937b-adaf51dd5ca7","2025-03-29 17:13:07",1
"Stone, hazel (fictitious character), fiction","a2bec9ef-28a6-41cb-937b-adaf51dd5ca7","2025-03-29 17:13:07","a2bec9ef-28a6-41cb-937b-adaf51dd5ca7","2025-03-29 17:13:07",1
"award:hugo_award=1967","a2bec9ef-28a6-41cb-937b-adaf51dd5ca7","2025-03-29 17:13:07","a2bec9ef-28a6-41cb-937b-adaf51dd5ca7","2025-03-29 17:13:07",1
"Penal colonies","a2bec9ef-28a6-41cb-937b-adaf51dd5ca7","2025-03-29 17:13:07","a2bec9ef-28a6-41cb-937b-adaf51dd5ca7","2025-03-29 17:13:07",1
"IT","a2bec9ef-28a6-41cb-937b-adaf51dd5ca7","2025-03-29 17:13:07","a2bec9ef-28a6-41cb-937b-adaf51dd5ca7","2025-03-29 17:13:07",1
"DevOps","a2bec9ef-28a6-41cb-937b-adaf51dd5ca7","2025-03-29 17:13:07","a2bec9ef-28a6-41cb-937b-adaf51dd5ca7","2025-03-29 17:13:07",1
"Project Management","a2bec9ef-28a6-41cb-937b-adaf51dd5ca7","2025-03-29 17:13:07","a2bec9ef-28a6-41cb-937b-adaf51dd5ca7","2025-03-29 17:13:07",1
"Information Technology","a2bec9ef-28a6-41cb-937b-adaf51dd5ca7","2025-03-29 17:13:07","a2bec9ef-28a6-41cb-937b-adaf51dd5ca7","2025-03-29 17:13:07",1
"Planning","a2bec9ef-28a6-41cb-937b-adaf51dd5ca7","2025-03-29 17:13:07","a2bec9ef-28a6-41cb-937b-adaf51dd5ca7","2025-03-29 17:13:07",1
"Management","a2bec9ef-28a6-41cb-937b-adaf51dd5ca7","2025-03-29 17:13:07","a2bec9ef-28a6-41cb-937b-adaf51dd5ca7","2025-03-29 17:13:07",1
"Knowledge management","a2bec9ef-28a6-41cb-937b-adaf51dd5ca7","2025-03-29 17:13:07","a2bec9ef-28a6-41cb-937b-adaf51dd5ca7","2025-03-29 17:13:07",1
"Security measures","a2bec9ef-28a6-41cb-937b-adaf51dd5ca7","2025-03-29 17:13:07","a2bec9ef-28a6-41cb-937b-adaf51dd5ca7","2025-03-29 17:13:07",1
"Technologie de l'information","a2bec9ef-28a6-41cb-937b-adaf51dd5ca7","2025-03-29 17:13:07","a2bec9ef-28a6-41cb-937b-adaf51dd5ca7","2025-03-29 17:13:07",1
"Gestion","a2bec9ef-28a6-41cb-937b-adaf51dd5ca7","2025-03-29 17:13:07","a2bec9ef-28a6-41cb-937b-adaf51dd5ca7","2025-03-29 17:13:07",1
"Planification","a2bec9ef-28a6-41cb-937b-adaf51dd5ca7","2025-03-29 17:13:07","a2bec9ef-28a6-41cb-937b-adaf51dd5ca7","2025-03-29 17:13:07",1
"Sécurité","a2bec9ef-28a6-41cb-937b-adaf51dd5ca7","2025-03-29 17:13:07","a2bec9ef-28a6-41cb-937b-adaf51dd5ca7","2025-03-29 17:13:07",1
"Mesures","a2bec9ef-28a6-41cb-937b-adaf51dd5ca7","2025-03-29 17:13:07","a2bec9ef-28a6-41cb-937b-adaf51dd5ca7","2025-03-29 17:13:07",1
"Gestion des connaissances","a2bec9ef-28a6-41cb-937b-adaf51dd5ca7","2025-03-29 17:13:07","a2bec9ef-28a6-41cb-937b-adaf51dd5ca7","2025-03-29 17:13:07",1
"Business and economics","a2bec9ef-28a6-41cb-937b-adaf51dd5ca7","2025-03-29 17:13:07","a2bec9ef-28a6-41cb-937b-adaf51dd5ca7","2025-03-29 17:13:07",1
"World War, 1914-1918","a2bec9ef-28a6-41cb-937b-adaf51dd5ca7","2025-03-29 17:13:07","a2bec9ef-28a6-41cb-937b-adaf51dd5ca7","2025-03-29 17:13:07",1
"German fiction","a2bec9ef-28a6-41cb-937b-adaf51dd5ca7","2025-03-29 17:13:07","a2bec9ef-28a6-41cb-937b-adaf51dd5ca7","2025-03-29 17:13:07",1
"German language","a2bec9ef-28a6-41cb-937b-adaf51dd5ca7","2025-03-29 17:13:07","a2bec9ef-28a6-41cb-937b-adaf51dd5ca7","2025-03-29 17:13:07",1
"World war, 1914-1918, fiction","a2bec9ef-28a6-41cb-937b-adaf51dd5ca7","2025-03-29 17:13:07","a2bec9ef-28a6-41cb-937b-adaf51dd5ca7","2025-03-29 17:13:07",1
"Remarque, erich maria, 1898-1970","a2bec9ef-28a6-41cb-937b-adaf51dd5ca7","2025-03-29 17:13:07","a2bec9ef-28a6-41cb-937b-adaf51dd5ca7","2025-03-29 17:13:07",1
"World war, 1914-1918, literature and the war","a2bec9ef-28a6-41cb-937b-adaf51dd5ca7","2025-03-29 17:13:07","a2bec9ef-28a6-41cb-937b-adaf51dd5ca7","2025-03-29 17:13:07",1
"Trench warfare","a2bec9ef-28a6-41cb-937b-adaf51dd5ca7","2025-03-29 17:13:07","a2bec9ef-28a6-41cb-937b-adaf51dd5ca7","2025-03-29 17:13:07",1
"Campaigns","a2bec9ef-28a6-41cb-937b-adaf51dd5ca7","2025-03-29 17:13:07","a2bec9ef-28a6-41cb-937b-adaf51dd5ca7","2025-03-29 17:13:07",1
"Intrenchments","a2bec9ef-28a6-41cb-937b-adaf51dd5ca7","2025-03-29 17:13:07","a2bec9ef-28a6-41cb-937b-adaf51dd5ca7","2025-03-29 17:13:07",1
"Military campaigns","a2bec9ef-28a6-41cb-937b-adaf51dd5ca7","2025-03-29 17:13:07","a2bec9ef-28a6-41cb-937b-adaf51dd5ca7","2025-03-29 17:13:07",1
"Guerre mondiale, 1914-1918","a2bec9ef-28a6-41cb-937b-adaf51dd5ca7","2025-03-29 17:13:07","a2bec9ef-28a6-41cb-937b-adaf51dd5ca7","2025-03-29 17:13:07",1
"Guerre, 1939-1945","a2bec9ef-28a6-41cb-937b-adaf51dd5ca7","2025-03-29 17:13:07","a2bec9ef-28a6-41cb-937b-adaf51dd5ca7","2025-03-29 17:13:07",1
"Soldat","a2bec9ef-28a6-41cb-937b-adaf51dd5ca7","2025-03-29 17:13:07","a2bec9ef-28a6-41cb-937b-adaf51dd5ca7","2025-03-29 17:13:07",1
"Weltkrieg","a2bec9ef-28a6-41cb-937b-adaf51dd5ca7","2025-03-29 17:13:07","a2bec9ef-28a6-41cb-937b-adaf51dd5ca7","2025-03-29 17:13:07",1
"Westfront","a2bec9ef-28a6-41cb-937b-adaf51dd5ca7","2025-03-29 17:13:07","a2bec9ef-28a6-41cb-937b-adaf51dd5ca7","2025-03-29 17:13:07",1
"BMBF-Statusseminar gnd","a2bec9ef-28a6-41cb-937b-adaf51dd5ca7","2025-03-29 17:13:07","a2bec9ef-28a6-41cb-937b-adaf51dd5ca7","2025-03-29 17:13:07",1
"German literature, history and criticism","a2bec9ef-28a6-41cb-937b-adaf51dd5ca7","2025-03-29 17:13:07","a2bec9ef-28a6-41cb-937b-adaf51dd5ca7","2025-03-29 17:13:07",1
"Chinese literature","a2bec9ef-28a6-41cb-937b-adaf51dd5ca7","2025-03-29 17:13:07","a2bec9ef-28a6-41cb-937b-adaf51dd5ca7","2025-03-29 17:13:07",1
"Translations from German","a2bec9ef-28a6-41cb-937b-adaf51dd5ca7","2025-03-29 17:13:07","a2bec9ef-28a6-41cb-937b-adaf51dd5ca7","2025-03-29 17:13:07",1
"German literature","a2bec9ef-28a6-41cb-937b-adaf51dd5ca7","2025-03-29 17:13:07","a2bec9ef-28a6-41cb-937b-adaf51dd5ca7","2025-03-29 17:13:07",1
"English Humorous stories","a2bec9ef-28a6-41cb-937b-adaf51dd5ca7","2025-03-29 17:13:07","a2bec9ef-28a6-41cb-937b-adaf51dd5ca7","2025-03-29 17:13:07",1
"English Science fiction","a2bec9ef-28a6-41cb-937b-adaf51dd5ca7","2025-03-29 17:13:07","a2bec9ef-28a6-41cb-937b-adaf51dd5ca7","2025-03-29 17:13:07",1
"Humorous stories, English","a2bec9ef-28a6-41cb-937b-adaf51dd5ca7","2025-03-29 17:13:07","a2bec9ef-28a6-41cb-937b-adaf51dd5ca7","2025-03-29 17:13:07",1
"Science fiction, English","a2bec9ef-28a6-41cb-937b-adaf51dd5ca7","2025-03-29 17:13:07","a2bec9ef-28a6-41cb-937b-adaf51dd5ca7","2025-03-29 17:13:07",1
"bible","a2bec9ef-28a6-41cb-937b-adaf51dd5ca7","2025-03-29 17:13:07","a2bec9ef-28a6-41cb-937b-adaf51dd5ca7","2025-03-29 17:13:07",1
"aversion therapy","a2bec9ef-28a6-41cb-937b-adaf51dd5ca7","2025-03-29 17:13:07","a2bec9ef-28a6-41cb-937b-adaf51dd5ca7","2025-03-29 17:13:07",1
"unintended consequences","a2bec9ef-28a6-41cb-937b-adaf51dd5ca7","2025-03-29 17:13:07","a2bec9ef-28a6-41cb-937b-adaf51dd5ca7","2025-03-29 17:13:07",1
"Beethoven's Fifth Symphony","a2bec9ef-28a6-41cb-937b-adaf51dd5ca7","2025-03-29 17:13:07","a2bec9ef-28a6-41cb-937b-adaf51dd5ca7","2025-03-29 17:13:07",1
"gang rape","a2bec9ef-28a6-41cb-937b-adaf51dd5ca7","2025-03-29 17:13:07","a2bec9ef-28a6-41cb-937b-adaf51dd5ca7","2025-03-29 17:13:07",1
"maturity","a2bec9ef-28a6-41cb-937b-adaf51dd5ca7","2025-03-29 17:13:07","a2bec9ef-28a6-41cb-937b-adaf51dd5ca7","2025-03-29 17:13:07",1
"metanoia","a2bec9ef-28a6-41cb-937b-adaf51dd5ca7","2025-03-29 17:13:07","a2bec9ef-28a6-41cb-937b-adaf51dd5ca7","2025-03-29 17:13:07",1
"assault","a2bec9ef-28a6-41cb-937b-adaf51dd5ca7","2025-03-29 17:13:07","a2bec9ef-28a6-41cb-937b-adaf51dd5ca7","2025-03-29 17:13:07",1
"joyriding","a2bec9ef-28a6-41cb-937b-adaf51dd5ca7","2025-03-29 17:13:07","a2bec9ef-28a6-41cb-937b-adaf51dd5ca7","2025-03-29 17:13:07",1
"metafiction","a2bec9ef-28a6-41cb-937b-adaf51dd5ca7","2025-03-29 17:13:07","a2bec9ef-28a6-41cb-937b-adaf51dd5ca7","2025-03-29 17:13:07",1
"orgasm","a2bec9ef-28a6-41cb-937b-adaf51dd5ca7","2025-03-29 17:13:07","a2bec9ef-28a6-41cb-937b-adaf51dd5ca7","2025-03-29 17:13:07",1
"novella","a2bec9ef-28a6-41cb-937b-adaf51dd5ca7","2025-03-29 17:13:07","a2bec9ef-28a6-41cb-937b-adaf51dd5ca7","2025-03-29 17:13:07",1
"antisocial personality disorder","a2bec9ef-28a6-41cb-937b-adaf51dd5ca7","2025-03-29 17:13:07","a2bec9ef-28a6-41cb-937b-adaf51dd5ca7","2025-03-29 17:13:07",1
"classical music","a2bec9ef-28a6-41cb-937b-adaf51dd5ca7","2025-03-29 17:13:07","a2bec9ef-28a6-41cb-937b-adaf51dd5ca7","2025-03-29 17:13:07",1
"black comedy","a2bec9ef-28a6-41cb-937b-adaf51dd5ca7","2025-03-29 17:13:07","a2bec9ef-28a6-41cb-937b-adaf51dd5ca7","2025-03-29 17:13:07",1
"argot","a2bec9ef-28a6-41cb-937b-adaf51dd5ca7","2025-03-29 17:13:07","a2bec9ef-28a6-41cb-937b-adaf51dd5ca7","2025-03-29 17:13:07",1
"Nadsat","a2bec9ef-28a6-41cb-937b-adaf51dd5ca7","2025-03-29 17:13:07","a2bec9ef-28a6-41cb-937b-adaf51dd5ca7","2025-03-29 17:13:07",1
"dystopias","a2bec9ef-28a6-41cb-937b-adaf51dd5ca7","2025-03-29 17:13:07","a2bec9ef-28a6-41cb-937b-adaf51dd5ca7","2025-03-29 17:13:07",1
"satire","a2bec9ef-28a6-41cb-937b-adaf51dd5ca7","2025-03-29 17:13:07","a2bec9ef-28a6-41cb-937b-adaf51dd5ca7","2025-03-29 17:13:07",1
"Juvenile delinquents","a2bec9ef-28a6-41cb-937b-adaf51dd5ca7","2025-03-29 17:13:07","a2bec9ef-28a6-41cb-937b-adaf51dd5ca7","2025-03-29 17:13:07",1
"Rehabilitation","a2bec9ef-28a6-41cb-937b-adaf51dd5ca7","2025-03-29 17:13:07","a2bec9ef-28a6-41cb-937b-adaf51dd5ca7","2025-03-29 17:13:07",1
"Sátira","a2bec9ef-28a6-41cb-937b-adaf51dd5ca7","2025-03-29 17:13:07","a2bec9ef-28a6-41cb-937b-adaf51dd5ca7","2025-03-29 17:13:07",1
"Muchachos adolescentes","a2bec9ef-28a6-41cb-937b-adaf51dd5ca7","2025-03-29 17:13:07","a2bec9ef-28a6-41cb-937b-adaf51dd5ca7","2025-03-29 17:13:07",1
"Criminales","a2bec9ef-28a6-41cb-937b-adaf51dd5ca7","2025-03-29 17:13:07","a2bec9ef-28a6-41cb-937b-adaf51dd5ca7","2025-03-29 17:13:07",1
"English Authors","a2bec9ef-28a6-41cb-937b-adaf51dd5ca7","2025-03-29 17:13:07","a2bec9ef-28a6-41cb-937b-adaf51dd5ca7","2025-03-29 17:13:07",1
"Violence","a2bec9ef-28a6-41cb-937b-adaf51dd5ca7","2025-03-29 17:13:07","a2bec9ef-28a6-41cb-937b-adaf51dd5ca7","2025-03-29 17:13:07",1
"Slang language","a2bec9ef-28a6-41cb-937b-adaf51dd5ca7","2025-03-29 17:13:07","a2bec9ef-28a6-41cb-937b-adaf51dd5ca7","2025-03-29 17:13:07",1
"Behavior modification","a2bec9ef-28a6-41cb-937b-adaf51dd5ca7","2025-03-29 17:13:07","a2bec9ef-28a6-41cb-937b-adaf51dd5ca7","2025-03-29 17:13:07",1
"Juvenile delinquency","a2bec9ef-28a6-41cb-937b-adaf51dd5ca7","2025-03-29 17:13:07","a2bec9ef-28a6-41cb-937b-adaf51dd5ca7","2025-03-29 17:13:07",1
"Brainwashing","a2bec9ef-28a6-41cb-937b-adaf51dd5ca7","2025-03-29 17:13:07","a2bec9ef-28a6-41cb-937b-adaf51dd5ca7","2025-03-29 17:13:07",1
"Kubrick, stanley, 1928-1999","a2bec9ef-28a6-41cb-937b-adaf51dd5ca7","2025-03-29 17:13:07","a2bec9ef-28a6-41cb-937b-adaf51dd5ca7","2025-03-29 17:13:07",1
"Burgess, anthony, 1917-1993","a2bec9ef-28a6-41cb-937b-adaf51dd5ca7","2025-03-29 17:13:07","a2bec9ef-28a6-41cb-937b-adaf51dd5ca7","2025-03-29 17:13:07",1
"Clockwork orange (Motion picture)","a2bec9ef-28a6-41cb-937b-adaf51dd5ca7","2025-03-29 17:13:07","a2bec9ef-28a6-41cb-937b-adaf51dd5ca7","2025-03-29 17:13:07",1
"Romance Ingles","a2bec9ef-28a6-41cb-937b-adaf51dd5ca7","2025-03-29 17:13:07","a2bec9ef-28a6-41cb-937b-adaf51dd5ca7","2025-03-29 17:13:07",1
"Juvenile delinquents in fiction","a2bec9ef-28a6-41cb-937b-adaf51dd5ca7","2025-03-29 17:13:07","a2bec9ef-28a6-41cb-937b-adaf51dd5ca7","2025-03-29 17:13:07",1
"Délinquance juvénile","a2bec9ef-28a6-41cb-937b-adaf51dd5ca7","2025-03-29 17:13:07","a2bec9ef-28a6-41cb-937b-adaf51dd5ca7","2025-03-29 17:13:07",1
"Jeunes délinquants","a2bec9ef-28a6-41cb-937b-adaf51dd5ca7","2025-03-29 17:13:07","a2bec9ef-28a6-41cb-937b-adaf51dd5ca7","2025-03-29 17:13:07",1
"Réhabilitation","a2bec9ef-28a6-41cb-937b-adaf51dd5ca7","2025-03-29 17:13:07","a2bec9ef-28a6-41cb-937b-adaf51dd5ca7","2025-03-29 17:13:07",1
"English Satire","a2bec9ef-28a6-41cb-937b-adaf51dd5ca7","2025-03-29 17:13:07","a2bec9ef-28a6-41cb-937b-adaf51dd5ca7","2025-03-29 17:13:07",1
"prize:pulitzer=1998","a2bec9ef-28a6-41cb-937b-adaf51dd5ca7","2025-03-29 17:13:07","a2bec9ef-28a6-41cb-937b-adaf51dd5ca7","2025-03-29 17:13:07",1
"Ethnology","a2bec9ef-28a6-41cb-937b-adaf51dd5ca7","2025-03-29 17:13:07","a2bec9ef-28a6-41cb-937b-adaf51dd5ca7","2025-03-29 17:13:07",1
"Culture diffusion","a2bec9ef-28a6-41cb-937b-adaf51dd5ca7","2025-03-29 17:13:07","a2bec9ef-28a6-41cb-937b-adaf51dd5ca7","2025-03-29 17:13:07",1
"Effect of environment on","a2bec9ef-28a6-41cb-937b-adaf51dd5ca7","2025-03-29 17:13:07","a2bec9ef-28a6-41cb-937b-adaf51dd5ca7","2025-03-29 17:13:07",1
"Civilization","a2bec9ef-28a6-41cb-937b-adaf51dd5ca7","2025-03-29 17:13:07","a2bec9ef-28a6-41cb-937b-adaf51dd5ca7","2025-03-29 17:13:07",1
"Social evolution","a2bec9ef-28a6-41cb-937b-adaf51dd5ca7","2025-03-29 17:13:07","a2bec9ef-28a6-41cb-937b-adaf51dd5ca7","2025-03-29 17:13:07",1
"Sociale evolutie","a2bec9ef-28a6-41cb-937b-adaf51dd5ca7","2025-03-29 17:13:07","a2bec9ef-28a6-41cb-937b-adaf51dd5ca7","2025-03-29 17:13:07",1
"Cultuur","a2bec9ef-28a6-41cb-937b-adaf51dd5ca7","2025-03-29 17:13:07","a2bec9ef-28a6-41cb-937b-adaf51dd5ca7","2025-03-29 17:13:07",1
"Évolution sociale","a2bec9ef-28a6-41cb-937b-adaf51dd5ca7","2025-03-29 17:13:07","a2bec9ef-28a6-41cb-937b-adaf51dd5ca7","2025-03-29 17:13:07",1
"Geografia (historia)","a2bec9ef-28a6-41cb-937b-adaf51dd5ca7","2025-03-29 17:13:07","a2bec9ef-28a6-41cb-937b-adaf51dd5ca7","2025-03-29 17:13:07",1
"Geologia historica","a2bec9ef-28a6-41cb-937b-adaf51dd5ca7","2025-03-29 17:13:07","a2bec9ef-28a6-41cb-937b-adaf51dd5ca7","2025-03-29 17:13:07",1
"Civilisation","a2bec9ef-28a6-41cb-937b-adaf51dd5ca7","2025-03-29 17:13:07","a2bec9ef-28a6-41cb-937b-adaf51dd5ca7","2025-03-29 17:13:07",1
"Influence de l'environnement","a2bec9ef-28a6-41cb-937b-adaf51dd5ca7","2025-03-29 17:13:07","a2bec9ef-28a6-41cb-937b-adaf51dd5ca7","2025-03-29 17:13:07",1
"Influence sur la nature","a2bec9ef-28a6-41cb-937b-adaf51dd5ca7","2025-03-29 17:13:07","a2bec9ef-28a6-41cb-937b-adaf51dd5ca7","2025-03-29 17:13:07",1
"Diffusion culturelle","a2bec9ef-28a6-41cb-937b-adaf51dd5ca7","2025-03-29 17:13:07","a2bec9ef-28a6-41cb-937b-adaf51dd5ca7","2025-03-29 17:13:07",1
"Effets de l'environnement","a2bec9ef-28a6-41cb-937b-adaf51dd5ca7","2025-03-29 17:13:07","a2bec9ef-28a6-41cb-937b-adaf51dd5ca7","2025-03-29 17:13:07",1
"Ethnologie","a2bec9ef-28a6-41cb-937b-adaf51dd5ca7","2025-03-29 17:13:07","a2bec9ef-28a6-41cb-937b-adaf51dd5ca7","2025-03-29 17:13:07",1
"Homme","a2bec9ef-28a6-41cb-937b-adaf51dd5ca7","2025-03-29 17:13:07","a2bec9ef-28a6-41cb-937b-adaf51dd5ca7","2025-03-29 17:13:07",1
"Verden","a2bec9ef-28a6-41cb-937b-adaf51dd5ca7","2025-03-29 17:13:07","a2bec9ef-28a6-41cb-937b-adaf51dd5ca7","2025-03-29 17:13:07",1
"Social anthropology","a2bec9ef-28a6-41cb-937b-adaf51dd5ca7","2025-03-29 17:13:07","a2bec9ef-28a6-41cb-937b-adaf51dd5ca7","2025-03-29 17:13:07",1
"Entwicklung","a2bec9ef-28a6-41cb-937b-adaf51dd5ca7","2025-03-29 17:13:07","a2bec9ef-28a6-41cb-937b-adaf51dd5ca7","2025-03-29 17:13:07",1
"Geschichte","a2bec9ef-28a6-41cb-937b-adaf51dd5ca7","2025-03-29 17:13:07","a2bec9ef-28a6-41cb-937b-adaf51dd5ca7","2025-03-29 17:13:07",1
"Etnologia (evolução;civilização;cultura)","a2bec9ef-28a6-41cb-937b-adaf51dd5ca7","2025-03-29 17:13:07","a2bec9ef-28a6-41cb-937b-adaf51dd5ca7","2025-03-29 17:13:07",1
"Civilização (história)","a2bec9ef-28a6-41cb-937b-adaf51dd5ca7","2025-03-29 17:13:07","a2bec9ef-28a6-41cb-937b-adaf51dd5ca7","2025-03-29 17:13:07",1
"Ciências humanas","a2bec9ef-28a6-41cb-937b-adaf51dd5ca7","2025-03-29 17:13:07","a2bec9ef-28a6-41cb-937b-adaf51dd5ca7","2025-03-29 17:13:07",1
"Zivilisation","a2bec9ef-28a6-41cb-937b-adaf51dd5ca7","2025-03-29 17:13:07","a2bec9ef-28a6-41cb-937b-adaf51dd5ca7","2025-03-29 17:13:07",1
"Menschheit","a2bec9ef-28a6-41cb-937b-adaf51dd5ca7","2025-03-29 17:13:07","a2bec9ef-28a6-41cb-937b-adaf51dd5ca7","2025-03-29 17:13:07",1
"World","a2bec9ef-28a6-41cb-937b-adaf51dd5ca7","2025-03-29 17:13:07","a2bec9ef-28a6-41cb-937b-adaf51dd5ca7","2025-03-29 17:13:07",1
"Cultural Evolution","a2bec9ef-28a6-41cb-937b-adaf51dd5ca7","2025-03-29 17:13:07","a2bec9ef-28a6-41cb-937b-adaf51dd5ca7","2025-03-29 17:13:07",1
"Historie","a2bec9ef-28a6-41cb-937b-adaf51dd5ca7","2025-03-29 17:13:07","a2bec9ef-28a6-41cb-937b-adaf51dd5ca7","2025-03-29 17:13:07",1
"Soziale Evolution","a2bec9ef-28a6-41cb-937b-adaf51dd5ca7","2025-03-29 17:13:07","a2bec9ef-28a6-41cb-937b-adaf51dd5ca7","2025-03-29 17:13:07",1
"15.50 general world history; history of great parts of the world, peoples, civilizations: general","a2bec9ef-28a6-41cb-937b-adaf51dd5ca7","2025-03-29 17:13:07","a2bec9ef-28a6-41cb-937b-adaf51dd5ca7","2025-03-29 17:13:07",1
"Natuurlijke hulpbronnen","a2bec9ef-28a6-41cb-937b-adaf51dd5ca7","2025-03-29 17:13:07","a2bec9ef-28a6-41cb-937b-adaf51dd5ca7","2025-03-29 17:13:07",1
"Wereldgeschiedenis","a2bec9ef-28a6-41cb-937b-adaf51dd5ca7","2025-03-29 17:13:07","a2bec9ef-28a6-41cb-937b-adaf51dd5ca7","2025-03-29 17:13:07",1
"Methods","a2bec9ef-28a6-41cb-937b-adaf51dd5ca7","2025-03-29 17:13:07","a2bec9ef-28a6-41cb-937b-adaf51dd5ca7","2025-03-29 17:13:07",1
"Medical Sociology","a2bec9ef-28a6-41cb-937b-adaf51dd5ca7","2025-03-29 17:13:07","a2bec9ef-28a6-41cb-937b-adaf51dd5ca7","2025-03-29 17:13:07",1
"Culturele verschillen","a2bec9ef-28a6-41cb-937b-adaf51dd5ca7","2025-03-29 17:13:07","a2bec9ef-28a6-41cb-937b-adaf51dd5ca7","2025-03-29 17:13:07",1
"Social Environment","a2bec9ef-28a6-41cb-937b-adaf51dd5ca7","2025-03-29 17:13:07","a2bec9ef-28a6-41cb-937b-adaf51dd5ca7","2025-03-29 17:13:07",1
"Human beings, effect of environment on","a2bec9ef-28a6-41cb-937b-adaf51dd5ca7","2025-03-29 17:13:07","a2bec9ef-28a6-41cb-937b-adaf51dd5ca7","2025-03-29 17:13:07",1
"Civilization, history","a2bec9ef-28a6-41cb-937b-adaf51dd5ca7","2025-03-29 17:13:07","a2bec9ef-28a6-41cb-937b-adaf51dd5ca7","2025-03-29 17:13:07",1
"Human geography","a2bec9ef-28a6-41cb-937b-adaf51dd5ca7","2025-03-29 17:13:07","a2bec9ef-28a6-41cb-937b-adaf51dd5ca7","2025-03-29 17:13:07",1
"Economische ontwikkeling","a2bec9ef-28a6-41cb-937b-adaf51dd5ca7","2025-03-29 17:13:07","a2bec9ef-28a6-41cb-937b-adaf51dd5ca7","2025-03-29 17:13:07",1
"Effet de l'environnement","a2bec9ef-28a6-41cb-937b-adaf51dd5ca7","2025-03-29 17:13:07","a2bec9ef-28a6-41cb-937b-adaf51dd5ca7","2025-03-29 17:13:07",1
"Diffusion de la culture","a2bec9ef-28a6-41cb-937b-adaf51dd5ca7","2025-03-29 17:13:07","a2bec9ef-28a6-41cb-937b-adaf51dd5ca7","2025-03-29 17:13:07",1
"Världshistoria","a2bec9ef-28a6-41cb-937b-adaf51dd5ca7","2025-03-29 17:13:07","a2bec9ef-28a6-41cb-937b-adaf51dd5ca7","2025-03-29 17:13:07",1
"Internationell konkurrens","a2bec9ef-28a6-41cb-937b-adaf51dd5ca7","2025-03-29 17:13:07","a2bec9ef-28a6-41cb-937b-adaf51dd5ca7","2025-03-29 17:13:07",1
"Ekonomisk geografi","a2bec9ef-28a6-41cb-937b-adaf51dd5ca7","2025-03-29 17:13:07","a2bec9ef-28a6-41cb-937b-adaf51dd5ca7","2025-03-29 17:13:07",1
"Livsmedel","a2bec9ef-28a6-41cb-937b-adaf51dd5ca7","2025-03-29 17:13:07","a2bec9ef-28a6-41cb-937b-adaf51dd5ca7","2025-03-29 17:13:07",1
"Växter","a2bec9ef-28a6-41cb-937b-adaf51dd5ca7","2025-03-29 17:13:07","a2bec9ef-28a6-41cb-937b-adaf51dd5ca7","2025-03-29 17:13:07",1
"Husdjur","a2bec9ef-28a6-41cb-937b-adaf51dd5ca7","2025-03-29 17:13:07","a2bec9ef-28a6-41cb-937b-adaf51dd5ca7","2025-03-29 17:13:07",1
"Arkeologi","a2bec9ef-28a6-41cb-937b-adaf51dd5ca7","2025-03-29 17:13:07","a2bec9ef-28a6-41cb-937b-adaf51dd5ca7","2025-03-29 17:13:07",1
"World history","a2bec9ef-28a6-41cb-937b-adaf51dd5ca7","2025-03-29 17:13:07","a2bec9ef-28a6-41cb-937b-adaf51dd5ca7","2025-03-29 17:13:07",1
"Economic geography","a2bec9ef-28a6-41cb-937b-adaf51dd5ca7","2025-03-29 17:13:07","a2bec9ef-28a6-41cb-937b-adaf51dd5ca7","2025-03-29 17:13:07",1
"Economic history","a2bec9ef-28a6-41cb-937b-adaf51dd5ca7","2025-03-29 17:13:07","a2bec9ef-28a6-41cb-937b-adaf51dd5ca7","2025-03-29 17:13:07",1
"Food production","a2bec9ef-28a6-41cb-937b-adaf51dd5ca7","2025-03-29 17:13:07","a2bec9ef-28a6-41cb-937b-adaf51dd5ca7","2025-03-29 17:13:07",1
"Agriculture","a2bec9ef-28a6-41cb-937b-adaf51dd5ca7","2025-03-29 17:13:07","a2bec9ef-28a6-41cb-937b-adaf51dd5ca7","2025-03-29 17:13:07",1
"Socioeconomic organization","a2bec9ef-28a6-41cb-937b-adaf51dd5ca7","2025-03-29 17:13:07","a2bec9ef-28a6-41cb-937b-adaf51dd5ca7","2025-03-29 17:13:07",1
"Antropologi","a2bec9ef-28a6-41cb-937b-adaf51dd5ca7","2025-03-29 17:13:07","a2bec9ef-28a6-41cb-937b-adaf51dd5ca7","2025-03-29 17:13:07",1
"Civilization--history","a2bec9ef-28a6-41cb-937b-adaf51dd5ca7","2025-03-29 17:13:07","a2bec9ef-28a6-41cb-937b-adaf51dd5ca7","2025-03-29 17:13:07",1
"Human beings--effect of environment on","a2bec9ef-28a6-41cb-937b-adaf51dd5ca7","2025-03-29 17:13:07","a2bec9ef-28a6-41cb-937b-adaf51dd5ca7","2025-03-29 17:13:07",1
"Sociology, medical--methods","a2bec9ef-28a6-41cb-937b-adaf51dd5ca7","2025-03-29 17:13:07","a2bec9ef-28a6-41cb-937b-adaf51dd5ca7","2025-03-29 17:13:07",1
"Hm206 .d48 1997","a2bec9ef-28a6-41cb-937b-adaf51dd5ca7","2025-03-29 17:13:07","a2bec9ef-28a6-41cb-937b-adaf51dd5ca7","2025-03-29 17:13:07",1
"Hm 206 d537g 1999","a2bec9ef-28a6-41cb-937b-adaf51dd5ca7","2025-03-29 17:13:07","a2bec9ef-28a6-41cb-937b-adaf51dd5ca7","2025-03-29 17:13:07",1
"303.4","a2bec9ef-28a6-41cb-937b-adaf51dd5ca7","2025-03-29 17:13:07","a2bec9ef-28a6-41cb-937b-adaf51dd5ca7","2025-03-29 17:13:07",1
"Social behavior","a2bec9ef-28a6-41cb-937b-adaf51dd5ca7","2025-03-29 17:13:07","a2bec9ef-28a6-41cb-937b-adaf51dd5ca7","2025-03-29 17:13:07",1
"Hm206 .d48 2005","a2bec9ef-28a6-41cb-937b-adaf51dd5ca7","2025-03-29 17:13:07","a2bec9ef-28a6-41cb-937b-adaf51dd5ca7","2025-03-29 17:13:07",1
"Hm206 .d48 1999","a2bec9ef-28a6-41cb-937b-adaf51dd5ca7","2025-03-29 17:13:07","a2bec9ef-28a6-41cb-937b-adaf51dd5ca7","2025-03-29 17:13:07",1
"nyt:advice-how-to-and-miscellaneous=2019-01-13","a2bec9ef-28a6-41cb-937b-adaf51dd5ca7","2025-03-29 17:13:07","a2bec9ef-28a6-41cb-937b-adaf51dd5ca7","2025-03-29 17:13:07",1
"United states, navy, seals","a2bec9ef-28a6-41cb-937b-adaf51dd5ca7","2025-03-29 17:13:07","a2bec9ef-28a6-41cb-937b-adaf51dd5ca7","2025-03-29 17:13:07",1
"United states, navy, biography","a2bec9ef-28a6-41cb-937b-adaf51dd5ca7","2025-03-29 17:13:07","a2bec9ef-28a6-41cb-937b-adaf51dd5ca7","2025-03-29 17:13:07",1
"United states, air force","a2bec9ef-28a6-41cb-937b-adaf51dd5ca7","2025-03-29 17:13:07","a2bec9ef-28a6-41cb-937b-adaf51dd5ca7","2025-03-29 17:13:07",1
"Triathlon","a2bec9ef-28a6-41cb-937b-adaf51dd5ca7","2025-03-29 17:13:07","a2bec9ef-28a6-41cb-937b-adaf51dd5ca7","2025-03-29 17:13:07",1
"Athletes, biography","a2bec9ef-28a6-41cb-937b-adaf51dd5ca7","2025-03-29 17:13:07","a2bec9ef-28a6-41cb-937b-adaf51dd5ca7","2025-03-29 17:13:07",1
"Endurance sports","a2bec9ef-28a6-41cb-937b-adaf51dd5ca7","2025-03-29 17:13:07","a2bec9ef-28a6-41cb-937b-adaf51dd5ca7","2025-03-29 17:13:07",1
"Marathon running","a2bec9ef-28a6-41cb-937b-adaf51dd5ca7","2025-03-29 17:13:07","a2bec9ef-28a6-41cb-937b-adaf51dd5ca7","2025-03-29 17:13:07",1
"Recreation","a2bec9ef-28a6-41cb-937b-adaf51dd5ca7","2025-03-29 17:13:07","a2bec9ef-28a6-41cb-937b-adaf51dd5ca7","2025-03-29 17:13:07",1
"Americana","a2bec9ef-28a6-41cb-937b-adaf51dd5ca7","2025-03-29 17:13:07","a2bec9ef-28a6-41cb-937b-adaf51dd5ca7","2025-03-29 17:13:07",1
"mythology","a2bec9ef-28a6-41cb-937b-adaf51dd5ca7","2025-03-29 17:13:07","a2bec9ef-28a6-41cb-937b-adaf51dd5ca7","2025-03-29 17:13:07",1
"Spiritual warfare","a2bec9ef-28a6-41cb-937b-adaf51dd5ca7","2025-03-29 17:13:07","a2bec9ef-28a6-41cb-937b-adaf51dd5ca7","2025-03-29 17:13:07",1
"award:hugo_award=2002","a2bec9ef-28a6-41cb-937b-adaf51dd5ca7","2025-03-29 17:13:07","a2bec9ef-28a6-41cb-937b-adaf51dd5ca7","2025-03-29 17:13:07",1
"Ex-convicts","a2bec9ef-28a6-41cb-937b-adaf51dd5ca7","2025-03-29 17:13:07","a2bec9ef-28a6-41cb-937b-adaf51dd5ca7","2025-03-29 17:13:07",1
"American National characteristics","a2bec9ef-28a6-41cb-937b-adaf51dd5ca7","2025-03-29 17:13:07","a2bec9ef-28a6-41cb-937b-adaf51dd5ca7","2025-03-29 17:13:07",1
"Urban Fantasy","a2bec9ef-28a6-41cb-937b-adaf51dd5ca7","2025-03-29 17:13:07","a2bec9ef-28a6-41cb-937b-adaf51dd5ca7","2025-03-29 17:13:07",1
"nyt:e-book_fiction=2012-01-14","a2bec9ef-28a6-41cb-937b-adaf51dd5ca7","2025-03-29 17:13:07","a2bec9ef-28a6-41cb-937b-adaf51dd5ca7","2025-03-29 17:13:07",1
"Bodyguards","a2bec9ef-28a6-41cb-937b-adaf51dd5ca7","2025-03-29 17:13:07","a2bec9ef-28a6-41cb-937b-adaf51dd5ca7","2025-03-29 17:13:07",1
"Widowers, fiction","a2bec9ef-28a6-41cb-937b-adaf51dd5ca7","2025-03-29 17:13:07","a2bec9ef-28a6-41cb-937b-adaf51dd5ca7","2025-03-29 17:13:07",1
"Demonology","a2bec9ef-28a6-41cb-937b-adaf51dd5ca7","2025-03-29 17:13:07","a2bec9ef-28a6-41cb-937b-adaf51dd5ca7","2025-03-29 17:13:07",1
"Spiritual life","a2bec9ef-28a6-41cb-937b-adaf51dd5ca7","2025-03-29 17:13:07","a2bec9ef-28a6-41cb-937b-adaf51dd5ca7","2025-03-29 17:13:07",1
"Características nacionales","a2bec9ef-28a6-41cb-937b-adaf51dd5ca7","2025-03-29 17:13:07","a2bec9ef-28a6-41cb-937b-adaf51dd5ca7","2025-03-29 17:13:07",1
"Ex-détenus","a2bec9ef-28a6-41cb-937b-adaf51dd5ca7","2025-03-29 17:13:07","a2bec9ef-28a6-41cb-937b-adaf51dd5ca7","2025-03-29 17:13:07",1
"Veufs","a2bec9ef-28a6-41cb-937b-adaf51dd5ca7","2025-03-29 17:13:07","a2bec9ef-28a6-41cb-937b-adaf51dd5ca7","2025-03-29 17:13:07",1
"Gardes du corps","a2bec9ef-28a6-41cb-937b-adaf51dd5ca7","2025-03-29 17:13:07","a2bec9ef-28a6-41cb-937b-adaf51dd5ca7","2025-03-29 17:13:07",1
"Combat spirituel","a2bec9ef-28a6-41cb-937b-adaf51dd5ca7","2025-03-29 17:13:07","a2bec9ef-28a6-41cb-937b-adaf51dd5ca7","2025-03-29 17:13:07",1
"Gods","a2bec9ef-28a6-41cb-937b-adaf51dd5ca7","2025-03-29 17:13:07","a2bec9ef-28a6-41cb-937b-adaf51dd5ca7","2025-03-29 17:13:07",1
"Fairies--Fiction.","a2bec9ef-28a6-41cb-937b-adaf51dd5ca7","2025-03-29 17:13:07","a2bec9ef-28a6-41cb-937b-adaf51dd5ca7","2025-03-29 17:13:07",1
"Sisters--Fiction.","a2bec9ef-28a6-41cb-937b-adaf51dd5ca7","2025-03-29 17:13:07","a2bec9ef-28a6-41cb-937b-adaf51dd5ca7","2025-03-29 17:13:07",1
"Orphans--Fiction.","a2bec9ef-28a6-41cb-937b-adaf51dd5ca7","2025-03-29 17:13:07","a2bec9ef-28a6-41cb-937b-adaf51dd5ca7","2025-03-29 17:13:07",1
"Princes--Fiction.","a2bec9ef-28a6-41cb-937b-adaf51dd5ca7","2025-03-29 17:13:07","a2bec9ef-28a6-41cb-937b-adaf51dd5ca7","2025-03-29 17:13:07",1
"Courts and courtiers--Fiction.","a2bec9ef-28a6-41cb-937b-adaf51dd5ca7","2025-03-29 17:13:07","a2bec9ef-28a6-41cb-937b-adaf51dd5ca7","2025-03-29 17:13:07",1
"nyt:young-adult-hardcover=2018-01-21","a2bec9ef-28a6-41cb-937b-adaf51dd5ca7","2025-03-29 17:13:07","a2bec9ef-28a6-41cb-937b-adaf51dd5ca7","2025-03-29 17:13:07",1
"Fiction, romance, paranormal, general","a2bec9ef-28a6-41cb-937b-adaf51dd5ca7","2025-03-29 17:13:07","a2bec9ef-28a6-41cb-937b-adaf51dd5ca7","2025-03-29 17:13:07",1
"Young adult fiction, fantasy, dark fantasy","a2bec9ef-28a6-41cb-937b-adaf51dd5ca7","2025-03-29 17:13:07","a2bec9ef-28a6-41cb-937b-adaf51dd5ca7","2025-03-29 17:13:07",1
"Young adult fiction, royalty","a2bec9ef-28a6-41cb-937b-adaf51dd5ca7","2025-03-29 17:13:07","a2bec9ef-28a6-41cb-937b-adaf51dd5ca7","2025-03-29 17:13:07",1
"Young adult fiction, fantasy, romance","a2bec9ef-28a6-41cb-937b-adaf51dd5ca7","2025-03-29 17:13:07","a2bec9ef-28a6-41cb-937b-adaf51dd5ca7","2025-03-29 17:13:07",1
"Crimes against","a2bec9ef-28a6-41cb-937b-adaf51dd5ca7","2025-03-29 17:13:07","a2bec9ef-28a6-41cb-937b-adaf51dd5ca7","2025-03-29 17:13:07",1
"Future in literature","a2bec9ef-28a6-41cb-937b-adaf51dd5ca7","2025-03-29 17:13:07","a2bec9ef-28a6-41cb-937b-adaf51dd5ca7","2025-03-29 17:13:07",1
"Nebula award winner","a2bec9ef-28a6-41cb-937b-adaf51dd5ca7","2025-03-29 17:13:07","a2bec9ef-28a6-41cb-937b-adaf51dd5ca7","2025-03-29 17:13:07",1
"Rama (Imaginary space vehicle)","a2bec9ef-28a6-41cb-937b-adaf51dd5ca7","2025-03-29 17:13:07","a2bec9ef-28a6-41cb-937b-adaf51dd5ca7","2025-03-29 17:13:07",1
"award:hugo_award=1974","a2bec9ef-28a6-41cb-937b-adaf51dd5ca7","2025-03-29 17:13:07","a2bec9ef-28a6-41cb-937b-adaf51dd5ca7","2025-03-29 17:13:07",1
"Asesinato","a2bec9ef-28a6-41cb-937b-adaf51dd5ca7","2025-03-29 17:13:07","a2bec9ef-28a6-41cb-937b-adaf51dd5ca7","2025-03-29 17:13:07",1
"Cuentos de terror estadounidenses","a2bec9ef-28a6-41cb-937b-adaf51dd5ca7","2025-03-29 17:13:07","a2bec9ef-28a6-41cb-937b-adaf51dd5ca7","2025-03-29 17:13:07",1
"Crime","a2bec9ef-28a6-41cb-937b-adaf51dd5ca7","2025-03-29 17:13:07","a2bec9ef-28a6-41cb-937b-adaf51dd5ca7","2025-03-29 17:13:07",1
"Crime fiction","a2bec9ef-28a6-41cb-937b-adaf51dd5ca7","2025-03-29 17:13:07","a2bec9ef-28a6-41cb-937b-adaf51dd5ca7","2025-03-29 17:13:07",1
"Crime in fiction","a2bec9ef-28a6-41cb-937b-adaf51dd5ca7","2025-03-29 17:13:07","a2bec9ef-28a6-41cb-937b-adaf51dd5ca7","2025-03-29 17:13:07",1
"Delitos","a2bec9ef-28a6-41cb-937b-adaf51dd5ca7","2025-03-29 17:13:07","a2bec9ef-28a6-41cb-937b-adaf51dd5ca7","2025-03-29 17:13:07",1
"Gothic fiction (literary genre)","a2bec9ef-28a6-41cb-937b-adaf51dd5ca7","2025-03-29 17:13:07","a2bec9ef-28a6-41cb-937b-adaf51dd5ca7","2025-03-29 17:13:07",1
"Homicide","a2bec9ef-28a6-41cb-937b-adaf51dd5ca7","2025-03-29 17:13:07","a2bec9ef-28a6-41cb-937b-adaf51dd5ca7","2025-03-29 17:13:07",1
"Horror fiction","a2bec9ef-28a6-41cb-937b-adaf51dd5ca7","2025-03-29 17:13:07","a2bec9ef-28a6-41cb-937b-adaf51dd5ca7","2025-03-29 17:13:07",1
"Hyperesthesia","a2bec9ef-28a6-41cb-937b-adaf51dd5ca7","2025-03-29 17:13:07","a2bec9ef-28a6-41cb-937b-adaf51dd5ca7","2025-03-29 17:13:07",1
"Murder in fiction","a2bec9ef-28a6-41cb-937b-adaf51dd5ca7","2025-03-29 17:13:07","a2bec9ef-28a6-41cb-937b-adaf51dd5ca7","2025-03-29 17:13:07",1
"short stories","a2bec9ef-28a6-41cb-937b-adaf51dd5ca7","2025-03-29 17:13:07","a2bec9ef-28a6-41cb-937b-adaf51dd5ca7","2025-03-29 17:13:07",1
"short story","a2bec9ef-28a6-41cb-937b-adaf51dd5ca7","2025-03-29 17:13:07","a2bec9ef-28a6-41cb-937b-adaf51dd5ca7","2025-03-29 17:13:07",1
"writing","a2bec9ef-28a6-41cb-937b-adaf51dd5ca7","2025-03-29 17:13:07","a2bec9ef-28a6-41cb-937b-adaf51dd5ca7","2025-03-29 17:13:07",1
"Salem’s Lot","a2bec9ef-28a6-41cb-937b-adaf51dd5ca7","2025-03-29 17:13:07","a2bec9ef-28a6-41cb-937b-adaf51dd5ca7","2025-03-29 17:13:07",1
"Happy Stamps","a2bec9ef-28a6-41cb-937b-adaf51dd5ca7","2025-03-29 17:13:07","a2bec9ef-28a6-41cb-937b-adaf51dd5ca7","2025-03-29 17:13:07",1
"The Elements of Style","a2bec9ef-28a6-41cb-937b-adaf51dd5ca7","2025-03-29 17:13:07","a2bec9ef-28a6-41cb-937b-adaf51dd5ca7","2025-03-29 17:13:07",1
"drinking","a2bec9ef-28a6-41cb-937b-adaf51dd5ca7","2025-03-29 17:13:07","a2bec9ef-28a6-41cb-937b-adaf51dd5ca7","2025-03-29 17:13:07",1
"adverbs","a2bec9ef-28a6-41cb-937b-adaf51dd5ca7","2025-03-29 17:13:07","a2bec9ef-28a6-41cb-937b-adaf51dd5ca7","2025-03-29 17:13:07",1
"Horror tales--Authorship","a2bec9ef-28a6-41cb-937b-adaf51dd5ca7","2025-03-29 17:13:07","a2bec9ef-28a6-41cb-937b-adaf51dd5ca7","2025-03-29 17:13:07",1
"Locus Award winner","a2bec9ef-28a6-41cb-937b-adaf51dd5ca7","2025-03-29 17:13:07","a2bec9ef-28a6-41cb-937b-adaf51dd5ca7","2025-03-29 17:13:07",1
"Bram Stoker Award winner","a2bec9ef-28a6-41cb-937b-adaf51dd5ca7","2025-03-29 17:13:07","a2bec9ef-28a6-41cb-937b-adaf51dd5ca7","2025-03-29 17:13:07",1
"biography","a2bec9ef-28a6-41cb-937b-adaf51dd5ca7","2025-03-29 17:13:07","a2bec9ef-28a6-41cb-937b-adaf51dd5ca7","2025-03-29 17:13:07",1
"Arte de escribir","a2bec9ef-28a6-41cb-937b-adaf51dd5ca7","2025-03-29 17:13:07","a2bec9ef-28a6-41cb-937b-adaf51dd5ca7","2025-03-29 17:13:07",1
"Novelistas estadounidenses","a2bec9ef-28a6-41cb-937b-adaf51dd5ca7","2025-03-29 17:13:07","a2bec9ef-28a6-41cb-937b-adaf51dd5ca7","2025-03-29 17:13:07",1
"Autores estadounidenses","a2bec9ef-28a6-41cb-937b-adaf51dd5ca7","2025-03-29 17:13:07","a2bec9ef-28a6-41cb-937b-adaf51dd5ca7","2025-03-29 17:13:07",1
"American Novelists","a2bec9ef-28a6-41cb-937b-adaf51dd5ca7","2025-03-29 17:13:07","a2bec9ef-28a6-41cb-937b-adaf51dd5ca7","2025-03-29 17:13:07",1
"Technique","a2bec9ef-28a6-41cb-937b-adaf51dd5ca7","2025-03-29 17:13:07","a2bec9ef-28a6-41cb-937b-adaf51dd5ca7","2025-03-29 17:13:07",1
"Literary Memoir","a2bec9ef-28a6-41cb-937b-adaf51dd5ca7","2025-03-29 17:13:07","a2bec9ef-28a6-41cb-937b-adaf51dd5ca7","2025-03-29 17:13:07",1
"Memoir","a2bec9ef-28a6-41cb-937b-adaf51dd5ca7","2025-03-29 17:13:07","a2bec9ef-28a6-41cb-937b-adaf51dd5ca7","2025-03-29 17:13:07",1
"Horror tales, authorship","a2bec9ef-28a6-41cb-937b-adaf51dd5ca7","2025-03-29 17:13:07","a2bec9ef-28a6-41cb-937b-adaf51dd5ca7","2025-03-29 17:13:07",1
"King, stephen, 1947-","a2bec9ef-28a6-41cb-937b-adaf51dd5ca7","2025-03-29 17:13:07","a2bec9ef-28a6-41cb-937b-adaf51dd5ca7","2025-03-29 17:13:07",1
"Performing arts, biography","a2bec9ef-28a6-41cb-937b-adaf51dd5ca7","2025-03-29 17:13:07","a2bec9ef-28a6-41cb-937b-adaf51dd5ca7","2025-03-29 17:13:07",1
"nyt:education=2014-12-07","a2bec9ef-28a6-41cb-937b-adaf51dd5ca7","2025-03-29 17:13:07","a2bec9ef-28a6-41cb-937b-adaf51dd5ca7","2025-03-29 17:13:07",1
"Personal memoirs","a2bec9ef-28a6-41cb-937b-adaf51dd5ca7","2025-03-29 17:13:07","a2bec9ef-28a6-41cb-937b-adaf51dd5ca7","2025-03-29 17:13:07",1
"[document]","a2bec9ef-28a6-41cb-937b-adaf51dd5ca7","2025-03-29 17:13:07","a2bec9ef-28a6-41cb-937b-adaf51dd5ca7","2025-03-29 17:13:07",1
"Style","a2bec9ef-28a6-41cb-937b-adaf51dd5ca7","2025-03-29 17:13:07","a2bec9ef-28a6-41cb-937b-adaf51dd5ca7","2025-03-29 17:13:07",1
"Écrivains américains","a2bec9ef-28a6-41cb-937b-adaf51dd5ca7","2025-03-29 17:13:07","a2bec9ef-28a6-41cb-937b-adaf51dd5ca7","2025-03-29 17:13:07",1
"Récits d'horreur","a2bec9ef-28a6-41cb-937b-adaf51dd5ca7","2025-03-29 17:13:07","a2bec9ef-28a6-41cb-937b-adaf51dd5ca7","2025-03-29 17:13:07",1
"Art d'écrire","a2bec9ef-28a6-41cb-937b-adaf51dd5ca7","2025-03-29 17:13:07","a2bec9ef-28a6-41cb-937b-adaf51dd5ca7","2025-03-29 17:13:07",1
"Création littéraire","a2bec9ef-28a6-41cb-937b-adaf51dd5ca7","2025-03-29 17:13:07","a2bec9ef-28a6-41cb-937b-adaf51dd5ca7","2025-03-29 17:13:07",1
"Document","a2bec9ef-28a6-41cb-937b-adaf51dd5ca7","2025-03-29 17:13:07","a2bec9ef-28a6-41cb-937b-adaf51dd5ca7","2025-03-29 17:13:07",1
"King, stephen , 1947-","a2bec9ef-28a6-41cb-937b-adaf51dd5ca7","2025-03-29 17:13:07","a2bec9ef-28a6-41cb-937b-adaf51dd5ca7","2025-03-29 17:13:07",1
"Authorshipking, stephen , 1947-","a2bec9ef-28a6-41cb-937b-adaf51dd5ca7","2025-03-29 17:13:07","a2bec9ef-28a6-41cb-937b-adaf51dd5ca7","2025-03-29 17:13:07",1
"Authors, american","a2bec9ef-28a6-41cb-937b-adaf51dd5ca7","2025-03-29 17:13:07","a2bec9ef-28a6-41cb-937b-adaf51dd5ca7","2025-03-29 17:13:07",1
"Authors, american--20th century--biography","a2bec9ef-28a6-41cb-937b-adaf51dd5ca7","2025-03-29 17:13:07","a2bec9ef-28a6-41cb-937b-adaf51dd5ca7","2025-03-29 17:13:07",1
"American authors--biography","a2bec9ef-28a6-41cb-937b-adaf51dd5ca7","2025-03-29 17:13:07","a2bec9ef-28a6-41cb-937b-adaf51dd5ca7","2025-03-29 17:13:07",1
"Horror fiction--technique","a2bec9ef-28a6-41cb-937b-adaf51dd5ca7","2025-03-29 17:13:07","a2bec9ef-28a6-41cb-937b-adaf51dd5ca7","2025-03-29 17:13:07",1
"Ps3561.i483 z475 2010","a2bec9ef-28a6-41cb-937b-adaf51dd5ca7","2025-03-29 17:13:07","a2bec9ef-28a6-41cb-937b-adaf51dd5ca7","2025-03-29 17:13:07",1
"Biography: general","a2bec9ef-28a6-41cb-937b-adaf51dd5ca7","2025-03-29 17:13:07","a2bec9ef-28a6-41cb-937b-adaf51dd5ca7","2025-03-29 17:13:07",1
"Creative writing guides","a2bec9ef-28a6-41cb-937b-adaf51dd5ca7","2025-03-29 17:13:07","a2bec9ef-28a6-41cb-937b-adaf51dd5ca7","2025-03-29 17:13:07",1
"Literature: History & Criticism","a2bec9ef-28a6-41cb-937b-adaf51dd5ca7","2025-03-29 17:13:07","a2bec9ef-28a6-41cb-937b-adaf51dd5ca7","2025-03-29 17:13:07",1
"Biography/Autobiography","a2bec9ef-28a6-41cb-937b-adaf51dd5ca7","2025-03-29 17:13:07","a2bec9ef-28a6-41cb-937b-adaf51dd5ca7","2025-03-29 17:13:07",1
"Biography & Autobiography","a2bec9ef-28a6-41cb-937b-adaf51dd5ca7","2025-03-29 17:13:07","a2bec9ef-28a6-41cb-937b-adaf51dd5ca7","2025-03-29 17:13:07",1
"Biography / Autobiography","a2bec9ef-28a6-41cb-937b-adaf51dd5ca7","2025-03-29 17:13:07","a2bec9ef-28a6-41cb-937b-adaf51dd5ca7","2025-03-29 17:13:07",1
"Composition & Creative Writing - General","a2bec9ef-28a6-41cb-937b-adaf51dd5ca7","2025-03-29 17:13:07","a2bec9ef-28a6-41cb-937b-adaf51dd5ca7","2025-03-29 17:13:07",1
"Language Arts & Disciplines / Composition & Creative Writing","a2bec9ef-28a6-41cb-937b-adaf51dd5ca7","2025-03-29 17:13:07","a2bec9ef-28a6-41cb-937b-adaf51dd5ca7","2025-03-29 17:13:07",1
"20th century","a2bec9ef-28a6-41cb-937b-adaf51dd5ca7","2025-03-29 17:13:07","a2bec9ef-28a6-41cb-937b-adaf51dd5ca7","2025-03-29 17:13:07",1
"Curricula","a2bec9ef-28a6-41cb-937b-adaf51dd5ca7","2025-03-29 17:13:07","a2bec9ef-28a6-41cb-937b-adaf51dd5ca7","2025-03-29 17:13:07",1
"Native American","a2bec9ef-28a6-41cb-937b-adaf51dd5ca7","2025-03-29 17:13:07","a2bec9ef-28a6-41cb-937b-adaf51dd5ca7","2025-03-29 17:13:07",1
"Indians of north america, fiction","a2bec9ef-28a6-41cb-937b-adaf51dd5ca7","2025-03-29 17:13:07","a2bec9ef-28a6-41cb-937b-adaf51dd5ca7","2025-03-29 17:13:07",1
"Indians of mexico, fiction","a2bec9ef-28a6-41cb-937b-adaf51dd5ca7","2025-03-29 17:13:07","a2bec9ef-28a6-41cb-937b-adaf51dd5ca7","2025-03-29 17:13:07",1
"Chumash women","a2bec9ef-28a6-41cb-937b-adaf51dd5ca7","2025-03-29 17:13:07","a2bec9ef-28a6-41cb-937b-adaf51dd5ca7","2025-03-29 17:13:07",1
"Dolphins","a2bec9ef-28a6-41cb-937b-adaf51dd5ca7","2025-03-29 17:13:07","a2bec9ef-28a6-41cb-937b-adaf51dd5ca7","2025-03-29 17:13:07",1
"Human-animal relationships","a2bec9ef-28a6-41cb-937b-adaf51dd5ca7","2025-03-29 17:13:07","a2bec9ef-28a6-41cb-937b-adaf51dd5ca7","2025-03-29 17:13:07",1
"Newbery Medal books","a2bec9ef-28a6-41cb-937b-adaf51dd5ca7","2025-03-29 17:13:07","a2bec9ef-28a6-41cb-937b-adaf51dd5ca7","2025-03-29 17:13:07",1
"Islas","a2bec9ef-28a6-41cb-937b-adaf51dd5ca7","2025-03-29 17:13:07","a2bec9ef-28a6-41cb-937b-adaf51dd5ca7","2025-03-29 17:13:07",1
"Indios de América del Norte","a2bec9ef-28a6-41cb-937b-adaf51dd5ca7","2025-03-29 17:13:07","a2bec9ef-28a6-41cb-937b-adaf51dd5ca7","2025-03-29 17:13:07",1
"Shipwreck survival","a2bec9ef-28a6-41cb-937b-adaf51dd5ca7","2025-03-29 17:13:07","a2bec9ef-28a6-41cb-937b-adaf51dd5ca7","2025-03-29 17:13:07",1
"Marine animals, fiction","a2bec9ef-28a6-41cb-937b-adaf51dd5ca7","2025-03-29 17:13:07","a2bec9ef-28a6-41cb-937b-adaf51dd5ca7","2025-03-29 17:13:07",1
"Language Arts - General","a2bec9ef-28a6-41cb-937b-adaf51dd5ca7","2025-03-29 17:13:07","a2bec9ef-28a6-41cb-937b-adaf51dd5ca7","2025-03-29 17:13:07",1
"Juvenile Nonfiction","a2bec9ef-28a6-41cb-937b-adaf51dd5ca7","2025-03-29 17:13:07","a2bec9ef-28a6-41cb-937b-adaf51dd5ca7","2025-03-29 17:13:07",1
"San Nicolas Island (Calif.)","a2bec9ef-28a6-41cb-937b-adaf51dd5ca7","2025-03-29 17:13:07","a2bec9ef-28a6-41cb-937b-adaf51dd5ca7","2025-03-29 17:13:07",1
"Water security","a2bec9ef-28a6-41cb-937b-adaf51dd5ca7","2025-03-29 17:13:07","a2bec9ef-28a6-41cb-937b-adaf51dd5ca7","2025-03-29 17:13:07",1
"Foreign relations","a2bec9ef-28a6-41cb-937b-adaf51dd5ca7","2025-03-29 17:13:07","a2bec9ef-28a6-41cb-937b-adaf51dd5ca7","2025-03-29 17:13:07",1
"lexile:1000","a2bec9ef-28a6-41cb-937b-adaf51dd5ca7","2025-03-29 17:13:07","a2bec9ef-28a6-41cb-937b-adaf51dd5ca7","2025-03-29 17:13:07",1
"lexile_range:1001-1100","a2bec9ef-28a6-41cb-937b-adaf51dd5ca7","2025-03-29 17:13:07","a2bec9ef-28a6-41cb-937b-adaf51dd5ca7","2025-03-29 17:13:07",1
"grade:min:3","a2bec9ef-28a6-41cb-937b-adaf51dd5ca7","2025-03-29 17:13:07","a2bec9ef-28a6-41cb-937b-adaf51dd5ca7","2025-03-29 17:13:07",1
"violence","a2bec9ef-28a6-41cb-937b-adaf51dd5ca7","2025-03-29 17:13:07","a2bec9ef-28a6-41cb-937b-adaf51dd5ca7","2025-03-29 17:13:07",1
"Superheroes","a2bec9ef-28a6-41cb-937b-adaf51dd5ca7","2025-03-29 17:13:07","a2bec9ef-28a6-41cb-937b-adaf51dd5ca7","2025-03-29 17:13:07",1
"Gangs, fiction","a2bec9ef-28a6-41cb-937b-adaf51dd5ca7","2025-03-29 17:13:07","a2bec9ef-28a6-41cb-937b-adaf51dd5ca7","2025-03-29 17:13:07",1
"Boys, fiction","a2bec9ef-28a6-41cb-937b-adaf51dd5ca7","2025-03-29 17:13:07","a2bec9ef-28a6-41cb-937b-adaf51dd5ca7","2025-03-29 17:13:07",1
"Alienation (Social psychology)","a2bec9ef-28a6-41cb-937b-adaf51dd5ca7","2025-03-29 17:13:07","a2bec9ef-28a6-41cb-937b-adaf51dd5ca7","2025-03-29 17:13:07",1
"Determination (Personality trait)","a2bec9ef-28a6-41cb-937b-adaf51dd5ca7","2025-03-29 17:13:07","a2bec9ef-28a6-41cb-937b-adaf51dd5ca7","2025-03-29 17:13:07",1
"Détermination (Trait de personnalité)","a2bec9ef-28a6-41cb-937b-adaf51dd5ca7","2025-03-29 17:13:07","a2bec9ef-28a6-41cb-937b-adaf51dd5ca7","2025-03-29 17:13:07",1
"Individualité","a2bec9ef-28a6-41cb-937b-adaf51dd5ca7","2025-03-29 17:13:07","a2bec9ef-28a6-41cb-937b-adaf51dd5ca7","2025-03-29 17:13:07",1
"Violence -- Fiction","a2bec9ef-28a6-41cb-937b-adaf51dd5ca7","2025-03-29 17:13:07","a2bec9ef-28a6-41cb-937b-adaf51dd5ca7","2025-03-29 17:13:07",1
"Gangs -- Fiction","a2bec9ef-28a6-41cb-937b-adaf51dd5ca7","2025-03-29 17:13:07","a2bec9ef-28a6-41cb-937b-adaf51dd5ca7","2025-03-29 17:13:07",1
"Orphans -- Fiction","a2bec9ef-28a6-41cb-937b-adaf51dd5ca7","2025-03-29 17:13:07","a2bec9ef-28a6-41cb-937b-adaf51dd5ca7","2025-03-29 17:13:07",1
"Brothers -- Fiction","a2bec9ef-28a6-41cb-937b-adaf51dd5ca7","2025-03-29 17:13:07","a2bec9ef-28a6-41cb-937b-adaf51dd5ca7","2025-03-29 17:13:07",1
"Boys & men","a2bec9ef-28a6-41cb-937b-adaf51dd5ca7","2025-03-29 17:13:07","a2bec9ef-28a6-41cb-937b-adaf51dd5ca7","2025-03-29 17:13:07",1
"Fiction in english","a2bec9ef-28a6-41cb-937b-adaf51dd5ca7","2025-03-29 17:13:07","a2bec9ef-28a6-41cb-937b-adaf51dd5ca7","2025-03-29 17:13:07",1
"Cold cases (Criminal investigation)--Fiction.","a2bec9ef-28a6-41cb-937b-adaf51dd5ca7","2025-03-29 17:13:07","a2bec9ef-28a6-41cb-937b-adaf51dd5ca7","2025-03-29 17:13:07",1
"Murder--Fiction.","a2bec9ef-28a6-41cb-937b-adaf51dd5ca7","2025-03-29 17:13:07","a2bec9ef-28a6-41cb-937b-adaf51dd5ca7","2025-03-29 17:13:07",1
"Mystery and detective stories.","a2bec9ef-28a6-41cb-937b-adaf51dd5ca7","2025-03-29 17:13:07","a2bec9ef-28a6-41cb-937b-adaf51dd5ca7","2025-03-29 17:13:07",1
"Murder, fiction","a2bec9ef-28a6-41cb-937b-adaf51dd5ca7","2025-03-29 17:13:07","a2bec9ef-28a6-41cb-937b-adaf51dd5ca7","2025-03-29 17:13:07",1
"Young adult fiction, social themes, prejudice & racism","a2bec9ef-28a6-41cb-937b-adaf51dd5ca7","2025-03-29 17:13:07","a2bec9ef-28a6-41cb-937b-adaf51dd5ca7","2025-03-29 17:13:07",1
"Young adult fiction, thrillers & suspense","a2bec9ef-28a6-41cb-937b-adaf51dd5ca7","2025-03-29 17:13:07","a2bec9ef-28a6-41cb-937b-adaf51dd5ca7","2025-03-29 17:13:07",1
"nyt:young-adult-hardcover=2020-02-23","a2bec9ef-28a6-41cb-937b-adaf51dd5ca7","2025-03-29 17:13:07","a2bec9ef-28a6-41cb-937b-adaf51dd5ca7","2025-03-29 17:13:07",1
"nyt:young-adult-paperback-monthly=2021-02-07","a2bec9ef-28a6-41cb-937b-adaf51dd5ca7","2025-03-29 17:13:07","a2bec9ef-28a6-41cb-937b-adaf51dd5ca7","2025-03-29 17:13:07",1
"series:A_Good_Girl's_Guide_to_Murder","a2bec9ef-28a6-41cb-937b-adaf51dd5ca7","2025-03-29 17:13:07","a2bec9ef-28a6-41cb-937b-adaf51dd5ca7","2025-03-29 17:13:07",1
"epic fantasy","a2bec9ef-28a6-41cb-937b-adaf51dd5ca7","2025-03-29 17:13:07","a2bec9ef-28a6-41cb-937b-adaf51dd5ca7","2025-03-29 17:13:07",1
"fantastic fiction","a2bec9ef-28a6-41cb-937b-adaf51dd5ca7","2025-03-29 17:13:07","a2bec9ef-28a6-41cb-937b-adaf51dd5ca7","2025-03-29 17:13:07",1
"Ignotus Award winner","a2bec9ef-28a6-41cb-937b-adaf51dd5ca7","2025-03-29 17:13:07","a2bec9ef-28a6-41cb-937b-adaf51dd5ca7","2025-03-29 17:13:07",1
"imaginary wars and battles","a2bec9ef-28a6-41cb-937b-adaf51dd5ca7","2025-03-29 17:13:07","a2bec9ef-28a6-41cb-937b-adaf51dd5ca7","2025-03-29 17:13:07",1
"Invierno","a2bec9ef-28a6-41cb-937b-adaf51dd5ca7","2025-03-29 17:13:07","a2bec9ef-28a6-41cb-937b-adaf51dd5ca7","2025-03-29 17:13:07",1
"kings and rulers","a2bec9ef-28a6-41cb-937b-adaf51dd5ca7","2025-03-29 17:13:07","a2bec9ef-28a6-41cb-937b-adaf51dd5ca7","2025-03-29 17:13:07",1
"nyt:trade_fiction_paperback=2011-09-10","a2bec9ef-28a6-41cb-937b-adaf51dd5ca7","2025-03-29 17:13:07","a2bec9ef-28a6-41cb-937b-adaf51dd5ca7","2025-03-29 17:13:07",1
"seasons","a2bec9ef-28a6-41cb-937b-adaf51dd5ca7","2025-03-29 17:13:07","a2bec9ef-28a6-41cb-937b-adaf51dd5ca7","2025-03-29 17:13:07",1
"winter","a2bec9ef-28a6-41cb-937b-adaf51dd5ca7","2025-03-29 17:13:07","a2bec9ef-28a6-41cb-937b-adaf51dd5ca7","2025-03-29 17:13:07",1
"Trial by combat","a2bec9ef-28a6-41cb-937b-adaf51dd5ca7","2025-03-29 17:13:07","a2bec9ef-28a6-41cb-937b-adaf51dd5ca7","2025-03-29 17:13:07",1
"walls","a2bec9ef-28a6-41cb-937b-adaf51dd5ca7","2025-03-29 17:13:07","a2bec9ef-28a6-41cb-937b-adaf51dd5ca7","2025-03-29 17:13:07",1
"penal colonies","a2bec9ef-28a6-41cb-937b-adaf51dd5ca7","2025-03-29 17:13:07","a2bec9ef-28a6-41cb-937b-adaf51dd5ca7","2025-03-29 17:13:07",1
"wights","a2bec9ef-28a6-41cb-937b-adaf51dd5ca7","2025-03-29 17:13:07","a2bec9ef-28a6-41cb-937b-adaf51dd5ca7","2025-03-29 17:13:07",1
"folk healers","a2bec9ef-28a6-41cb-937b-adaf51dd5ca7","2025-03-29 17:13:07","a2bec9ef-28a6-41cb-937b-adaf51dd5ca7","2025-03-29 17:13:07",1
"persistent vegetative states","a2bec9ef-28a6-41cb-937b-adaf51dd5ca7","2025-03-29 17:13:07","a2bec9ef-28a6-41cb-937b-adaf51dd5ca7","2025-03-29 17:13:07",1
"Seven kingdoms (Imaginary place)","a2bec9ef-28a6-41cb-937b-adaf51dd5ca7","2025-03-29 17:13:07","a2bec9ef-28a6-41cb-937b-adaf51dd5ca7","2025-03-29 17:13:07",1
"Miscellanea","a2bec9ef-28a6-41cb-937b-adaf51dd5ca7","2025-03-29 17:13:07","a2bec9ef-28a6-41cb-937b-adaf51dd5ca7","2025-03-29 17:13:07",1
"Birthdays","a2bec9ef-28a6-41cb-937b-adaf51dd5ca7","2025-03-29 17:13:07","a2bec9ef-28a6-41cb-937b-adaf51dd5ca7","2025-03-29 17:13:07",1
"Astrology and psychology","a2bec9ef-28a6-41cb-937b-adaf51dd5ca7","2025-03-29 17:13:07","a2bec9ef-28a6-41cb-937b-adaf51dd5ca7","2025-03-29 17:13:07",1
"Personality","a2bec9ef-28a6-41cb-937b-adaf51dd5ca7","2025-03-29 17:13:07","a2bec9ef-28a6-41cb-937b-adaf51dd5ca7","2025-03-29 17:13:07",1
"Persoonlijkheid","a2bec9ef-28a6-41cb-937b-adaf51dd5ca7","2025-03-29 17:13:07","a2bec9ef-28a6-41cb-937b-adaf51dd5ca7","2025-03-29 17:13:07",1
"Astrologie","a2bec9ef-28a6-41cb-937b-adaf51dd5ca7","2025-03-29 17:13:07","a2bec9ef-28a6-41cb-937b-adaf51dd5ca7","2025-03-29 17:13:07",1
"Astrology","a2bec9ef-28a6-41cb-937b-adaf51dd5ca7","2025-03-29 17:13:07","a2bec9ef-28a6-41cb-937b-adaf51dd5ca7","2025-03-29 17:13:07",1
"Mexican-Americans","a2bec9ef-28a6-41cb-937b-adaf51dd5ca7","2025-03-29 17:13:07","a2bec9ef-28a6-41cb-937b-adaf51dd5ca7","2025-03-29 17:13:07",1
"Mexican Americans","a2bec9ef-28a6-41cb-937b-adaf51dd5ca7","2025-03-29 17:13:07","a2bec9ef-28a6-41cb-937b-adaf51dd5ca7","2025-03-29 17:13:07",1
"Mexican American families","a2bec9ef-28a6-41cb-937b-adaf51dd5ca7","2025-03-29 17:13:07","a2bec9ef-28a6-41cb-937b-adaf51dd5ca7","2025-03-29 17:13:07",1
"Mexican American teenagers","a2bec9ef-28a6-41cb-937b-adaf51dd5ca7","2025-03-29 17:13:07","a2bec9ef-28a6-41cb-937b-adaf51dd5ca7","2025-03-29 17:13:07",1
"Anger","a2bec9ef-28a6-41cb-937b-adaf51dd5ca7","2025-03-29 17:13:07","a2bec9ef-28a6-41cb-937b-adaf51dd5ca7","2025-03-29 17:13:07",1
"Trust","a2bec9ef-28a6-41cb-937b-adaf51dd5ca7","2025-03-29 17:13:07","a2bec9ef-28a6-41cb-937b-adaf51dd5ca7","2025-03-29 17:13:07",1
"Relaciones familiares","a2bec9ef-28a6-41cb-937b-adaf51dd5ca7","2025-03-29 17:13:07","a2bec9ef-28a6-41cb-937b-adaf51dd5ca7","2025-03-29 17:13:07",1
"Juventud mexicano-americana","a2bec9ef-28a6-41cb-937b-adaf51dd5ca7","2025-03-29 17:13:07","a2bec9ef-28a6-41cb-937b-adaf51dd5ca7","2025-03-29 17:13:07",1
"Hermanos (Varones)","a2bec9ef-28a6-41cb-937b-adaf51dd5ca7","2025-03-29 17:13:07","a2bec9ef-28a6-41cb-937b-adaf51dd5ca7","2025-03-29 17:13:07",1
"Presos","a2bec9ef-28a6-41cb-937b-adaf51dd5ca7","2025-03-29 17:13:07","a2bec9ef-28a6-41cb-937b-adaf51dd5ca7","2025-03-29 17:13:07",1
"Ira","a2bec9ef-28a6-41cb-937b-adaf51dd5ca7","2025-03-29 17:13:07","a2bec9ef-28a6-41cb-937b-adaf51dd5ca7","2025-03-29 17:13:07",1
"Familias mexicano-americanas","a2bec9ef-28a6-41cb-937b-adaf51dd5ca7","2025-03-29 17:13:07","a2bec9ef-28a6-41cb-937b-adaf51dd5ca7","2025-03-29 17:13:07",1
"Homosexualidad","a2bec9ef-28a6-41cb-937b-adaf51dd5ca7","2025-03-29 17:13:07","a2bec9ef-28a6-41cb-937b-adaf51dd5ca7","2025-03-29 17:13:07",1
"Autopercepción","a2bec9ef-28a6-41cb-937b-adaf51dd5ca7","2025-03-29 17:13:07","a2bec9ef-28a6-41cb-937b-adaf51dd5ca7","2025-03-29 17:13:07",1
"Mexican americans, fiction","a2bec9ef-28a6-41cb-937b-adaf51dd5ca7","2025-03-29 17:13:07","a2bec9ef-28a6-41cb-937b-adaf51dd5ca7","2025-03-29 17:13:07",1
"nyt:young-adult-paperback-monthly=2022-01-02","a2bec9ef-28a6-41cb-937b-adaf51dd5ca7","2025-03-29 17:13:07","a2bec9ef-28a6-41cb-937b-adaf51dd5ca7","2025-03-29 17:13:07",1
"award:Pura_Belpre_award","a2bec9ef-28a6-41cb-937b-adaf51dd5ca7","2025-03-29 17:13:07","a2bec9ef-28a6-41cb-937b-adaf51dd5ca7","2025-03-29 17:13:07",1
"lexile:380","a2bec9ef-28a6-41cb-937b-adaf51dd5ca7","2025-03-29 17:13:07","a2bec9ef-28a6-41cb-937b-adaf51dd5ca7","2025-03-29 17:13:07",1
"lexile_range:301-400","a2bec9ef-28a6-41cb-937b-adaf51dd5ca7","2025-03-29 17:13:07","a2bec9ef-28a6-41cb-937b-adaf51dd5ca7","2025-03-29 17:13:07",1
"lexile_code:HL","a2bec9ef-28a6-41cb-937b-adaf51dd5ca7","2025-03-29 17:13:07","a2bec9ef-28a6-41cb-937b-adaf51dd5ca7","2025-03-29 17:13:07",1
"age:min:12","a2bec9ef-28a6-41cb-937b-adaf51dd5ca7","2025-03-29 17:13:07","a2bec9ef-28a6-41cb-937b-adaf51dd5ca7","2025-03-29 17:13:07",1
"age:max:undefined","a2bec9ef-28a6-41cb-937b-adaf51dd5ca7","2025-03-29 17:13:07","a2bec9ef-28a6-41cb-937b-adaf51dd5ca7","2025-03-29 17:13:07",1
"grade:min:7","a2bec9ef-28a6-41cb-937b-adaf51dd5ca7","2025-03-29 17:13:07","a2bec9ef-28a6-41cb-937b-adaf51dd5ca7","2025-03-29 17:13:07",1
"grade:max:9","a2bec9ef-28a6-41cb-937b-adaf51dd5ca7","2025-03-29 17:13:07","a2bec9ef-28a6-41cb-937b-adaf51dd5ca7","2025-03-29 17:13:07",1
"Dwarves","a2bec9ef-28a6-41cb-937b-adaf51dd5ca7","2025-03-29 17:13:07","a2bec9ef-28a6-41cb-937b-adaf51dd5ca7","2025-03-29 17:13:07",1
"evil","a2bec9ef-28a6-41cb-937b-adaf51dd5ca7","2025-03-29 17:13:07","a2bec9ef-28a6-41cb-937b-adaf51dd5ca7","2025-03-29 17:13:07",1
"History and criticism","a2bec9ef-28a6-41cb-937b-adaf51dd5ca7","2025-03-29 17:13:07","a2bec9ef-28a6-41cb-937b-adaf51dd5ca7","2025-03-29 17:13:07",1
"Translations in Chinese","a2bec9ef-28a6-41cb-937b-adaf51dd5ca7","2025-03-29 17:13:07","a2bec9ef-28a6-41cb-937b-adaf51dd5ca7","2025-03-29 17:13:07",1
"Vol. 1.","a2bec9ef-28a6-41cb-937b-adaf51dd5ca7","2025-03-29 17:13:07","a2bec9ef-28a6-41cb-937b-adaf51dd5ca7","2025-03-29 17:13:07",1
"Lord of the rings (Tolkien, J.R.R.)","a2bec9ef-28a6-41cb-937b-adaf51dd5ca7","2025-03-29 17:13:07","a2bec9ef-28a6-41cb-937b-adaf51dd5ca7","2025-03-29 17:13:07",1
"Gandolf (Fictitious character)","a2bec9ef-28a6-41cb-937b-adaf51dd5ca7","2025-03-29 17:13:07","a2bec9ef-28a6-41cb-937b-adaf51dd5ca7","2025-03-29 17:13:07",1
"Myths","a2bec9ef-28a6-41cb-937b-adaf51dd5ca7","2025-03-29 17:13:07","a2bec9ef-28a6-41cb-937b-adaf51dd5ca7","2025-03-29 17:13:07",1
"American Literature","a2bec9ef-28a6-41cb-937b-adaf51dd5ca7","2025-03-29 17:13:07","a2bec9ef-28a6-41cb-937b-adaf51dd5ca7","2025-03-29 17:13:07",1
"Children's Literature","a2bec9ef-28a6-41cb-937b-adaf51dd5ca7","2025-03-29 17:13:07","a2bec9ef-28a6-41cb-937b-adaf51dd5ca7","2025-03-29 17:13:07",1
"Norse Mithology","a2bec9ef-28a6-41cb-937b-adaf51dd5ca7","2025-03-29 17:13:07","a2bec9ef-28a6-41cb-937b-adaf51dd5ca7","2025-03-29 17:13:07",1
"Young Adult Literature","a2bec9ef-28a6-41cb-937b-adaf51dd5ca7","2025-03-29 17:13:07","a2bec9ef-28a6-41cb-937b-adaf51dd5ca7","2025-03-29 17:13:07",1
"2015","a2bec9ef-28a6-41cb-937b-adaf51dd5ca7","2025-03-29 17:13:07","a2bec9ef-28a6-41cb-937b-adaf51dd5ca7","2025-03-29 17:13:07",1
"Norse Mythology","a2bec9ef-28a6-41cb-937b-adaf51dd5ca7","2025-03-29 17:13:07","a2bec9ef-28a6-41cb-937b-adaf51dd5ca7","2025-03-29 17:13:07",1
"Magnus Chase (Fictitious character)","a2bec9ef-28a6-41cb-937b-adaf51dd5ca7","2025-03-29 17:13:07","a2bec9ef-28a6-41cb-937b-adaf51dd5ca7","2025-03-29 17:13:07",1
"Norse Gods","a2bec9ef-28a6-41cb-937b-adaf51dd5ca7","2025-03-29 17:13:07","a2bec9ef-28a6-41cb-937b-adaf51dd5ca7","2025-03-29 17:13:07",1
"nyt:childrens-middle-grade-hardcover=2015-10-25","a2bec9ef-28a6-41cb-937b-adaf51dd5ca7","2025-03-29 17:13:07","a2bec9ef-28a6-41cb-937b-adaf51dd5ca7","2025-03-29 17:13:07",1
"Boston (mass.), fiction","a2bec9ef-28a6-41cb-937b-adaf51dd5ca7","2025-03-29 17:13:07","a2bec9ef-28a6-41cb-937b-adaf51dd5ca7","2025-03-29 17:13:07",1
"Mitología escandinava","a2bec9ef-28a6-41cb-937b-adaf51dd5ca7","2025-03-29 17:13:07","a2bec9ef-28a6-41cb-937b-adaf51dd5ca7","2025-03-29 17:13:07",1
"Desamparados, Niños","a2bec9ef-28a6-41cb-937b-adaf51dd5ca7","2025-03-29 17:13:07","a2bec9ef-28a6-41cb-937b-adaf51dd5ca7","2025-03-29 17:13:07",1
"race discrimination","a2bec9ef-28a6-41cb-937b-adaf51dd5ca7","2025-03-29 17:13:07","a2bec9ef-28a6-41cb-937b-adaf51dd5ca7","2025-03-29 17:13:07",1
"African Americans","a2bec9ef-28a6-41cb-937b-adaf51dd5ca7","2025-03-29 17:13:07","a2bec9ef-28a6-41cb-937b-adaf51dd5ca7","2025-03-29 17:13:07",1
"African Americans--Social conditions","a2bec9ef-28a6-41cb-937b-adaf51dd5ca7","2025-03-29 17:13:07","a2bec9ef-28a6-41cb-937b-adaf51dd5ca7","2025-03-29 17:13:07",1
"African Americans--Public opinion","a2bec9ef-28a6-41cb-937b-adaf51dd5ca7","2025-03-29 17:13:07","a2bec9ef-28a6-41cb-937b-adaf51dd5ca7","2025-03-29 17:13:07",1
"Whites--United States--Attitudes","a2bec9ef-28a6-41cb-937b-adaf51dd5ca7","2025-03-29 17:13:07","a2bec9ef-28a6-41cb-937b-adaf51dd5ca7","2025-03-29 17:13:07",1
"race relations","a2bec9ef-28a6-41cb-937b-adaf51dd5ca7","2025-03-29 17:13:07","a2bec9ef-28a6-41cb-937b-adaf51dd5ca7","2025-03-29 17:13:07",1
"Whites","a2bec9ef-28a6-41cb-937b-adaf51dd5ca7","2025-03-29 17:13:07","a2bec9ef-28a6-41cb-937b-adaf51dd5ca7","2025-03-29 17:13:07",1
"Public opinion","a2bec9ef-28a6-41cb-937b-adaf51dd5ca7","2025-03-29 17:13:07","a2bec9ef-28a6-41cb-937b-adaf51dd5ca7","2025-03-29 17:13:07",1
"Attitudes","a2bec9ef-28a6-41cb-937b-adaf51dd5ca7","2025-03-29 17:13:07","a2bec9ef-28a6-41cb-937b-adaf51dd5ca7","2025-03-29 17:13:07",1
"SOCIAL SCIENCE / Discrimination & Race Relations","a2bec9ef-28a6-41cb-937b-adaf51dd5ca7","2025-03-29 17:13:07","a2bec9ef-28a6-41cb-937b-adaf51dd5ca7","2025-03-29 17:13:07",1
"HISTORY / United States / General","a2bec9ef-28a6-41cb-937b-adaf51dd5ca7","2025-03-29 17:13:07","a2bec9ef-28a6-41cb-937b-adaf51dd5ca7","2025-03-29 17:13:07",1
"Howard University","a2bec9ef-28a6-41cb-937b-adaf51dd5ca7","2025-03-29 17:13:07","a2bec9ef-28a6-41cb-937b-adaf51dd5ca7","2025-03-29 17:13:07",1
"Students","a2bec9ef-28a6-41cb-937b-adaf51dd5ca7","2025-03-29 17:13:07","a2bec9ef-28a6-41cb-937b-adaf51dd5ca7","2025-03-29 17:13:07",1
"African-Americans","a2bec9ef-28a6-41cb-937b-adaf51dd5ca7","2025-03-29 17:13:07","a2bec9ef-28a6-41cb-937b-adaf51dd5ca7","2025-03-29 17:13:07",1
"Enfance et jeunesse","a2bec9ef-28a6-41cb-937b-adaf51dd5ca7","2025-03-29 17:13:07","a2bec9ef-28a6-41cb-937b-adaf51dd5ca7","2025-03-29 17:13:07",1
"Racism","a2bec9ef-28a6-41cb-937b-adaf51dd5ca7","2025-03-29 17:13:07","a2bec9ef-28a6-41cb-937b-adaf51dd5ca7","2025-03-29 17:13:07",1
"Racial discrimination","a2bec9ef-28a6-41cb-937b-adaf51dd5ca7","2025-03-29 17:13:07","a2bec9ef-28a6-41cb-937b-adaf51dd5ca7","2025-03-29 17:13:07",1
"Discrimination raciale","a2bec9ef-28a6-41cb-937b-adaf51dd5ca7","2025-03-29 17:13:07","a2bec9ef-28a6-41cb-937b-adaf51dd5ca7","2025-03-29 17:13:07",1
"Afroamerikanismus","a2bec9ef-28a6-41cb-937b-adaf51dd5ca7","2025-03-29 17:13:07","a2bec9ef-28a6-41cb-937b-adaf51dd5ca7","2025-03-29 17:13:07",1
"Blancs","a2bec9ef-28a6-41cb-937b-adaf51dd5ca7","2025-03-29 17:13:07","a2bec9ef-28a6-41cb-937b-adaf51dd5ca7","2025-03-29 17:13:07",1
"Opinion publique","a2bec9ef-28a6-41cb-937b-adaf51dd5ca7","2025-03-29 17:13:07","a2bec9ef-28a6-41cb-937b-adaf51dd5ca7","2025-03-29 17:13:07",1
"SOCIAL SCIENCE","a2bec9ef-28a6-41cb-937b-adaf51dd5ca7","2025-03-29 17:13:07","a2bec9ef-28a6-41cb-937b-adaf51dd5ca7","2025-03-29 17:13:07",1
"Étudiants","a2bec9ef-28a6-41cb-937b-adaf51dd5ca7","2025-03-29 17:13:07","a2bec9ef-28a6-41cb-937b-adaf51dd5ca7","2025-03-29 17:13:07",1
"Noirs américains","a2bec9ef-28a6-41cb-937b-adaf51dd5ca7","2025-03-29 17:13:07","a2bec9ef-28a6-41cb-937b-adaf51dd5ca7","2025-03-29 17:13:07",1
"Father-Child Relations","a2bec9ef-28a6-41cb-937b-adaf51dd5ca7","2025-03-29 17:13:07","a2bec9ef-28a6-41cb-937b-adaf51dd5ca7","2025-03-29 17:13:07",1
"15.85 history of America","a2bec9ef-28a6-41cb-937b-adaf51dd5ca7","2025-03-29 17:13:07","a2bec9ef-28a6-41cb-937b-adaf51dd5ca7","2025-03-29 17:13:07",1
"HISTORY","a2bec9ef-28a6-41cb-937b-adaf51dd5ca7","2025-03-29 17:13:07","a2bec9ef-28a6-41cb-937b-adaf51dd5ca7","2025-03-29 17:13:07",1
"Ethnische Beziehungen","a2bec9ef-28a6-41cb-937b-adaf51dd5ca7","2025-03-29 17:13:07","a2bec9ef-28a6-41cb-937b-adaf51dd5ca7","2025-03-29 17:13:07",1
"Discrimination & Race Relations","a2bec9ef-28a6-41cb-937b-adaf51dd5ca7","2025-03-29 17:13:07","a2bec9ef-28a6-41cb-937b-adaf51dd5ca7","2025-03-29 17:13:07",1
"Relations raciales","a2bec9ef-28a6-41cb-937b-adaf51dd5ca7","2025-03-29 17:13:07","a2bec9ef-28a6-41cb-937b-adaf51dd5ca7","2025-03-29 17:13:07",1
"United states, race relations","a2bec9ef-28a6-41cb-937b-adaf51dd5ca7","2025-03-29 17:13:07","a2bec9ef-28a6-41cb-937b-adaf51dd5ca7","2025-03-29 17:13:07",1
"African americans, social conditions","a2bec9ef-28a6-41cb-937b-adaf51dd5ca7","2025-03-29 17:13:07","a2bec9ef-28a6-41cb-937b-adaf51dd5ca7","2025-03-29 17:13:07",1
"Whites, history","a2bec9ef-28a6-41cb-937b-adaf51dd5ca7","2025-03-29 17:13:07","a2bec9ef-28a6-41cb-937b-adaf51dd5ca7","2025-03-29 17:13:07",1
"African americans, biography","a2bec9ef-28a6-41cb-937b-adaf51dd5ca7","2025-03-29 17:13:07","a2bec9ef-28a6-41cb-937b-adaf51dd5ca7","2025-03-29 17:13:07",1
"African americans, history","a2bec9ef-28a6-41cb-937b-adaf51dd5ca7","2025-03-29 17:13:07","a2bec9ef-28a6-41cb-937b-adaf51dd5ca7","2025-03-29 17:13:07",1
"Journalists, biography","a2bec9ef-28a6-41cb-937b-adaf51dd5ca7","2025-03-29 17:13:07","a2bec9ef-28a6-41cb-937b-adaf51dd5ca7","2025-03-29 17:13:07",1
"nyt:combined-print-and-e-book-nonfiction=2015-08-02","a2bec9ef-28a6-41cb-937b-adaf51dd5ca7","2025-03-29 17:13:07","a2bec9ef-28a6-41cb-937b-adaf51dd5ca7","2025-03-29 17:13:07",1
"Racial justice","a2bec9ef-28a6-41cb-937b-adaf51dd5ca7","2025-03-29 17:13:07","a2bec9ef-28a6-41cb-937b-adaf51dd5ca7","2025-03-29 17:13:07",1
"White people","a2bec9ef-28a6-41cb-937b-adaf51dd5ca7","2025-03-29 17:13:07","a2bec9ef-28a6-41cb-937b-adaf51dd5ca7","2025-03-29 17:13:07",1
"Father and child","a2bec9ef-28a6-41cb-937b-adaf51dd5ca7","2025-03-29 17:13:07","a2bec9ef-28a6-41cb-937b-adaf51dd5ca7","2025-03-29 17:13:07",1
"Justice raciale","a2bec9ef-28a6-41cb-937b-adaf51dd5ca7","2025-03-29 17:13:07","a2bec9ef-28a6-41cb-937b-adaf51dd5ca7","2025-03-29 17:13:07",1
"Père et enfant","a2bec9ef-28a6-41cb-937b-adaf51dd5ca7","2025-03-29 17:13:07","a2bec9ef-28a6-41cb-937b-adaf51dd5ca7","2025-03-29 17:13:07",1
"Race relations","a2bec9ef-28a6-41cb-937b-adaf51dd5ca7","2025-03-29 17:13:07","a2bec9ef-28a6-41cb-937b-adaf51dd5ca7","2025-03-29 17:13:07",1
"Race discrimination","a2bec9ef-28a6-41cb-937b-adaf51dd5ca7","2025-03-29 17:13:07","a2bec9ef-28a6-41cb-937b-adaf51dd5ca7","2025-03-29 17:13:07",1
"Civil rights","a2bec9ef-28a6-41cb-937b-adaf51dd5ca7","2025-03-29 17:13:07","a2bec9ef-28a6-41cb-937b-adaf51dd5ca7","2025-03-29 17:13:07",1
"Race Relations","a2bec9ef-28a6-41cb-937b-adaf51dd5ca7","2025-03-29 17:13:07","a2bec9ef-28a6-41cb-937b-adaf51dd5ca7","2025-03-29 17:13:07",1
"Personnes blanches","a2bec9ef-28a6-41cb-937b-adaf51dd5ca7","2025-03-29 17:13:07","a2bec9ef-28a6-41cb-937b-adaf51dd5ca7","2025-03-29 17:13:07",1
"Droits","a2bec9ef-28a6-41cb-937b-adaf51dd5ca7","2025-03-29 17:13:07","a2bec9ef-28a6-41cb-937b-adaf51dd5ca7","2025-03-29 17:13:07",1
"Discrimination & race relations","a2bec9ef-28a6-41cb-937b-adaf51dd5ca7","2025-03-29 17:13:07","a2bec9ef-28a6-41cb-937b-adaf51dd5ca7","2025-03-29 17:13:07",1
"English & college success -> english -> biography & autobiography","a2bec9ef-28a6-41cb-937b-adaf51dd5ca7","2025-03-29 17:13:07","a2bec9ef-28a6-41cb-937b-adaf51dd5ca7","2025-03-29 17:13:07",1
"Social sciences -> history -> american history","a2bec9ef-28a6-41cb-937b-adaf51dd5ca7","2025-03-29 17:13:07","a2bec9ef-28a6-41cb-937b-adaf51dd5ca7","2025-03-29 17:13:07",1
"Social sciences -> sociology -> race/class/gender","a2bec9ef-28a6-41cb-937b-adaf51dd5ca7","2025-03-29 17:13:07","a2bec9ef-28a6-41cb-937b-adaf51dd5ca7","2025-03-29 17:13:07",1
"African americans","a2bec9ef-28a6-41cb-937b-adaf51dd5ca7","2025-03-29 17:13:07","a2bec9ef-28a6-41cb-937b-adaf51dd5ca7","2025-03-29 17:13:07",1
"African americans--social conditions","a2bec9ef-28a6-41cb-937b-adaf51dd5ca7","2025-03-29 17:13:07","a2bec9ef-28a6-41cb-937b-adaf51dd5ca7","2025-03-29 17:13:07",1
"African americans--public opinion","a2bec9ef-28a6-41cb-937b-adaf51dd5ca7","2025-03-29 17:13:07","a2bec9ef-28a6-41cb-937b-adaf51dd5ca7","2025-03-29 17:13:07",1
"Whites--united states--attitudes","a2bec9ef-28a6-41cb-937b-adaf51dd5ca7","2025-03-29 17:13:07","a2bec9ef-28a6-41cb-937b-adaf51dd5ca7","2025-03-29 17:13:07",1
"Biography & autobiography / personal memoirs","a2bec9ef-28a6-41cb-937b-adaf51dd5ca7","2025-03-29 17:13:07","a2bec9ef-28a6-41cb-937b-adaf51dd5ca7","2025-03-29 17:13:07",1
"Social science / discrimination & race relations","a2bec9ef-28a6-41cb-937b-adaf51dd5ca7","2025-03-29 17:13:07","a2bec9ef-28a6-41cb-937b-adaf51dd5ca7","2025-03-29 17:13:07",1
"History / united states / general","a2bec9ef-28a6-41cb-937b-adaf51dd5ca7","2025-03-29 17:13:07","a2bec9ef-28a6-41cb-937b-adaf51dd5ca7","2025-03-29 17:13:07",1
"Howard university","a2bec9ef-28a6-41cb-937b-adaf51dd5ca7","2025-03-29 17:13:07","a2bec9ef-28a6-41cb-937b-adaf51dd5ca7","2025-03-29 17:13:07",1
"African-americans","a2bec9ef-28a6-41cb-937b-adaf51dd5ca7","2025-03-29 17:13:07","a2bec9ef-28a6-41cb-937b-adaf51dd5ca7","2025-03-29 17:13:07",1
"Social science","a2bec9ef-28a6-41cb-937b-adaf51dd5ca7","2025-03-29 17:13:07","a2bec9ef-28a6-41cb-937b-adaf51dd5ca7","2025-03-29 17:13:07",1
"Biography & autobiography","a2bec9ef-28a6-41cb-937b-adaf51dd5ca7","2025-03-29 17:13:07","a2bec9ef-28a6-41cb-937b-adaf51dd5ca7","2025-03-29 17:13:07",1
"Father-child relations","a2bec9ef-28a6-41cb-937b-adaf51dd5ca7","2025-03-29 17:13:07","a2bec9ef-28a6-41cb-937b-adaf51dd5ca7","2025-03-29 17:13:07",1
"Umschulungswerkstätten für siedler und auswanderer","a2bec9ef-28a6-41cb-937b-adaf51dd5ca7","2025-03-29 17:13:07","a2bec9ef-28a6-41cb-937b-adaf51dd5ca7","2025-03-29 17:13:07",1
"15.85 history of america","a2bec9ef-28a6-41cb-937b-adaf51dd5ca7","2025-03-29 17:13:07","a2bec9ef-28a6-41cb-937b-adaf51dd5ca7","2025-03-29 17:13:07",1
"Ethnische beziehungen","a2bec9ef-28a6-41cb-937b-adaf51dd5ca7","2025-03-29 17:13:07","a2bec9ef-28a6-41cb-937b-adaf51dd5ca7","2025-03-29 17:13:07",1
"Nyt:combined-print-and-e-book-nonfiction=2015-08-02","a2bec9ef-28a6-41cb-937b-adaf51dd5ca7","2025-03-29 17:13:07","a2bec9ef-28a6-41cb-937b-adaf51dd5ca7","2025-03-29 17:13:07",1
"New york times reviewed","a2bec9ef-28a6-41cb-937b-adaf51dd5ca7","2025-03-29 17:13:07","a2bec9ef-28a6-41cb-937b-adaf51dd5ca7","2025-03-29 17:13:07",1
"Dream","a2bec9ef-28a6-41cb-937b-adaf51dd5ca7","2025-03-29 17:13:07","a2bec9ef-28a6-41cb-937b-adaf51dd5ca7","2025-03-29 17:13:07",1
"Endless","a2bec9ef-28a6-41cb-937b-adaf51dd5ca7","2025-03-29 17:13:07","a2bec9ef-28a6-41cb-937b-adaf51dd5ca7","2025-03-29 17:13:07",1
"graphic novel","a2bec9ef-28a6-41cb-937b-adaf51dd5ca7","2025-03-29 17:13:07","a2bec9ef-28a6-41cb-937b-adaf51dd5ca7","2025-03-29 17:13:07",1
"DC Vertigo","a2bec9ef-28a6-41cb-937b-adaf51dd5ca7","2025-03-29 17:13:07","a2bec9ef-28a6-41cb-937b-adaf51dd5ca7","2025-03-29 17:13:07",1
"nyt:paperback-graphic-books=2009-05-24","a2bec9ef-28a6-41cb-937b-adaf51dd5ca7","2025-03-29 17:13:07","a2bec9ef-28a6-41cb-937b-adaf51dd5ca7","2025-03-29 17:13:07",1
"Comics & graphic novels, horror","a2bec9ef-28a6-41cb-937b-adaf51dd5ca7","2025-03-29 17:13:07","a2bec9ef-28a6-41cb-937b-adaf51dd5ca7","2025-03-29 17:13:07",1
"Sandman (Fictitious character)","a2bec9ef-28a6-41cb-937b-adaf51dd5ca7","2025-03-29 17:13:07","a2bec9ef-28a6-41cb-937b-adaf51dd5ca7","2025-03-29 17:13:07",1
"nyt:hardcover-graphic-books=2012-02-05","a2bec9ef-28a6-41cb-937b-adaf51dd5ca7","2025-03-29 17:13:07","a2bec9ef-28a6-41cb-937b-adaf51dd5ca7","2025-03-29 17:13:07",1
"Pilotes d'aéronef","a2bec9ef-28a6-41cb-937b-adaf51dd5ca7","2025-03-29 17:13:07","a2bec9ef-28a6-41cb-937b-adaf51dd5ca7","2025-03-29 17:13:07",1
"nyt:trade-fiction-paperback=2023-05-14","a2bec9ef-28a6-41cb-937b-adaf51dd5ca7","2025-03-29 17:13:07","a2bec9ef-28a6-41cb-937b-adaf51dd5ca7","2025-03-29 17:13:07",1
"Automobile travel","a2bec9ef-28a6-41cb-937b-adaf51dd5ca7","2025-03-29 17:13:07","a2bec9ef-28a6-41cb-937b-adaf51dd5ca7","2025-03-29 17:13:07",1
"Children's & Teenage Fiction","a2bec9ef-28a6-41cb-937b-adaf51dd5ca7","2025-03-29 17:13:07","a2bec9ef-28a6-41cb-937b-adaf51dd5ca7","2025-03-29 17:13:07",1
"Age level unknown","a2bec9ef-28a6-41cb-937b-adaf51dd5ca7","2025-03-29 17:13:07","a2bec9ef-28a6-41cb-937b-adaf51dd5ca7","2025-03-29 17:13:07",1
"Automobile travel, fiction","a2bec9ef-28a6-41cb-937b-adaf51dd5ca7","2025-03-29 17:13:07","a2bec9ef-28a6-41cb-937b-adaf51dd5ca7","2025-03-29 17:13:07",1
"Diary Of A Wimpy Kid Book 09 Long Haul","a2bec9ef-28a6-41cb-937b-adaf51dd5ca7","2025-03-29 17:13:07","a2bec9ef-28a6-41cb-937b-adaf51dd5ca7","2025-03-29 17:13:07",1
"Voyages en automobile","a2bec9ef-28a6-41cb-937b-adaf51dd5ca7","2025-03-29 17:13:07","a2bec9ef-28a6-41cb-937b-adaf51dd5ca7","2025-03-29 17:13:07",1
"Rick Riordan","a2bec9ef-28a6-41cb-937b-adaf51dd5ca7","2025-03-29 17:13:07","a2bec9ef-28a6-41cb-937b-adaf51dd5ca7","2025-03-29 17:13:07",1
"TOA","a2bec9ef-28a6-41cb-937b-adaf51dd5ca7","2025-03-29 17:13:07","a2bec9ef-28a6-41cb-937b-adaf51dd5ca7","2025-03-29 17:13:07",1
"The Hidden Oracle","a2bec9ef-28a6-41cb-937b-adaf51dd5ca7","2025-03-29 17:13:07","a2bec9ef-28a6-41cb-937b-adaf51dd5ca7","2025-03-29 17:13:07",1
"Heroes of Olympus","a2bec9ef-28a6-41cb-937b-adaf51dd5ca7","2025-03-29 17:13:07","a2bec9ef-28a6-41cb-937b-adaf51dd5ca7","2025-03-29 17:13:07",1
"Delphian oracle","a2bec9ef-28a6-41cb-937b-adaf51dd5ca7","2025-03-29 17:13:07","a2bec9ef-28a6-41cb-937b-adaf51dd5ca7","2025-03-29 17:13:07",1
"nyt:childrens-middle-grade-hardcover=2016-05-22","a2bec9ef-28a6-41cb-937b-adaf51dd5ca7","2025-03-29 17:13:07","a2bec9ef-28a6-41cb-937b-adaf51dd5ca7","2025-03-29 17:13:07",1
"Prophets","a2bec9ef-28a6-41cb-937b-adaf51dd5ca7","2025-03-29 17:13:07","a2bec9ef-28a6-41cb-937b-adaf51dd5ca7","2025-03-29 17:13:07",1
"Battles","a2bec9ef-28a6-41cb-937b-adaf51dd5ca7","2025-03-29 17:13:07","a2bec9ef-28a6-41cb-937b-adaf51dd5ca7","2025-03-29 17:13:07",1
"Geographical myths","a2bec9ef-28a6-41cb-937b-adaf51dd5ca7","2025-03-29 17:13:07","a2bec9ef-28a6-41cb-937b-adaf51dd5ca7","2025-03-29 17:13:07",1
"Literature & Fiction","a2bec9ef-28a6-41cb-937b-adaf51dd5ca7","2025-03-29 17:13:07","a2bec9ef-28a6-41cb-937b-adaf51dd5ca7","2025-03-29 17:13:07",1
"Science Fiction & Fantasy -- Authors, A-Z -- ( E ) -- Erikson, Steven","a2bec9ef-28a6-41cb-937b-adaf51dd5ca7","2025-03-29 17:13:07","a2bec9ef-28a6-41cb-937b-adaf51dd5ca7","2025-03-29 17:13:07",1
"Science Fiction & Fantasy -- Fantasy -- Epic","a2bec9ef-28a6-41cb-937b-adaf51dd5ca7","2025-03-29 17:13:07","a2bec9ef-28a6-41cb-937b-adaf51dd5ca7","2025-03-29 17:13:07",1
"malazan","a2bec9ef-28a6-41cb-937b-adaf51dd5ca7","2025-03-29 17:13:07","a2bec9ef-28a6-41cb-937b-adaf51dd5ca7","2025-03-29 17:13:07",1
"sorcery","a2bec9ef-28a6-41cb-937b-adaf51dd5ca7","2025-03-29 17:13:07","a2bec9ef-28a6-41cb-937b-adaf51dd5ca7","2025-03-29 17:13:07",1
"empire","a2bec9ef-28a6-41cb-937b-adaf51dd5ca7","2025-03-29 17:13:07","a2bec9ef-28a6-41cb-937b-adaf51dd5ca7","2025-03-29 17:13:07",1
"series:Malazan Book of the Fallen","a2bec9ef-28a6-41cb-937b-adaf51dd5ca7","2025-03-29 17:13:07","a2bec9ef-28a6-41cb-937b-adaf51dd5ca7","2025-03-29 17:13:07",1
"Ergonomie","a2bec9ef-28a6-41cb-937b-adaf51dd5ca7","2025-03-29 17:13:07","a2bec9ef-28a6-41cb-937b-adaf51dd5ca7","2025-03-29 17:13:07",1
"Industrial Psychology","a2bec9ef-28a6-41cb-937b-adaf51dd5ca7","2025-03-29 17:13:07","a2bec9ef-28a6-41cb-937b-adaf51dd5ca7","2025-03-29 17:13:07",1
"Industriële vormgeving","a2bec9ef-28a6-41cb-937b-adaf51dd5ca7","2025-03-29 17:13:07","a2bec9ef-28a6-41cb-937b-adaf51dd5ca7","2025-03-29 17:13:07",1
"Industrial Design","a2bec9ef-28a6-41cb-937b-adaf51dd5ca7","2025-03-29 17:13:07","a2bec9ef-28a6-41cb-937b-adaf51dd5ca7","2025-03-29 17:13:07",1
"Psychology textbooks","a2bec9ef-28a6-41cb-937b-adaf51dd5ca7","2025-03-29 17:13:07","a2bec9ef-28a6-41cb-937b-adaf51dd5ca7","2025-03-29 17:13:07",1
"Psychological aspects of Industrial design","a2bec9ef-28a6-41cb-937b-adaf51dd5ca7","2025-03-29 17:13:07","a2bec9ef-28a6-41cb-937b-adaf51dd5ca7","2025-03-29 17:13:07",1
"Textbooks","a2bec9ef-28a6-41cb-937b-adaf51dd5ca7","2025-03-29 17:13:07","a2bec9ef-28a6-41cb-937b-adaf51dd5ca7","2025-03-29 17:13:07",1
"Design","a2bec9ef-28a6-41cb-937b-adaf51dd5ca7","2025-03-29 17:13:07","a2bec9ef-28a6-41cb-937b-adaf51dd5ca7","2025-03-29 17:13:07",1
"Humanities textbooks","a2bec9ef-28a6-41cb-937b-adaf51dd5ca7","2025-03-29 17:13:07","a2bec9ef-28a6-41cb-937b-adaf51dd5ca7","2025-03-29 17:13:07",1
"Projetos (administracao)","a2bec9ef-28a6-41cb-937b-adaf51dd5ca7","2025-03-29 17:13:07","a2bec9ef-28a6-41cb-937b-adaf51dd5ca7","2025-03-29 17:13:07",1
"Human engineering","a2bec9ef-28a6-41cb-937b-adaf51dd5ca7","2025-03-29 17:13:07","a2bec9ef-28a6-41cb-937b-adaf51dd5ca7","2025-03-29 17:13:07",1
"Cognitive psychology","a2bec9ef-28a6-41cb-937b-adaf51dd5ca7","2025-03-29 17:13:07","a2bec9ef-28a6-41cb-937b-adaf51dd5ca7","2025-03-29 17:13:07",1
"Livres numériques","a2bec9ef-28a6-41cb-937b-adaf51dd5ca7","2025-03-29 17:13:07","a2bec9ef-28a6-41cb-937b-adaf51dd5ca7","2025-03-29 17:13:07",1
"Ergonomics","a2bec9ef-28a6-41cb-937b-adaf51dd5ca7","2025-03-29 17:13:07","a2bec9ef-28a6-41cb-937b-adaf51dd5ca7","2025-03-29 17:13:07",1
"E-books","a2bec9ef-28a6-41cb-937b-adaf51dd5ca7","2025-03-29 17:13:07","a2bec9ef-28a6-41cb-937b-adaf51dd5ca7","2025-03-29 17:13:07",1
"Retailing","a2bec9ef-28a6-41cb-937b-adaf51dd5ca7","2025-03-29 17:13:07","a2bec9ef-28a6-41cb-937b-adaf51dd5ca7","2025-03-29 17:13:07",1
"Product","a2bec9ef-28a6-41cb-937b-adaf51dd5ca7","2025-03-29 17:13:07","a2bec9ef-28a6-41cb-937b-adaf51dd5ca7","2025-03-29 17:13:07",1
"Electronic books","a2bec9ef-28a6-41cb-937b-adaf51dd5ca7","2025-03-29 17:13:07","a2bec9ef-28a6-41cb-937b-adaf51dd5ca7","2025-03-29 17:13:07",1
"Industriell formgivning","a2bec9ef-28a6-41cb-937b-adaf51dd5ca7","2025-03-29 17:13:07","a2bec9ef-28a6-41cb-937b-adaf51dd5ca7","2025-03-29 17:13:07",1
"Industries / Retailing","a2bec9ef-28a6-41cb-937b-adaf51dd5ca7","2025-03-29 17:13:07","a2bec9ef-28a6-41cb-937b-adaf51dd5ca7","2025-03-29 17:13:07",1
"Mechanical Engineering","a2bec9ef-28a6-41cb-937b-adaf51dd5ca7","2025-03-29 17:13:07","a2bec9ef-28a6-41cb-937b-adaf51dd5ca7","2025-03-29 17:13:07",1
"Engineering & Applied Sciences","a2bec9ef-28a6-41cb-937b-adaf51dd5ca7","2025-03-29 17:13:07","a2bec9ef-28a6-41cb-937b-adaf51dd5ca7","2025-03-29 17:13:07",1
"Industrial & Management Engineering","a2bec9ef-28a6-41cb-937b-adaf51dd5ca7","2025-03-29 17:13:07","a2bec9ef-28a6-41cb-937b-adaf51dd5ca7","2025-03-29 17:13:07",1
"Art","a2bec9ef-28a6-41cb-937b-adaf51dd5ca7","2025-03-29 17:13:07","a2bec9ef-28a6-41cb-937b-adaf51dd5ca7","2025-03-29 17:13:07",1
"Industrial design--psychological aspects","a2bec9ef-28a6-41cb-937b-adaf51dd5ca7","2025-03-29 17:13:07","a2bec9ef-28a6-41cb-937b-adaf51dd5ca7","2025-03-29 17:13:07",1
"Psychology, industrial","a2bec9ef-28a6-41cb-937b-adaf51dd5ca7","2025-03-29 17:13:07","a2bec9ef-28a6-41cb-937b-adaf51dd5ca7","2025-03-29 17:13:07",1
"Ts171.4 .n67 1990","a2bec9ef-28a6-41cb-937b-adaf51dd5ca7","2025-03-29 17:13:07","a2bec9ef-28a6-41cb-937b-adaf51dd5ca7","2025-03-29 17:13:07",1
"Ts 171.4 n842p 1990","a2bec9ef-28a6-41cb-937b-adaf51dd5ca7","2025-03-29 17:13:07","a2bec9ef-28a6-41cb-937b-adaf51dd5ca7","2025-03-29 17:13:07",1
"620.8/2","a2bec9ef-28a6-41cb-937b-adaf51dd5ca7","2025-03-29 17:13:07","a2bec9ef-28a6-41cb-937b-adaf51dd5ca7","2025-03-29 17:13:07",1
"Business & economics--industries--retailing","a2bec9ef-28a6-41cb-937b-adaf51dd5ca7","2025-03-29 17:13:07","a2bec9ef-28a6-41cb-937b-adaf51dd5ca7","2025-03-29 17:13:07",1
"Psychology--applied psychology","a2bec9ef-28a6-41cb-937b-adaf51dd5ca7","2025-03-29 17:13:07","a2bec9ef-28a6-41cb-937b-adaf51dd5ca7","2025-03-29 17:13:07",1
"Design--product","a2bec9ef-28a6-41cb-937b-adaf51dd5ca7","2025-03-29 17:13:07","a2bec9ef-28a6-41cb-937b-adaf51dd5ca7","2025-03-29 17:13:07",1
"Industriell formgivning--psykologiska aspekter","a2bec9ef-28a6-41cb-937b-adaf51dd5ca7","2025-03-29 17:13:07","a2bec9ef-28a6-41cb-937b-adaf51dd5ca7","2025-03-29 17:13:07",1
"Ts171.4 .n67 2013","a2bec9ef-28a6-41cb-937b-adaf51dd5ca7","2025-03-29 17:13:07","a2bec9ef-28a6-41cb-937b-adaf51dd5ca7","2025-03-29 17:13:07",1
"745.2019","a2bec9ef-28a6-41cb-937b-adaf51dd5ca7","2025-03-29 17:13:07","a2bec9ef-28a6-41cb-937b-adaf51dd5ca7","2025-03-29 17:13:07",1
"745.2001/9","a2bec9ef-28a6-41cb-937b-adaf51dd5ca7","2025-03-29 17:13:07","a2bec9ef-28a6-41cb-937b-adaf51dd5ca7","2025-03-29 17:13:07",1
"Bus057000 psy003000 des011000","a2bec9ef-28a6-41cb-937b-adaf51dd5ca7","2025-03-29 17:13:07","a2bec9ef-28a6-41cb-937b-adaf51dd5ca7","2025-03-29 17:13:07",1
"thriller","a2bec9ef-28a6-41cb-937b-adaf51dd5ca7","2025-03-29 17:13:07","a2bec9ef-28a6-41cb-937b-adaf51dd5ca7","2025-03-29 17:13:07",1
"dark romance","a2bec9ef-28a6-41cb-937b-adaf51dd5ca7","2025-03-29 17:13:07","a2bec9ef-28a6-41cb-937b-adaf51dd5ca7","2025-03-29 17:13:07",1
"enemies to lovers","a2bec9ef-28a6-41cb-937b-adaf51dd5ca7","2025-03-29 17:13:07","a2bec9ef-28a6-41cb-937b-adaf51dd5ca7","2025-03-29 17:13:07",1
"bad boy","a2bec9ef-28a6-41cb-937b-adaf51dd5ca7","2025-03-29 17:13:07","a2bec9ef-28a6-41cb-937b-adaf51dd5ca7","2025-03-29 17:13:07",1
"strong heroine","a2bec9ef-28a6-41cb-937b-adaf51dd5ca7","2025-03-29 17:13:07","a2bec9ef-28a6-41cb-937b-adaf51dd5ca7","2025-03-29 17:13:07",1
"college","a2bec9ef-28a6-41cb-937b-adaf51dd5ca7","2025-03-29 17:13:07","a2bec9ef-28a6-41cb-937b-adaf51dd5ca7","2025-03-29 17:13:07",1
"academia","a2bec9ef-28a6-41cb-937b-adaf51dd5ca7","2025-03-29 17:13:07","a2bec9ef-28a6-41cb-937b-adaf51dd5ca7","2025-03-29 17:13:07",1
"family drama","a2bec9ef-28a6-41cb-937b-adaf51dd5ca7","2025-03-29 17:13:07","a2bec9ef-28a6-41cb-937b-adaf51dd5ca7","2025-03-29 17:13:07",1
"betrayal","a2bec9ef-28a6-41cb-937b-adaf51dd5ca7","2025-03-29 17:13:07","a2bec9ef-28a6-41cb-937b-adaf51dd5ca7","2025-03-29 17:13:07",1
"revenge","a2bec9ef-28a6-41cb-937b-adaf51dd5ca7","2025-03-29 17:13:07","a2bec9ef-28a6-41cb-937b-adaf51dd5ca7","2025-03-29 17:13:07",1
"Business ethics","a2bec9ef-28a6-41cb-937b-adaf51dd5ca7","2025-03-29 17:13:07","a2bec9ef-28a6-41cb-937b-adaf51dd5ca7","2025-03-29 17:13:07",1
"Moral and ethical aspects","a2bec9ef-28a6-41cb-937b-adaf51dd5ca7","2025-03-29 17:13:07","a2bec9ef-28a6-41cb-937b-adaf51dd5ca7","2025-03-29 17:13:07",1
"Finance, Personal","a2bec9ef-28a6-41cb-937b-adaf51dd5ca7","2025-03-29 17:13:07","a2bec9ef-28a6-41cb-937b-adaf51dd5ca7","2025-03-29 17:13:07",1
"Wealth, moral and ethical aspects","a2bec9ef-28a6-41cb-937b-adaf51dd5ca7","2025-03-29 17:13:07","a2bec9ef-28a6-41cb-937b-adaf51dd5ca7","2025-03-29 17:13:07",1
"Financial Management","a2bec9ef-28a6-41cb-937b-adaf51dd5ca7","2025-03-29 17:13:07","a2bec9ef-28a6-41cb-937b-adaf51dd5ca7","2025-03-29 17:13:07",1
"Morale des affaires","a2bec9ef-28a6-41cb-937b-adaf51dd5ca7","2025-03-29 17:13:07","a2bec9ef-28a6-41cb-937b-adaf51dd5ca7","2025-03-29 17:13:07",1
"Richesse","a2bec9ef-28a6-41cb-937b-adaf51dd5ca7","2025-03-29 17:13:07","a2bec9ef-28a6-41cb-937b-adaf51dd5ca7","2025-03-29 17:13:07",1
"Aspect moral","a2bec9ef-28a6-41cb-937b-adaf51dd5ca7","2025-03-29 17:13:07","a2bec9ef-28a6-41cb-937b-adaf51dd5ca7","2025-03-29 17:13:07",1
"Roman Roman mythology","a2bec9ef-28a6-41cb-937b-adaf51dd5ca7","2025-03-29 17:13:07","a2bec9ef-28a6-41cb-937b-adaf51dd5ca7","2025-03-29 17:13:07",1
"Amnesiacs","a2bec9ef-28a6-41cb-937b-adaf51dd5ca7","2025-03-29 17:13:07","a2bec9ef-28a6-41cb-937b-adaf51dd5ca7","2025-03-29 17:13:07",1
"Gaea (Greek deity)","a2bec9ef-28a6-41cb-937b-adaf51dd5ca7","2025-03-29 17:13:07","a2bec9ef-28a6-41cb-937b-adaf51dd5ca7","2025-03-29 17:13:07",1
"nyt:chapter_books=2011-10-01","a2bec9ef-28a6-41cb-937b-adaf51dd5ca7","2025-03-29 17:13:07","a2bec9ef-28a6-41cb-937b-adaf51dd5ca7","2025-03-29 17:13:07",1
"Thanatos (Greek deity)","a2bec9ef-28a6-41cb-937b-adaf51dd5ca7","2025-03-29 17:13:07","a2bec9ef-28a6-41cb-937b-adaf51dd5ca7","2025-03-29 17:13:07",1
"Mitología clásica","a2bec9ef-28a6-41cb-937b-adaf51dd5ca7","2025-03-29 17:13:07","a2bec9ef-28a6-41cb-937b-adaf51dd5ca7","2025-03-29 17:13:07",1
"Profecías","a2bec9ef-28a6-41cb-937b-adaf51dd5ca7","2025-03-29 17:13:07","a2bec9ef-28a6-41cb-937b-adaf51dd5ca7","2025-03-29 17:13:07",1
"Cartoons","a2bec9ef-28a6-41cb-937b-adaf51dd5ca7","2025-03-29 17:13:07","a2bec9ef-28a6-41cb-937b-adaf51dd5ca7","2025-03-29 17:13:07",1
"Tiger","a2bec9ef-28a6-41cb-937b-adaf51dd5ca7","2025-03-29 17:13:07","a2bec9ef-28a6-41cb-937b-adaf51dd5ca7","2025-03-29 17:13:07",1
"Imaginary companions","a2bec9ef-28a6-41cb-937b-adaf51dd5ca7","2025-03-29 17:13:07","a2bec9ef-28a6-41cb-937b-adaf51dd5ca7","2025-03-29 17:13:07",1
"Humor, form, comic strips & cartoons","a2bec9ef-28a6-41cb-937b-adaf51dd5ca7","2025-03-29 17:13:07","a2bec9ef-28a6-41cb-937b-adaf51dd5ca7","2025-03-29 17:13:07",1
"Stuffed animals (toys)","a2bec9ef-28a6-41cb-937b-adaf51dd5ca7","2025-03-29 17:13:07","a2bec9ef-28a6-41cb-937b-adaf51dd5ca7","2025-03-29 17:13:07",1
"Cemeteries","a2bec9ef-28a6-41cb-937b-adaf51dd5ca7","2025-03-29 17:13:07","a2bec9ef-28a6-41cb-937b-adaf51dd5ca7","2025-03-29 17:13:07",1
"Dead","a2bec9ef-28a6-41cb-937b-adaf51dd5ca7","2025-03-29 17:13:07","a2bec9ef-28a6-41cb-937b-adaf51dd5ca7","2025-03-29 17:13:07",1
"nyt:paperback_books=2011-06-11","a2bec9ef-28a6-41cb-937b-adaf51dd5ca7","2025-03-29 17:13:07","a2bec9ef-28a6-41cb-937b-adaf51dd5ca7","2025-03-29 17:13:07",1
"Alternative Family","a2bec9ef-28a6-41cb-937b-adaf51dd5ca7","2025-03-29 17:13:07","a2bec9ef-28a6-41cb-937b-adaf51dd5ca7","2025-03-29 17:13:07",1
"Cemeteries, fiction","a2bec9ef-28a6-41cb-937b-adaf51dd5ca7","2025-03-29 17:13:07","a2bec9ef-28a6-41cb-937b-adaf51dd5ca7","2025-03-29 17:13:07",1
"Supernatural, fiction","a2bec9ef-28a6-41cb-937b-adaf51dd5ca7","2025-03-29 17:13:07","a2bec9ef-28a6-41cb-937b-adaf51dd5ca7","2025-03-29 17:13:07",1
"Ghosts, fiction","a2bec9ef-28a6-41cb-937b-adaf51dd5ca7","2025-03-29 17:13:07","a2bec9ef-28a6-41cb-937b-adaf51dd5ca7","2025-03-29 17:13:07",1
"award:hugo_award=2009","a2bec9ef-28a6-41cb-937b-adaf51dd5ca7","2025-03-29 17:13:07","a2bec9ef-28a6-41cb-937b-adaf51dd5ca7","2025-03-29 17:13:07",1
"Orphelins","a2bec9ef-28a6-41cb-937b-adaf51dd5ca7","2025-03-29 17:13:07","a2bec9ef-28a6-41cb-937b-adaf51dd5ca7","2025-03-29 17:13:07",1
"Nouvelles occultes","a2bec9ef-28a6-41cb-937b-adaf51dd5ca7","2025-03-29 17:13:07","a2bec9ef-28a6-41cb-937b-adaf51dd5ca7","2025-03-29 17:13:07",1
"Cimetières","a2bec9ef-28a6-41cb-937b-adaf51dd5ca7","2025-03-29 17:13:07","a2bec9ef-28a6-41cb-937b-adaf51dd5ca7","2025-03-29 17:13:07",1
"Fantômes","a2bec9ef-28a6-41cb-937b-adaf51dd5ca7","2025-03-29 17:13:07","a2bec9ef-28a6-41cb-937b-adaf51dd5ca7","2025-03-29 17:13:07",1
"Morts","a2bec9ef-28a6-41cb-937b-adaf51dd5ca7","2025-03-29 17:13:07","a2bec9ef-28a6-41cb-937b-adaf51dd5ca7","2025-03-29 17:13:07",1
"Cementarios","a2bec9ef-28a6-41cb-937b-adaf51dd5ca7","2025-03-29 17:13:07","a2bec9ef-28a6-41cb-937b-adaf51dd5ca7","2025-03-29 17:13:07",1
"Huérfanos","a2bec9ef-28a6-41cb-937b-adaf51dd5ca7","2025-03-29 17:13:07","a2bec9ef-28a6-41cb-937b-adaf51dd5ca7","2025-03-29 17:13:07",1
"Cementerios","a2bec9ef-28a6-41cb-937b-adaf51dd5ca7","2025-03-29 17:13:07","a2bec9ef-28a6-41cb-937b-adaf51dd5ca7","2025-03-29 17:13:07",1
"Paranormal","a2bec9ef-28a6-41cb-937b-adaf51dd5ca7","2025-03-29 17:13:07","a2bec9ef-28a6-41cb-937b-adaf51dd5ca7","2025-03-29 17:13:07",1
"Supernatural--fiction","a2bec9ef-28a6-41cb-937b-adaf51dd5ca7","2025-03-29 17:13:07","a2bec9ef-28a6-41cb-937b-adaf51dd5ca7","2025-03-29 17:13:07",1
"Dead--fiction","a2bec9ef-28a6-41cb-937b-adaf51dd5ca7","2025-03-29 17:13:07","a2bec9ef-28a6-41cb-937b-adaf51dd5ca7","2025-03-29 17:13:07",1
"Cemeteries--fiction","a2bec9ef-28a6-41cb-937b-adaf51dd5ca7","2025-03-29 17:13:07","a2bec9ef-28a6-41cb-937b-adaf51dd5ca7","2025-03-29 17:13:07",1
"Dead--juvenile fiction","a2bec9ef-28a6-41cb-937b-adaf51dd5ca7","2025-03-29 17:13:07","a2bec9ef-28a6-41cb-937b-adaf51dd5ca7","2025-03-29 17:13:07",1
"Cemeteries--juvenile fiction","a2bec9ef-28a6-41cb-937b-adaf51dd5ca7","2025-03-29 17:13:07","a2bec9ef-28a6-41cb-937b-adaf51dd5ca7","2025-03-29 17:13:07",1
"Orphans--juvenile fiction","a2bec9ef-28a6-41cb-937b-adaf51dd5ca7","2025-03-29 17:13:07","a2bec9ef-28a6-41cb-937b-adaf51dd5ca7","2025-03-29 17:13:07",1
"Pz7.g1273 gr 2008","a2bec9ef-28a6-41cb-937b-adaf51dd5ca7","2025-03-29 17:13:07","a2bec9ef-28a6-41cb-937b-adaf51dd5ca7","2025-03-29 17:13:07",1
"lexile:820","a2bec9ef-28a6-41cb-937b-adaf51dd5ca7","2025-03-29 17:13:07","a2bec9ef-28a6-41cb-937b-adaf51dd5ca7","2025-03-29 17:13:07",1
"lexile_range:801-900","a2bec9ef-28a6-41cb-937b-adaf51dd5ca7","2025-03-29 17:13:07","a2bec9ef-28a6-41cb-937b-adaf51dd5ca7","2025-03-29 17:13:07",1
"age:min:10","a2bec9ef-28a6-41cb-937b-adaf51dd5ca7","2025-03-29 17:13:07","a2bec9ef-28a6-41cb-937b-adaf51dd5ca7","2025-03-29 17:13:07",1
"age:max:12","a2bec9ef-28a6-41cb-937b-adaf51dd5ca7","2025-03-29 17:13:07","a2bec9ef-28a6-41cb-937b-adaf51dd5ca7","2025-03-29 17:13:07",1
"grade:max:6","a2bec9ef-28a6-41cb-937b-adaf51dd5ca7","2025-03-29 17:13:07","a2bec9ef-28a6-41cb-937b-adaf51dd5ca7","2025-03-29 17:13:07",1
"Fiction, science fiction, short stories","a2bec9ef-28a6-41cb-937b-adaf51dd5ca7","2025-03-29 17:13:07","a2bec9ef-28a6-41cb-937b-adaf51dd5ca7","2025-03-29 17:13:07",1
"nyt:trade-fiction-paperback=2016-12-04","a2bec9ef-28a6-41cb-937b-adaf51dd5ca7","2025-03-29 17:13:07","a2bec9ef-28a6-41cb-937b-adaf51dd5ca7","2025-03-29 17:13:07",1
"Automation","a2bec9ef-28a6-41cb-937b-adaf51dd5ca7","2025-03-29 17:13:07","a2bec9ef-28a6-41cb-937b-adaf51dd5ca7","2025-03-29 17:13:07",1
"Adaptability (Psychology)","a2bec9ef-28a6-41cb-937b-adaf51dd5ca7","2025-03-29 17:13:07","a2bec9ef-28a6-41cb-937b-adaf51dd5ca7","2025-03-29 17:13:07",1
"FICTION / Science Fiction / General","a2bec9ef-28a6-41cb-937b-adaf51dd5ca7","2025-03-29 17:13:07","a2bec9ef-28a6-41cb-937b-adaf51dd5ca7","2025-03-29 17:13:07",1
"FICTION / Short Stories (single author)","a2bec9ef-28a6-41cb-937b-adaf51dd5ca7","2025-03-29 17:13:07","a2bec9ef-28a6-41cb-937b-adaf51dd5ca7","2025-03-29 17:13:07",1
"Science fiction, american","a2bec9ef-28a6-41cb-937b-adaf51dd5ca7","2025-03-29 17:13:07","a2bec9ef-28a6-41cb-937b-adaf51dd5ca7","2025-03-29 17:13:07",1
"Ps3603.h53 s76 2002","a2bec9ef-28a6-41cb-937b-adaf51dd5ca7","2025-03-29 17:13:07","a2bec9ef-28a6-41cb-937b-adaf51dd5ca7","2025-03-29 17:13:07",1
"813/.6","a2bec9ef-28a6-41cb-937b-adaf51dd5ca7","2025-03-29 17:13:07","a2bec9ef-28a6-41cb-937b-adaf51dd5ca7","2025-03-29 17:13:07",1
"Life change events--fiction","a2bec9ef-28a6-41cb-937b-adaf51dd5ca7","2025-03-29 17:13:07","a2bec9ef-28a6-41cb-937b-adaf51dd5ca7","2025-03-29 17:13:07",1
"Change (psychology)--fiction","a2bec9ef-28a6-41cb-937b-adaf51dd5ca7","2025-03-29 17:13:07","a2bec9ef-28a6-41cb-937b-adaf51dd5ca7","2025-03-29 17:13:07",1
"Automation--fiction","a2bec9ef-28a6-41cb-937b-adaf51dd5ca7","2025-03-29 17:13:07","a2bec9ef-28a6-41cb-937b-adaf51dd5ca7","2025-03-29 17:13:07",1
"Human-alien encounters--fiction","a2bec9ef-28a6-41cb-937b-adaf51dd5ca7","2025-03-29 17:13:07","a2bec9ef-28a6-41cb-937b-adaf51dd5ca7","2025-03-29 17:13:07",1
"Adaptability (psychology)--fiction","a2bec9ef-28a6-41cb-937b-adaf51dd5ca7","2025-03-29 17:13:07","a2bec9ef-28a6-41cb-937b-adaf51dd5ca7","2025-03-29 17:13:07",1
"Ps3603.h53 a6 2016","a2bec9ef-28a6-41cb-937b-adaf51dd5ca7","2025-03-29 17:13:07","a2bec9ef-28a6-41cb-937b-adaf51dd5ca7","2025-03-29 17:13:07",1
"Fic028000 fic029000","a2bec9ef-28a6-41cb-937b-adaf51dd5ca7","2025-03-29 17:13:07","a2bec9ef-28a6-41cb-937b-adaf51dd5ca7","2025-03-29 17:13:07",1
"Fiction, science fiction, collections & anthologies","a2bec9ef-28a6-41cb-937b-adaf51dd5ca7","2025-03-29 17:13:07","a2bec9ef-28a6-41cb-937b-adaf51dd5ca7","2025-03-29 17:13:07",1
"speculative fiction","a2bec9ef-28a6-41cb-937b-adaf51dd5ca7","2025-03-29 17:13:07","a2bec9ef-28a6-41cb-937b-adaf51dd5ca7","2025-03-29 17:13:07",1
"Short Stories (single author)","a2bec9ef-28a6-41cb-937b-adaf51dd5ca7","2025-03-29 17:13:07","a2bec9ef-28a6-41cb-937b-adaf51dd5ca7","2025-03-29 17:13:07",1
"Crime & Mystery","a2bec9ef-28a6-41cb-937b-adaf51dd5ca7","2025-03-29 17:13:07","a2bec9ef-28a6-41cb-937b-adaf51dd5ca7","2025-03-29 17:13:07",1
"classic fiction","a2bec9ef-28a6-41cb-937b-adaf51dd5ca7","2025-03-29 17:13:07","a2bec9ef-28a6-41cb-937b-adaf51dd5ca7","2025-03-29 17:13:07",1
"Andamanese","a2bec9ef-28a6-41cb-937b-adaf51dd5ca7","2025-03-29 17:13:07","a2bec9ef-28a6-41cb-937b-adaf51dd5ca7","2025-03-29 17:13:07",1
"arrow poisons","a2bec9ef-28a6-41cb-937b-adaf51dd5ca7","2025-03-29 17:13:07","a2bec9ef-28a6-41cb-937b-adaf51dd5ca7","2025-03-29 17:13:07",1
"bloguns","a2bec9ef-28a6-41cb-937b-adaf51dd5ca7","2025-03-29 17:13:07","a2bec9ef-28a6-41cb-937b-adaf51dd5ca7","2025-03-29 17:13:07",1
"convicts","a2bec9ef-28a6-41cb-937b-adaf51dd5ca7","2025-03-29 17:13:07","a2bec9ef-28a6-41cb-937b-adaf51dd5ca7","2025-03-29 17:13:07",1
"crime & mystery fiction","a2bec9ef-28a6-41cb-937b-adaf51dd5ca7","2025-03-29 17:13:07","a2bec9ef-28a6-41cb-937b-adaf51dd5ca7","2025-03-29 17:13:07",1
"crocodiles","a2bec9ef-28a6-41cb-937b-adaf51dd5ca7","2025-03-29 17:13:07","a2bec9ef-28a6-41cb-937b-adaf51dd5ca7","2025-03-29 17:13:07",1
"Detective and mystery fiction","a2bec9ef-28a6-41cb-937b-adaf51dd5ca7","2025-03-29 17:13:07","a2bec9ef-28a6-41cb-937b-adaf51dd5ca7","2025-03-29 17:13:07",1
"Fiction Classics","a2bec9ef-28a6-41cb-937b-adaf51dd5ca7","2025-03-29 17:13:07","a2bec9ef-28a6-41cb-937b-adaf51dd5ca7","2025-03-29 17:13:07",1
"Indian Rebellion of 1857","a2bec9ef-28a6-41cb-937b-adaf51dd5ca7","2025-03-29 17:13:07","a2bec9ef-28a6-41cb-937b-adaf51dd5ca7","2025-03-29 17:13:07",1
"launches","a2bec9ef-28a6-41cb-937b-adaf51dd5ca7","2025-03-29 17:13:07","a2bec9ef-28a6-41cb-937b-adaf51dd5ca7","2025-03-29 17:13:07",1
"Mystery & Suspense","a2bec9ef-28a6-41cb-937b-adaf51dd5ca7","2025-03-29 17:13:07","a2bec9ef-28a6-41cb-937b-adaf51dd5ca7","2025-03-29 17:13:07",1
"novel","a2bec9ef-28a6-41cb-937b-adaf51dd5ca7","2025-03-29 17:13:07","a2bec9ef-28a6-41cb-937b-adaf51dd5ca7","2025-03-29 17:13:07",1
"private investigators","a2bec9ef-28a6-41cb-937b-adaf51dd5ca7","2025-03-29 17:13:07","a2bec9ef-28a6-41cb-937b-adaf51dd5ca7","2025-03-29 17:13:07",1
"substance abuse","a2bec9ef-28a6-41cb-937b-adaf51dd5ca7","2025-03-29 17:13:07","a2bec9ef-28a6-41cb-937b-adaf51dd5ca7","2025-03-29 17:13:07",1
"tea plantations","a2bec9ef-28a6-41cb-937b-adaf51dd5ca7","2025-03-29 17:13:07","a2bec9ef-28a6-41cb-937b-adaf51dd5ca7","2025-03-29 17:13:07",1
"treasure","a2bec9ef-28a6-41cb-937b-adaf51dd5ca7","2025-03-29 17:13:07","a2bec9ef-28a6-41cb-937b-adaf51dd5ca7","2025-03-29 17:13:07",1
"waylaying","a2bec9ef-28a6-41cb-937b-adaf51dd5ca7","2025-03-29 17:13:07","a2bec9ef-28a6-41cb-937b-adaf51dd5ca7","2025-03-29 17:13:07",1
"Fiction, crime","a2bec9ef-28a6-41cb-937b-adaf51dd5ca7","2025-03-29 17:13:07","a2bec9ef-28a6-41cb-937b-adaf51dd5ca7","2025-03-29 17:13:07",1
"Texts","a2bec9ef-28a6-41cb-937b-adaf51dd5ca7","2025-03-29 17:13:07","a2bec9ef-28a6-41cb-937b-adaf51dd5ca7","2025-03-29 17:13:07",1
"Shorthand","a2bec9ef-28a6-41cb-937b-adaf51dd5ca7","2025-03-29 17:13:07","a2bec9ef-28a6-41cb-937b-adaf51dd5ca7","2025-03-29 17:13:07",1
"Holmes, Sherlock (Fictitious character) -- Fiction","a2bec9ef-28a6-41cb-937b-adaf51dd5ca7","2025-03-29 17:13:07","a2bec9ef-28a6-41cb-937b-adaf51dd5ca7","2025-03-29 17:13:07",1
"Private investigators -- England -- Fiction","a2bec9ef-28a6-41cb-937b-adaf51dd5ca7","2025-03-29 17:13:07","a2bec9ef-28a6-41cb-937b-adaf51dd5ca7","2025-03-29 17:13:07",1
"John H Watson","a2bec9ef-28a6-41cb-937b-adaf51dd5ca7","2025-03-29 17:13:07","a2bec9ef-28a6-41cb-937b-adaf51dd5ca7","2025-03-29 17:13:07",1
"Science-fiction américaine","a2bec9ef-28a6-41cb-937b-adaf51dd5ca7","2025-03-29 17:13:07","a2bec9ef-28a6-41cb-937b-adaf51dd5ca7","2025-03-29 17:13:07",1
"Intuition","a2bec9ef-28a6-41cb-937b-adaf51dd5ca7","2025-03-29 17:13:07","a2bec9ef-28a6-41cb-937b-adaf51dd5ca7","2025-03-29 17:13:07",1
"Reasoning","a2bec9ef-28a6-41cb-937b-adaf51dd5ca7","2025-03-29 17:13:07","a2bec9ef-28a6-41cb-937b-adaf51dd5ca7","2025-03-29 17:13:07",1
"Thinking","a2bec9ef-28a6-41cb-937b-adaf51dd5ca7","2025-03-29 17:13:07","a2bec9ef-28a6-41cb-937b-adaf51dd5ca7","2025-03-29 17:13:07",1
"Kognition","a2bec9ef-28a6-41cb-937b-adaf51dd5ca7","2025-03-29 17:13:07","a2bec9ef-28a6-41cb-937b-adaf51dd5ca7","2025-03-29 17:13:07",1
"77.32 intelligence, creativity","a2bec9ef-28a6-41cb-937b-adaf51dd5ca7","2025-03-29 17:13:07","a2bec9ef-28a6-41cb-937b-adaf51dd5ca7","2025-03-29 17:13:07",1
"Reason","a2bec9ef-28a6-41cb-937b-adaf51dd5ca7","2025-03-29 17:13:07","a2bec9ef-28a6-41cb-937b-adaf51dd5ca7","2025-03-29 17:13:07",1
"Cognition","a2bec9ef-28a6-41cb-937b-adaf51dd5ca7","2025-03-29 17:13:07","a2bec9ef-28a6-41cb-937b-adaf51dd5ca7","2025-03-29 17:13:07",1
"Schlussfolgern","a2bec9ef-28a6-41cb-937b-adaf51dd5ca7","2025-03-29 17:13:07","a2bec9ef-28a6-41cb-937b-adaf51dd5ca7","2025-03-29 17:13:07",1
"Entscheidungsfindung","a2bec9ef-28a6-41cb-937b-adaf51dd5ca7","2025-03-29 17:13:07","a2bec9ef-28a6-41cb-937b-adaf51dd5ca7","2025-03-29 17:13:07",1
"Priming","a2bec9ef-28a6-41cb-937b-adaf51dd5ca7","2025-03-29 17:13:07","a2bec9ef-28a6-41cb-937b-adaf51dd5ca7","2025-03-29 17:13:07",1
"Spiegel-Bestseller","a2bec9ef-28a6-41cb-937b-adaf51dd5ca7","2025-03-29 17:13:07","a2bec9ef-28a6-41cb-937b-adaf51dd5ca7","2025-03-29 17:13:07",1
"Verhaltensökonomie","a2bec9ef-28a6-41cb-937b-adaf51dd5ca7","2025-03-29 17:13:07","a2bec9ef-28a6-41cb-937b-adaf51dd5ca7","2025-03-29 17:13:07",1
"Zwei Systeme","a2bec9ef-28a6-41cb-937b-adaf51dd5ca7","2025-03-29 17:13:07","a2bec9ef-28a6-41cb-937b-adaf51dd5ca7","2025-03-29 17:13:07",1
"2970: Taschenbuch / Sachbücher/Politik, Gesellschaft, Wirtschaft","a2bec9ef-28a6-41cb-937b-adaf51dd5ca7","2025-03-29 17:13:07","a2bec9ef-28a6-41cb-937b-adaf51dd5ca7","2025-03-29 17:13:07",1
"Bf441 .k238 2011","a2bec9ef-28a6-41cb-937b-adaf51dd5ca7","2025-03-29 17:13:07","a2bec9ef-28a6-41cb-937b-adaf51dd5ca7","2025-03-29 17:13:07",1
"2012 a-186","a2bec9ef-28a6-41cb-937b-adaf51dd5ca7","2025-03-29 17:13:07","a2bec9ef-28a6-41cb-937b-adaf51dd5ca7","2025-03-29 17:13:07",1
"Bf 441","a2bec9ef-28a6-41cb-937b-adaf51dd5ca7","2025-03-29 17:13:07","a2bec9ef-28a6-41cb-937b-adaf51dd5ca7","2025-03-29 17:13:07",1
"Bf 441 k12 2011","a2bec9ef-28a6-41cb-937b-adaf51dd5ca7","2025-03-29 17:13:07","a2bec9ef-28a6-41cb-937b-adaf51dd5ca7","2025-03-29 17:13:07",1
"153.4/2","a2bec9ef-28a6-41cb-937b-adaf51dd5ca7","2025-03-29 17:13:07","a2bec9ef-28a6-41cb-937b-adaf51dd5ca7","2025-03-29 17:13:07",1
"Nyt:hardcover_business_books=2012-02-25","a2bec9ef-28a6-41cb-937b-adaf51dd5ca7","2025-03-29 17:13:07","a2bec9ef-28a6-41cb-937b-adaf51dd5ca7","2025-03-29 17:13:07",1
"Tankande","a2bec9ef-28a6-41cb-937b-adaf51dd5ca7","2025-03-29 17:13:07","a2bec9ef-28a6-41cb-937b-adaf51dd5ca7","2025-03-29 17:13:07",1
"Beslutsfattande","a2bec9ef-28a6-41cb-937b-adaf51dd5ca7","2025-03-29 17:13:07","a2bec9ef-28a6-41cb-937b-adaf51dd5ca7","2025-03-29 17:13:07",1
"Besliskunde","a2bec9ef-28a6-41cb-937b-adaf51dd5ca7","2025-03-29 17:13:07","a2bec9ef-28a6-41cb-937b-adaf51dd5ca7","2025-03-29 17:13:07",1
"Resonerande","a2bec9ef-28a6-41cb-937b-adaf51dd5ca7","2025-03-29 17:13:07","a2bec9ef-28a6-41cb-937b-adaf51dd5ca7","2025-03-29 17:13:07",1
"Tänkande","a2bec9ef-28a6-41cb-937b-adaf51dd5ca7","2025-03-29 17:13:07","a2bec9ef-28a6-41cb-937b-adaf51dd5ca7","2025-03-29 17:13:07",1
"Trantorian empire (imaginary place), fiction","a2bec9ef-28a6-41cb-937b-adaf51dd5ca7","2025-03-29 17:13:07","a2bec9ef-28a6-41cb-937b-adaf51dd5ca7","2025-03-29 17:13:07",1
"award:retro_hugo","a2bec9ef-28a6-41cb-937b-adaf51dd5ca7","2025-03-29 17:13:07","a2bec9ef-28a6-41cb-937b-adaf51dd5ca7","2025-03-29 17:13:07",1
"Color","a2bec9ef-28a6-41cb-937b-adaf51dd5ca7","2025-03-29 17:13:07","a2bec9ef-28a6-41cb-937b-adaf51dd5ca7","2025-03-29 17:13:07",1
"Japanese language","a2bec9ef-28a6-41cb-937b-adaf51dd5ca7","2025-03-29 17:13:07","a2bec9ef-28a6-41cb-937b-adaf51dd5ca7","2025-03-29 17:13:07",1
"Colores","a2bec9ef-28a6-41cb-937b-adaf51dd5ca7","2025-03-29 17:13:07","a2bec9ef-28a6-41cb-937b-adaf51dd5ca7","2025-03-29 17:13:07",1
"Animales","a2bec9ef-28a6-41cb-937b-adaf51dd5ca7","2025-03-29 17:13:07","a2bec9ef-28a6-41cb-937b-adaf51dd5ca7","2025-03-29 17:13:07",1
"Rhyme","a2bec9ef-28a6-41cb-937b-adaf51dd5ca7","2025-03-29 17:13:07","a2bec9ef-28a6-41cb-937b-adaf51dd5ca7","2025-03-29 17:13:07",1
"Bears","a2bec9ef-28a6-41cb-937b-adaf51dd5ca7","2025-03-29 17:13:07","a2bec9ef-28a6-41cb-937b-adaf51dd5ca7","2025-03-29 17:13:07",1
"Color, fiction","a2bec9ef-28a6-41cb-937b-adaf51dd5ca7","2025-03-29 17:13:07","a2bec9ef-28a6-41cb-937b-adaf51dd5ca7","2025-03-29 17:13:07",1
"Bilingual books, spanish-english","a2bec9ef-28a6-41cb-937b-adaf51dd5ca7","2025-03-29 17:13:07","a2bec9ef-28a6-41cb-937b-adaf51dd5ca7","2025-03-29 17:13:07",1
"Bears, fiction","a2bec9ef-28a6-41cb-937b-adaf51dd5ca7","2025-03-29 17:13:07","a2bec9ef-28a6-41cb-937b-adaf51dd5ca7","2025-03-29 17:13:07",1
"Senses and sensation, fiction","a2bec9ef-28a6-41cb-937b-adaf51dd5ca7","2025-03-29 17:13:07","a2bec9ef-28a6-41cb-937b-adaf51dd5ca7","2025-03-29 17:13:07",1
"Color -- Fiction","a2bec9ef-28a6-41cb-937b-adaf51dd5ca7","2025-03-29 17:13:07","a2bec9ef-28a6-41cb-937b-adaf51dd5ca7","2025-03-29 17:13:07",1
"Animals -- Fiction","a2bec9ef-28a6-41cb-937b-adaf51dd5ca7","2025-03-29 17:13:07","a2bec9ef-28a6-41cb-937b-adaf51dd5ca7","2025-03-29 17:13:07",1
"picture books","a2bec9ef-28a6-41cb-937b-adaf51dd5ca7","2025-03-29 17:13:07","a2bec9ef-28a6-41cb-937b-adaf51dd5ca7","2025-03-29 17:13:07",1
"board books","a2bec9ef-28a6-41cb-937b-adaf51dd5ca7","2025-03-29 17:13:07","a2bec9ef-28a6-41cb-937b-adaf51dd5ca7","2025-03-29 17:13:07",1
"Animals, habits and behavior, fiction","a2bec9ef-28a6-41cb-937b-adaf51dd5ca7","2025-03-29 17:13:07","a2bec9ef-28a6-41cb-937b-adaf51dd5ca7","2025-03-29 17:13:07",1
"Materiales bilingües en español","a2bec9ef-28a6-41cb-937b-adaf51dd5ca7","2025-03-29 17:13:07","a2bec9ef-28a6-41cb-937b-adaf51dd5ca7","2025-03-29 17:13:07",1
"Panjabi language materials","a2bec9ef-28a6-41cb-937b-adaf51dd5ca7","2025-03-29 17:13:07","a2bec9ef-28a6-41cb-937b-adaf51dd5ca7","2025-03-29 17:13:07",1
"Color, juvenile literature","a2bec9ef-28a6-41cb-937b-adaf51dd5ca7","2025-03-29 17:13:07","a2bec9ef-28a6-41cb-937b-adaf51dd5ca7","2025-03-29 17:13:07",1
"Animals, pictorial works","a2bec9ef-28a6-41cb-937b-adaf51dd5ca7","2025-03-29 17:13:07","a2bec9ef-28a6-41cb-937b-adaf51dd5ca7","2025-03-29 17:13:07",1
"Animals, juvenile literature","a2bec9ef-28a6-41cb-937b-adaf51dd5ca7","2025-03-29 17:13:07","a2bec9ef-28a6-41cb-937b-adaf51dd5ca7","2025-03-29 17:13:07",1
"Indians of north america, medicine","a2bec9ef-28a6-41cb-937b-adaf51dd5ca7","2025-03-29 17:13:07","a2bec9ef-28a6-41cb-937b-adaf51dd5ca7","2025-03-29 17:13:07",1
"Color -- Juvenile fiction","a2bec9ef-28a6-41cb-937b-adaf51dd5ca7","2025-03-29 17:13:07","a2bec9ef-28a6-41cb-937b-adaf51dd5ca7","2025-03-29 17:13:07",1
"Spanish language materials -- Bilingual","a2bec9ef-28a6-41cb-937b-adaf51dd5ca7","2025-03-29 17:13:07","a2bec9ef-28a6-41cb-937b-adaf51dd5ca7","2025-03-29 17:13:07",1
"Color -- Ficción juvenil","a2bec9ef-28a6-41cb-937b-adaf51dd5ca7","2025-03-29 17:13:07","a2bec9ef-28a6-41cb-937b-adaf51dd5ca7","2025-03-29 17:13:07",1
"Animales -- Ficción juvenil","a2bec9ef-28a6-41cb-937b-adaf51dd5ca7","2025-03-29 17:13:07","a2bec9ef-28a6-41cb-937b-adaf51dd5ca7","2025-03-29 17:13:07",1
"Couleur","a2bec9ef-28a6-41cb-937b-adaf51dd5ca7","2025-03-29 17:13:07","a2bec9ef-28a6-41cb-937b-adaf51dd5ca7","2025-03-29 17:13:07",1
"Somali language","a2bec9ef-28a6-41cb-937b-adaf51dd5ca7","2025-03-29 17:13:07","a2bec9ef-28a6-41cb-937b-adaf51dd5ca7","2025-03-29 17:13:07",1
"Yoruba language","a2bec9ef-28a6-41cb-937b-adaf51dd5ca7","2025-03-29 17:13:07","a2bec9ef-28a6-41cb-937b-adaf51dd5ca7","2025-03-29 17:13:07",1
"Vimes, Samuel (Fictitious character) -- Fiction.","a2bec9ef-28a6-41cb-937b-adaf51dd5ca7","2025-03-29 17:13:07","a2bec9ef-28a6-41cb-937b-adaf51dd5ca7","2025-03-29 17:13:07",1
"Family violence","a2bec9ef-28a6-41cb-937b-adaf51dd5ca7","2025-03-29 17:13:07","a2bec9ef-28a6-41cb-937b-adaf51dd5ca7","2025-03-29 17:13:07",1
"Artists","a2bec9ef-28a6-41cb-937b-adaf51dd5ca7","2025-03-29 17:13:07","a2bec9ef-28a6-41cb-937b-adaf51dd5ca7","2025-03-29 17:13:07",1
"Psychotherapy patients","a2bec9ef-28a6-41cb-937b-adaf51dd5ca7","2025-03-29 17:13:07","a2bec9ef-28a6-41cb-937b-adaf51dd5ca7","2025-03-29 17:13:07",1
"grief","a2bec9ef-28a6-41cb-937b-adaf51dd5ca7","2025-03-29 17:13:07","a2bec9ef-28a6-41cb-937b-adaf51dd5ca7","2025-03-29 17:13:07",1
"regret","a2bec9ef-28a6-41cb-937b-adaf51dd5ca7","2025-03-29 17:13:07","a2bec9ef-28a6-41cb-937b-adaf51dd5ca7","2025-03-29 17:13:07",1
"second chances","a2bec9ef-28a6-41cb-937b-adaf51dd5ca7","2025-03-29 17:13:07","a2bec9ef-28a6-41cb-937b-adaf51dd5ca7","2025-03-29 17:13:07",1
"Action & Adventure Fiction","a2bec9ef-28a6-41cb-937b-adaf51dd5ca7","2025-03-29 17:13:07","a2bec9ef-28a6-41cb-937b-adaf51dd5ca7","2025-03-29 17:13:07",1
"air guns","a2bec9ef-28a6-41cb-937b-adaf51dd5ca7","2025-03-29 17:13:07","a2bec9ef-28a6-41cb-937b-adaf51dd5ca7","2025-03-29 17:13:07",1
"Americans","a2bec9ef-28a6-41cb-937b-adaf51dd5ca7","2025-03-29 17:13:07","a2bec9ef-28a6-41cb-937b-adaf51dd5ca7","2025-03-29 17:13:07",1
"ancestors","a2bec9ef-28a6-41cb-937b-adaf51dd5ca7","2025-03-29 17:13:07","a2bec9ef-28a6-41cb-937b-adaf51dd5ca7","2025-03-29 17:13:07",1
"anise","a2bec9ef-28a6-41cb-937b-adaf51dd5ca7","2025-03-29 17:13:07","a2bec9ef-28a6-41cb-937b-adaf51dd5ca7","2025-03-29 17:13:07",1
"anonymity","a2bec9ef-28a6-41cb-937b-adaf51dd5ca7","2025-03-29 17:13:07","a2bec9ef-28a6-41cb-937b-adaf51dd5ca7","2025-03-29 17:13:07",1
"aortic aneurysm","a2bec9ef-28a6-41cb-937b-adaf51dd5ca7","2025-03-29 17:13:07","a2bec9ef-28a6-41cb-937b-adaf51dd5ca7","2025-03-29 17:13:07",1
"asphyxiation","a2bec9ef-28a6-41cb-937b-adaf51dd5ca7","2025-03-29 17:13:07","a2bec9ef-28a6-41cb-937b-adaf51dd5ca7","2025-03-29 17:13:07",1
"attempted murder","a2bec9ef-28a6-41cb-937b-adaf51dd5ca7","2025-03-29 17:13:07","a2bec9ef-28a6-41cb-937b-adaf51dd5ca7","2025-03-29 17:13:07",1
"baritsu","a2bec9ef-28a6-41cb-937b-adaf51dd5ca7","2025-03-29 17:13:07","a2bec9ef-28a6-41cb-937b-adaf51dd5ca7","2025-03-29 17:13:07",1
"Battle of Maiwand","a2bec9ef-28a6-41cb-937b-adaf51dd5ca7","2025-03-29 17:13:07","a2bec9ef-28a6-41cb-937b-adaf51dd5ca7","2025-03-29 17:13:07",1
"blackmail","a2bec9ef-28a6-41cb-937b-adaf51dd5ca7","2025-03-29 17:13:07","a2bec9ef-28a6-41cb-937b-adaf51dd5ca7","2025-03-29 17:13:07",1
"brandy","a2bec9ef-28a6-41cb-937b-adaf51dd5ca7","2025-03-29 17:13:07","a2bec9ef-28a6-41cb-937b-adaf51dd5ca7","2025-03-29 17:13:07",1
"brokers","a2bec9ef-28a6-41cb-937b-adaf51dd5ca7","2025-03-29 17:13:07","a2bec9ef-28a6-41cb-937b-adaf51dd5ca7","2025-03-29 17:13:07",1
"broughams","a2bec9ef-28a6-41cb-937b-adaf51dd5ca7","2025-03-29 17:13:07","a2bec9ef-28a6-41cb-937b-adaf51dd5ca7","2025-03-29 17:13:07",1
"burglary","a2bec9ef-28a6-41cb-937b-adaf51dd5ca7","2025-03-29 17:13:07","a2bec9ef-28a6-41cb-937b-adaf51dd5ca7","2025-03-29 17:13:07",1
"butlers","a2bec9ef-28a6-41cb-937b-adaf51dd5ca7","2025-03-29 17:13:07","a2bec9ef-28a6-41cb-937b-adaf51dd5ca7","2025-03-29 17:13:07",1
"cattle","a2bec9ef-28a6-41cb-937b-adaf51dd5ca7","2025-03-29 17:13:07","a2bec9ef-28a6-41cb-937b-adaf51dd5ca7","2025-03-29 17:13:07",1
"cavaliers","a2bec9ef-28a6-41cb-937b-adaf51dd5ca7","2025-03-29 17:13:07","a2bec9ef-28a6-41cb-937b-adaf51dd5ca7","2025-03-29 17:13:07",1
"clerks","a2bec9ef-28a6-41cb-937b-adaf51dd5ca7","2025-03-29 17:13:07","a2bec9ef-28a6-41cb-937b-adaf51dd5ca7","2025-03-29 17:13:07",1
"coal tar","a2bec9ef-28a6-41cb-937b-adaf51dd5ca7","2025-03-29 17:13:07","a2bec9ef-28a6-41cb-937b-adaf51dd5ca7","2025-03-29 17:13:07",1
"coffee","a2bec9ef-28a6-41cb-937b-adaf51dd5ca7","2025-03-29 17:13:07","a2bec9ef-28a6-41cb-937b-adaf51dd5ca7","2025-03-29 17:13:07",1
"constables","a2bec9ef-28a6-41cb-937b-adaf51dd5ca7","2025-03-29 17:13:07","a2bec9ef-28a6-41cb-937b-adaf51dd5ca7","2025-03-29 17:13:07",1
"consumption","a2bec9ef-28a6-41cb-937b-adaf51dd5ca7","2025-03-29 17:13:07","a2bec9ef-28a6-41cb-937b-adaf51dd5ca7","2025-03-29 17:13:07",1
"convict","a2bec9ef-28a6-41cb-937b-adaf51dd5ca7","2025-03-29 17:13:07","a2bec9ef-28a6-41cb-937b-adaf51dd5ca7","2025-03-29 17:13:07",1
"cottages","a2bec9ef-28a6-41cb-937b-adaf51dd5ca7","2025-03-29 17:13:07","a2bec9ef-28a6-41cb-937b-adaf51dd5ca7","2025-03-29 17:13:07",1
"crime bosses","a2bec9ef-28a6-41cb-937b-adaf51dd5ca7","2025-03-29 17:13:07","a2bec9ef-28a6-41cb-937b-adaf51dd5ca7","2025-03-29 17:13:07",1
"crime scenes","a2bec9ef-28a6-41cb-937b-adaf51dd5ca7","2025-03-29 17:13:07","a2bec9ef-28a6-41cb-937b-adaf51dd5ca7","2025-03-29 17:13:07",1
"deformities","a2bec9ef-28a6-41cb-937b-adaf51dd5ca7","2025-03-29 17:13:07","a2bec9ef-28a6-41cb-937b-adaf51dd5ca7","2025-03-29 17:13:07",1
"defrocking","a2bec9ef-28a6-41cb-937b-adaf51dd5ca7","2025-03-29 17:13:07","a2bec9ef-28a6-41cb-937b-adaf51dd5ca7","2025-03-29 17:13:07",1
"detectives in literature","a2bec9ef-28a6-41cb-937b-adaf51dd5ca7","2025-03-29 17:13:07","a2bec9ef-28a6-41cb-937b-adaf51dd5ca7","2025-03-29 17:13:07",1
"dogs","a2bec9ef-28a6-41cb-937b-adaf51dd5ca7","2025-03-29 17:13:07","a2bec9ef-28a6-41cb-937b-adaf51dd5ca7","2025-03-29 17:13:07",1
"Egyptian cigarettes","a2bec9ef-28a6-41cb-937b-adaf51dd5ca7","2025-03-29 17:13:07","a2bec9ef-28a6-41cb-937b-adaf51dd5ca7","2025-03-29 17:13:07",1
"elms","a2bec9ef-28a6-41cb-937b-adaf51dd5ca7","2025-03-29 17:13:07","a2bec9ef-28a6-41cb-937b-adaf51dd5ca7","2025-03-29 17:13:07",1
"English children's stories","a2bec9ef-28a6-41cb-937b-adaf51dd5ca7","2025-03-29 17:13:07","a2bec9ef-28a6-41cb-937b-adaf51dd5ca7","2025-03-29 17:13:07",1
"extortion","a2bec9ef-28a6-41cb-937b-adaf51dd5ca7","2025-03-29 17:13:07","a2bec9ef-28a6-41cb-937b-adaf51dd5ca7","2025-03-29 17:13:07",1
"fingerprints","a2bec9ef-28a6-41cb-937b-adaf51dd5ca7","2025-03-29 17:13:07","a2bec9ef-28a6-41cb-937b-adaf51dd5ca7","2025-03-29 17:13:07",1
"forges","a2bec9ef-28a6-41cb-937b-adaf51dd5ca7","2025-03-29 17:13:07","a2bec9ef-28a6-41cb-937b-adaf51dd5ca7","2025-03-29 17:13:07",1
"frequency analysis","a2bec9ef-28a6-41cb-937b-adaf51dd5ca7","2025-03-29 17:13:07","a2bec9ef-28a6-41cb-937b-adaf51dd5ca7","2025-03-29 17:13:07",1
"gemstones","a2bec9ef-28a6-41cb-937b-adaf51dd5ca7","2025-03-29 17:13:07","a2bec9ef-28a6-41cb-937b-adaf51dd5ca7","2025-03-29 17:13:07",1
"gold","a2bec9ef-28a6-41cb-937b-adaf51dd5ca7","2025-03-29 17:13:07","a2bec9ef-28a6-41cb-937b-adaf51dd5ca7","2025-03-29 17:13:07",1
"handwriting","a2bec9ef-28a6-41cb-937b-adaf51dd5ca7","2025-03-29 17:13:07","a2bec9ef-28a6-41cb-937b-adaf51dd5ca7","2025-03-29 17:13:07",1
"hanging","a2bec9ef-28a6-41cb-937b-adaf51dd5ca7","2025-03-29 17:13:07","a2bec9ef-28a6-41cb-937b-adaf51dd5ca7","2025-03-29 17:13:07",1
"hemoglobin","a2bec9ef-28a6-41cb-937b-adaf51dd5ca7","2025-03-29 17:13:07","a2bec9ef-28a6-41cb-937b-adaf51dd5ca7","2025-03-29 17:13:07",1
"horse gaits","a2bec9ef-28a6-41cb-937b-adaf51dd5ca7","2025-03-29 17:13:07","a2bec9ef-28a6-41cb-937b-adaf51dd5ca7","2025-03-29 17:13:07",1
"horse racing","a2bec9ef-28a6-41cb-937b-adaf51dd5ca7","2025-03-29 17:13:07","a2bec9ef-28a6-41cb-937b-adaf51dd5ca7","2025-03-29 17:13:07",1
"horseshoes","a2bec9ef-28a6-41cb-937b-adaf51dd5ca7","2025-03-29 17:13:07","a2bec9ef-28a6-41cb-937b-adaf51dd5ca7","2025-03-29 17:13:07",1
"hurdling","a2bec9ef-28a6-41cb-937b-adaf51dd5ca7","2025-03-29 17:13:07","a2bec9ef-28a6-41cb-937b-adaf51dd5ca7","2025-03-29 17:13:07",1
"Intestacy","a2bec9ef-28a6-41cb-937b-adaf51dd5ca7","2025-03-29 17:13:07","a2bec9ef-28a6-41cb-937b-adaf51dd5ca7","2025-03-29 17:13:07",1
"Justices of the Peace","a2bec9ef-28a6-41cb-937b-adaf51dd5ca7","2025-03-29 17:13:07","a2bec9ef-28a6-41cb-937b-adaf51dd5ca7","2025-03-29 17:13:07",1
"kidnapping","a2bec9ef-28a6-41cb-937b-adaf51dd5ca7","2025-03-29 17:13:07","a2bec9ef-28a6-41cb-937b-adaf51dd5ca7","2025-03-29 17:13:07",1
"lecturers","a2bec9ef-28a6-41cb-937b-adaf51dd5ca7","2025-03-29 17:13:07","a2bec9ef-28a6-41cb-937b-adaf51dd5ca7","2025-03-29 17:13:07",1
"long jumpers","a2bec9ef-28a6-41cb-937b-adaf51dd5ca7","2025-03-29 17:13:07","a2bec9ef-28a6-41cb-937b-adaf51dd5ca7","2025-03-29 17:13:07",1
"maps","a2bec9ef-28a6-41cb-937b-adaf51dd5ca7","2025-03-29 17:13:07","a2bec9ef-28a6-41cb-937b-adaf51dd5ca7","2025-03-29 17:13:07",1
"meres","a2bec9ef-28a6-41cb-937b-adaf51dd5ca7","2025-03-29 17:13:07","a2bec9ef-28a6-41cb-937b-adaf51dd5ca7","2025-03-29 17:13:07",1
"mixed race children","a2bec9ef-28a6-41cb-937b-adaf51dd5ca7","2025-03-29 17:13:07","a2bec9ef-28a6-41cb-937b-adaf51dd5ca7","2025-03-29 17:13:07",1
"moorland","a2bec9ef-28a6-41cb-937b-adaf51dd5ca7","2025-03-29 17:13:07","a2bec9ef-28a6-41cb-937b-adaf51dd5ca7","2025-03-29 17:13:07",1
"murder-suicide","a2bec9ef-28a6-41cb-937b-adaf51dd5ca7","2025-03-29 17:13:07","a2bec9ef-28a6-41cb-937b-adaf51dd5ca7","2025-03-29 17:13:07",1
"Nihilism","a2bec9ef-28a6-41cb-937b-adaf51dd5ca7","2025-03-29 17:13:07","a2bec9ef-28a6-41cb-937b-adaf51dd5ca7","2025-03-29 17:13:07",1
"oaks","a2bec9ef-28a6-41cb-937b-adaf51dd5ca7","2025-03-29 17:13:07","a2bec9ef-28a6-41cb-937b-adaf51dd5ca7","2025-03-29 17:13:07",1
"opium","a2bec9ef-28a6-41cb-937b-adaf51dd5ca7","2025-03-29 17:13:07","a2bec9ef-28a6-41cb-937b-adaf51dd5ca7","2025-03-29 17:13:07",1
"penal labour","a2bec9ef-28a6-41cb-937b-adaf51dd5ca7","2025-03-29 17:13:07","a2bec9ef-28a6-41cb-937b-adaf51dd5ca7","2025-03-29 17:13:07",1
"pince-nez glasses","a2bec9ef-28a6-41cb-937b-adaf51dd5ca7","2025-03-29 17:13:07","a2bec9ef-28a6-41cb-937b-adaf51dd5ca7","2025-03-29 17:13:07",1
"pioneers","a2bec9ef-28a6-41cb-937b-adaf51dd5ca7","2025-03-29 17:13:07","a2bec9ef-28a6-41cb-937b-adaf51dd5ca7","2025-03-29 17:13:07",1
"plumbers","a2bec9ef-28a6-41cb-937b-adaf51dd5ca7","2025-03-29 17:13:07","a2bec9ef-28a6-41cb-937b-adaf51dd5ca7","2025-03-29 17:13:07",1
"poison","a2bec9ef-28a6-41cb-937b-adaf51dd5ca7","2025-03-29 17:13:07","a2bec9ef-28a6-41cb-937b-adaf51dd5ca7","2025-03-29 17:13:07",1
"police","a2bec9ef-28a6-41cb-937b-adaf51dd5ca7","2025-03-29 17:13:07","a2bec9ef-28a6-41cb-937b-adaf51dd5ca7","2025-03-29 17:13:07",1
"preparatory schools","a2bec9ef-28a6-41cb-937b-adaf51dd5ca7","2025-03-29 17:13:07","a2bec9ef-28a6-41cb-937b-adaf51dd5ca7","2025-03-29 17:13:07",1
"prime ministers","a2bec9ef-28a6-41cb-937b-adaf51dd5ca7","2025-03-29 17:13:07","a2bec9ef-28a6-41cb-937b-adaf51dd5ca7","2025-03-29 17:13:07",1
"proofs","a2bec9ef-28a6-41cb-937b-adaf51dd5ca7","2025-03-29 17:13:07","a2bec9ef-28a6-41cb-937b-adaf51dd5ca7","2025-03-29 17:13:07",1
"race horses","a2bec9ef-28a6-41cb-937b-adaf51dd5ca7","2025-03-29 17:13:07","a2bec9ef-28a6-41cb-937b-adaf51dd5ca7","2025-03-29 17:13:07",1
"ransoms","a2bec9ef-28a6-41cb-937b-adaf51dd5ca7","2025-03-29 17:13:07","a2bec9ef-28a6-41cb-937b-adaf51dd5ca7","2025-03-29 17:13:07",1
"redundancy","a2bec9ef-28a6-41cb-937b-adaf51dd5ca7","2025-03-29 17:13:07","a2bec9ef-28a6-41cb-937b-adaf51dd5ca7","2025-03-29 17:13:07",1
"Rhodesian Police","a2bec9ef-28a6-41cb-937b-adaf51dd5ca7","2025-03-29 17:13:07","a2bec9ef-28a6-41cb-937b-adaf51dd5ca7","2025-03-29 17:13:07",1
"riddles","a2bec9ef-28a6-41cb-937b-adaf51dd5ca7","2025-03-29 17:13:07","a2bec9ef-28a6-41cb-937b-adaf51dd5ca7","2025-03-29 17:13:07",1
"Romani","a2bec9ef-28a6-41cb-937b-adaf51dd5ca7","2025-03-29 17:13:07","a2bec9ef-28a6-41cb-937b-adaf51dd5ca7","2025-03-29 17:13:07",1
"rugby unions","a2bec9ef-28a6-41cb-937b-adaf51dd5ca7","2025-03-29 17:13:07","a2bec9ef-28a6-41cb-937b-adaf51dd5ca7","2025-03-29 17:13:07",1
"Russians","a2bec9ef-28a6-41cb-937b-adaf51dd5ca7","2025-03-29 17:13:07","a2bec9ef-28a6-41cb-937b-adaf51dd5ca7","2025-03-29 17:13:07",1
"scalpels","a2bec9ef-28a6-41cb-937b-adaf51dd5ca7","2025-03-29 17:13:07","a2bec9ef-28a6-41cb-937b-adaf51dd5ca7","2025-03-29 17:13:07",1
"scholarship","a2bec9ef-28a6-41cb-937b-adaf51dd5ca7","2025-03-29 17:13:07","a2bec9ef-28a6-41cb-937b-adaf51dd5ca7","2025-03-29 17:13:07",1
"school caps","a2bec9ef-28a6-41cb-937b-adaf51dd5ca7","2025-03-29 17:13:07","a2bec9ef-28a6-41cb-937b-adaf51dd5ca7","2025-03-29 17:13:07",1
"Scottish Terriers","a2bec9ef-28a6-41cb-937b-adaf51dd5ca7","2025-03-29 17:13:07","a2bec9ef-28a6-41cb-937b-adaf51dd5ca7","2025-03-29 17:13:07",1
"scrips","a2bec9ef-28a6-41cb-937b-adaf51dd5ca7","2025-03-29 17:13:07","a2bec9ef-28a6-41cb-937b-adaf51dd5ca7","2025-03-29 17:13:07",1
"Second Anglo-Afghan War","a2bec9ef-28a6-41cb-937b-adaf51dd5ca7","2025-03-29 17:13:07","a2bec9ef-28a6-41cb-937b-adaf51dd5ca7","2025-03-29 17:13:07",1
"secretaries of state","a2bec9ef-28a6-41cb-937b-adaf51dd5ca7","2025-03-29 17:13:07","a2bec9ef-28a6-41cb-937b-adaf51dd5ca7","2025-03-29 17:13:07",1
"soft-point bullets","a2bec9ef-28a6-41cb-937b-adaf51dd5ca7","2025-03-29 17:13:07","a2bec9ef-28a6-41cb-937b-adaf51dd5ca7","2025-03-29 17:13:07",1
"stick figures","a2bec9ef-28a6-41cb-937b-adaf51dd5ca7","2025-03-29 17:13:07","a2bec9ef-28a6-41cb-937b-adaf51dd5ca7","2025-03-29 17:13:07",1
"study","a2bec9ef-28a6-41cb-937b-adaf51dd5ca7","2025-03-29 17:13:07","a2bec9ef-28a6-41cb-937b-adaf51dd5ca7","2025-03-29 17:13:07",1
"substitution ciphers","a2bec9ef-28a6-41cb-937b-adaf51dd5ca7","2025-03-29 17:13:07","a2bec9ef-28a6-41cb-937b-adaf51dd5ca7","2025-03-29 17:13:07",1
"telegraphy","a2bec9ef-28a6-41cb-937b-adaf51dd5ca7","2025-03-29 17:13:07","a2bec9ef-28a6-41cb-937b-adaf51dd5ca7","2025-03-29 17:13:07",1
"tests","a2bec9ef-28a6-41cb-937b-adaf51dd5ca7","2025-03-29 17:13:07","a2bec9ef-28a6-41cb-937b-adaf51dd5ca7","2025-03-29 17:13:07",1
"The Church of Jesus Christ and Latter-day Saints","a2bec9ef-28a6-41cb-937b-adaf51dd5ca7","2025-03-29 17:13:07","a2bec9ef-28a6-41cb-937b-adaf51dd5ca7","2025-03-29 17:13:07",1
"tobacco pipes","a2bec9ef-28a6-41cb-937b-adaf51dd5ca7","2025-03-29 17:13:07","a2bec9ef-28a6-41cb-937b-adaf51dd5ca7","2025-03-29 17:13:07",1
"track spikes","a2bec9ef-28a6-41cb-937b-adaf51dd5ca7","2025-03-29 17:13:07","a2bec9ef-28a6-41cb-937b-adaf51dd5ca7","2025-03-29 17:13:07",1
"traps","a2bec9ef-28a6-41cb-937b-adaf51dd5ca7","2025-03-29 17:13:07","a2bec9ef-28a6-41cb-937b-adaf51dd5ca7","2025-03-29 17:13:07",1
"treaties","a2bec9ef-28a6-41cb-937b-adaf51dd5ca7","2025-03-29 17:13:07","a2bec9ef-28a6-41cb-937b-adaf51dd5ca7","2025-03-29 17:13:07",1
"Trichinopoly cigars","a2bec9ef-28a6-41cb-937b-adaf51dd5ca7","2025-03-29 17:13:07","a2bec9ef-28a6-41cb-937b-adaf51dd5ca7","2025-03-29 17:13:07",1
"tutors","a2bec9ef-28a6-41cb-937b-adaf51dd5ca7","2025-03-29 17:13:07","a2bec9ef-28a6-41cb-937b-adaf51dd5ca7","2025-03-29 17:13:07",1
"wax sculptures","a2bec9ef-28a6-41cb-937b-adaf51dd5ca7","2025-03-29 17:13:07","a2bec9ef-28a6-41cb-937b-adaf51dd5ca7","2025-03-29 17:13:07",1
"weddings","a2bec9ef-28a6-41cb-937b-adaf51dd5ca7","2025-03-29 17:13:07","a2bec9ef-28a6-41cb-937b-adaf51dd5ca7","2025-03-29 17:13:07",1
"whist","a2bec9ef-28a6-41cb-937b-adaf51dd5ca7","2025-03-29 17:13:07","a2bec9ef-28a6-41cb-937b-adaf51dd5ca7","2025-03-29 17:13:07",1
"yellow fever","a2bec9ef-28a6-41cb-937b-adaf51dd5ca7","2025-03-29 17:13:07","a2bec9ef-28a6-41cb-937b-adaf51dd5ca7","2025-03-29 17:13:07",1
"FICTION / Mystery & Detective / Traditional British","a2bec9ef-28a6-41cb-937b-adaf51dd5ca7","2025-03-29 17:13:07","a2bec9ef-28a6-41cb-937b-adaf51dd5ca7","2025-03-29 17:13:07",1
"Fiction, mystery & detective, short stories","a2bec9ef-28a6-41cb-937b-adaf51dd5ca7","2025-03-29 17:13:07","a2bec9ef-28a6-41cb-937b-adaf51dd5ca7","2025-03-29 17:13:07",1
"crime novel","a2bec9ef-28a6-41cb-937b-adaf51dd5ca7","2025-03-29 17:13:07","a2bec9ef-28a6-41cb-937b-adaf51dd5ca7","2025-03-29 17:13:07",1
"English Civil War","a2bec9ef-28a6-41cb-937b-adaf51dd5ca7","2025-03-29 17:13:07","a2bec9ef-28a6-41cb-937b-adaf51dd5ca7","2025-03-29 17:13:07",1
"mires","a2bec9ef-28a6-41cb-937b-adaf51dd5ca7","2025-03-29 17:13:07","a2bec9ef-28a6-41cb-937b-adaf51dd5ca7","2025-03-29 17:13:07",1
"tors","a2bec9ef-28a6-41cb-937b-adaf51dd5ca7","2025-03-29 17:13:07","a2bec9ef-28a6-41cb-937b-adaf51dd5ca7","2025-03-29 17:13:07",1
"tombs","a2bec9ef-28a6-41cb-937b-adaf51dd5ca7","2025-03-29 17:13:07","a2bec9ef-28a6-41cb-937b-adaf51dd5ca7","2025-03-29 17:13:07",1
"Sherlock Holmes","a2bec9ef-28a6-41cb-937b-adaf51dd5ca7","2025-03-29 17:13:07","a2bec9ef-28a6-41cb-937b-adaf51dd5ca7","2025-03-29 17:13:07",1
"Electron optics","a2bec9ef-28a6-41cb-937b-adaf51dd5ca7","2025-03-29 17:13:07","a2bec9ef-28a6-41cb-937b-adaf51dd5ca7","2025-03-29 17:13:07",1
"Radiography","a2bec9ef-28a6-41cb-937b-adaf51dd5ca7","2025-03-29 17:13:07","a2bec9ef-28a6-41cb-937b-adaf51dd5ca7","2025-03-29 17:13:07",1
"Diffraction","a2bec9ef-28a6-41cb-937b-adaf51dd5ca7","2025-03-29 17:13:07","a2bec9ef-28a6-41cb-937b-adaf51dd5ca7","2025-03-29 17:13:07",1
"Science-Fiction","a2bec9ef-28a6-41cb-937b-adaf51dd5ca7","2025-03-29 17:13:07","a2bec9ef-28a6-41cb-937b-adaf51dd5ca7","2025-03-29 17:13:07",1
"Astronautas","a2bec9ef-28a6-41cb-937b-adaf51dd5ca7","2025-03-29 17:13:07","a2bec9ef-28a6-41cb-937b-adaf51dd5ca7","2025-03-29 17:13:07",1
"nyt:hardcover-fiction=2014-03-02","a2bec9ef-28a6-41cb-937b-adaf51dd5ca7","2025-03-29 17:13:07","a2bec9ef-28a6-41cb-937b-adaf51dd5ca7","2025-03-29 17:13:07",1
"Money","a2bec9ef-28a6-41cb-937b-adaf51dd5ca7","2025-03-29 17:13:07","a2bec9ef-28a6-41cb-937b-adaf51dd5ca7","2025-03-29 17:13:07",1
"Consumption (Economics)","a2bec9ef-28a6-41cb-937b-adaf51dd5ca7","2025-03-29 17:13:07","a2bec9ef-28a6-41cb-937b-adaf51dd5ca7","2025-03-29 17:13:07",1
"Quality of life","a2bec9ef-28a6-41cb-937b-adaf51dd5ca7","2025-03-29 17:13:07","a2bec9ef-28a6-41cb-937b-adaf51dd5ca7","2025-03-29 17:13:07",1
"Attitude change","a2bec9ef-28a6-41cb-937b-adaf51dd5ca7","2025-03-29 17:13:07","a2bec9ef-28a6-41cb-937b-adaf51dd5ca7","2025-03-29 17:13:07",1
"Accounting","a2bec9ef-28a6-41cb-937b-adaf51dd5ca7","2025-03-29 17:13:07","a2bec9ef-28a6-41cb-937b-adaf51dd5ca7","2025-03-29 17:13:07",1
"Personal","a2bec9ef-28a6-41cb-937b-adaf51dd5ca7","2025-03-29 17:13:07","a2bec9ef-28a6-41cb-937b-adaf51dd5ca7","2025-03-29 17:13:07",1
"Satisfaction","a2bec9ef-28a6-41cb-937b-adaf51dd5ca7","2025-03-29 17:13:07","a2bec9ef-28a6-41cb-937b-adaf51dd5ca7","2025-03-29 17:13:07",1
"Wealth, management","a2bec9ef-28a6-41cb-937b-adaf51dd5ca7","2025-03-29 17:13:07","a2bec9ef-28a6-41cb-937b-adaf51dd5ca7","2025-03-29 17:13:07",1
"Financial literacy","a2bec9ef-28a6-41cb-937b-adaf51dd5ca7","2025-03-29 17:13:07","a2bec9ef-28a6-41cb-937b-adaf51dd5ca7","2025-03-29 17:13:07",1
"nyt:mass_market_paperback=2011-06-04","a2bec9ef-28a6-41cb-937b-adaf51dd5ca7","2025-03-29 17:13:07","a2bec9ef-28a6-41cb-937b-adaf51dd5ca7","2025-03-29 17:13:07",1
"Lugares imaginarios","a2bec9ef-28a6-41cb-937b-adaf51dd5ca7","2025-03-29 17:13:07","a2bec9ef-28a6-41cb-937b-adaf51dd5ca7","2025-03-29 17:13:07",1
"TECHNOLOGY & ENGINEERING / General","a2bec9ef-28a6-41cb-937b-adaf51dd5ca7","2025-03-29 17:13:07","a2bec9ef-28a6-41cb-937b-adaf51dd5ca7","2025-03-29 17:13:07",1
"Inc Apple Computer","a2bec9ef-28a6-41cb-937b-adaf51dd5ca7","2025-03-29 17:13:07","a2bec9ef-28a6-41cb-937b-adaf51dd5ca7","2025-03-29 17:13:07",1
"BIOGRAPHY & AUTOBIOGRAPHY / Business","a2bec9ef-28a6-41cb-937b-adaf51dd5ca7","2025-03-29 17:13:07","a2bec9ef-28a6-41cb-937b-adaf51dd5ca7","2025-03-29 17:13:07",1
"Computer engineers","a2bec9ef-28a6-41cb-937b-adaf51dd5ca7","2025-03-29 17:13:07","a2bec9ef-28a6-41cb-937b-adaf51dd5ca7","2025-03-29 17:13:07",1
"BUSINESS & ECONOMICS / General","a2bec9ef-28a6-41cb-937b-adaf51dd5ca7","2025-03-29 17:13:07","a2bec9ef-28a6-41cb-937b-adaf51dd5ca7","2025-03-29 17:13:07",1
"Chief executive officers","a2bec9ef-28a6-41cb-937b-adaf51dd5ca7","2025-03-29 17:13:07","a2bec9ef-28a6-41cb-937b-adaf51dd5ca7","2025-03-29 17:13:07",1
"TECHNOLOGY & ENGINEERING","a2bec9ef-28a6-41cb-937b-adaf51dd5ca7","2025-03-29 17:13:07","a2bec9ef-28a6-41cb-937b-adaf51dd5ca7","2025-03-29 17:13:07",1
"Life Change Events","a2bec9ef-28a6-41cb-937b-adaf51dd5ca7","2025-03-29 17:13:07","a2bec9ef-28a6-41cb-937b-adaf51dd5ca7","2025-03-29 17:13:07",1
"Businessmen","a2bec9ef-28a6-41cb-937b-adaf51dd5ca7","2025-03-29 17:13:07","a2bec9ef-28a6-41cb-937b-adaf51dd5ca7","2025-03-29 17:13:07",1
"Autoformation","a2bec9ef-28a6-41cb-937b-adaf51dd5ca7","2025-03-29 17:13:07","a2bec9ef-28a6-41cb-937b-adaf51dd5ca7","2025-03-29 17:13:07",1
"Développement d'aptitudes","a2bec9ef-28a6-41cb-937b-adaf51dd5ca7","2025-03-29 17:13:07","a2bec9ef-28a6-41cb-937b-adaf51dd5ca7","2025-03-29 17:13:07",1
"Computer industry","a2bec9ef-28a6-41cb-937b-adaf51dd5ca7","2025-03-29 17:13:07","a2bec9ef-28a6-41cb-937b-adaf51dd5ca7","2025-03-29 17:13:07",1
"Apple computer, inc.","a2bec9ef-28a6-41cb-937b-adaf51dd5ca7","2025-03-29 17:13:07","a2bec9ef-28a6-41cb-937b-adaf51dd5ca7","2025-03-29 17:13:07",1
"Jobs, steve, 1955-2011","a2bec9ef-28a6-41cb-937b-adaf51dd5ca7","2025-03-29 17:13:07","a2bec9ef-28a6-41cb-937b-adaf51dd5ca7","2025-03-29 17:13:07",1
"Negociantes","a2bec9ef-28a6-41cb-937b-adaf51dd5ca7","2025-03-29 17:13:07","a2bec9ef-28a6-41cb-937b-adaf51dd5ca7","2025-03-29 17:13:07",1
"Ingenieros","a2bec9ef-28a6-41cb-937b-adaf51dd5ca7","2025-03-29 17:13:07","a2bec9ef-28a6-41cb-937b-adaf51dd5ca7","2025-03-29 17:13:07",1
"Ingenieros en computación","a2bec9ef-28a6-41cb-937b-adaf51dd5ca7","2025-03-29 17:13:07","a2bec9ef-28a6-41cb-937b-adaf51dd5ca7","2025-03-29 17:13:07",1
"Empresarios","a2bec9ef-28a6-41cb-937b-adaf51dd5ca7","2025-03-29 17:13:07","a2bec9ef-28a6-41cb-937b-adaf51dd5ca7","2025-03-29 17:13:07",1
"Industria de computadoras","a2bec9ef-28a6-41cb-937b-adaf51dd5ca7","2025-03-29 17:13:07","a2bec9ef-28a6-41cb-937b-adaf51dd5ca7","2025-03-29 17:13:07",1
"nyt:combined-print-and-e-book-nonfiction=2011-11-13","a2bec9ef-28a6-41cb-937b-adaf51dd5ca7","2025-03-29 17:13:07","a2bec9ef-28a6-41cb-937b-adaf51dd5ca7","2025-03-29 17:13:07",1
"nyt:paperback-nonfiction=2013-09-29","a2bec9ef-28a6-41cb-937b-adaf51dd5ca7","2025-03-29 17:13:07","a2bec9ef-28a6-41cb-937b-adaf51dd5ca7","2025-03-29 17:13:07",1
"Liderazgo","a2bec9ef-28a6-41cb-937b-adaf51dd5ca7","2025-03-29 17:13:07","a2bec9ef-28a6-41cb-937b-adaf51dd5ca7","2025-03-29 17:13:07",1
"Apple Computers","a2bec9ef-28a6-41cb-937b-adaf51dd5ca7","2025-03-29 17:13:07","a2bec9ef-28a6-41cb-937b-adaf51dd5ca7","2025-03-29 17:13:07",1
"University of Berkeley","a2bec9ef-28a6-41cb-937b-adaf51dd5ca7","2025-03-29 17:13:07","a2bec9ef-28a6-41cb-937b-adaf51dd5ca7","2025-03-29 17:13:07",1
"Celebrities","a2bec9ef-28a6-41cb-937b-adaf51dd5ca7","2025-03-29 17:13:07","a2bec9ef-28a6-41cb-937b-adaf51dd5ca7","2025-03-29 17:13:07",1
"Informaticiens","a2bec9ef-28a6-41cb-937b-adaf51dd5ca7","2025-03-29 17:13:07","a2bec9ef-28a6-41cb-937b-adaf51dd5ca7","2025-03-29 17:13:07",1
"Apple Computer","a2bec9ef-28a6-41cb-937b-adaf51dd5ca7","2025-03-29 17:13:07","a2bec9ef-28a6-41cb-937b-adaf51dd5ca7","2025-03-29 17:13:07",1
"Chefs de direction","a2bec9ef-28a6-41cb-937b-adaf51dd5ca7","2025-03-29 17:13:07","a2bec9ef-28a6-41cb-937b-adaf51dd5ca7","2025-03-29 17:13:07",1
"Qi ye jia","a2bec9ef-28a6-41cb-937b-adaf51dd5ca7","2025-03-29 17:13:07","a2bec9ef-28a6-41cb-937b-adaf51dd5ca7","2025-03-29 17:13:07",1
"Zhuan ji","a2bec9ef-28a6-41cb-937b-adaf51dd5ca7","2025-03-29 17:13:07","a2bec9ef-28a6-41cb-937b-adaf51dd5ca7","2025-03-29 17:13:07",1
"Événements stressants de la vie","a2bec9ef-28a6-41cb-937b-adaf51dd5ca7","2025-03-29 17:13:07","a2bec9ef-28a6-41cb-937b-adaf51dd5ca7","2025-03-29 17:13:07",1
"BUSINESS & ECONOMICS/Leadership/","a2bec9ef-28a6-41cb-937b-adaf51dd5ca7","2025-03-29 17:13:07","a2bec9ef-28a6-41cb-937b-adaf51dd5ca7","2025-03-29 17:13:07",1
"BIOGRAPHY & AUTOBIOGRAPHY/Business/","a2bec9ef-28a6-41cb-937b-adaf51dd5ca7","2025-03-29 17:13:07","a2bec9ef-28a6-41cb-937b-adaf51dd5ca7","2025-03-29 17:13:07",1
"COMPUTERS/History/","a2bec9ef-28a6-41cb-937b-adaf51dd5ca7","2025-03-29 17:13:07","a2bec9ef-28a6-41cb-937b-adaf51dd5ca7","2025-03-29 17:13:07",1
"Science & Technology","a2bec9ef-28a6-41cb-937b-adaf51dd5ca7","2025-03-29 17:13:07","a2bec9ef-28a6-41cb-937b-adaf51dd5ca7","2025-03-29 17:13:07",1
"Mechanical","a2bec9ef-28a6-41cb-937b-adaf51dd5ca7","2025-03-29 17:13:07","a2bec9ef-28a6-41cb-937b-adaf51dd5ca7","2025-03-29 17:13:07",1
"Apple Computer Inc","a2bec9ef-28a6-41cb-937b-adaf51dd5ca7","2025-03-29 17:13:07","a2bec9ef-28a6-41cb-937b-adaf51dd5ca7","2025-03-29 17:13:07",1
"institutionalization","a2bec9ef-28a6-41cb-937b-adaf51dd5ca7","2025-03-29 17:13:07","a2bec9ef-28a6-41cb-937b-adaf51dd5ca7","2025-03-29 17:13:07",1
"dementia","a2bec9ef-28a6-41cb-937b-adaf51dd5ca7","2025-03-29 17:13:07","a2bec9ef-28a6-41cb-937b-adaf51dd5ca7","2025-03-29 17:13:07",1
"phenylketonuria","a2bec9ef-28a6-41cb-937b-adaf51dd5ca7","2025-03-29 17:13:07","a2bec9ef-28a6-41cb-937b-adaf51dd5ca7","2025-03-29 17:13:07",1
"Brain","a2bec9ef-28a6-41cb-937b-adaf51dd5ca7","2025-03-29 17:13:07","a2bec9ef-28a6-41cb-937b-adaf51dd5ca7","2025-03-29 17:13:07",1
"Surgery","a2bec9ef-28a6-41cb-937b-adaf51dd5ca7","2025-03-29 17:13:07","a2bec9ef-28a6-41cb-937b-adaf51dd5ca7","2025-03-29 17:13:07",1
"People with mental disabilities","a2bec9ef-28a6-41cb-937b-adaf51dd5ca7","2025-03-29 17:13:07","a2bec9ef-28a6-41cb-937b-adaf51dd5ca7","2025-03-29 17:13:07",1
"Gifted persons","a2bec9ef-28a6-41cb-937b-adaf51dd5ca7","2025-03-29 17:13:07","a2bec9ef-28a6-41cb-937b-adaf51dd5ca7","2025-03-29 17:13:07",1
"Retrasados mentales","a2bec9ef-28a6-41cb-937b-adaf51dd5ca7","2025-03-29 17:13:07","a2bec9ef-28a6-41cb-937b-adaf51dd5ca7","2025-03-29 17:13:07",1
"Niños superdotados","a2bec9ef-28a6-41cb-937b-adaf51dd5ca7","2025-03-29 17:13:07","a2bec9ef-28a6-41cb-937b-adaf51dd5ca7","2025-03-29 17:13:07",1
"Cerebro","a2bec9ef-28a6-41cb-937b-adaf51dd5ca7","2025-03-29 17:13:07","a2bec9ef-28a6-41cb-937b-adaf51dd5ca7","2025-03-29 17:13:07",1
"Cirugía","a2bec9ef-28a6-41cb-937b-adaf51dd5ca7","2025-03-29 17:13:07","a2bec9ef-28a6-41cb-937b-adaf51dd5ca7","2025-03-29 17:13:07",1
"Personas dotadas","a2bec9ef-28a6-41cb-937b-adaf51dd5ca7","2025-03-29 17:13:07","a2bec9ef-28a6-41cb-937b-adaf51dd5ca7","2025-03-29 17:13:07",1
"Nebula Award","a2bec9ef-28a6-41cb-937b-adaf51dd5ca7","2025-03-29 17:13:07","a2bec9ef-28a6-41cb-937b-adaf51dd5ca7","2025-03-29 17:13:07",1
"People with mental disabilities, fiction","a2bec9ef-28a6-41cb-937b-adaf51dd5ca7","2025-03-29 17:13:07","a2bec9ef-28a6-41cb-937b-adaf51dd5ca7","2025-03-29 17:13:07",1
"Mentally handicapped","a2bec9ef-28a6-41cb-937b-adaf51dd5ca7","2025-03-29 17:13:07","a2bec9ef-28a6-41cb-937b-adaf51dd5ca7","2025-03-29 17:13:07",1
"Personnes ayant une déficience intellectuelle","a2bec9ef-28a6-41cb-937b-adaf51dd5ca7","2025-03-29 17:13:07","a2bec9ef-28a6-41cb-937b-adaf51dd5ca7","2025-03-29 17:13:07",1
"Surdoués","a2bec9ef-28a6-41cb-937b-adaf51dd5ca7","2025-03-29 17:13:07","a2bec9ef-28a6-41cb-937b-adaf51dd5ca7","2025-03-29 17:13:07",1
"Cerveau","a2bec9ef-28a6-41cb-937b-adaf51dd5ca7","2025-03-29 17:13:07","a2bec9ef-28a6-41cb-937b-adaf51dd5ca7","2025-03-29 17:13:07",1
"Chirurgie","a2bec9ef-28a6-41cb-937b-adaf51dd5ca7","2025-03-29 17:13:07","a2bec9ef-28a6-41cb-937b-adaf51dd5ca7","2025-03-29 17:13:07",1
"Grifted peoples","a2bec9ef-28a6-41cb-937b-adaf51dd5ca7","2025-03-29 17:13:07","a2bec9ef-28a6-41cb-937b-adaf51dd5ca7","2025-03-29 17:13:07",1
"Aspectos religiosos","a2bec9ef-28a6-41cb-937b-adaf51dd5ca7","2025-03-29 17:13:07","a2bec9ef-28a6-41cb-937b-adaf51dd5ca7","2025-03-29 17:13:07",1
"Conducta (Etica)","a2bec9ef-28a6-41cb-937b-adaf51dd5ca7","2025-03-29 17:13:07","a2bec9ef-28a6-41cb-937b-adaf51dd5ca7","2025-03-29 17:13:07",1
"Cristianismo","a2bec9ef-28a6-41cb-937b-adaf51dd5ca7","2025-03-29 17:13:07","a2bec9ef-28a6-41cb-937b-adaf51dd5ca7","2025-03-29 17:13:07",1
"Pastoral psychology","a2bec9ef-28a6-41cb-937b-adaf51dd5ca7","2025-03-29 17:13:07","a2bec9ef-28a6-41cb-937b-adaf51dd5ca7","2025-03-29 17:13:07",1
"Paz del espíritu","a2bec9ef-28a6-41cb-937b-adaf51dd5ca7","2025-03-29 17:13:07","a2bec9ef-28a6-41cb-937b-adaf51dd5ca7","2025-03-29 17:13:07",1
"Peace of mind","a2bec9ef-28a6-41cb-937b-adaf51dd5ca7","2025-03-29 17:13:07","a2bec9ef-28a6-41cb-937b-adaf51dd5ca7","2025-03-29 17:13:07",1
"Pensamiento","a2bec9ef-28a6-41cb-937b-adaf51dd5ca7","2025-03-29 17:13:07","a2bec9ef-28a6-41cb-937b-adaf51dd5ca7","2025-03-29 17:13:07",1
"Psicología aplicada","a2bec9ef-28a6-41cb-937b-adaf51dd5ca7","2025-03-29 17:13:07","a2bec9ef-28a6-41cb-937b-adaf51dd5ca7","2025-03-29 17:13:07",1
"Religious aspects of Peace of mind","a2bec9ef-28a6-41cb-937b-adaf51dd5ca7","2025-03-29 17:13:07","a2bec9ef-28a6-41cb-937b-adaf51dd5ca7","2025-03-29 17:13:07",1
"Religious aspects of Success","a2bec9ef-28a6-41cb-937b-adaf51dd5ca7","2025-03-29 17:13:07","a2bec9ef-28a6-41cb-937b-adaf51dd5ca7","2025-03-29 17:13:07",1
"Self-actualization","a2bec9ef-28a6-41cb-937b-adaf51dd5ca7","2025-03-29 17:13:07","a2bec9ef-28a6-41cb-937b-adaf51dd5ca7","2025-03-29 17:13:07",1
"Self-culture","a2bec9ef-28a6-41cb-937b-adaf51dd5ca7","2025-03-29 17:13:07","a2bec9ef-28a6-41cb-937b-adaf51dd5ca7","2025-03-29 17:13:07",1
"Attitude","a2bec9ef-28a6-41cb-937b-adaf51dd5ca7","2025-03-29 17:13:07","a2bec9ef-28a6-41cb-937b-adaf51dd5ca7","2025-03-29 17:13:07",1
"Ensayos, conferencias","a2bec9ef-28a6-41cb-937b-adaf51dd5ca7","2025-03-29 17:13:07","a2bec9ef-28a6-41cb-937b-adaf51dd5ca7","2025-03-29 17:13:07",1
"Etica cristiana","a2bec9ef-28a6-41cb-937b-adaf51dd5ca7","2025-03-29 17:13:07","a2bec9ef-28a6-41cb-937b-adaf51dd5ca7","2025-03-29 17:13:07",1
"Психология","a2bec9ef-28a6-41cb-937b-adaf51dd5ca7","2025-03-29 17:13:07","a2bec9ef-28a6-41cb-937b-adaf51dd5ca7","2025-03-29 17:13:07",1
"Success, religious aspects","a2bec9ef-28a6-41cb-937b-adaf51dd5ca7","2025-03-29 17:13:07","a2bec9ef-28a6-41cb-937b-adaf51dd5ca7","2025-03-29 17:13:07",1
"Religious aspects","a2bec9ef-28a6-41cb-937b-adaf51dd5ca7","2025-03-29 17:13:07","a2bec9ef-28a6-41cb-937b-adaf51dd5ca7","2025-03-29 17:13:07",1
"Problem families","a2bec9ef-28a6-41cb-937b-adaf51dd5ca7","2025-03-29 17:13:07","a2bec9ef-28a6-41cb-937b-adaf51dd5ca7","2025-03-29 17:13:07",1
"nyt:paperback_nonfiction=2007-03-03","a2bec9ef-28a6-41cb-937b-adaf51dd5ca7","2025-03-29 17:13:07","a2bec9ef-28a6-41cb-937b-adaf51dd5ca7","2025-03-29 17:13:07",1
"Children of alcoholics","a2bec9ef-28a6-41cb-937b-adaf51dd5ca7","2025-03-29 17:13:07","a2bec9ef-28a6-41cb-937b-adaf51dd5ca7","2025-03-29 17:13:07",1
"Child of Impaired Parents","a2bec9ef-28a6-41cb-937b-adaf51dd5ca7","2025-03-29 17:13:07","a2bec9ef-28a6-41cb-937b-adaf51dd5ca7","2025-03-29 17:13:07",1
"Family Relations","a2bec9ef-28a6-41cb-937b-adaf51dd5ca7","2025-03-29 17:13:07","a2bec9ef-28a6-41cb-937b-adaf51dd5ca7","2025-03-29 17:13:07",1
"West virginia, biography","a2bec9ef-28a6-41cb-937b-adaf51dd5ca7","2025-03-29 17:13:07","a2bec9ef-28a6-41cb-937b-adaf51dd5ca7","2025-03-29 17:13:07",1
"Rural poor","a2bec9ef-28a6-41cb-937b-adaf51dd5ca7","2025-03-29 17:13:07","a2bec9ef-28a6-41cb-937b-adaf51dd5ca7","2025-03-29 17:13:07",1
"Poor, united states","a2bec9ef-28a6-41cb-937b-adaf51dd5ca7","2025-03-29 17:13:07","a2bec9ef-28a6-41cb-937b-adaf51dd5ca7","2025-03-29 17:13:07",1
"nyt:e-book-nonfiction=2011-02-13","a2bec9ef-28a6-41cb-937b-adaf51dd5ca7","2025-03-29 17:13:07","a2bec9ef-28a6-41cb-937b-adaf51dd5ca7","2025-03-29 17:13:07",1
"Casos de estudio","a2bec9ef-28a6-41cb-937b-adaf51dd5ca7","2025-03-29 17:13:07","a2bec9ef-28a6-41cb-937b-adaf51dd5ca7","2025-03-29 17:13:07",1
"Biografi a.","a2bec9ef-28a6-41cb-937b-adaf51dd5ca7","2025-03-29 17:13:07","a2bec9ef-28a6-41cb-937b-adaf51dd5ca7","2025-03-29 17:13:07",1
"Hijos de padres alcoho licos","a2bec9ef-28a6-41cb-937b-adaf51dd5ca7","2025-03-29 17:13:07","a2bec9ef-28a6-41cb-937b-adaf51dd5ca7","2025-03-29 17:13:07",1
"Desamparados","a2bec9ef-28a6-41cb-937b-adaf51dd5ca7","2025-03-29 17:13:07","a2bec9ef-28a6-41cb-937b-adaf51dd5ca7","2025-03-29 17:13:07",1
"Pobres","a2bec9ef-28a6-41cb-937b-adaf51dd5ca7","2025-03-29 17:13:07","a2bec9ef-28a6-41cb-937b-adaf51dd5ca7","2025-03-29 17:13:07",1
"Familias problema ticas","a2bec9ef-28a6-41cb-937b-adaf51dd5ca7","2025-03-29 17:13:07","a2bec9ef-28a6-41cb-937b-adaf51dd5ca7","2025-03-29 17:13:07",1
"Familias problemáticas","a2bec9ef-28a6-41cb-937b-adaf51dd5ca7","2025-03-29 17:13:07","a2bec9ef-28a6-41cb-937b-adaf51dd5ca7","2025-03-29 17:13:07",1
"Hijos de padres alcohólicos","a2bec9ef-28a6-41cb-937b-adaf51dd5ca7","2025-03-29 17:13:07","a2bec9ef-28a6-41cb-937b-adaf51dd5ca7","2025-03-29 17:13:07",1
"Personas sin hogar","a2bec9ef-28a6-41cb-937b-adaf51dd5ca7","2025-03-29 17:13:07","a2bec9ef-28a6-41cb-937b-adaf51dd5ca7","2025-03-29 17:13:07",1
"Pobreza","a2bec9ef-28a6-41cb-937b-adaf51dd5ca7","2025-03-29 17:13:07","a2bec9ef-28a6-41cb-937b-adaf51dd5ca7","2025-03-29 17:13:07",1
"Hijos de alcohólicos","a2bec9ef-28a6-41cb-937b-adaf51dd5ca7","2025-03-29 17:13:07","a2bec9ef-28a6-41cb-937b-adaf51dd5ca7","2025-03-29 17:13:07",1
"Relaciones de familia","a2bec9ef-28a6-41cb-937b-adaf51dd5ca7","2025-03-29 17:13:07","a2bec9ef-28a6-41cb-937b-adaf51dd5ca7","2025-03-29 17:13:07",1
"Problemas familiares","a2bec9ef-28a6-41cb-937b-adaf51dd5ca7","2025-03-29 17:13:07","a2bec9ef-28a6-41cb-937b-adaf51dd5ca7","2025-03-29 17:13:07",1
"Enfants d'alcooliques","a2bec9ef-28a6-41cb-937b-adaf51dd5ca7","2025-03-29 17:13:07","a2bec9ef-28a6-41cb-937b-adaf51dd5ca7","2025-03-29 17:13:07",1
"Familles inadaptées","a2bec9ef-28a6-41cb-937b-adaf51dd5ca7","2025-03-29 17:13:07","a2bec9ef-28a6-41cb-937b-adaf51dd5ca7","2025-03-29 17:13:07",1
"Sans-abri","a2bec9ef-28a6-41cb-937b-adaf51dd5ca7","2025-03-29 17:13:07","a2bec9ef-28a6-41cb-937b-adaf51dd5ca7","2025-03-29 17:13:07",1
"Relations familiales","a2bec9ef-28a6-41cb-937b-adaf51dd5ca7","2025-03-29 17:13:07","a2bec9ef-28a6-41cb-937b-adaf51dd5ca7","2025-03-29 17:13:07",1
"Enfant d'alcoolique","a2bec9ef-28a6-41cb-937b-adaf51dd5ca7","2025-03-29 17:13:07","a2bec9ef-28a6-41cb-937b-adaf51dd5ca7","2025-03-29 17:13:07",1
"Famille dysfonctionnelle","a2bec9ef-28a6-41cb-937b-adaf51dd5ca7","2025-03-29 17:13:07","a2bec9ef-28a6-41cb-937b-adaf51dd5ca7","2025-03-29 17:13:07",1
"Itinérance","a2bec9ef-28a6-41cb-937b-adaf51dd5ca7","2025-03-29 17:13:07","a2bec9ef-28a6-41cb-937b-adaf51dd5ca7","2025-03-29 17:13:07",1
"Jeunesse (Biographie)","a2bec9ef-28a6-41cb-937b-adaf51dd5ca7","2025-03-29 17:13:07","a2bec9ef-28a6-41cb-937b-adaf51dd5ca7","2025-03-29 17:13:07",1
"Pauvreté","a2bec9ef-28a6-41cb-937b-adaf51dd5ca7","2025-03-29 17:13:07","a2bec9ef-28a6-41cb-937b-adaf51dd5ca7","2025-03-29 17:13:07",1
"Biographie","a2bec9ef-28a6-41cb-937b-adaf51dd5ca7","2025-03-29 17:13:07","a2bec9ef-28a6-41cb-937b-adaf51dd5ca7","2025-03-29 17:13:07",1
"Enfant de parents alcooliques","a2bec9ef-28a6-41cb-937b-adaf51dd5ca7","2025-03-29 17:13:07","a2bec9ef-28a6-41cb-937b-adaf51dd5ca7","2025-03-29 17:13:07",1
"Adult Children","a2bec9ef-28a6-41cb-937b-adaf51dd5ca7","2025-03-29 17:13:07","a2bec9ef-28a6-41cb-937b-adaf51dd5ca7","2025-03-29 17:13:07",1
"Personal Narratives","a2bec9ef-28a6-41cb-937b-adaf51dd5ca7","2025-03-29 17:13:07","a2bec9ef-28a6-41cb-937b-adaf51dd5ca7","2025-03-29 17:13:07",1
"Alcoholism","a2bec9ef-28a6-41cb-937b-adaf51dd5ca7","2025-03-29 17:13:07","a2bec9ef-28a6-41cb-937b-adaf51dd5ca7","2025-03-29 17:13:07",1
"Walls, jeannette","a2bec9ef-28a6-41cb-937b-adaf51dd5ca7","2025-03-29 17:13:07","a2bec9ef-28a6-41cb-937b-adaf51dd5ca7","2025-03-29 17:13:07",1
"Children of alcoholics--united states--biography","a2bec9ef-28a6-41cb-937b-adaf51dd5ca7","2025-03-29 17:13:07","a2bec9ef-28a6-41cb-937b-adaf51dd5ca7","2025-03-29 17:13:07",1
"Children of alcoholics--west virginia--welch--biography","a2bec9ef-28a6-41cb-937b-adaf51dd5ca7","2025-03-29 17:13:07","a2bec9ef-28a6-41cb-937b-adaf51dd5ca7","2025-03-29 17:13:07",1
"Dysfunctional families--united states--case studies","a2bec9ef-28a6-41cb-937b-adaf51dd5ca7","2025-03-29 17:13:07","a2bec9ef-28a6-41cb-937b-adaf51dd5ca7","2025-03-29 17:13:07",1
"Dysfunctional families--west virginia--welch--case studies","a2bec9ef-28a6-41cb-937b-adaf51dd5ca7","2025-03-29 17:13:07","a2bec9ef-28a6-41cb-937b-adaf51dd5ca7","2025-03-29 17:13:07",1
"Poor--west virginia--welch--biography","a2bec9ef-28a6-41cb-937b-adaf51dd5ca7","2025-03-29 17:13:07","a2bec9ef-28a6-41cb-937b-adaf51dd5ca7","2025-03-29 17:13:07",1
"Homeless persons--family relationships","a2bec9ef-28a6-41cb-937b-adaf51dd5ca7","2025-03-29 17:13:07","a2bec9ef-28a6-41cb-937b-adaf51dd5ca7","2025-03-29 17:13:07",1
"Homeless persons--new york (state)--new york--family relationships","a2bec9ef-28a6-41cb-937b-adaf51dd5ca7","2025-03-29 17:13:07","a2bec9ef-28a6-41cb-937b-adaf51dd5ca7","2025-03-29 17:13:07",1
"Homeless persons--family relationships--new york (state)--new york","a2bec9ef-28a6-41cb-937b-adaf51dd5ca7","2025-03-29 17:13:07","a2bec9ef-28a6-41cb-937b-adaf51dd5ca7","2025-03-29 17:13:07",1
"Hv5132 .w35 2005","a2bec9ef-28a6-41cb-937b-adaf51dd5ca7","2025-03-29 17:13:07","a2bec9ef-28a6-41cb-937b-adaf51dd5ca7","2025-03-29 17:13:07",1
"Ws 105.5.f2 w215g 2005","a2bec9ef-28a6-41cb-937b-adaf51dd5ca7","2025-03-29 17:13:07","a2bec9ef-28a6-41cb-937b-adaf51dd5ca7","2025-03-29 17:13:07",1
"362.82/092 b","a2bec9ef-28a6-41cb-937b-adaf51dd5ca7","2025-03-29 17:13:07","a2bec9ef-28a6-41cb-937b-adaf51dd5ca7","2025-03-29 17:13:07",1
"Social work & human services","a2bec9ef-28a6-41cb-937b-adaf51dd5ca7","2025-03-29 17:13:07","a2bec9ef-28a6-41cb-937b-adaf51dd5ca7","2025-03-29 17:13:07",1
"General & miscellaneous biography","a2bec9ef-28a6-41cb-937b-adaf51dd5ca7","2025-03-29 17:13:07","a2bec9ef-28a6-41cb-937b-adaf51dd5ca7","2025-03-29 17:13:07",1
"United states studies","a2bec9ef-28a6-41cb-937b-adaf51dd5ca7","2025-03-29 17:13:07","a2bec9ef-28a6-41cb-937b-adaf51dd5ca7","2025-03-29 17:13:07",1
"Family memoirs - biography","a2bec9ef-28a6-41cb-937b-adaf51dd5ca7","2025-03-29 17:13:07","a2bec9ef-28a6-41cb-937b-adaf51dd5ca7","2025-03-29 17:13:07",1
"Public affairs & policies","a2bec9ef-28a6-41cb-937b-adaf51dd5ca7","2025-03-29 17:13:07","a2bec9ef-28a6-41cb-937b-adaf51dd5ca7","2025-03-29 17:13:07",1
"Patient narratives","a2bec9ef-28a6-41cb-937b-adaf51dd5ca7","2025-03-29 17:13:07","a2bec9ef-28a6-41cb-937b-adaf51dd5ca7","2025-03-29 17:13:07",1
"Social problems","a2bec9ef-28a6-41cb-937b-adaf51dd5ca7","2025-03-29 17:13:07","a2bec9ef-28a6-41cb-937b-adaf51dd5ca7","2025-03-29 17:13:07",1
"Cosmologie","a2bec9ef-28a6-41cb-937b-adaf51dd5ca7","2025-03-29 17:13:07","a2bec9ef-28a6-41cb-937b-adaf51dd5ca7","2025-03-29 17:13:07",1
"Temps (durée)","a2bec9ef-28a6-41cb-937b-adaf51dd5ca7","2025-03-29 17:13:07","a2bec9ef-28a6-41cb-937b-adaf51dd5ca7","2025-03-29 17:13:07",1
"Espace-temps","a2bec9ef-28a6-41cb-937b-adaf51dd5ca7","2025-03-29 17:13:07","a2bec9ef-28a6-41cb-937b-adaf51dd5ca7","2025-03-29 17:13:07",1
"Vulgarisation scientifique","a2bec9ef-28a6-41cb-937b-adaf51dd5ca7","2025-03-29 17:13:07","a2bec9ef-28a6-41cb-937b-adaf51dd5ca7","2025-03-29 17:13:07",1
"Univers","a2bec9ef-28a6-41cb-937b-adaf51dd5ca7","2025-03-29 17:13:07","a2bec9ef-28a6-41cb-937b-adaf51dd5ca7","2025-03-29 17:13:07",1
"Espace extraterrestre","a2bec9ef-28a6-41cb-937b-adaf51dd5ca7","2025-03-29 17:13:07","a2bec9ef-28a6-41cb-937b-adaf51dd5ca7","2025-03-29 17:13:07",1
"Expansion","a2bec9ef-28a6-41cb-937b-adaf51dd5ca7","2025-03-29 17:13:07","a2bec9ef-28a6-41cb-937b-adaf51dd5ca7","2025-03-29 17:13:07",1
"Origine","a2bec9ef-28a6-41cb-937b-adaf51dd5ca7","2025-03-29 17:13:07","a2bec9ef-28a6-41cb-937b-adaf51dd5ca7","2025-03-29 17:13:07",1
"Trous noirs (astronomie)","a2bec9ef-28a6-41cb-937b-adaf51dd5ca7","2025-03-29 17:13:07","a2bec9ef-28a6-41cb-937b-adaf51dd5ca7","2025-03-29 17:13:07",1
"Cosmogonie","a2bec9ef-28a6-41cb-937b-adaf51dd5ca7","2025-03-29 17:13:07","a2bec9ef-28a6-41cb-937b-adaf51dd5ca7","2025-03-29 17:13:07",1
"Big Bang","a2bec9ef-28a6-41cb-937b-adaf51dd5ca7","2025-03-29 17:13:07","a2bec9ef-28a6-41cb-937b-adaf51dd5ca7","2025-03-29 17:13:07",1
"Espace et temps","a2bec9ef-28a6-41cb-937b-adaf51dd5ca7","2025-03-29 17:13:07","a2bec9ef-28a6-41cb-937b-adaf51dd5ca7","2025-03-29 17:13:07",1
"Cosmologia","a2bec9ef-28a6-41cb-937b-adaf51dd5ca7","2025-03-29 17:13:07","a2bec9ef-28a6-41cb-937b-adaf51dd5ca7","2025-03-29 17:13:07",1
"Time","a2bec9ef-28a6-41cb-937b-adaf51dd5ca7","2025-03-29 17:13:07","a2bec9ef-28a6-41cb-937b-adaf51dd5ca7","2025-03-29 17:13:07",1
"Einfühlung","a2bec9ef-28a6-41cb-937b-adaf51dd5ca7","2025-03-29 17:13:07","a2bec9ef-28a6-41cb-937b-adaf51dd5ca7","2025-03-29 17:13:07",1
"Kosmologie","a2bec9ef-28a6-41cb-937b-adaf51dd5ca7","2025-03-29 17:13:07","a2bec9ef-28a6-41cb-937b-adaf51dd5ca7","2025-03-29 17:13:07",1
"Raum-Zeit","a2bec9ef-28a6-41cb-937b-adaf51dd5ca7","2025-03-29 17:13:07","a2bec9ef-28a6-41cb-937b-adaf51dd5ca7","2025-03-29 17:13:07",1
"Universe","a2bec9ef-28a6-41cb-937b-adaf51dd5ca7","2025-03-29 17:13:07","a2bec9ef-28a6-41cb-937b-adaf51dd5ca7","2025-03-29 17:13:07",1
"Relativité (physique)","a2bec9ef-28a6-41cb-937b-adaf51dd5ca7","2025-03-29 17:13:07","a2bec9ef-28a6-41cb-937b-adaf51dd5ca7","2025-03-29 17:13:07",1
"Physics","a2bec9ef-28a6-41cb-937b-adaf51dd5ca7","2025-03-29 17:13:07","a2bec9ef-28a6-41cb-937b-adaf51dd5ca7","2025-03-29 17:13:07",1
"Creation","a2bec9ef-28a6-41cb-937b-adaf51dd5ca7","2025-03-29 17:13:07","a2bec9ef-28a6-41cb-937b-adaf51dd5ca7","2025-03-29 17:13:07",1
"Temps","a2bec9ef-28a6-41cb-937b-adaf51dd5ca7","2025-03-29 17:13:07","a2bec9ef-28a6-41cb-937b-adaf51dd5ca7","2025-03-29 17:13:07",1
"Astronomy","a2bec9ef-28a6-41cb-937b-adaf51dd5ca7","2025-03-29 17:13:07","a2bec9ef-28a6-41cb-937b-adaf51dd5ca7","2025-03-29 17:13:07",1
"Sciences de l'espace","a2bec9ef-28a6-41cb-937b-adaf51dd5ca7","2025-03-29 17:13:07","a2bec9ef-28a6-41cb-937b-adaf51dd5ca7","2025-03-29 17:13:07",1
"Einfuhrung","a2bec9ef-28a6-41cb-937b-adaf51dd5ca7","2025-03-29 17:13:07","a2bec9ef-28a6-41cb-937b-adaf51dd5ca7","2025-03-29 17:13:07",1
"Relativite (physique)","a2bec9ef-28a6-41cb-937b-adaf51dd5ca7","2025-03-29 17:13:07","a2bec9ef-28a6-41cb-937b-adaf51dd5ca7","2025-03-29 17:13:07",1
"science","a2bec9ef-28a6-41cb-937b-adaf51dd5ca7","2025-03-29 17:13:07","a2bec9ef-28a6-41cb-937b-adaf51dd5ca7","2025-03-29 17:13:07",1
"astrophysics","a2bec9ef-28a6-41cb-937b-adaf51dd5ca7","2025-03-29 17:13:07","a2bec9ef-28a6-41cb-937b-adaf51dd5ca7","2025-03-29 17:13:07",1
"Black holes","a2bec9ef-28a6-41cb-937b-adaf51dd5ca7","2025-03-29 17:13:07","a2bec9ef-28a6-41cb-937b-adaf51dd5ca7","2025-03-29 17:13:07",1
"nyt:audio-nonfiction=2018-04-08","a2bec9ef-28a6-41cb-937b-adaf51dd5ca7","2025-03-29 17:13:07","a2bec9ef-28a6-41cb-937b-adaf51dd5ca7","2025-03-29 17:13:07",1
"nyt:science=2014-03-09","a2bec9ef-28a6-41cb-937b-adaf51dd5ca7","2025-03-29 17:13:07","a2bec9ef-28a6-41cb-937b-adaf51dd5ca7","2025-03-29 17:13:07",1
"Universo","a2bec9ef-28a6-41cb-937b-adaf51dd5ca7","2025-03-29 17:13:07","a2bec9ef-28a6-41cb-937b-adaf51dd5ca7","2025-03-29 17:13:07",1
"Cosmología","a2bec9ef-28a6-41cb-937b-adaf51dd5ca7","2025-03-29 17:13:07","a2bec9ef-28a6-41cb-937b-adaf51dd5ca7","2025-03-29 17:13:07",1
"Quantum theory","a2bec9ef-28a6-41cb-937b-adaf51dd5ca7","2025-03-29 17:13:07","a2bec9ef-28a6-41cb-937b-adaf51dd5ca7","2025-03-29 17:13:07",1
"Weltall","a2bec9ef-28a6-41cb-937b-adaf51dd5ca7","2025-03-29 17:13:07","a2bec9ef-28a6-41cb-937b-adaf51dd5ca7","2025-03-29 17:13:07",1
"Raum und Zeit","a2bec9ef-28a6-41cb-937b-adaf51dd5ca7","2025-03-29 17:13:07","a2bec9ef-28a6-41cb-937b-adaf51dd5ca7","2025-03-29 17:13:07",1
"Einheitliche Feldtheorie","a2bec9ef-28a6-41cb-937b-adaf51dd5ca7","2025-03-29 17:13:07","a2bec9ef-28a6-41cb-937b-adaf51dd5ca7","2025-03-29 17:13:07",1
"Schwarzes Loch","a2bec9ef-28a6-41cb-937b-adaf51dd5ca7","2025-03-29 17:13:07","a2bec9ef-28a6-41cb-937b-adaf51dd5ca7","2025-03-29 17:13:07",1
"Astrophysik","a2bec9ef-28a6-41cb-937b-adaf51dd5ca7","2025-03-29 17:13:07","a2bec9ef-28a6-41cb-937b-adaf51dd5ca7","2025-03-29 17:13:07",1
"Kosmogonie","a2bec9ef-28a6-41cb-937b-adaf51dd5ca7","2025-03-29 17:13:07","a2bec9ef-28a6-41cb-937b-adaf51dd5ca7","2025-03-29 17:13:07",1
"Zeit","a2bec9ef-28a6-41cb-937b-adaf51dd5ca7","2025-03-29 17:13:07","a2bec9ef-28a6-41cb-937b-adaf51dd5ca7","2025-03-29 17:13:07",1
"Raum","a2bec9ef-28a6-41cb-937b-adaf51dd5ca7","2025-03-29 17:13:07","a2bec9ef-28a6-41cb-937b-adaf51dd5ca7","2025-03-29 17:13:07",1
"Science, history","a2bec9ef-28a6-41cb-937b-adaf51dd5ca7","2025-03-29 17:13:07","a2bec9ef-28a6-41cb-937b-adaf51dd5ca7","2025-03-29 17:13:07",1
"Black holes (Astronomy)","a2bec9ef-28a6-41cb-937b-adaf51dd5ca7","2025-03-29 17:13:07","a2bec9ef-28a6-41cb-937b-adaf51dd5ca7","2025-03-29 17:13:07",1
"Physique","a2bec9ef-28a6-41cb-937b-adaf51dd5ca7","2025-03-29 17:13:07","a2bec9ef-28a6-41cb-937b-adaf51dd5ca7","2025-03-29 17:13:07",1
"Naturphilosophie","a2bec9ef-28a6-41cb-937b-adaf51dd5ca7","2025-03-29 17:13:07","a2bec9ef-28a6-41cb-937b-adaf51dd5ca7","2025-03-29 17:13:07",1
"Théorie","a2bec9ef-28a6-41cb-937b-adaf51dd5ca7","2025-03-29 17:13:07","a2bec9ef-28a6-41cb-937b-adaf51dd5ca7","2025-03-29 17:13:07",1
"Astrophysique","a2bec9ef-28a6-41cb-937b-adaf51dd5ca7","2025-03-29 17:13:07","a2bec9ef-28a6-41cb-937b-adaf51dd5ca7","2025-03-29 17:13:07",1
"Philosophie","a2bec9ef-28a6-41cb-937b-adaf51dd5ca7","2025-03-29 17:13:07","a2bec9ef-28a6-41cb-937b-adaf51dd5ca7","2025-03-29 17:13:07",1
"Kosmologia","a2bec9ef-28a6-41cb-937b-adaf51dd5ca7","2025-03-29 17:13:07","a2bec9ef-28a6-41cb-937b-adaf51dd5ca7","2025-03-29 17:13:07",1
"Przestrzeń i czas","a2bec9ef-28a6-41cb-937b-adaf51dd5ca7","2025-03-29 17:13:07","a2bec9ef-28a6-41cb-937b-adaf51dd5ca7","2025-03-29 17:13:07",1
"Fizyka","a2bec9ef-28a6-41cb-937b-adaf51dd5ca7","2025-03-29 17:13:07","a2bec9ef-28a6-41cb-937b-adaf51dd5ca7","2025-03-29 17:13:07",1
"Filozofia","a2bec9ef-28a6-41cb-937b-adaf51dd5ca7","2025-03-29 17:13:07","a2bec9ef-28a6-41cb-937b-adaf51dd5ca7","2025-03-29 17:13:07",1
"English life","a2bec9ef-28a6-41cb-937b-adaf51dd5ca7","2025-03-29 17:13:07","a2bec9ef-28a6-41cb-937b-adaf51dd5ca7","2025-03-29 17:13:07",1
"etiquette","a2bec9ef-28a6-41cb-937b-adaf51dd5ca7","2025-03-29 17:13:07","a2bec9ef-28a6-41cb-937b-adaf51dd5ca7","2025-03-29 17:13:07",1
"manners","a2bec9ef-28a6-41cb-937b-adaf51dd5ca7","2025-03-29 17:13:07","a2bec9ef-28a6-41cb-937b-adaf51dd5ca7","2025-03-29 17:13:07",1
"marriage","a2bec9ef-28a6-41cb-937b-adaf51dd5ca7","2025-03-29 17:13:07","a2bec9ef-28a6-41cb-937b-adaf51dd5ca7","2025-03-29 17:13:07",1
"play","a2bec9ef-28a6-41cb-937b-adaf51dd5ca7","2025-03-29 17:13:07","a2bec9ef-28a6-41cb-937b-adaf51dd5ca7","2025-03-29 17:13:07",1
"Foundlings","a2bec9ef-28a6-41cb-937b-adaf51dd5ca7","2025-03-29 17:13:07","a2bec9ef-28a6-41cb-937b-adaf51dd5ca7","2025-03-29 17:13:07",1
"Comedias","a2bec9ef-28a6-41cb-937b-adaf51dd5ca7","2025-03-29 17:13:07","a2bec9ef-28a6-41cb-937b-adaf51dd5ca7","2025-03-29 17:13:07",1
"English drama","a2bec9ef-28a6-41cb-937b-adaf51dd5ca7","2025-03-29 17:13:07","a2bec9ef-28a6-41cb-937b-adaf51dd5ca7","2025-03-29 17:13:07",1
"English drama (Comedy)","a2bec9ef-28a6-41cb-937b-adaf51dd5ca7","2025-03-29 17:13:07","a2bec9ef-28a6-41cb-937b-adaf51dd5ca7","2025-03-29 17:13:07",1
"Expósitos","a2bec9ef-28a6-41cb-937b-adaf51dd5ca7","2025-03-29 17:13:07","a2bec9ef-28a6-41cb-937b-adaf51dd5ca7","2025-03-29 17:13:07",1
"Identidad (Psicología)","a2bec9ef-28a6-41cb-937b-adaf51dd5ca7","2025-03-29 17:13:07","a2bec9ef-28a6-41cb-937b-adaf51dd5ca7","2025-03-29 17:13:07",1
"Inglés","a2bec9ef-28a6-41cb-937b-adaf51dd5ca7","2025-03-29 17:13:07","a2bec9ef-28a6-41cb-937b-adaf51dd5ca7","2025-03-29 17:13:07",1
"Libros de lectura","a2bec9ef-28a6-41cb-937b-adaf51dd5ca7","2025-03-29 17:13:07","a2bec9ef-28a6-41cb-937b-adaf51dd5ca7","2025-03-29 17:13:07",1
"Teatro","a2bec9ef-28a6-41cb-937b-adaf51dd5ca7","2025-03-29 17:13:07","a2bec9ef-28a6-41cb-937b-adaf51dd5ca7","2025-03-29 17:13:07",1
"Movie novels","a2bec9ef-28a6-41cb-937b-adaf51dd5ca7","2025-03-29 17:13:07","a2bec9ef-28a6-41cb-937b-adaf51dd5ca7","2025-03-29 17:13:07",1
"Social norms","a2bec9ef-28a6-41cb-937b-adaf51dd5ca7","2025-03-29 17:13:07","a2bec9ef-28a6-41cb-937b-adaf51dd5ca7","2025-03-29 17:13:07",1
"Aristocracy (Social class)","a2bec9ef-28a6-41cb-937b-adaf51dd5ca7","2025-03-29 17:13:07","a2bec9ef-28a6-41cb-937b-adaf51dd5ca7","2025-03-29 17:13:07",1
"Unterrichtseinheit","a2bec9ef-28a6-41cb-937b-adaf51dd5ca7","2025-03-29 17:13:07","a2bec9ef-28a6-41cb-937b-adaf51dd5ca7","2025-03-29 17:13:07",1
"Mistaken identity","a2bec9ef-28a6-41cb-937b-adaf51dd5ca7","2025-03-29 17:13:07","a2bec9ef-28a6-41cb-937b-adaf51dd5ca7","2025-03-29 17:13:07",1
"Courtship","a2bec9ef-28a6-41cb-937b-adaf51dd5ca7","2025-03-29 17:13:07","a2bec9ef-28a6-41cb-937b-adaf51dd5ca7","2025-03-29 17:13:07",1
"Graphic novel","a2bec9ef-28a6-41cb-937b-adaf51dd5ca7","2025-03-29 17:13:07","a2bec9ef-28a6-41cb-937b-adaf51dd5ca7","2025-03-29 17:13:07",1
"Vacation","a2bec9ef-28a6-41cb-937b-adaf51dd5ca7","2025-03-29 17:13:07","a2bec9ef-28a6-41cb-937b-adaf51dd5ca7","2025-03-29 17:13:07",1
"Camping","a2bec9ef-28a6-41cb-937b-adaf51dd5ca7","2025-03-29 17:13:07","a2bec9ef-28a6-41cb-937b-adaf51dd5ca7","2025-03-29 17:13:07",1
"Disasters","a2bec9ef-28a6-41cb-937b-adaf51dd5ca7","2025-03-29 17:13:07","a2bec9ef-28a6-41cb-937b-adaf51dd5ca7","2025-03-29 17:13:07",1
"Family bonding","a2bec9ef-28a6-41cb-937b-adaf51dd5ca7","2025-03-29 17:13:07","a2bec9ef-28a6-41cb-937b-adaf51dd5ca7","2025-03-29 17:13:07",1
"Middle grade fiction","a2bec9ef-28a6-41cb-937b-adaf51dd5ca7","2025-03-29 17:13:07","a2bec9ef-28a6-41cb-937b-adaf51dd5ca7","2025-03-29 17:13:07",1
"Nestlé Smarties Book Prize winner","a2bec9ef-28a6-41cb-937b-adaf51dd5ca7","2025-03-29 17:13:07","a2bec9ef-28a6-41cb-937b-adaf51dd5ca7","2025-03-29 17:13:07",1
"Wizards -- Juvenile fiction","a2bec9ef-28a6-41cb-937b-adaf51dd5ca7","2025-03-29 17:13:07","a2bec9ef-28a6-41cb-937b-adaf51dd5ca7","2025-03-29 17:13:07",1
"Aunts","a2bec9ef-28a6-41cb-937b-adaf51dd5ca7","2025-03-29 17:13:07","a2bec9ef-28a6-41cb-937b-adaf51dd5ca7","2025-03-29 17:13:07",1
"Uncles","a2bec9ef-28a6-41cb-937b-adaf51dd5ca7","2025-03-29 17:13:07","a2bec9ef-28a6-41cb-937b-adaf51dd5ca7","2025-03-29 17:13:07",1
"Determination (Personality trait) in children","a2bec9ef-28a6-41cb-937b-adaf51dd5ca7","2025-03-29 17:13:07","a2bec9ef-28a6-41cb-937b-adaf51dd5ca7","2025-03-29 17:13:07",1
"Witches Fiction","a2bec9ef-28a6-41cb-937b-adaf51dd5ca7","2025-03-29 17:13:07","a2bec9ef-28a6-41cb-937b-adaf51dd5ca7","2025-03-29 17:13:07",1
"Wizards Fiction","a2bec9ef-28a6-41cb-937b-adaf51dd5ca7","2025-03-29 17:13:07","a2bec9ef-28a6-41cb-937b-adaf51dd5ca7","2025-03-29 17:13:07",1
"Schools Fiction","a2bec9ef-28a6-41cb-937b-adaf51dd5ca7","2025-03-29 17:13:07","a2bec9ef-28a6-41cb-937b-adaf51dd5ca7","2025-03-29 17:13:07",1
"England Fiction","a2bec9ef-28a6-41cb-937b-adaf51dd5ca7","2025-03-29 17:13:07","a2bec9ef-28a6-41cb-937b-adaf51dd5ca7","2025-03-29 17:13:07",1
"Magic -- Juvenile fiction","a2bec9ef-28a6-41cb-937b-adaf51dd5ca7","2025-03-29 17:13:07","a2bec9ef-28a6-41cb-937b-adaf51dd5ca7","2025-03-29 17:13:07",1
"Schools -- Juvenile fiction","a2bec9ef-28a6-41cb-937b-adaf51dd5ca7","2025-03-29 17:13:07","a2bec9ef-28a6-41cb-937b-adaf51dd5ca7","2025-03-29 17:13:07",1
"England -- Juvenile fiction","a2bec9ef-28a6-41cb-937b-adaf51dd5ca7","2025-03-29 17:13:07","a2bec9ef-28a6-41cb-937b-adaf51dd5ca7","2025-03-29 17:13:07",1
"Engels","a2bec9ef-28a6-41cb-937b-adaf51dd5ca7","2025-03-29 17:13:07","a2bec9ef-28a6-41cb-937b-adaf51dd5ca7","2025-03-29 17:13:07",1
"Nécromancie","a2bec9ef-28a6-41cb-937b-adaf51dd5ca7","2025-03-29 17:13:07","a2bec9ef-28a6-41cb-937b-adaf51dd5ca7","2025-03-29 17:13:07",1
"Magía","a2bec9ef-28a6-41cb-937b-adaf51dd5ca7","2025-03-29 17:13:07","a2bec9ef-28a6-41cb-937b-adaf51dd5ca7","2025-03-29 17:13:07",1
"Sieg","a2bec9ef-28a6-41cb-937b-adaf51dd5ca7","2025-03-29 17:13:07","a2bec9ef-28a6-41cb-937b-adaf51dd5ca7","2025-03-29 17:13:07",1
"Basilisk","a2bec9ef-28a6-41cb-937b-adaf51dd5ca7","2025-03-29 17:13:07","a2bec9ef-28a6-41cb-937b-adaf51dd5ca7","2025-03-29 17:13:07",1
"List","a2bec9ef-28a6-41cb-937b-adaf51dd5ca7","2025-03-29 17:13:07","a2bec9ef-28a6-41cb-937b-adaf51dd5ca7","2025-03-29 17:13:07",1
"Kampf","a2bec9ef-28a6-41cb-937b-adaf51dd5ca7","2025-03-29 17:13:07","a2bec9ef-28a6-41cb-937b-adaf51dd5ca7","2025-03-29 17:13:07",1
"Schule","a2bec9ef-28a6-41cb-937b-adaf51dd5ca7","2025-03-29 17:13:07","a2bec9ef-28a6-41cb-937b-adaf51dd5ca7","2025-03-29 17:13:07",1
"Basilisk (Fabeltier)","a2bec9ef-28a6-41cb-937b-adaf51dd5ca7","2025-03-29 17:13:07","a2bec9ef-28a6-41cb-937b-adaf51dd5ca7","2025-03-29 17:13:07",1
"Phönix","a2bec9ef-28a6-41cb-937b-adaf51dd5ca7","2025-03-29 17:13:07","a2bec9ef-28a6-41cb-937b-adaf51dd5ca7","2025-03-29 17:13:07",1
"Deutschland Grenzschutzkommando Mitte Schule","a2bec9ef-28a6-41cb-937b-adaf51dd5ca7","2025-03-29 17:13:07","a2bec9ef-28a6-41cb-937b-adaf51dd5ca7","2025-03-29 17:13:07",1
"Deutschland","a2bec9ef-28a6-41cb-937b-adaf51dd5ca7","2025-03-29 17:13:07","a2bec9ef-28a6-41cb-937b-adaf51dd5ca7","2025-03-29 17:13:07",1
"Hogwartes School of Witchcraft and Wizardry (Imaginary place)","a2bec9ef-28a6-41cb-937b-adaf51dd5ca7","2025-03-29 17:13:07","a2bec9ef-28a6-41cb-937b-adaf51dd5ca7","2025-03-29 17:13:07",1
"Braille books","a2bec9ef-28a6-41cb-937b-adaf51dd5ca7","2025-03-29 17:13:07","a2bec9ef-28a6-41cb-937b-adaf51dd5ca7","2025-03-29 17:13:07",1
"Haunted houses","a2bec9ef-28a6-41cb-937b-adaf51dd5ca7","2025-03-29 17:13:07","a2bec9ef-28a6-41cb-937b-adaf51dd5ca7","2025-03-29 17:13:07",1
"Casas embrujadas","a2bec9ef-28a6-41cb-937b-adaf51dd5ca7","2025-03-29 17:13:07","a2bec9ef-28a6-41cb-937b-adaf51dd5ca7","2025-03-29 17:13:07",1
"Gothic revival (Literature)","a2bec9ef-28a6-41cb-937b-adaf51dd5ca7","2025-03-29 17:13:07","a2bec9ef-28a6-41cb-937b-adaf51dd5ca7","2025-03-29 17:13:07",1
"Novela gótica","a2bec9ef-28a6-41cb-937b-adaf51dd5ca7","2025-03-29 17:13:07","a2bec9ef-28a6-41cb-937b-adaf51dd5ca7","2025-03-29 17:13:07",1
"Novela psicológica","a2bec9ef-28a6-41cb-937b-adaf51dd5ca7","2025-03-29 17:13:07","a2bec9ef-28a6-41cb-937b-adaf51dd5ca7","2025-03-29 17:13:07",1
"Empire chese roman","a2bec9ef-28a6-41cb-937b-adaf51dd5ca7","2025-03-29 17:13:07","a2bec9ef-28a6-41cb-937b-adaf51dd5ca7","2025-03-29 17:13:07",1
"haunted","a2bec9ef-28a6-41cb-937b-adaf51dd5ca7","2025-03-29 17:13:07","a2bec9ef-28a6-41cb-937b-adaf51dd5ca7","2025-03-29 17:13:07",1
"ghost","a2bec9ef-28a6-41cb-937b-adaf51dd5ca7","2025-03-29 17:13:07","a2bec9ef-28a6-41cb-937b-adaf51dd5ca7","2025-03-29 17:13:07",1
"FICTION / Gothic","a2bec9ef-28a6-41cb-937b-adaf51dd5ca7","2025-03-29 17:13:07","a2bec9ef-28a6-41cb-937b-adaf51dd5ca7","2025-03-29 17:13:07",1
"FICTION / Horror","a2bec9ef-28a6-41cb-937b-adaf51dd5ca7","2025-03-29 17:13:07","a2bec9ef-28a6-41cb-937b-adaf51dd5ca7","2025-03-29 17:13:07",1
"Haunted houses--fiction","a2bec9ef-28a6-41cb-937b-adaf51dd5ca7","2025-03-29 17:13:07","a2bec9ef-28a6-41cb-937b-adaf51dd5ca7","2025-03-29 17:13:07",1
"Ps3519.a392 h3 2006","a2bec9ef-28a6-41cb-937b-adaf51dd5ca7","2025-03-29 17:13:07","a2bec9ef-28a6-41cb-937b-adaf51dd5ca7","2025-03-29 17:13:07",1
"Attempted assassination","a2bec9ef-28a6-41cb-937b-adaf51dd5ca7","2025-03-29 17:13:07","a2bec9ef-28a6-41cb-937b-adaf51dd5ca7","2025-03-29 17:13:07",1
"Mercenary troops","a2bec9ef-28a6-41cb-937b-adaf51dd5ca7","2025-03-29 17:13:07","a2bec9ef-28a6-41cb-937b-adaf51dd5ca7","2025-03-29 17:13:07",1
"nyt:hardcover_fiction=2011-05-28","a2bec9ef-28a6-41cb-937b-adaf51dd5ca7","2025-03-29 17:13:07","a2bec9ef-28a6-41cb-937b-adaf51dd5ca7","2025-03-29 17:13:07",1
"Paranormal Fiction","a2bec9ef-28a6-41cb-937b-adaf51dd5ca7","2025-03-29 17:13:07","a2bec9ef-28a6-41cb-937b-adaf51dd5ca7","2025-03-29 17:13:07",1
"Phantastischer Roman","a2bec9ef-28a6-41cb-937b-adaf51dd5ca7","2025-03-29 17:13:07","a2bec9ef-28a6-41cb-937b-adaf51dd5ca7","2025-03-29 17:13:07",1
"Mercenary soldiers","a2bec9ef-28a6-41cb-937b-adaf51dd5ca7","2025-03-29 17:13:07","a2bec9ef-28a6-41cb-937b-adaf51dd5ca7","2025-03-29 17:13:07",1
"Assassination","a2bec9ef-28a6-41cb-937b-adaf51dd5ca7","2025-03-29 17:13:07","a2bec9ef-28a6-41cb-937b-adaf51dd5ca7","2025-03-29 17:13:07",1
"American Science Fiction And Fantasy","a2bec9ef-28a6-41cb-937b-adaf51dd5ca7","2025-03-29 17:13:07","a2bec9ef-28a6-41cb-937b-adaf51dd5ca7","2025-03-29 17:13:07",1
"Gangsters","a2bec9ef-28a6-41cb-937b-adaf51dd5ca7","2025-03-29 17:13:07","a2bec9ef-28a6-41cb-937b-adaf51dd5ca7","2025-03-29 17:13:07",1
"Swindlers and swindling","a2bec9ef-28a6-41cb-937b-adaf51dd5ca7","2025-03-29 17:13:07","a2bec9ef-28a6-41cb-937b-adaf51dd5ca7","2025-03-29 17:13:07",1
"Closeted gays","a2bec9ef-28a6-41cb-937b-adaf51dd5ca7","2025-03-29 17:13:07","a2bec9ef-28a6-41cb-937b-adaf51dd5ca7","2025-03-29 17:13:07",1
"Lesbian cartoonists","a2bec9ef-28a6-41cb-937b-adaf51dd5ca7","2025-03-29 17:13:07","a2bec9ef-28a6-41cb-937b-adaf51dd5ca7","2025-03-29 17:13:07",1
"Novela gráfica","a2bec9ef-28a6-41cb-937b-adaf51dd5ca7","2025-03-29 17:13:07","a2bec9ef-28a6-41cb-937b-adaf51dd5ca7","2025-03-29 17:13:07",1
"Novelas gráficas","a2bec9ef-28a6-41cb-937b-adaf51dd5ca7","2025-03-29 17:13:07","a2bec9ef-28a6-41cb-937b-adaf51dd5ca7","2025-03-29 17:13:07",1
"Caricaturistas","a2bec9ef-28a6-41cb-937b-adaf51dd5ca7","2025-03-29 17:13:07","a2bec9ef-28a6-41cb-937b-adaf51dd5ca7","2025-03-29 17:13:07",1
"Muñequitos, tiras cómicas","a2bec9ef-28a6-41cb-937b-adaf51dd5ca7","2025-03-29 17:13:07","a2bec9ef-28a6-41cb-937b-adaf51dd5ca7","2025-03-29 17:13:07",1
"Lesbians, biography","a2bec9ef-28a6-41cb-937b-adaf51dd5ca7","2025-03-29 17:13:07","a2bec9ef-28a6-41cb-937b-adaf51dd5ca7","2025-03-29 17:13:07",1
"LGBTQ biography and memoir","a2bec9ef-28a6-41cb-937b-adaf51dd5ca7","2025-03-29 17:13:07","a2bec9ef-28a6-41cb-937b-adaf51dd5ca7","2025-03-29 17:13:07",1
"LGBTQ graphic novels","a2bec9ef-28a6-41cb-937b-adaf51dd5ca7","2025-03-29 17:13:07","a2bec9ef-28a6-41cb-937b-adaf51dd5ca7","2025-03-29 17:13:07",1
"nyt:paperback-graphic-books=2012-05-20","a2bec9ef-28a6-41cb-937b-adaf51dd5ca7","2025-03-29 17:13:07","a2bec9ef-28a6-41cb-937b-adaf51dd5ca7","2025-03-29 17:13:07",1
"collection:judy_grahn_award=winner","a2bec9ef-28a6-41cb-937b-adaf51dd5ca7","2025-03-29 17:13:07","a2bec9ef-28a6-41cb-937b-adaf51dd5ca7","2025-03-29 17:13:07",1
"Homosexualität","a2bec9ef-28a6-41cb-937b-adaf51dd5ca7","2025-03-29 17:13:07","a2bec9ef-28a6-41cb-937b-adaf51dd5ca7","2025-03-29 17:13:07",1
"Tecknade serier","a2bec9ef-28a6-41cb-937b-adaf51dd5ca7","2025-03-29 17:13:07","a2bec9ef-28a6-41cb-937b-adaf51dd5ca7","2025-03-29 17:13:07",1
"Lesbian Studies","a2bec9ef-28a6-41cb-937b-adaf51dd5ca7","2025-03-29 17:13:07","a2bec9ef-28a6-41cb-937b-adaf51dd5ca7","2025-03-29 17:13:07",1
"Tochter","a2bec9ef-28a6-41cb-937b-adaf51dd5ca7","2025-03-29 17:13:07","a2bec9ef-28a6-41cb-937b-adaf51dd5ca7","2025-03-29 17:13:07",1
"Comiczeichnerin","a2bec9ef-28a6-41cb-937b-adaf51dd5ca7","2025-03-29 17:13:07","a2bec9ef-28a6-41cb-937b-adaf51dd5ca7","2025-03-29 17:13:07",1
"Serietecknare","a2bec9ef-28a6-41cb-937b-adaf51dd5ca7","2025-03-29 17:13:07","a2bec9ef-28a6-41cb-937b-adaf51dd5ca7","2025-03-29 17:13:07",1
"Mishnah","a2bec9ef-28a6-41cb-937b-adaf51dd5ca7","2025-03-29 17:13:07","a2bec9ef-28a6-41cb-937b-adaf51dd5ca7","2025-03-29 17:13:07",1
"gothic","a2bec9ef-28a6-41cb-937b-adaf51dd5ca7","2025-03-29 17:13:07","a2bec9ef-28a6-41cb-937b-adaf51dd5ca7","2025-03-29 17:13:07",1
"series:dollanganger","a2bec9ef-28a6-41cb-937b-adaf51dd5ca7","2025-03-29 17:13:07","a2bec9ef-28a6-41cb-937b-adaf51dd5ca7","2025-03-29 17:13:07",1
"doughnuts","a2bec9ef-28a6-41cb-937b-adaf51dd5ca7","2025-03-29 17:13:07","a2bec9ef-28a6-41cb-937b-adaf51dd5ca7","2025-03-29 17:13:07",1
"incest","a2bec9ef-28a6-41cb-937b-adaf51dd5ca7","2025-03-29 17:13:07","a2bec9ef-28a6-41cb-937b-adaf51dd5ca7","2025-03-29 17:13:07",1
"abused children","a2bec9ef-28a6-41cb-937b-adaf51dd5ca7","2025-03-29 17:13:07","a2bec9ef-28a6-41cb-937b-adaf51dd5ca7","2025-03-29 17:13:07",1
"brothers and sisters","a2bec9ef-28a6-41cb-937b-adaf51dd5ca7","2025-03-29 17:13:07","a2bec9ef-28a6-41cb-937b-adaf51dd5ca7","2025-03-29 17:13:07",1
"grandparents","a2bec9ef-28a6-41cb-937b-adaf51dd5ca7","2025-03-29 17:13:07","a2bec9ef-28a6-41cb-937b-adaf51dd5ca7","2025-03-29 17:13:07",1
"Abuso de niños","a2bec9ef-28a6-41cb-937b-adaf51dd5ca7","2025-03-29 17:13:07","a2bec9ef-28a6-41cb-937b-adaf51dd5ca7","2025-03-29 17:13:07",1
"Niños maltratados","a2bec9ef-28a6-41cb-937b-adaf51dd5ca7","2025-03-29 17:13:07","a2bec9ef-28a6-41cb-937b-adaf51dd5ca7","2025-03-29 17:13:07",1
"Abuelos","a2bec9ef-28a6-41cb-937b-adaf51dd5ca7","2025-03-29 17:13:07","a2bec9ef-28a6-41cb-937b-adaf51dd5ca7","2025-03-29 17:13:07",1
"Inheritance and succession","a2bec9ef-28a6-41cb-937b-adaf51dd5ca7","2025-03-29 17:13:07","a2bec9ef-28a6-41cb-937b-adaf51dd5ca7","2025-03-29 17:13:07",1
"Dollanger family (fictitious characters), fiction","a2bec9ef-28a6-41cb-937b-adaf51dd5ca7","2025-03-29 17:13:07","a2bec9ef-28a6-41cb-937b-adaf51dd5ca7","2025-03-29 17:13:07",1
"Health and hygiene","a2bec9ef-28a6-41cb-937b-adaf51dd5ca7","2025-03-29 17:13:07","a2bec9ef-28a6-41cb-937b-adaf51dd5ca7","2025-03-29 17:13:07",1
"collectionid:vcadg","a2bec9ef-28a6-41cb-937b-adaf51dd5ca7","2025-03-29 17:13:07","a2bec9ef-28a6-41cb-937b-adaf51dd5ca7","2025-03-29 17:13:07",1
"Elephants","a2bec9ef-28a6-41cb-937b-adaf51dd5ca7","2025-03-29 17:13:07","a2bec9ef-28a6-41cb-937b-adaf51dd5ca7","2025-03-29 17:13:07",1
"Gorilla","a2bec9ef-28a6-41cb-937b-adaf51dd5ca7","2025-03-29 17:13:07","a2bec9ef-28a6-41cb-937b-adaf51dd5ca7","2025-03-29 17:13:07",1
"Treatment","a2bec9ef-28a6-41cb-937b-adaf51dd5ca7","2025-03-29 17:13:07","a2bec9ef-28a6-41cb-937b-adaf51dd5ca7","2025-03-29 17:13:07",1
"Circus animals","a2bec9ef-28a6-41cb-937b-adaf51dd5ca7","2025-03-29 17:13:07","a2bec9ef-28a6-41cb-937b-adaf51dd5ca7","2025-03-29 17:13:07",1
"Animal welfare","a2bec9ef-28a6-41cb-937b-adaf51dd5ca7","2025-03-29 17:13:07","a2bec9ef-28a6-41cb-937b-adaf51dd5ca7","2025-03-29 17:13:07",1
"Zoos","a2bec9ef-28a6-41cb-937b-adaf51dd5ca7","2025-03-29 17:13:07","a2bec9ef-28a6-41cb-937b-adaf51dd5ca7","2025-03-29 17:13:07",1
"Gorillas","a2bec9ef-28a6-41cb-937b-adaf51dd5ca7","2025-03-29 17:13:07","a2bec9ef-28a6-41cb-937b-adaf51dd5ca7","2025-03-29 17:13:07",1
"Apes, Monkeys","a2bec9ef-28a6-41cb-937b-adaf51dd5ca7","2025-03-29 17:13:07","a2bec9ef-28a6-41cb-937b-adaf51dd5ca7","2025-03-29 17:13:07",1
"nyt:childrens-middle-grade=2013-02-17","a2bec9ef-28a6-41cb-937b-adaf51dd5ca7","2025-03-29 17:13:07","a2bec9ef-28a6-41cb-937b-adaf51dd5ca7","2025-03-29 17:13:07",1
"Gorilla, fiction","a2bec9ef-28a6-41cb-937b-adaf51dd5ca7","2025-03-29 17:13:07","a2bec9ef-28a6-41cb-937b-adaf51dd5ca7","2025-03-29 17:13:07",1
"Elephants, fiction","a2bec9ef-28a6-41cb-937b-adaf51dd5ca7","2025-03-29 17:13:07","a2bec9ef-28a6-41cb-937b-adaf51dd5ca7","2025-03-29 17:13:07",1
"Animals, treatment, fiction","a2bec9ef-28a6-41cb-937b-adaf51dd5ca7","2025-03-29 17:13:07","a2bec9ef-28a6-41cb-937b-adaf51dd5ca7","2025-03-29 17:13:07",1
"nyt:childrens-middle-grade-paperback=2015-08-30","a2bec9ef-28a6-41cb-937b-adaf51dd5ca7","2025-03-29 17:13:07","a2bec9ef-28a6-41cb-937b-adaf51dd5ca7","2025-03-29 17:13:07",1
"Circos","a2bec9ef-28a6-41cb-937b-adaf51dd5ca7","2025-03-29 17:13:07","a2bec9ef-28a6-41cb-937b-adaf51dd5ca7","2025-03-29 17:13:07",1
"Elefantes","a2bec9ef-28a6-41cb-937b-adaf51dd5ca7","2025-03-29 17:13:07","a2bec9ef-28a6-41cb-937b-adaf51dd5ca7","2025-03-29 17:13:07",1
"Bienestar de los animales","a2bec9ef-28a6-41cb-937b-adaf51dd5ca7","2025-03-29 17:13:07","a2bec9ef-28a6-41cb-937b-adaf51dd5ca7","2025-03-29 17:13:07",1
"Gorilas","a2bec9ef-28a6-41cb-937b-adaf51dd5ca7","2025-03-29 17:13:07","a2bec9ef-28a6-41cb-937b-adaf51dd5ca7","2025-03-29 17:13:07",1
"Animales del circo","a2bec9ef-28a6-41cb-937b-adaf51dd5ca7","2025-03-29 17:13:07","a2bec9ef-28a6-41cb-937b-adaf51dd5ca7","2025-03-29 17:13:07",1
"nyt:childrens-middle-grade-e-book=2015-11-22","a2bec9ef-28a6-41cb-937b-adaf51dd5ca7","2025-03-29 17:13:07","a2bec9ef-28a6-41cb-937b-adaf51dd5ca7","2025-03-29 17:13:07",1
"Zoos, fiction","a2bec9ef-28a6-41cb-937b-adaf51dd5ca7","2025-03-29 17:13:07","a2bec9ef-28a6-41cb-937b-adaf51dd5ca7","2025-03-29 17:13:07",1
"Actors","a2bec9ef-28a6-41cb-937b-adaf51dd5ca7","2025-03-29 17:13:07","a2bec9ef-28a6-41cb-937b-adaf51dd5ca7","2025-03-29 17:13:07",1
"Shakespearean actors and actresses","a2bec9ef-28a6-41cb-937b-adaf51dd5ca7","2025-03-29 17:13:07","a2bec9ef-28a6-41cb-937b-adaf51dd5ca7","2025-03-29 17:13:07",1
"Symphonies","a2bec9ef-28a6-41cb-937b-adaf51dd5ca7","2025-03-29 17:13:07","a2bec9ef-28a6-41cb-937b-adaf51dd5ca7","2025-03-29 17:13:07",1
"Traveling theater","a2bec9ef-28a6-41cb-937b-adaf51dd5ca7","2025-03-29 17:13:07","a2bec9ef-28a6-41cb-937b-adaf51dd5ca7","2025-03-29 17:13:07",1
"FICTION / Science Fiction / Adventure","a2bec9ef-28a6-41cb-937b-adaf51dd5ca7","2025-03-29 17:13:07","a2bec9ef-28a6-41cb-937b-adaf51dd5ca7","2025-03-29 17:13:07",1
"nyt:trade-fiction-paperback=2015-06-21","a2bec9ef-28a6-41cb-937b-adaf51dd5ca7","2025-03-29 17:13:07","a2bec9ef-28a6-41cb-937b-adaf51dd5ca7","2025-03-29 17:13:07",1
"Actors, fiction","a2bec9ef-28a6-41cb-937b-adaf51dd5ca7","2025-03-29 17:13:07","a2bec9ef-28a6-41cb-937b-adaf51dd5ca7","2025-03-29 17:13:07",1
"nyt:hardcover-fiction=2014-10-19","a2bec9ef-28a6-41cb-937b-adaf51dd5ca7","2025-03-29 17:13:07","a2bec9ef-28a6-41cb-937b-adaf51dd5ca7","2025-03-29 17:13:07",1
"Canadian fiction","a2bec9ef-28a6-41cb-937b-adaf51dd5ca7","2025-03-29 17:13:07","a2bec9ef-28a6-41cb-937b-adaf51dd5ca7","2025-03-29 17:13:07",1
"Epidemics","a2bec9ef-28a6-41cb-937b-adaf51dd5ca7","2025-03-29 17:13:07","a2bec9ef-28a6-41cb-937b-adaf51dd5ca7","2025-03-29 17:13:07",1
"Motivation (Psychology)","a2bec9ef-28a6-41cb-937b-adaf51dd5ca7","2025-03-29 17:13:07","a2bec9ef-28a6-41cb-937b-adaf51dd5ca7","2025-03-29 17:13:07",1
"Self-control","a2bec9ef-28a6-41cb-937b-adaf51dd5ca7","2025-03-29 17:13:07","a2bec9ef-28a6-41cb-937b-adaf51dd5ca7","2025-03-29 17:13:07",1
"nyt:advice-how-to-and-miscellaneous=2018-11-11","a2bec9ef-28a6-41cb-937b-adaf51dd5ca7","2025-03-29 17:13:07","a2bec9ef-28a6-41cb-937b-adaf51dd5ca7","2025-03-29 17:13:07",1
"Roman policier","a2bec9ef-28a6-41cb-937b-adaf51dd5ca7","2025-03-29 17:13:07","a2bec9ef-28a6-41cb-937b-adaf51dd5ca7","2025-03-29 17:13:07",1
"cyanide poisoning","a2bec9ef-28a6-41cb-937b-adaf51dd5ca7","2025-03-29 17:13:07","a2bec9ef-28a6-41cb-937b-adaf51dd5ca7","2025-03-29 17:13:07",1
"chloral hydrate","a2bec9ef-28a6-41cb-937b-adaf51dd5ca7","2025-03-29 17:13:07","a2bec9ef-28a6-41cb-937b-adaf51dd5ca7","2025-03-29 17:13:07",1
"potassium cyanide","a2bec9ef-28a6-41cb-937b-adaf51dd5ca7","2025-03-29 17:13:07","a2bec9ef-28a6-41cb-937b-adaf51dd5ca7","2025-03-29 17:13:07",1
"Scotland Yard","a2bec9ef-28a6-41cb-937b-adaf51dd5ca7","2025-03-29 17:13:07","a2bec9ef-28a6-41cb-937b-adaf51dd5ca7","2025-03-29 17:13:07",1
"coroners","a2bec9ef-28a6-41cb-937b-adaf51dd5ca7","2025-03-29 17:13:07","a2bec9ef-28a6-41cb-937b-adaf51dd5ca7","2025-03-29 17:13:07",1
"message in a bottle","a2bec9ef-28a6-41cb-937b-adaf51dd5ca7","2025-03-29 17:13:07","a2bec9ef-28a6-41cb-937b-adaf51dd5ca7","2025-03-29 17:13:07",1
"Millionaires","a2bec9ef-28a6-41cb-937b-adaf51dd5ca7","2025-03-29 17:13:07","a2bec9ef-28a6-41cb-937b-adaf51dd5ca7","2025-03-29 17:13:07",1
"Murder victims","a2bec9ef-28a6-41cb-937b-adaf51dd5ca7","2025-03-29 17:13:07","a2bec9ef-28a6-41cb-937b-adaf51dd5ca7","2025-03-29 17:13:07",1
"Millionaires in fiction","a2bec9ef-28a6-41cb-937b-adaf51dd5ca7","2025-03-29 17:13:07","a2bec9ef-28a6-41cb-937b-adaf51dd5ca7","2025-03-29 17:13:07",1
"Murder victims in fiction","a2bec9ef-28a6-41cb-937b-adaf51dd5ca7","2025-03-29 17:13:07","a2bec9ef-28a6-41cb-937b-adaf51dd5ca7","2025-03-29 17:13:07",1
"Islands in fiction","a2bec9ef-28a6-41cb-937b-adaf51dd5ca7","2025-03-29 17:13:07","a2bec9ef-28a6-41cb-937b-adaf51dd5ca7","2025-03-29 17:13:07",1
"Mystery & Detective","a2bec9ef-28a6-41cb-937b-adaf51dd5ca7","2025-03-29 17:13:07","a2bec9ef-28a6-41cb-937b-adaf51dd5ca7","2025-03-29 17:13:07",1
"Traditional","a2bec9ef-28a6-41cb-937b-adaf51dd5ca7","2025-03-29 17:13:07","a2bec9ef-28a6-41cb-937b-adaf51dd5ca7","2025-03-29 17:13:07",1
"Serial murders, fiction","a2bec9ef-28a6-41cb-937b-adaf51dd5ca7","2025-03-29 17:13:07","a2bec9ef-28a6-41cb-937b-adaf51dd5ca7","2025-03-29 17:13:07",1
"Romantic fiction","a2bec9ef-28a6-41cb-937b-adaf51dd5ca7","2025-03-29 17:13:07","a2bec9ef-28a6-41cb-937b-adaf51dd5ca7","2025-03-29 17:13:07",1
"rom-com","a2bec9ef-28a6-41cb-937b-adaf51dd5ca7","2025-03-29 17:13:07","a2bec9ef-28a6-41cb-937b-adaf51dd5ca7","2025-03-29 17:13:07",1
"College Life","a2bec9ef-28a6-41cb-937b-adaf51dd5ca7","2025-03-29 17:13:07","a2bec9ef-28a6-41cb-937b-adaf51dd5ca7","2025-03-29 17:13:07",1
"women in STEM","a2bec9ef-28a6-41cb-937b-adaf51dd5ca7","2025-03-29 17:13:07","a2bec9ef-28a6-41cb-937b-adaf51dd5ca7","2025-03-29 17:13:07",1
"contemporary fiction","a2bec9ef-28a6-41cb-937b-adaf51dd5ca7","2025-03-29 17:13:07","a2bec9ef-28a6-41cb-937b-adaf51dd5ca7","2025-03-29 17:13:07",1
"racial segregation","a2bec9ef-28a6-41cb-937b-adaf51dd5ca7","2025-03-29 17:13:07","a2bec9ef-28a6-41cb-937b-adaf51dd5ca7","2025-03-29 17:13:07",1
"mob mentality","a2bec9ef-28a6-41cb-937b-adaf51dd5ca7","2025-03-29 17:13:07","a2bec9ef-28a6-41cb-937b-adaf51dd5ca7","2025-03-29 17:13:07",1
"Southern Gothic","a2bec9ef-28a6-41cb-937b-adaf51dd5ca7","2025-03-29 17:13:07","a2bec9ef-28a6-41cb-937b-adaf51dd5ca7","2025-03-29 17:13:07",1
"southern life","a2bec9ef-28a6-41cb-937b-adaf51dd5ca7","2025-03-29 17:13:07","a2bec9ef-28a6-41cb-937b-adaf51dd5ca7","2025-03-29 17:13:07",1
"racial injustice","a2bec9ef-28a6-41cb-937b-adaf51dd5ca7","2025-03-29 17:13:07","a2bec9ef-28a6-41cb-937b-adaf51dd5ca7","2025-03-29 17:13:07",1
"class","a2bec9ef-28a6-41cb-937b-adaf51dd5ca7","2025-03-29 17:13:07","a2bec9ef-28a6-41cb-937b-adaf51dd5ca7","2025-03-29 17:13:07",1
"courage","a2bec9ef-28a6-41cb-937b-adaf51dd5ca7","2025-03-29 17:13:07","a2bec9ef-28a6-41cb-937b-adaf51dd5ca7","2025-03-29 17:13:07",1
"compassion","a2bec9ef-28a6-41cb-937b-adaf51dd5ca7","2025-03-29 17:13:07","a2bec9ef-28a6-41cb-937b-adaf51dd5ca7","2025-03-29 17:13:07",1
"gender roles","a2bec9ef-28a6-41cb-937b-adaf51dd5ca7","2025-03-29 17:13:07","a2bec9ef-28a6-41cb-937b-adaf51dd5ca7","2025-03-29 17:13:07",1
"laws","a2bec9ef-28a6-41cb-937b-adaf51dd5ca7","2025-03-29 17:13:07","a2bec9ef-28a6-41cb-937b-adaf51dd5ca7","2025-03-29 17:13:07",1
"loss of innocence","a2bec9ef-28a6-41cb-937b-adaf51dd5ca7","2025-03-29 17:13:07","a2bec9ef-28a6-41cb-937b-adaf51dd5ca7","2025-03-29 17:13:07",1
"rape trials","a2bec9ef-28a6-41cb-937b-adaf51dd5ca7","2025-03-29 17:13:07","a2bec9ef-28a6-41cb-937b-adaf51dd5ca7","2025-03-29 17:13:07",1
"legal stories","a2bec9ef-28a6-41cb-937b-adaf51dd5ca7","2025-03-29 17:13:07","a2bec9ef-28a6-41cb-937b-adaf51dd5ca7","2025-03-29 17:13:07",1
"Lawyers","a2bec9ef-28a6-41cb-937b-adaf51dd5ca7","2025-03-29 17:13:07","a2bec9ef-28a6-41cb-937b-adaf51dd5ca7","2025-03-29 17:13:07",1
"Prejudices","a2bec9ef-28a6-41cb-937b-adaf51dd5ca7","2025-03-29 17:13:07","a2bec9ef-28a6-41cb-937b-adaf51dd5ca7","2025-03-29 17:13:07",1
"Trials (Rape)","a2bec9ef-28a6-41cb-937b-adaf51dd5ca7","2025-03-29 17:13:07","a2bec9ef-28a6-41cb-937b-adaf51dd5ca7","2025-03-29 17:13:07",1
"Great Depression","a2bec9ef-28a6-41cb-937b-adaf51dd5ca7","2025-03-29 17:13:07","a2bec9ef-28a6-41cb-937b-adaf51dd5ca7","2025-03-29 17:13:07",1
"Father-daughter relationship,","a2bec9ef-28a6-41cb-937b-adaf51dd5ca7","2025-03-29 17:13:07","a2bec9ef-28a6-41cb-937b-adaf51dd5ca7","2025-03-29 17:13:07",1
"Toleranz","a2bec9ef-28a6-41cb-937b-adaf51dd5ca7","2025-03-29 17:13:07","a2bec9ef-28a6-41cb-937b-adaf51dd5ca7","2025-03-29 17:13:07",1
"Fiction, legal","a2bec9ef-28a6-41cb-937b-adaf51dd5ca7","2025-03-29 17:13:07","a2bec9ef-28a6-41cb-937b-adaf51dd5ca7","2025-03-29 17:13:07",1
"Fathers and daughters, fiction","a2bec9ef-28a6-41cb-937b-adaf51dd5ca7","2025-03-29 17:13:07","a2bec9ef-28a6-41cb-937b-adaf51dd5ca7","2025-03-29 17:13:07",1
"Lawyers, fiction","a2bec9ef-28a6-41cb-937b-adaf51dd5ca7","2025-03-29 17:13:07","a2bec9ef-28a6-41cb-937b-adaf51dd5ca7","2025-03-29 17:13:07",1
"Padres e hijas","a2bec9ef-28a6-41cb-937b-adaf51dd5ca7","2025-03-29 17:13:07","a2bec9ef-28a6-41cb-937b-adaf51dd5ca7","2025-03-29 17:13:07",1
"Relaciones raciales","a2bec9ef-28a6-41cb-937b-adaf51dd5ca7","2025-03-29 17:13:07","a2bec9ef-28a6-41cb-937b-adaf51dd5ca7","2025-03-29 17:13:07",1
"Procesos por violación","a2bec9ef-28a6-41cb-937b-adaf51dd5ca7","2025-03-29 17:13:07","a2bec9ef-28a6-41cb-937b-adaf51dd5ca7","2025-03-29 17:13:07",1
"Father-daughter relationship","a2bec9ef-28a6-41cb-937b-adaf51dd5ca7","2025-03-29 17:13:07","a2bec9ef-28a6-41cb-937b-adaf51dd5ca7","2025-03-29 17:13:07",1
"Muchachas","a2bec9ef-28a6-41cb-937b-adaf51dd5ca7","2025-03-29 17:13:07","a2bec9ef-28a6-41cb-937b-adaf51dd5ca7","2025-03-29 17:13:07",1
"Procès (Viol)","a2bec9ef-28a6-41cb-937b-adaf51dd5ca7","2025-03-29 17:13:07","a2bec9ef-28a6-41cb-937b-adaf51dd5ca7","2025-03-29 17:13:07",1
"Estados del Sur (Estados Unidos)","a2bec9ef-28a6-41cb-937b-adaf51dd5ca7","2025-03-29 17:13:07","a2bec9ef-28a6-41cb-937b-adaf51dd5ca7","2025-03-29 17:13:07",1
"Chevrolet Suburbans","a2bec9ef-28a6-41cb-937b-adaf51dd5ca7","2025-03-29 17:13:07","a2bec9ef-28a6-41cb-937b-adaf51dd5ca7","2025-03-29 17:13:07",1
"1955 doubled die cents","a2bec9ef-28a6-41cb-937b-adaf51dd5ca7","2025-03-29 17:13:07","a2bec9ef-28a6-41cb-937b-adaf51dd5ca7","2025-03-29 17:13:07",1
"detectives","a2bec9ef-28a6-41cb-937b-adaf51dd5ca7","2025-03-29 17:13:07","a2bec9ef-28a6-41cb-937b-adaf51dd5ca7","2025-03-29 17:13:07",1
"school shootings","a2bec9ef-28a6-41cb-937b-adaf51dd5ca7","2025-03-29 17:13:07","a2bec9ef-28a6-41cb-937b-adaf51dd5ca7","2025-03-29 17:13:07",1
"alter egos","a2bec9ef-28a6-41cb-937b-adaf51dd5ca7","2025-03-29 17:13:07","a2bec9ef-28a6-41cb-937b-adaf51dd5ca7","2025-03-29 17:13:07",1
"insanity","a2bec9ef-28a6-41cb-937b-adaf51dd5ca7","2025-03-29 17:13:07","a2bec9ef-28a6-41cb-937b-adaf51dd5ca7","2025-03-29 17:13:07",1
"sadism","a2bec9ef-28a6-41cb-937b-adaf51dd5ca7","2025-03-29 17:13:07","a2bec9ef-28a6-41cb-937b-adaf51dd5ca7","2025-03-29 17:13:07",1
"mail order","a2bec9ef-28a6-41cb-937b-adaf51dd5ca7","2025-03-29 17:13:07","a2bec9ef-28a6-41cb-937b-adaf51dd5ca7","2025-03-29 17:13:07",1
"rare coins","a2bec9ef-28a6-41cb-937b-adaf51dd5ca7","2025-03-29 17:13:07","a2bec9ef-28a6-41cb-937b-adaf51dd5ca7","2025-03-29 17:13:07",1
"pornography","a2bec9ef-28a6-41cb-937b-adaf51dd5ca7","2025-03-29 17:13:07","a2bec9ef-28a6-41cb-937b-adaf51dd5ca7","2025-03-29 17:13:07",1
"sadomasochism","a2bec9ef-28a6-41cb-937b-adaf51dd5ca7","2025-03-29 17:13:07","a2bec9ef-28a6-41cb-937b-adaf51dd5ca7","2025-03-29 17:13:07",1
"serial killers","a2bec9ef-28a6-41cb-937b-adaf51dd5ca7","2025-03-29 17:13:07","a2bec9ef-28a6-41cb-937b-adaf51dd5ca7","2025-03-29 17:13:07",1
"novellas","a2bec9ef-28a6-41cb-937b-adaf51dd5ca7","2025-03-29 17:13:07","a2bec9ef-28a6-41cb-937b-adaf51dd5ca7","2025-03-29 17:13:07",1
"Suspense fiction","a2bec9ef-28a6-41cb-937b-adaf51dd5ca7","2025-03-29 17:13:07","a2bec9ef-28a6-41cb-937b-adaf51dd5ca7","2025-03-29 17:13:07",1
"serial murderers","a2bec9ef-28a6-41cb-937b-adaf51dd5ca7","2025-03-29 17:13:07","a2bec9ef-28a6-41cb-937b-adaf51dd5ca7","2025-03-29 17:13:07",1
"secrecy","a2bec9ef-28a6-41cb-937b-adaf51dd5ca7","2025-03-29 17:13:07","a2bec9ef-28a6-41cb-937b-adaf51dd5ca7","2025-03-29 17:13:07",1
"business travel","a2bec9ef-28a6-41cb-937b-adaf51dd5ca7","2025-03-29 17:13:07","a2bec9ef-28a6-41cb-937b-adaf51dd5ca7","2025-03-29 17:13:07",1
"cozy mysteries","a2bec9ef-28a6-41cb-937b-adaf51dd5ca7","2025-03-29 17:13:07","a2bec9ef-28a6-41cb-937b-adaf51dd5ca7","2025-03-29 17:13:07",1
"violence against women","a2bec9ef-28a6-41cb-937b-adaf51dd5ca7","2025-03-29 17:13:07","a2bec9ef-28a6-41cb-937b-adaf51dd5ca7","2025-03-29 17:13:07",1
"slaughterhouses","a2bec9ef-28a6-41cb-937b-adaf51dd5ca7","2025-03-29 17:13:07","a2bec9ef-28a6-41cb-937b-adaf51dd5ca7","2025-03-29 17:13:07",1
"butcher knives","a2bec9ef-28a6-41cb-937b-adaf51dd5ca7","2025-03-29 17:13:07","a2bec9ef-28a6-41cb-937b-adaf51dd5ca7","2025-03-29 17:13:07",1
"wells","a2bec9ef-28a6-41cb-937b-adaf51dd5ca7","2025-03-29 17:13:07","a2bec9ef-28a6-41cb-937b-adaf51dd5ca7","2025-03-29 17:13:07",1
"cover-ups","a2bec9ef-28a6-41cb-937b-adaf51dd5ca7","2025-03-29 17:13:07","a2bec9ef-28a6-41cb-937b-adaf51dd5ca7","2025-03-29 17:13:07",1
"sheriffs","a2bec9ef-28a6-41cb-937b-adaf51dd5ca7","2025-03-29 17:13:07","a2bec9ef-28a6-41cb-937b-adaf51dd5ca7","2025-03-29 17:13:07",1
"pariahs","a2bec9ef-28a6-41cb-937b-adaf51dd5ca7","2025-03-29 17:13:07","a2bec9ef-28a6-41cb-937b-adaf51dd5ca7","2025-03-29 17:13:07",1
"suicide","a2bec9ef-28a6-41cb-937b-adaf51dd5ca7","2025-03-29 17:13:07","a2bec9ef-28a6-41cb-937b-adaf51dd5ca7","2025-03-29 17:13:07",1
"delusion","a2bec9ef-28a6-41cb-937b-adaf51dd5ca7","2025-03-29 17:13:07","a2bec9ef-28a6-41cb-937b-adaf51dd5ca7","2025-03-29 17:13:07",1
"American Short stories","a2bec9ef-28a6-41cb-937b-adaf51dd5ca7","2025-03-29 17:13:07","a2bec9ef-28a6-41cb-937b-adaf51dd5ca7","2025-03-29 17:13:07",1
"nyt:mass_market_paperback=2011-09-17","a2bec9ef-28a6-41cb-937b-adaf51dd5ca7","2025-03-29 17:13:07","a2bec9ef-28a6-41cb-937b-adaf51dd5ca7","2025-03-29 17:13:07",1
"retribution","a2bec9ef-28a6-41cb-937b-adaf51dd5ca7","2025-03-29 17:13:07","a2bec9ef-28a6-41cb-937b-adaf51dd5ca7","2025-03-29 17:13:07",1
"lung cancer","a2bec9ef-28a6-41cb-937b-adaf51dd5ca7","2025-03-29 17:13:07","a2bec9ef-28a6-41cb-937b-adaf51dd5ca7","2025-03-29 17:13:07",1
"tumors","a2bec9ef-28a6-41cb-937b-adaf51dd5ca7","2025-03-29 17:13:07","a2bec9ef-28a6-41cb-937b-adaf51dd5ca7","2025-03-29 17:13:07",1
"breast cancer","a2bec9ef-28a6-41cb-937b-adaf51dd5ca7","2025-03-29 17:13:07","a2bec9ef-28a6-41cb-937b-adaf51dd5ca7","2025-03-29 17:13:07",1
"lymph nodes","a2bec9ef-28a6-41cb-937b-adaf51dd5ca7","2025-03-29 17:13:07","a2bec9ef-28a6-41cb-937b-adaf51dd5ca7","2025-03-29 17:13:07",1
"embezzlement","a2bec9ef-28a6-41cb-937b-adaf51dd5ca7","2025-03-29 17:13:07","a2bec9ef-28a6-41cb-937b-adaf51dd5ca7","2025-03-29 17:13:07",1
"heart attack","a2bec9ef-28a6-41cb-937b-adaf51dd5ca7","2025-03-29 17:13:07","a2bec9ef-28a6-41cb-937b-adaf51dd5ca7","2025-03-29 17:13:07",1
"brain damage","a2bec9ef-28a6-41cb-937b-adaf51dd5ca7","2025-03-29 17:13:07","a2bec9ef-28a6-41cb-937b-adaf51dd5ca7","2025-03-29 17:13:07",1
"stillbirth","a2bec9ef-28a6-41cb-937b-adaf51dd5ca7","2025-03-29 17:13:07","a2bec9ef-28a6-41cb-937b-adaf51dd5ca7","2025-03-29 17:13:07",1
"pyorrhea","a2bec9ef-28a6-41cb-937b-adaf51dd5ca7","2025-03-29 17:13:07","a2bec9ef-28a6-41cb-937b-adaf51dd5ca7","2025-03-29 17:13:07",1
"gout","a2bec9ef-28a6-41cb-937b-adaf51dd5ca7","2025-03-29 17:13:07","a2bec9ef-28a6-41cb-937b-adaf51dd5ca7","2025-03-29 17:13:07",1
"psoriasis","a2bec9ef-28a6-41cb-937b-adaf51dd5ca7","2025-03-29 17:13:07","a2bec9ef-28a6-41cb-937b-adaf51dd5ca7","2025-03-29 17:13:07",1
"Devil","a2bec9ef-28a6-41cb-937b-adaf51dd5ca7","2025-03-29 17:13:07","a2bec9ef-28a6-41cb-937b-adaf51dd5ca7","2025-03-29 17:13:07",1
"Rape victims","a2bec9ef-28a6-41cb-937b-adaf51dd5ca7","2025-03-29 17:13:07","a2bec9ef-28a6-41cb-937b-adaf51dd5ca7","2025-03-29 17:13:07",1
"House selling","a2bec9ef-28a6-41cb-937b-adaf51dd5ca7","2025-03-29 17:13:07","a2bec9ef-28a6-41cb-937b-adaf51dd5ca7","2025-03-29 17:13:07",1
"Husband and wife","a2bec9ef-28a6-41cb-937b-adaf51dd5ca7","2025-03-29 17:13:07","a2bec9ef-28a6-41cb-937b-adaf51dd5ca7","2025-03-29 17:13:07",1
"Époux","a2bec9ef-28a6-41cb-937b-adaf51dd5ca7","2025-03-29 17:13:07","a2bec9ef-28a6-41cb-937b-adaf51dd5ca7","2025-03-29 17:13:07",1
"Victimes de viol","a2bec9ef-28a6-41cb-937b-adaf51dd5ca7","2025-03-29 17:13:07","a2bec9ef-28a6-41cb-937b-adaf51dd5ca7","2025-03-29 17:13:07",1
"Démon","a2bec9ef-28a6-41cb-937b-adaf51dd5ca7","2025-03-29 17:13:07","a2bec9ef-28a6-41cb-937b-adaf51dd5ca7","2025-03-29 17:13:07",1
"Presidents, united states, fiction","a2bec9ef-28a6-41cb-937b-adaf51dd5ca7","2025-03-29 17:13:07","a2bec9ef-28a6-41cb-937b-adaf51dd5ca7","2025-03-29 17:13:07",1
"nyt:trade-fiction-paperback=2019-06-02","a2bec9ef-28a6-41cb-937b-adaf51dd5ca7","2025-03-29 17:13:07","a2bec9ef-28a6-41cb-937b-adaf51dd5ca7","2025-03-29 17:13:07",1
"LGBTQ romance","a2bec9ef-28a6-41cb-937b-adaf51dd5ca7","2025-03-29 17:13:07","a2bec9ef-28a6-41cb-937b-adaf51dd5ca7","2025-03-29 17:13:07",1
"Grief","a2bec9ef-28a6-41cb-937b-adaf51dd5ca7","2025-03-29 17:13:07","a2bec9ef-28a6-41cb-937b-adaf51dd5ca7","2025-03-29 17:13:07",1
"Death -- Fiction","a2bec9ef-28a6-41cb-937b-adaf51dd5ca7","2025-03-29 17:13:07","a2bec9ef-28a6-41cb-937b-adaf51dd5ca7","2025-03-29 17:13:07",1
"Virginia, fiction","a2bec9ef-28a6-41cb-937b-adaf51dd5ca7","2025-03-29 17:13:07","a2bec9ef-28a6-41cb-937b-adaf51dd5ca7","2025-03-29 17:13:07",1
"Children and death","a2bec9ef-28a6-41cb-937b-adaf51dd5ca7","2025-03-29 17:13:07","a2bec9ef-28a6-41cb-937b-adaf51dd5ca7","2025-03-29 17:13:07",1
"Readers (Secondary)","a2bec9ef-28a6-41cb-937b-adaf51dd5ca7","2025-03-29 17:13:07","a2bec9ef-28a6-41cb-937b-adaf51dd5ca7","2025-03-29 17:13:07",1
"Children, fiction","a2bec9ef-28a6-41cb-937b-adaf51dd5ca7","2025-03-29 17:13:07","a2bec9ef-28a6-41cb-937b-adaf51dd5ca7","2025-03-29 17:13:07",1
"Adolescence, fiction","a2bec9ef-28a6-41cb-937b-adaf51dd5ca7","2025-03-29 17:13:07","a2bec9ef-28a6-41cb-937b-adaf51dd5ca7","2025-03-29 17:13:07",1
"Mythes géographiques","a2bec9ef-28a6-41cb-937b-adaf51dd5ca7","2025-03-29 17:13:07","a2bec9ef-28a6-41cb-937b-adaf51dd5ca7","2025-03-29 17:13:07",1
"lexile:810","a2bec9ef-28a6-41cb-937b-adaf51dd5ca7","2025-03-29 17:13:07","a2bec9ef-28a6-41cb-937b-adaf51dd5ca7","2025-03-29 17:13:07",1
"Motion picture music","a2bec9ef-28a6-41cb-937b-adaf51dd5ca7","2025-03-29 17:13:07","a2bec9ef-28a6-41cb-937b-adaf51dd5ca7","2025-03-29 17:13:07",1
"nyt:chapter_books=2010-11-06","a2bec9ef-28a6-41cb-937b-adaf51dd5ca7","2025-03-29 17:13:07","a2bec9ef-28a6-41cb-937b-adaf51dd5ca7","2025-03-29 17:13:07",1
"percy jackson (fictional character)","a2bec9ef-28a6-41cb-937b-adaf51dd5ca7","2025-03-29 17:13:07","a2bec9ef-28a6-41cb-937b-adaf51dd5ca7","2025-03-29 17:13:07",1
"Jason","a2bec9ef-28a6-41cb-937b-adaf51dd5ca7","2025-03-29 17:13:07","a2bec9ef-28a6-41cb-937b-adaf51dd5ca7","2025-03-29 17:13:07",1
"Lost","a2bec9ef-28a6-41cb-937b-adaf51dd5ca7","2025-03-29 17:13:07","a2bec9ef-28a6-41cb-937b-adaf51dd5ca7","2025-03-29 17:13:07",1
"Hero","a2bec9ef-28a6-41cb-937b-adaf51dd5ca7","2025-03-29 17:13:07","a2bec9ef-28a6-41cb-937b-adaf51dd5ca7","2025-03-29 17:13:07",1
"Perseus","a2bec9ef-28a6-41cb-937b-adaf51dd5ca7","2025-03-29 17:13:07","a2bec9ef-28a6-41cb-937b-adaf51dd5ca7","2025-03-29 17:13:07",1
"Leo","a2bec9ef-28a6-41cb-937b-adaf51dd5ca7","2025-03-29 17:13:07","a2bec9ef-28a6-41cb-937b-adaf51dd5ca7","2025-03-29 17:13:07",1
"Percy","a2bec9ef-28a6-41cb-937b-adaf51dd5ca7","2025-03-29 17:13:07","a2bec9ef-28a6-41cb-937b-adaf51dd5ca7","2025-03-29 17:13:07",1
"The Heroes of Olympus","a2bec9ef-28a6-41cb-937b-adaf51dd5ca7","2025-03-29 17:13:07","a2bec9ef-28a6-41cb-937b-adaf51dd5ca7","2025-03-29 17:13:07",1
"Piper Mclean","a2bec9ef-28a6-41cb-937b-adaf51dd5ca7","2025-03-29 17:13:07","a2bec9ef-28a6-41cb-937b-adaf51dd5ca7","2025-03-29 17:13:07",1
"The","a2bec9ef-28a6-41cb-937b-adaf51dd5ca7","2025-03-29 17:13:07","a2bec9ef-28a6-41cb-937b-adaf51dd5ca7","2025-03-29 17:13:07",1
"nyt:paperback-books=2012-04-22","a2bec9ef-28a6-41cb-937b-adaf51dd5ca7","2025-03-29 17:13:07","a2bec9ef-28a6-41cb-937b-adaf51dd5ca7","2025-03-29 17:13:07",1
"Olympians","a2bec9ef-28a6-41cb-937b-adaf51dd5ca7","2025-03-29 17:13:07","a2bec9ef-28a6-41cb-937b-adaf51dd5ca7","2025-03-29 17:13:07",1
"Literatura estadounidense","a2bec9ef-28a6-41cb-937b-adaf51dd5ca7","2025-03-29 17:13:07","a2bec9ef-28a6-41cb-937b-adaf51dd5ca7","2025-03-29 17:13:07",1
"Siglo XIX","a2bec9ef-28a6-41cb-937b-adaf51dd5ca7","2025-03-29 17:13:07","a2bec9ef-28a6-41cb-937b-adaf51dd5ca7","2025-03-29 17:13:07",1
"Ciencia ficción - Literatura","a2bec9ef-28a6-41cb-937b-adaf51dd5ca7","2025-03-29 17:13:07","a2bec9ef-28a6-41cb-937b-adaf51dd5ca7","2025-03-29 17:13:07",1
"Classicists","a2bec9ef-28a6-41cb-937b-adaf51dd5ca7","2025-03-29 17:13:07","a2bec9ef-28a6-41cb-937b-adaf51dd5ca7","2025-03-29 17:13:07",1
"College teachers, fiction","a2bec9ef-28a6-41cb-937b-adaf51dd5ca7","2025-03-29 17:13:07","a2bec9ef-28a6-41cb-937b-adaf51dd5ca7","2025-03-29 17:13:07",1
"Vermont, fiction","a2bec9ef-28a6-41cb-937b-adaf51dd5ca7","2025-03-29 17:13:07","a2bec9ef-28a6-41cb-937b-adaf51dd5ca7","2025-03-29 17:13:07",1
"Richard Papen (Fictitious character)","a2bec9ef-28a6-41cb-937b-adaf51dd5ca7","2025-03-29 17:13:07","a2bec9ef-28a6-41cb-937b-adaf51dd5ca7","2025-03-29 17:13:07",1
"College stories","a2bec9ef-28a6-41cb-937b-adaf51dd5ca7","2025-03-29 17:13:07","a2bec9ef-28a6-41cb-937b-adaf51dd5ca7","2025-03-29 17:13:07",1
"nyt:trade-fiction-paperback=2013-12-01","a2bec9ef-28a6-41cb-937b-adaf51dd5ca7","2025-03-29 17:13:07","a2bec9ef-28a6-41cb-937b-adaf51dd5ca7","2025-03-29 17:13:07",1
"Estudiantes universitarios","a2bec9ef-28a6-41cb-937b-adaf51dd5ca7","2025-03-29 17:13:07","a2bec9ef-28a6-41cb-937b-adaf51dd5ca7","2025-03-29 17:13:07",1
"Spécialistes de lettres classiques","a2bec9ef-28a6-41cb-937b-adaf51dd5ca7","2025-03-29 17:13:07","a2bec9ef-28a6-41cb-937b-adaf51dd5ca7","2025-03-29 17:13:07",1
"Meurtriers","a2bec9ef-28a6-41cb-937b-adaf51dd5ca7","2025-03-29 17:13:07","a2bec9ef-28a6-41cb-937b-adaf51dd5ca7","2025-03-29 17:13:07",1
"Relations maitres-eleves","a2bec9ef-28a6-41cb-937b-adaf51dd5ca7","2025-03-29 17:13:07","a2bec9ef-28a6-41cb-937b-adaf51dd5ca7","2025-03-29 17:13:07",1
"Etudiants","a2bec9ef-28a6-41cb-937b-adaf51dd5ca7","2025-03-29 17:13:07","a2bec9ef-28a6-41cb-937b-adaf51dd5ca7","2025-03-29 17:13:07",1
"Wiggin, ender (fictitious character), fiction","a2bec9ef-28a6-41cb-937b-adaf51dd5ca7","2025-03-29 17:13:07","a2bec9ef-28a6-41cb-937b-adaf51dd5ca7","2025-03-29 17:13:07",1
"Lusitania (imaginary place), fiction","a2bec9ef-28a6-41cb-937b-adaf51dd5ca7","2025-03-29 17:13:07","a2bec9ef-28a6-41cb-937b-adaf51dd5ca7","2025-03-29 17:13:07",1
"nyt:mass-market-paperback=2013-11-24","a2bec9ef-28a6-41cb-937b-adaf51dd5ca7","2025-03-29 17:13:07","a2bec9ef-28a6-41cb-937b-adaf51dd5ca7","2025-03-29 17:13:07",1
"award:hugo_award=1987","a2bec9ef-28a6-41cb-937b-adaf51dd5ca7","2025-03-29 17:13:07","a2bec9ef-28a6-41cb-937b-adaf51dd5ca7","2025-03-29 17:13:07",1
"Guerre spatiale","a2bec9ef-28a6-41cb-937b-adaf51dd5ca7","2025-03-29 17:13:07","a2bec9ef-28a6-41cb-937b-adaf51dd5ca7","2025-03-29 17:13:07",1
"Voyages interplanétaires","a2bec9ef-28a6-41cb-937b-adaf51dd5ca7","2025-03-29 17:13:07","a2bec9ef-28a6-41cb-937b-adaf51dd5ca7","2025-03-29 17:13:07",1
"Ke xue huan xiang xiao shuo","a2bec9ef-28a6-41cb-937b-adaf51dd5ca7","2025-03-29 17:13:07","a2bec9ef-28a6-41cb-937b-adaf51dd5ca7","2025-03-29 17:13:07",1
"Ender Wiggin (Fictitious character)","a2bec9ef-28a6-41cb-937b-adaf51dd5ca7","2025-03-29 17:13:07","a2bec9ef-28a6-41cb-937b-adaf51dd5ca7","2025-03-29 17:13:07",1
"Atonement","a2bec9ef-28a6-41cb-937b-adaf51dd5ca7","2025-03-29 17:13:07","a2bec9ef-28a6-41cb-937b-adaf51dd5ca7","2025-03-29 17:13:07",1
"Genocide","a2bec9ef-28a6-41cb-937b-adaf51dd5ca7","2025-03-29 17:13:07","a2bec9ef-28a6-41cb-937b-adaf51dd5ca7","2025-03-29 17:13:07",1
"Comics & graphic novels, manga, general","a2bec9ef-28a6-41cb-937b-adaf51dd5ca7","2025-03-29 17:13:07","a2bec9ef-28a6-41cb-937b-adaf51dd5ca7","2025-03-29 17:13:07",1
"nyt:graphic-books-and-manga=2020-02-09","a2bec9ef-28a6-41cb-937b-adaf51dd5ca7","2025-03-29 17:13:07","a2bec9ef-28a6-41cb-937b-adaf51dd5ca7","2025-03-29 17:13:07",1
"Comics & graphic novels, manga, media tie-in","a2bec9ef-28a6-41cb-937b-adaf51dd5ca7","2025-03-29 17:13:07","a2bec9ef-28a6-41cb-937b-adaf51dd5ca7","2025-03-29 17:13:07",1
"Comics & graphic novels, manga, action & adventure","a2bec9ef-28a6-41cb-937b-adaf51dd5ca7","2025-03-29 17:13:07","a2bec9ef-28a6-41cb-937b-adaf51dd5ca7","2025-03-29 17:13:07",1
"Comics & graphic novels, manga, fantasy","a2bec9ef-28a6-41cb-937b-adaf51dd5ca7","2025-03-29 17:13:07","a2bec9ef-28a6-41cb-937b-adaf51dd5ca7","2025-03-29 17:13:07",1
"Ents","a2bec9ef-28a6-41cb-937b-adaf51dd5ca7","2025-03-29 17:13:07","a2bec9ef-28a6-41cb-937b-adaf51dd5ca7","2025-03-29 17:13:07",1
"Orcs","a2bec9ef-28a6-41cb-937b-adaf51dd5ca7","2025-03-29 17:13:07","a2bec9ef-28a6-41cb-937b-adaf51dd5ca7","2025-03-29 17:13:07",1
"translations into Spanish","a2bec9ef-28a6-41cb-937b-adaf51dd5ca7","2025-03-29 17:13:07","a2bec9ef-28a6-41cb-937b-adaf51dd5ca7","2025-03-29 17:13:07",1
"readers for new literates","a2bec9ef-28a6-41cb-937b-adaf51dd5ca7","2025-03-29 17:13:07","a2bec9ef-28a6-41cb-937b-adaf51dd5ca7","2025-03-29 17:13:07",1
"Popular Carousel","a2bec9ef-28a6-41cb-937b-adaf51dd5ca7","2025-03-29 17:13:07","a2bec9ef-28a6-41cb-937b-adaf51dd5ca7","2025-03-29 17:13:07",1
"Baggins, Frodo (Personaje literario)","a2bec9ef-28a6-41cb-937b-adaf51dd5ca7","2025-03-29 17:13:07","a2bec9ef-28a6-41cb-937b-adaf51dd5ca7","2025-03-29 17:13:07",1
"Spanish: Adult Nonfiction","a2bec9ef-28a6-41cb-937b-adaf51dd5ca7","2025-03-29 17:13:07","a2bec9ef-28a6-41cb-937b-adaf51dd5ca7","2025-03-29 17:13:07",1
"Gondolf (Fictitious character)","a2bec9ef-28a6-41cb-937b-adaf51dd5ca7","2025-03-29 17:13:07","a2bec9ef-28a6-41cb-937b-adaf51dd5ca7","2025-03-29 17:13:07",1
"Epic fiction","a2bec9ef-28a6-41cb-937b-adaf51dd5ca7","2025-03-29 17:13:07","a2bec9ef-28a6-41cb-937b-adaf51dd5ca7","2025-03-29 17:13:07",1
"Science-fiction anglaise","a2bec9ef-28a6-41cb-937b-adaf51dd5ca7","2025-03-29 17:13:07","a2bec9ef-28a6-41cb-937b-adaf51dd5ca7","2025-03-29 17:13:07",1
"English Fantastic fiction","a2bec9ef-28a6-41cb-937b-adaf51dd5ca7","2025-03-29 17:13:07","a2bec9ef-28a6-41cb-937b-adaf51dd5ca7","2025-03-29 17:13:07",1
"Littérature britannique","a2bec9ef-28a6-41cb-937b-adaf51dd5ca7","2025-03-29 17:13:07","a2bec9ef-28a6-41cb-937b-adaf51dd5ca7","2025-03-29 17:13:07",1
"Fantasy anglaise","a2bec9ef-28a6-41cb-937b-adaf51dd5ca7","2025-03-29 17:13:07","a2bec9ef-28a6-41cb-937b-adaf51dd5ca7","2025-03-29 17:13:07",1
"Baggins, Frodo (Personaje ficticio)","a2bec9ef-28a6-41cb-937b-adaf51dd5ca7","2025-03-29 17:13:07","a2bec9ef-28a6-41cb-937b-adaf51dd5ca7","2025-03-29 17:13:07",1
"Gandalf (Fictitious character)","a2bec9ef-28a6-41cb-937b-adaf51dd5ca7","2025-03-29 17:13:07","a2bec9ef-28a6-41cb-937b-adaf51dd5ca7","2025-03-29 17:13:07",1
"Computer hackers","a2bec9ef-28a6-41cb-937b-adaf51dd5ca7","2025-03-29 17:13:07","a2bec9ef-28a6-41cb-937b-adaf51dd5ca7","2025-03-29 17:13:07",1
"Terrorism","a2bec9ef-28a6-41cb-937b-adaf51dd5ca7","2025-03-29 17:13:07","a2bec9ef-28a6-41cb-937b-adaf51dd5ca7","2025-03-29 17:13:07",1
"Counterculture","a2bec9ef-28a6-41cb-937b-adaf51dd5ca7","2025-03-29 17:13:07","a2bec9ef-28a6-41cb-937b-adaf51dd5ca7","2025-03-29 17:13:07",1
"United States. Dept. of Homeland Security","a2bec9ef-28a6-41cb-937b-adaf51dd5ca7","2025-03-29 17:13:07","a2bec9ef-28a6-41cb-937b-adaf51dd5ca7","2025-03-29 17:13:07",1
"United States. Dept. of Homeland and Security","a2bec9ef-28a6-41cb-937b-adaf51dd5ca7","2025-03-29 17:13:07","a2bec9ef-28a6-41cb-937b-adaf51dd5ca7","2025-03-29 17:13:07",1
"Countercult","a2bec9ef-28a6-41cb-937b-adaf51dd5ca7","2025-03-29 17:13:07","a2bec9ef-28a6-41cb-937b-adaf51dd5ca7","2025-03-29 17:13:07",1
"United States. Department of Homeland Security","a2bec9ef-28a6-41cb-937b-adaf51dd5ca7","2025-03-29 17:13:07","a2bec9ef-28a6-41cb-937b-adaf51dd5ca7","2025-03-29 17:13:07",1
"Terrorism, fiction","a2bec9ef-28a6-41cb-937b-adaf51dd5ca7","2025-03-29 17:13:07","a2bec9ef-28a6-41cb-937b-adaf51dd5ca7","2025-03-29 17:13:07",1
"San francisco (calif.), fiction","a2bec9ef-28a6-41cb-937b-adaf51dd5ca7","2025-03-29 17:13:07","a2bec9ef-28a6-41cb-937b-adaf51dd5ca7","2025-03-29 17:13:07",1
"Computer crimes","a2bec9ef-28a6-41cb-937b-adaf51dd5ca7","2025-03-29 17:13:07","a2bec9ef-28a6-41cb-937b-adaf51dd5ca7","2025-03-29 17:13:07",1
"Internet","a2bec9ef-28a6-41cb-937b-adaf51dd5ca7","2025-03-29 17:13:07","a2bec9ef-28a6-41cb-937b-adaf51dd5ca7","2025-03-29 17:13:07",1
"nyt:paperback-books=2010-06-13","a2bec9ef-28a6-41cb-937b-adaf51dd5ca7","2025-03-29 17:13:07","a2bec9ef-28a6-41cb-937b-adaf51dd5ca7","2025-03-29 17:13:07",1
"United states. department of homeland security","a2bec9ef-28a6-41cb-937b-adaf51dd5ca7","2025-03-29 17:13:07","a2bec9ef-28a6-41cb-937b-adaf51dd5ca7","2025-03-29 17:13:07",1
"United states. dept. of homeland security","a2bec9ef-28a6-41cb-937b-adaf51dd5ca7","2025-03-29 17:13:07","a2bec9ef-28a6-41cb-937b-adaf51dd5ca7","2025-03-29 17:13:07",1
"Terrorism--juvenile fiction","a2bec9ef-28a6-41cb-937b-adaf51dd5ca7","2025-03-29 17:13:07","a2bec9ef-28a6-41cb-937b-adaf51dd5ca7","2025-03-29 17:13:07",1
"Hackers--juvenile fiction","a2bec9ef-28a6-41cb-937b-adaf51dd5ca7","2025-03-29 17:13:07","a2bec9ef-28a6-41cb-937b-adaf51dd5ca7","2025-03-29 17:13:07",1
"Civil rights--juvenile fiction","a2bec9ef-28a6-41cb-937b-adaf51dd5ca7","2025-03-29 17:13:07","a2bec9ef-28a6-41cb-937b-adaf51dd5ca7","2025-03-29 17:13:07",1
"Counterculture--juvenile fiction","a2bec9ef-28a6-41cb-937b-adaf51dd5ca7","2025-03-29 17:13:07","a2bec9ef-28a6-41cb-937b-adaf51dd5ca7","2025-03-29 17:13:07",1
"Terrorism--fiction","a2bec9ef-28a6-41cb-937b-adaf51dd5ca7","2025-03-29 17:13:07","a2bec9ef-28a6-41cb-937b-adaf51dd5ca7","2025-03-29 17:13:07",1
"Computer hackers--fiction","a2bec9ef-28a6-41cb-937b-adaf51dd5ca7","2025-03-29 17:13:07","a2bec9ef-28a6-41cb-937b-adaf51dd5ca7","2025-03-29 17:13:07",1
"Civil rights--fiction","a2bec9ef-28a6-41cb-937b-adaf51dd5ca7","2025-03-29 17:13:07","a2bec9ef-28a6-41cb-937b-adaf51dd5ca7","2025-03-29 17:13:07",1
"Counterculture--fiction","a2bec9ef-28a6-41cb-937b-adaf51dd5ca7","2025-03-29 17:13:07","a2bec9ef-28a6-41cb-937b-adaf51dd5ca7","2025-03-29 17:13:07",1
"Civil rights--united states--juvenile fiction","a2bec9ef-28a6-41cb-937b-adaf51dd5ca7","2025-03-29 17:13:07","a2bec9ef-28a6-41cb-937b-adaf51dd5ca7","2025-03-29 17:13:07",1
"Pz7.d66237 lit 2008","a2bec9ef-28a6-41cb-937b-adaf51dd5ca7","2025-03-29 17:13:07","a2bec9ef-28a6-41cb-937b-adaf51dd5ca7","2025-03-29 17:13:07",1
"Ps3604.o27 l58 2008","a2bec9ef-28a6-41cb-937b-adaf51dd5ca7","2025-03-29 17:13:07","a2bec9ef-28a6-41cb-937b-adaf51dd5ca7","2025-03-29 17:13:07",1
"Ciencia ficción","a2bec9ef-28a6-41cb-937b-adaf51dd5ca7","2025-03-29 17:13:07","a2bec9ef-28a6-41cb-937b-adaf51dd5ca7","2025-03-29 17:13:07",1
"hackers","a2bec9ef-28a6-41cb-937b-adaf51dd5ca7","2025-03-29 17:13:07","a2bec9ef-28a6-41cb-937b-adaf51dd5ca7","2025-03-29 17:13:07",1
"vigilancia","a2bec9ef-28a6-41cb-937b-adaf51dd5ca7","2025-03-29 17:13:07","a2bec9ef-28a6-41cb-937b-adaf51dd5ca7","2025-03-29 17:13:07",1
"NSA","a2bec9ef-28a6-41cb-937b-adaf51dd5ca7","2025-03-29 17:13:07","a2bec9ef-28a6-41cb-937b-adaf51dd5ca7","2025-03-29 17:13:07",1
"Civil disobedience","a2bec9ef-28a6-41cb-937b-adaf51dd5ca7","2025-03-29 17:13:07","a2bec9ef-28a6-41cb-937b-adaf51dd5ca7","2025-03-29 17:13:07",1
"Piratas informáticos","a2bec9ef-28a6-41cb-937b-adaf51dd5ca7","2025-03-29 17:13:07","a2bec9ef-28a6-41cb-937b-adaf51dd5ca7","2025-03-29 17:13:07",1
"Wiretapping","a2bec9ef-28a6-41cb-937b-adaf51dd5ca7","2025-03-29 17:13:07","a2bec9ef-28a6-41cb-937b-adaf51dd5ca7","2025-03-29 17:13:07",1
"Desobediencia civil","a2bec9ef-28a6-41cb-937b-adaf51dd5ca7","2025-03-29 17:13:07","a2bec9ef-28a6-41cb-937b-adaf51dd5ca7","2025-03-29 17:13:07",1
"Terrorismo","a2bec9ef-28a6-41cb-937b-adaf51dd5ca7","2025-03-29 17:13:07","a2bec9ef-28a6-41cb-937b-adaf51dd5ca7","2025-03-29 17:13:07",1
"crystal balls","a2bec9ef-28a6-41cb-937b-adaf51dd5ca7","2025-03-29 17:13:07","a2bec9ef-28a6-41cb-937b-adaf51dd5ca7","2025-03-29 17:13:07",1
"parallel universes","a2bec9ef-28a6-41cb-937b-adaf51dd5ca7","2025-03-29 17:13:07","a2bec9ef-28a6-41cb-937b-adaf51dd5ca7","2025-03-29 17:13:07",1
"adventure stories","a2bec9ef-28a6-41cb-937b-adaf51dd5ca7","2025-03-29 17:13:07","a2bec9ef-28a6-41cb-937b-adaf51dd5ca7","2025-03-29 17:13:07",1
"gunfighters","a2bec9ef-28a6-41cb-937b-adaf51dd5ca7","2025-03-29 17:13:07","a2bec9ef-28a6-41cb-937b-adaf51dd5ca7","2025-03-29 17:13:07",1
"trains","a2bec9ef-28a6-41cb-937b-adaf51dd5ca7","2025-03-29 17:13:07","a2bec9ef-28a6-41cb-937b-adaf51dd5ca7","2025-03-29 17:13:07",1
"nyt:young-adult-hardcover=2016-05-22","a2bec9ef-28a6-41cb-937b-adaf51dd5ca7","2025-03-29 17:13:07","a2bec9ef-28a6-41cb-937b-adaf51dd5ca7","2025-03-29 17:13:07",1
"nyt:young-adult-e-book=2016-05-22","a2bec9ef-28a6-41cb-937b-adaf51dd5ca7","2025-03-29 17:13:07","a2bec9ef-28a6-41cb-937b-adaf51dd5ca7","2025-03-29 17:13:07",1
"Fées","a2bec9ef-28a6-41cb-937b-adaf51dd5ca7","2025-03-29 17:13:07","a2bec9ef-28a6-41cb-937b-adaf51dd5ca7","2025-03-29 17:13:07",1
"Cours et courtisans","a2bec9ef-28a6-41cb-937b-adaf51dd5ca7","2025-03-29 17:13:07","a2bec9ef-28a6-41cb-937b-adaf51dd5ca7","2025-03-29 17:13:07",1
"series:A_Court_of_Thorns_and_Roses","a2bec9ef-28a6-41cb-937b-adaf51dd5ca7","2025-03-29 17:13:07","a2bec9ef-28a6-41cb-937b-adaf51dd5ca7","2025-03-29 17:13:07",1
"Rick Deckard (Fictitious character)","a2bec9ef-28a6-41cb-937b-adaf51dd5ca7","2025-03-29 17:13:07","a2bec9ef-28a6-41cb-937b-adaf51dd5ca7","2025-03-29 17:13:07",1
"Twenty-first century","a2bec9ef-28a6-41cb-937b-adaf51dd5ca7","2025-03-29 17:13:07","a2bec9ef-28a6-41cb-937b-adaf51dd5ca7","2025-03-29 17:13:07",1
"Bounty hunters","a2bec9ef-28a6-41cb-937b-adaf51dd5ca7","2025-03-29 17:13:07","a2bec9ef-28a6-41cb-937b-adaf51dd5ca7","2025-03-29 17:13:07",1
"Movie-TV Tie-In","a2bec9ef-28a6-41cb-937b-adaf51dd5ca7","2025-03-29 17:13:07","a2bec9ef-28a6-41cb-937b-adaf51dd5ca7","2025-03-29 17:13:07",1
"Novelization","a2bec9ef-28a6-41cb-937b-adaf51dd5ca7","2025-03-29 17:13:07","a2bec9ef-28a6-41cb-937b-adaf51dd5ca7","2025-03-29 17:13:07",1
"PRO Adams, Mark B. (donor) (Adams Collection copy)","a2bec9ef-28a6-41cb-937b-adaf51dd5ca7","2025-03-29 17:13:07","a2bec9ef-28a6-41cb-937b-adaf51dd5ca7","2025-03-29 17:13:07",1
"CHR 1982","a2bec9ef-28a6-41cb-937b-adaf51dd5ca7","2025-03-29 17:13:07","a2bec9ef-28a6-41cb-937b-adaf51dd5ca7","2025-03-29 17:13:07",1
"Control systems","a2bec9ef-28a6-41cb-937b-adaf51dd5ca7","2025-03-29 17:13:07","a2bec9ef-28a6-41cb-937b-adaf51dd5ca7","2025-03-29 17:13:07",1
"Artificial life","a2bec9ef-28a6-41cb-937b-adaf51dd5ca7","2025-03-29 17:13:07","a2bec9ef-28a6-41cb-937b-adaf51dd5ca7","2025-03-29 17:13:07",1
"Robotic pets","a2bec9ef-28a6-41cb-937b-adaf51dd5ca7","2025-03-29 17:13:07","a2bec9ef-28a6-41cb-937b-adaf51dd5ca7","2025-03-29 17:13:07",1
"Deckard, Rick (Fictitious character) -- Fiction","a2bec9ef-28a6-41cb-937b-adaf51dd5ca7","2025-03-29 17:13:07","a2bec9ef-28a6-41cb-937b-adaf51dd5ca7","2025-03-29 17:13:07",1
"Androids -- Fiction","a2bec9ef-28a6-41cb-937b-adaf51dd5ca7","2025-03-29 17:13:07","a2bec9ef-28a6-41cb-937b-adaf51dd5ca7","2025-03-29 17:13:07",1
"Deckard, Rick (Fictitious character)","a2bec9ef-28a6-41cb-937b-adaf51dd5ca7","2025-03-29 17:13:07","a2bec9ef-28a6-41cb-937b-adaf51dd5ca7","2025-03-29 17:13:07",1
"Androidy","a2bec9ef-28a6-41cb-937b-adaf51dd5ca7","2025-03-29 17:13:07","a2bec9ef-28a6-41cb-937b-adaf51dd5ca7","2025-03-29 17:13:07",1
"Istoty pozaziemskie","a2bec9ef-28a6-41cb-937b-adaf51dd5ca7","2025-03-29 17:13:07","a2bec9ef-28a6-41cb-937b-adaf51dd5ca7","2025-03-29 17:13:07",1
"San Francisco (Stany Zjednoczone)","a2bec9ef-28a6-41cb-937b-adaf51dd5ca7","2025-03-29 17:13:07","a2bec9ef-28a6-41cb-937b-adaf51dd5ca7","2025-03-29 17:13:07",1
"San Francisco (Stany Zjednoczone, stan Kalifornia)","a2bec9ef-28a6-41cb-937b-adaf51dd5ca7","2025-03-29 17:13:07","a2bec9ef-28a6-41cb-937b-adaf51dd5ca7","2025-03-29 17:13:07",1
"Abused children","a2bec9ef-28a6-41cb-937b-adaf51dd5ca7","2025-03-29 17:13:07","a2bec9ef-28a6-41cb-937b-adaf51dd5ca7","2025-03-29 17:13:07",1
"Violencia en la familia","a2bec9ef-28a6-41cb-937b-adaf51dd5ca7","2025-03-29 17:13:07","a2bec9ef-28a6-41cb-937b-adaf51dd5ca7","2025-03-29 17:13:07",1
"Hogares adoptivos","a2bec9ef-28a6-41cb-937b-adaf51dd5ca7","2025-03-29 17:13:07","a2bec9ef-28a6-41cb-937b-adaf51dd5ca7","2025-03-29 17:13:07",1
"Madres abusivas","a2bec9ef-28a6-41cb-937b-adaf51dd5ca7","2025-03-29 17:13:07","a2bec9ef-28a6-41cb-937b-adaf51dd5ca7","2025-03-29 17:13:07",1
"Child abuse","a2bec9ef-28a6-41cb-937b-adaf51dd5ca7","2025-03-29 17:13:07","a2bec9ef-28a6-41cb-937b-adaf51dd5ca7","2025-03-29 17:13:07",1
"Dysfunctional Families","a2bec9ef-28a6-41cb-937b-adaf51dd5ca7","2025-03-29 17:13:07","a2bec9ef-28a6-41cb-937b-adaf51dd5ca7","2025-03-29 17:13:07",1
"Spirituality - General","a2bec9ef-28a6-41cb-937b-adaf51dd5ca7","2025-03-29 17:13:07","a2bec9ef-28a6-41cb-937b-adaf51dd5ca7","2025-03-29 17:13:07",1
"Religion","a2bec9ef-28a6-41cb-937b-adaf51dd5ca7","2025-03-29 17:13:07","a2bec9ef-28a6-41cb-937b-adaf51dd5ca7","2025-03-29 17:13:07",1
"Daly City","a2bec9ef-28a6-41cb-937b-adaf51dd5ca7","2025-03-29 17:13:07","a2bec9ef-28a6-41cb-937b-adaf51dd5ca7","2025-03-29 17:13:07",1
"Abuse - General","a2bec9ef-28a6-41cb-937b-adaf51dd5ca7","2025-03-29 17:13:07","a2bec9ef-28a6-41cb-937b-adaf51dd5ca7","2025-03-29 17:13:07",1
"Specific Groups - Special Needs","a2bec9ef-28a6-41cb-937b-adaf51dd5ca7","2025-03-29 17:13:07","a2bec9ef-28a6-41cb-937b-adaf51dd5ca7","2025-03-29 17:13:07",1
"Self-Help / Abuse","a2bec9ef-28a6-41cb-937b-adaf51dd5ca7","2025-03-29 17:13:07","a2bec9ef-28a6-41cb-937b-adaf51dd5ca7","2025-03-29 17:13:07",1
"California","a2bec9ef-28a6-41cb-937b-adaf51dd5ca7","2025-03-29 17:13:07","a2bec9ef-28a6-41cb-937b-adaf51dd5ca7","2025-03-29 17:13:07",1
"Domestic violence","a2bec9ef-28a6-41cb-937b-adaf51dd5ca7","2025-03-29 17:13:07","a2bec9ef-28a6-41cb-937b-adaf51dd5ca7","2025-03-29 17:13:07",1
"California, biography","a2bec9ef-28a6-41cb-937b-adaf51dd5ca7","2025-03-29 17:13:07","a2bec9ef-28a6-41cb-937b-adaf51dd5ca7","2025-03-29 17:13:07",1
"Dave Pelzer","a2bec9ef-28a6-41cb-937b-adaf51dd5ca7","2025-03-29 17:13:07","a2bec9ef-28a6-41cb-937b-adaf51dd5ca7","2025-03-29 17:13:07",1
"Barnmisshandel","a2bec9ef-28a6-41cb-937b-adaf51dd5ca7","2025-03-29 17:13:07","a2bec9ef-28a6-41cb-937b-adaf51dd5ca7","2025-03-29 17:13:07",1
"United states, biography","a2bec9ef-28a6-41cb-937b-adaf51dd5ca7","2025-03-29 17:13:07","a2bec9ef-28a6-41cb-937b-adaf51dd5ca7","2025-03-29 17:13:07",1
"Kindesmisshandlung","a2bec9ef-28a6-41cb-937b-adaf51dd5ca7","2025-03-29 17:13:07","a2bec9ef-28a6-41cb-937b-adaf51dd5ca7","2025-03-29 17:13:07",1
"Pelzer, David J","a2bec9ef-28a6-41cb-937b-adaf51dd5ca7","2025-03-29 17:13:07","a2bec9ef-28a6-41cb-937b-adaf51dd5ca7","2025-03-29 17:13:07",1
"Mères violentes","a2bec9ef-28a6-41cb-937b-adaf51dd5ca7","2025-03-29 17:13:07","a2bec9ef-28a6-41cb-937b-adaf51dd5ca7","2025-03-29 17:13:07",1
"Violence familiale","a2bec9ef-28a6-41cb-937b-adaf51dd5ca7","2025-03-29 17:13:07","a2bec9ef-28a6-41cb-937b-adaf51dd5ca7","2025-03-29 17:13:07",1
"Violence envers","a2bec9ef-28a6-41cb-937b-adaf51dd5ca7","2025-03-29 17:13:07","a2bec9ef-28a6-41cb-937b-adaf51dd5ca7","2025-03-29 17:13:07",1
"Abuse","a2bec9ef-28a6-41cb-937b-adaf51dd5ca7","2025-03-29 17:13:07","a2bec9ef-28a6-41cb-937b-adaf51dd5ca7","2025-03-29 17:13:07",1
"FAMILY & RELATIONSHIPS","a2bec9ef-28a6-41cb-937b-adaf51dd5ca7","2025-03-29 17:13:07","a2bec9ef-28a6-41cb-937b-adaf51dd5ca7","2025-03-29 17:13:07",1
"nyt:combined-print-and-e-book-fiction=2017-10-22","a2bec9ef-28a6-41cb-937b-adaf51dd5ca7","2025-03-29 17:13:07","a2bec9ef-28a6-41cb-937b-adaf51dd5ca7","2025-03-29 17:13:07",1
"American poetry -- 21st century","a2bec9ef-28a6-41cb-937b-adaf51dd5ca7","2025-03-29 17:13:07","a2bec9ef-28a6-41cb-937b-adaf51dd5ca7","2025-03-29 17:13:07",1
"Self-actualization (Psychology) -- Poetry","a2bec9ef-28a6-41cb-937b-adaf51dd5ca7","2025-03-29 17:13:07","a2bec9ef-28a6-41cb-937b-adaf51dd5ca7","2025-03-29 17:13:07",1
"Early works to 1800","a2bec9ef-28a6-41cb-937b-adaf51dd5ca7","2025-03-29 17:13:07","a2bec9ef-28a6-41cb-937b-adaf51dd5ca7","2025-03-29 17:13:07",1
"Military art and science","a2bec9ef-28a6-41cb-937b-adaf51dd5ca7","2025-03-29 17:13:07","a2bec9ef-28a6-41cb-937b-adaf51dd5ca7","2025-03-29 17:13:07",1
"great_books_of_the_western_world","a2bec9ef-28a6-41cb-937b-adaf51dd5ca7","2025-03-29 17:13:07","a2bec9ef-28a6-41cb-937b-adaf51dd5ca7","2025-03-29 17:13:07",1
"Military","a2bec9ef-28a6-41cb-937b-adaf51dd5ca7","2025-03-29 17:13:07","a2bec9ef-28a6-41cb-937b-adaf51dd5ca7","2025-03-29 17:13:07",1
"Military art and science, early works to 1800","a2bec9ef-28a6-41cb-937b-adaf51dd5ca7","2025-03-29 17:13:07","a2bec9ef-28a6-41cb-937b-adaf51dd5ca7","2025-03-29 17:13:07",1
"Military art and science, history","a2bec9ef-28a6-41cb-937b-adaf51dd5ca7","2025-03-29 17:13:07","a2bec9ef-28a6-41cb-937b-adaf51dd5ca7","2025-03-29 17:13:07",1
"Industrial management","a2bec9ef-28a6-41cb-937b-adaf51dd5ca7","2025-03-29 17:13:07","a2bec9ef-28a6-41cb-937b-adaf51dd5ca7","2025-03-29 17:13:07",1
"Marketing","a2bec9ef-28a6-41cb-937b-adaf51dd5ca7","2025-03-29 17:13:07","a2bec9ef-28a6-41cb-937b-adaf51dd5ca7","2025-03-29 17:13:07",1
"Ciencia militar","a2bec9ef-28a6-41cb-937b-adaf51dd5ca7","2025-03-29 17:13:07","a2bec9ef-28a6-41cb-937b-adaf51dd5ca7","2025-03-29 17:13:07",1
"Sales promotion","a2bec9ef-28a6-41cb-937b-adaf51dd5ca7","2025-03-29 17:13:07","a2bec9ef-28a6-41cb-937b-adaf51dd5ca7","2025-03-29 17:13:07",1
"Obras anteriores a 1800","a2bec9ef-28a6-41cb-937b-adaf51dd5ca7","2025-03-29 17:13:07","a2bec9ef-28a6-41cb-937b-adaf51dd5ca7","2025-03-29 17:13:07",1
"Aptitudes de mando","a2bec9ef-28a6-41cb-937b-adaf51dd5ca7","2025-03-29 17:13:07","a2bec9ef-28a6-41cb-937b-adaf51dd5ca7","2025-03-29 17:13:07",1
"Sales management","a2bec9ef-28a6-41cb-937b-adaf51dd5ca7","2025-03-29 17:13:07","a2bec9ef-28a6-41cb-937b-adaf51dd5ca7","2025-03-29 17:13:07",1
"Executive ability","a2bec9ef-28a6-41cb-937b-adaf51dd5ca7","2025-03-29 17:13:07","a2bec9ef-28a6-41cb-937b-adaf51dd5ca7","2025-03-29 17:13:07",1
"Tangut language","a2bec9ef-28a6-41cb-937b-adaf51dd5ca7","2025-03-29 17:13:07","a2bec9ef-28a6-41cb-937b-adaf51dd5ca7","2025-03-29 17:13:07",1
"Art et science militaire","a2bec9ef-28a6-41cb-937b-adaf51dd5ca7","2025-03-29 17:13:07","a2bec9ef-28a6-41cb-937b-adaf51dd5ca7","2025-03-29 17:13:07",1
"Parent and teenager","a2bec9ef-28a6-41cb-937b-adaf51dd5ca7","2025-03-29 17:13:07","a2bec9ef-28a6-41cb-937b-adaf51dd5ca7","2025-03-29 17:13:07",1
"Parenting","a2bec9ef-28a6-41cb-937b-adaf51dd5ca7","2025-03-29 17:13:07","a2bec9ef-28a6-41cb-937b-adaf51dd5ca7","2025-03-29 17:13:07",1
"Administración","a2bec9ef-28a6-41cb-937b-adaf51dd5ca7","2025-03-29 17:13:07","a2bec9ef-28a6-41cb-937b-adaf51dd5ca7","2025-03-29 17:13:07",1
"Warfare & Defence","a2bec9ef-28a6-41cb-937b-adaf51dd5ca7","2025-03-29 17:13:07","a2bec9ef-28a6-41cb-937b-adaf51dd5ca7","2025-03-29 17:13:07",1
"Military Science","a2bec9ef-28a6-41cb-937b-adaf51dd5ca7","2025-03-29 17:13:07","a2bec9ef-28a6-41cb-937b-adaf51dd5ca7","2025-03-29 17:13:07",1
"Eastern","a2bec9ef-28a6-41cb-937b-adaf51dd5ca7","2025-03-29 17:13:07","a2bec9ef-28a6-41cb-937b-adaf51dd5ca7","2025-03-29 17:13:07",1
"Eastern - General","a2bec9ef-28a6-41cb-937b-adaf51dd5ca7","2025-03-29 17:13:07","a2bec9ef-28a6-41cb-937b-adaf51dd5ca7","2025-03-29 17:13:07",1
"BG-HISTORY - BG-WAR/MILITARY TRANSPORT","a2bec9ef-28a6-41cb-937b-adaf51dd5ca7","2025-03-29 17:13:07","a2bec9ef-28a6-41cb-937b-adaf51dd5ca7","2025-03-29 17:13:07",1
"History / Military / Strategy","a2bec9ef-28a6-41cb-937b-adaf51dd5ca7","2025-03-29 17:13:07","a2bec9ef-28a6-41cb-937b-adaf51dd5ca7","2025-03-29 17:13:07",1
"Military - General","a2bec9ef-28a6-41cb-937b-adaf51dd5ca7","2025-03-29 17:13:07","a2bec9ef-28a6-41cb-937b-adaf51dd5ca7","2025-03-29 17:13:07",1
"Business strategy","a2bec9ef-28a6-41cb-937b-adaf51dd5ca7","2025-03-29 17:13:07","a2bec9ef-28a6-41cb-937b-adaf51dd5ca7","2025-03-29 17:13:07",1
"Business/Economics","a2bec9ef-28a6-41cb-937b-adaf51dd5ca7","2025-03-29 17:13:07","a2bec9ef-28a6-41cb-937b-adaf51dd5ca7","2025-03-29 17:13:07",1
"Business & Economics","a2bec9ef-28a6-41cb-937b-adaf51dd5ca7","2025-03-29 17:13:07","a2bec9ef-28a6-41cb-937b-adaf51dd5ca7","2025-03-29 17:13:07",1
"Business / Economics / Finance","a2bec9ef-28a6-41cb-937b-adaf51dd5ca7","2025-03-29 17:13:07","a2bec9ef-28a6-41cb-937b-adaf51dd5ca7","2025-03-29 17:13:07",1
"Reference - General","a2bec9ef-28a6-41cb-937b-adaf51dd5ca7","2025-03-29 17:13:07","a2bec9ef-28a6-41cb-937b-adaf51dd5ca7","2025-03-29 17:13:07",1
"Management - General","a2bec9ef-28a6-41cb-937b-adaf51dd5ca7","2025-03-29 17:13:07","a2bec9ef-28a6-41cb-937b-adaf51dd5ca7","2025-03-29 17:13:07",1
"Defence strategy, planning & research","a2bec9ef-28a6-41cb-937b-adaf51dd5ca7","2025-03-29 17:13:07","a2bec9ef-28a6-41cb-937b-adaf51dd5ca7","2025-03-29 17:13:07",1
"Negotiating","a2bec9ef-28a6-41cb-937b-adaf51dd5ca7","2025-03-29 17:13:07","a2bec9ef-28a6-41cb-937b-adaf51dd5ca7","2025-03-29 17:13:07",1
"Military History - Ancient","a2bec9ef-28a6-41cb-937b-adaf51dd5ca7","2025-03-29 17:13:07","a2bec9ef-28a6-41cb-937b-adaf51dd5ca7","2025-03-29 17:13:07",1
"History - Military / War","a2bec9ef-28a6-41cb-937b-adaf51dd5ca7","2025-03-29 17:13:07","a2bec9ef-28a6-41cb-937b-adaf51dd5ca7","2025-03-29 17:13:07",1
"Business & Economics / Negotiating","a2bec9ef-28a6-41cb-937b-adaf51dd5ca7","2025-03-29 17:13:07","a2bec9ef-28a6-41cb-937b-adaf51dd5ca7","2025-03-29 17:13:07",1
"Other prose: classical, early & medieval","a2bec9ef-28a6-41cb-937b-adaf51dd5ca7","2025-03-29 17:13:07","a2bec9ef-28a6-41cb-937b-adaf51dd5ca7","2025-03-29 17:13:07",1
"POLITICS & GOVERNMENT","a2bec9ef-28a6-41cb-937b-adaf51dd5ca7","2025-03-29 17:13:07","a2bec9ef-28a6-41cb-937b-adaf51dd5ca7","2025-03-29 17:13:07",1
"Social history","a2bec9ef-28a6-41cb-937b-adaf51dd5ca7","2025-03-29 17:13:07","a2bec9ef-28a6-41cb-937b-adaf51dd5ca7","2025-03-29 17:13:07",1
"China","a2bec9ef-28a6-41cb-937b-adaf51dd5ca7","2025-03-29 17:13:07","a2bec9ef-28a6-41cb-937b-adaf51dd5ca7","2025-03-29 17:13:07",1
"Marketing - General","a2bec9ef-28a6-41cb-937b-adaf51dd5ca7","2025-03-29 17:13:07","a2bec9ef-28a6-41cb-937b-adaf51dd5ca7","2025-03-29 17:13:07",1
"Sales & Selling - Management","a2bec9ef-28a6-41cb-937b-adaf51dd5ca7","2025-03-29 17:13:07","a2bec9ef-28a6-41cb-937b-adaf51dd5ca7","2025-03-29 17:13:07",1
"History / Military / General","a2bec9ef-28a6-41cb-937b-adaf51dd5ca7","2025-03-29 17:13:07","a2bec9ef-28a6-41cb-937b-adaf51dd5ca7","2025-03-29 17:13:07",1
"Sales","a2bec9ef-28a6-41cb-937b-adaf51dd5ca7","2025-03-29 17:13:07","a2bec9ef-28a6-41cb-937b-adaf51dd5ca7","2025-03-29 17:13:07",1
"Salesmanship","a2bec9ef-28a6-41cb-937b-adaf51dd5ca7","2025-03-29 17:13:07","a2bec9ef-28a6-41cb-937b-adaf51dd5ca7","2025-03-29 17:13:07",1
"Selling","a2bec9ef-28a6-41cb-937b-adaf51dd5ca7","2025-03-29 17:13:07","a2bec9ef-28a6-41cb-937b-adaf51dd5ca7","2025-03-29 17:13:07",1
"Business & Economics / Sales & Selling","a2bec9ef-28a6-41cb-937b-adaf51dd5ca7","2025-03-29 17:13:07","a2bec9ef-28a6-41cb-937b-adaf51dd5ca7","2025-03-29 17:13:07",1
"Sunzi, active 6th century b.c.","a2bec9ef-28a6-41cb-937b-adaf51dd5ca7","2025-03-29 17:13:07","a2bec9ef-28a6-41cb-937b-adaf51dd5ca7","2025-03-29 17:13:07",1
"Strategic planning","a2bec9ef-28a6-41cb-937b-adaf51dd5ca7","2025-03-29 17:13:07","a2bec9ef-28a6-41cb-937b-adaf51dd5ca7","2025-03-29 17:13:07",1
"Tactics","a2bec9ef-28a6-41cb-937b-adaf51dd5ca7","2025-03-29 17:13:07","a2bec9ef-28a6-41cb-937b-adaf51dd5ca7","2025-03-29 17:13:07",1
"Chinese language","a2bec9ef-28a6-41cb-937b-adaf51dd5ca7","2025-03-29 17:13:07","a2bec9ef-28a6-41cb-937b-adaf51dd5ca7","2025-03-29 17:13:07",1
"War, history","a2bec9ef-28a6-41cb-937b-adaf51dd5ca7","2025-03-29 17:13:07","a2bec9ef-28a6-41cb-937b-adaf51dd5ca7","2025-03-29 17:13:07",1
"Guerre","a2bec9ef-28a6-41cb-937b-adaf51dd5ca7","2025-03-29 17:13:07","a2bec9ef-28a6-41cb-937b-adaf51dd5ca7","2025-03-29 17:13:07",1
"Ouvrages avant 1800","a2bec9ef-28a6-41cb-937b-adaf51dd5ca7","2025-03-29 17:13:07","a2bec9ef-28a6-41cb-937b-adaf51dd5ca7","2025-03-29 17:13:07",1
"Art et science militaires","a2bec9ef-28a6-41cb-937b-adaf51dd5ca7","2025-03-29 17:13:07","a2bec9ef-28a6-41cb-937b-adaf51dd5ca7","2025-03-29 17:13:07",1
"Guerra","a2bec9ef-28a6-41cb-937b-adaf51dd5ca7","2025-03-29 17:13:07","a2bec9ef-28a6-41cb-937b-adaf51dd5ca7","2025-03-29 17:13:07",1
"Estrategia","a2bec9ef-28a6-41cb-937b-adaf51dd5ca7","2025-03-29 17:13:07","a2bec9ef-28a6-41cb-937b-adaf51dd5ca7","2025-03-29 17:13:07",1
"Krigskonst","a2bec9ef-28a6-41cb-937b-adaf51dd5ca7","2025-03-29 17:13:07","a2bec9ef-28a6-41cb-937b-adaf51dd5ca7","2025-03-29 17:13:07",1
"Verk före 1800","a2bec9ef-28a6-41cb-937b-adaf51dd5ca7","2025-03-29 17:13:07","a2bec9ef-28a6-41cb-937b-adaf51dd5ca7","2025-03-29 17:13:07",1
"Gestion d'entreprise","a2bec9ef-28a6-41cb-937b-adaf51dd5ca7","2025-03-29 17:13:07","a2bec9ef-28a6-41cb-937b-adaf51dd5ca7","2025-03-29 17:13:07",1
"Management Science","a2bec9ef-28a6-41cb-937b-adaf51dd5ca7","2025-03-29 17:13:07","a2bec9ef-28a6-41cb-937b-adaf51dd5ca7","2025-03-29 17:13:07",1
"Organizational Behavior","a2bec9ef-28a6-41cb-937b-adaf51dd5ca7","2025-03-29 17:13:07","a2bec9ef-28a6-41cb-937b-adaf51dd5ca7","2025-03-29 17:13:07",1
"Military art and science--early works to 1800","a2bec9ef-28a6-41cb-937b-adaf51dd5ca7","2025-03-29 17:13:07","a2bec9ef-28a6-41cb-937b-adaf51dd5ca7","2025-03-29 17:13:07",1
"U101 .s95 1994","a2bec9ef-28a6-41cb-937b-adaf51dd5ca7","2025-03-29 17:13:07","a2bec9ef-28a6-41cb-937b-adaf51dd5ca7","2025-03-29 17:13:07",1
"355.02","a2bec9ef-28a6-41cb-937b-adaf51dd5ca7","2025-03-29 17:13:07","a2bec9ef-28a6-41cb-937b-adaf51dd5ca7","2025-03-29 17:13:07",1
"Chinese history","a2bec9ef-28a6-41cb-937b-adaf51dd5ca7","2025-03-29 17:13:07","a2bec9ef-28a6-41cb-937b-adaf51dd5ca7","2025-03-29 17:13:07",1
"Ancient & medieval military history","a2bec9ef-28a6-41cb-937b-adaf51dd5ca7","2025-03-29 17:13:07","a2bec9ef-28a6-41cb-937b-adaf51dd5ca7","2025-03-29 17:13:07",1
"Strategy & weapons of war","a2bec9ef-28a6-41cb-937b-adaf51dd5ca7","2025-03-29 17:13:07","a2bec9ef-28a6-41cb-937b-adaf51dd5ca7","2025-03-29 17:13:07",1
"Asian philosophy","a2bec9ef-28a6-41cb-937b-adaf51dd5ca7","2025-03-29 17:13:07","a2bec9ef-28a6-41cb-937b-adaf51dd5ca7","2025-03-29 17:13:07",1
"Military and warfare","a2bec9ef-28a6-41cb-937b-adaf51dd5ca7","2025-03-29 17:13:07","a2bec9ef-28a6-41cb-937b-adaf51dd5ca7","2025-03-29 17:13:07",1
"Philosophy, asian","a2bec9ef-28a6-41cb-937b-adaf51dd5ca7","2025-03-29 17:13:07","a2bec9ef-28a6-41cb-937b-adaf51dd5ca7","2025-03-29 17:13:07",1
"Political science, history","a2bec9ef-28a6-41cb-937b-adaf51dd5ca7","2025-03-29 17:13:07","a2bec9ef-28a6-41cb-937b-adaf51dd5ca7","2025-03-29 17:13:07",1
"Philosophy, chinese","a2bec9ef-28a6-41cb-937b-adaf51dd5ca7","2025-03-29 17:13:07","a2bec9ef-28a6-41cb-937b-adaf51dd5ca7","2025-03-29 17:13:07",1
"Military art and science -- Early works to 1800","a2bec9ef-28a6-41cb-937b-adaf51dd5ca7","2025-03-29 17:13:07","a2bec9ef-28a6-41cb-937b-adaf51dd5ca7","2025-03-29 17:13:07",1
"War -- Early works to 1800","a2bec9ef-28a6-41cb-937b-adaf51dd5ca7","2025-03-29 17:13:07","a2bec9ef-28a6-41cb-937b-adaf51dd5ca7","2025-03-29 17:13:07",1
"War and society","a2bec9ef-28a6-41cb-937b-adaf51dd5ca7","2025-03-29 17:13:07","a2bec9ef-28a6-41cb-937b-adaf51dd5ca7","2025-03-29 17:13:07",1
"Illustration of books","a2bec9ef-28a6-41cb-937b-adaf51dd5ca7","2025-03-29 17:13:07","a2bec9ef-28a6-41cb-937b-adaf51dd5ca7","2025-03-29 17:13:07",1
"Stratégie","a2bec9ef-28a6-41cb-937b-adaf51dd5ca7","2025-03-29 17:13:07","a2bec9ef-28a6-41cb-937b-adaf51dd5ca7","2025-03-29 17:13:07",1
"HISTORY -- Asia -- China","a2bec9ef-28a6-41cb-937b-adaf51dd5ca7","2025-03-29 17:13:07","a2bec9ef-28a6-41cb-937b-adaf51dd5ca7","2025-03-29 17:13:07",1
"HISTORY -- Military -- Strategy","a2bec9ef-28a6-41cb-937b-adaf51dd5ca7","2025-03-29 17:13:07","a2bec9ef-28a6-41cb-937b-adaf51dd5ca7","2025-03-29 17:13:07",1
"LITERATURE - LIT CLASSICS TRD PB","a2bec9ef-28a6-41cb-937b-adaf51dd5ca7","2025-03-29 17:13:07","a2bec9ef-28a6-41cb-937b-adaf51dd5ca7","2025-03-29 17:13:07",1
"Theory of warfare & military science","a2bec9ef-28a6-41cb-937b-adaf51dd5ca7","2025-03-29 17:13:07","a2bec9ef-28a6-41cb-937b-adaf51dd5ca7","2025-03-29 17:13:07",1
"Illustrations","a2bec9ef-28a6-41cb-937b-adaf51dd5ca7","2025-03-29 17:13:07","a2bec9ef-28a6-41cb-937b-adaf51dd5ca7","2025-03-29 17:13:07",1
"Sunzi bing fa (Sunzi)","a2bec9ef-28a6-41cb-937b-adaf51dd5ca7","2025-03-29 17:13:07","a2bec9ef-28a6-41cb-937b-adaf51dd5ca7","2025-03-29 17:13:07",1
"Art militaire","a2bec9ef-28a6-41cb-937b-adaf51dd5ca7","2025-03-29 17:13:07","a2bec9ef-28a6-41cb-937b-adaf51dd5ca7","2025-03-29 17:13:07",1
"Reference","a2bec9ef-28a6-41cb-937b-adaf51dd5ca7","2025-03-29 17:13:07","a2bec9ef-28a6-41cb-937b-adaf51dd5ca7","2025-03-29 17:13:07",1
"U101 .s95 1983","a2bec9ef-28a6-41cb-937b-adaf51dd5ca7","2025-03-29 17:13:07","a2bec9ef-28a6-41cb-937b-adaf51dd5ca7","2025-03-29 17:13:07",1
"Ciência militar","a2bec9ef-28a6-41cb-937b-adaf51dd5ca7","2025-03-29 17:13:07","a2bec9ef-28a6-41cb-937b-adaf51dd5ca7","2025-03-29 17:13:07",1
"Taoísmo","a2bec9ef-28a6-41cb-937b-adaf51dd5ca7","2025-03-29 17:13:07","a2bec9ef-28a6-41cb-937b-adaf51dd5ca7","2025-03-29 17:13:07",1
"Military History","a2bec9ef-28a6-41cb-937b-adaf51dd5ca7","2025-03-29 17:13:07","a2bec9ef-28a6-41cb-937b-adaf51dd5ca7","2025-03-29 17:13:07",1
"War (Philosophy)","a2bec9ef-28a6-41cb-937b-adaf51dd5ca7","2025-03-29 17:13:07","a2bec9ef-28a6-41cb-937b-adaf51dd5ca7","2025-03-29 17:13:07",1
"BUSINESS & ECONOMICS / Management","a2bec9ef-28a6-41cb-937b-adaf51dd5ca7","2025-03-29 17:13:07","a2bec9ef-28a6-41cb-937b-adaf51dd5ca7","2025-03-29 17:13:07",1
"PHILOSOPHY / Eastern","a2bec9ef-28a6-41cb-937b-adaf51dd5ca7","2025-03-29 17:13:07","a2bec9ef-28a6-41cb-937b-adaf51dd5ca7","2025-03-29 17:13:07",1
"POLITICAL SCIENCE / History & Theory","a2bec9ef-28a6-41cb-937b-adaf51dd5ca7","2025-03-29 17:13:07","a2bec9ef-28a6-41cb-937b-adaf51dd5ca7","2025-03-29 17:13:07",1
"Conflict management","a2bec9ef-28a6-41cb-937b-adaf51dd5ca7","2025-03-29 17:13:07","a2bec9ef-28a6-41cb-937b-adaf51dd5ca7","2025-03-29 17:13:07",1
"Religious aspects of Conflict management","a2bec9ef-28a6-41cb-937b-adaf51dd5ca7","2025-03-29 17:13:07","a2bec9ef-28a6-41cb-937b-adaf51dd5ca7","2025-03-29 17:13:07",1
"Religious aspects of Peace","a2bec9ef-28a6-41cb-937b-adaf51dd5ca7","2025-03-29 17:13:07","a2bec9ef-28a6-41cb-937b-adaf51dd5ca7","2025-03-29 17:13:07",1
"Asia - General","a2bec9ef-28a6-41cb-937b-adaf51dd5ca7","2025-03-29 17:13:07","a2bec9ef-28a6-41cb-937b-adaf51dd5ca7","2025-03-29 17:13:07",1
"Philosophy, taoist","a2bec9ef-28a6-41cb-937b-adaf51dd5ca7","2025-03-29 17:13:07","a2bec9ef-28a6-41cb-937b-adaf51dd5ca7","2025-03-29 17:13:07",1
"Social Issues - Friendship","a2bec9ef-28a6-41cb-937b-adaf51dd5ca7","2025-03-29 17:13:07","a2bec9ef-28a6-41cb-937b-adaf51dd5ca7","2025-03-29 17:13:07",1
"Social Situations - Adolescence","a2bec9ef-28a6-41cb-937b-adaf51dd5ca7","2025-03-29 17:13:07","a2bec9ef-28a6-41cb-937b-adaf51dd5ca7","2025-03-29 17:13:07",1
"Social Issues - Adolescence","a2bec9ef-28a6-41cb-937b-adaf51dd5ca7","2025-03-29 17:13:07","a2bec9ef-28a6-41cb-937b-adaf51dd5ca7","2025-03-29 17:13:07",1
"Juvenile Fiction / Social Situations / Adolescence","a2bec9ef-28a6-41cb-937b-adaf51dd5ca7","2025-03-29 17:13:07","a2bec9ef-28a6-41cb-937b-adaf51dd5ca7","2025-03-29 17:13:07",1
"Animals - Dogs","a2bec9ef-28a6-41cb-937b-adaf51dd5ca7","2025-03-29 17:13:07","a2bec9ef-28a6-41cb-937b-adaf51dd5ca7","2025-03-29 17:13:07",1
"children's classics","a2bec9ef-28a6-41cb-937b-adaf51dd5ca7","2025-03-29 17:13:07","a2bec9ef-28a6-41cb-937b-adaf51dd5ca7","2025-03-29 17:13:07",1
"hounds","a2bec9ef-28a6-41cb-937b-adaf51dd5ca7","2025-03-29 17:13:07","a2bec9ef-28a6-41cb-937b-adaf51dd5ca7","2025-03-29 17:13:07",1
"mountains","a2bec9ef-28a6-41cb-937b-adaf51dd5ca7","2025-03-29 17:13:07","a2bec9ef-28a6-41cb-937b-adaf51dd5ca7","2025-03-29 17:13:07",1
"Hunting dogs","a2bec9ef-28a6-41cb-937b-adaf51dd5ca7","2025-03-29 17:13:07","a2bec9ef-28a6-41cb-937b-adaf51dd5ca7","2025-03-29 17:13:07",1
"Hunting","a2bec9ef-28a6-41cb-937b-adaf51dd5ca7","2025-03-29 17:13:07","a2bec9ef-28a6-41cb-937b-adaf51dd5ca7","2025-03-29 17:13:07",1
"animals","a2bec9ef-28a6-41cb-937b-adaf51dd5ca7","2025-03-29 17:13:07","a2bec9ef-28a6-41cb-937b-adaf51dd5ca7","2025-03-29 17:13:07",1
"death & grieving","a2bec9ef-28a6-41cb-937b-adaf51dd5ca7","2025-03-29 17:13:07","a2bec9ef-28a6-41cb-937b-adaf51dd5ca7","2025-03-29 17:13:07",1
"4th grade reading books","a2bec9ef-28a6-41cb-937b-adaf51dd5ca7","2025-03-29 17:13:07","a2bec9ef-28a6-41cb-937b-adaf51dd5ca7","2025-03-29 17:13:07",1
"5th grade reading books","a2bec9ef-28a6-41cb-937b-adaf51dd5ca7","2025-03-29 17:13:07","a2bec9ef-28a6-41cb-937b-adaf51dd5ca7","2025-03-29 17:13:07",1
"award winning childrens books","a2bec9ef-28a6-41cb-937b-adaf51dd5ca7","2025-03-29 17:13:07","a2bec9ef-28a6-41cb-937b-adaf51dd5ca7","2025-03-29 17:13:07",1
"Ozark mountains region, fiction","a2bec9ef-28a6-41cb-937b-adaf51dd5ca7","2025-03-29 17:13:07","a2bec9ef-28a6-41cb-937b-adaf51dd5ca7","2025-03-29 17:13:07",1
"the Blitz","a2bec9ef-28a6-41cb-937b-adaf51dd5ca7","2025-03-29 17:13:07","a2bec9ef-28a6-41cb-937b-adaf51dd5ca7","2025-03-29 17:13:07",1
"fauns","a2bec9ef-28a6-41cb-937b-adaf51dd5ca7","2025-03-29 17:13:07","a2bec9ef-28a6-41cb-937b-adaf51dd5ca7","2025-03-29 17:13:07",1
"Turkish Delight","a2bec9ef-28a6-41cb-937b-adaf51dd5ca7","2025-03-29 17:13:07","a2bec9ef-28a6-41cb-937b-adaf51dd5ca7","2025-03-29 17:13:07",1
"lions","a2bec9ef-28a6-41cb-937b-adaf51dd5ca7","2025-03-29 17:13:07","a2bec9ef-28a6-41cb-937b-adaf51dd5ca7","2025-03-29 17:13:07",1
"English Christian fiction","a2bec9ef-28a6-41cb-937b-adaf51dd5ca7","2025-03-29 17:13:07","a2bec9ef-28a6-41cb-937b-adaf51dd5ca7","2025-03-29 17:13:07",1
"Leones","a2bec9ef-28a6-41cb-937b-adaf51dd5ca7","2025-03-29 17:13:07","a2bec9ef-28a6-41cb-937b-adaf51dd5ca7","2025-03-29 17:13:07",1
"christianity","a2bec9ef-28a6-41cb-937b-adaf51dd5ca7","2025-03-29 17:13:07","a2bec9ef-28a6-41cb-937b-adaf51dd5ca7","2025-03-29 17:13:07",1
"siblings","a2bec9ef-28a6-41cb-937b-adaf51dd5ca7","2025-03-29 17:13:07","a2bec9ef-28a6-41cb-937b-adaf51dd5ca7","2025-03-29 17:13:07",1
"Lion","a2bec9ef-28a6-41cb-937b-adaf51dd5ca7","2025-03-29 17:13:07","a2bec9ef-28a6-41cb-937b-adaf51dd5ca7","2025-03-29 17:13:07",1
"Animals Action & Adventure","a2bec9ef-28a6-41cb-937b-adaf51dd5ca7","2025-03-29 17:13:07","a2bec9ef-28a6-41cb-937b-adaf51dd5ca7","2025-03-29 17:13:07",1
"Lewis, c. s. (clive staples), 1898-1963","a2bec9ef-28a6-41cb-937b-adaf51dd5ca7","2025-03-29 17:13:07","a2bec9ef-28a6-41cb-937b-adaf51dd5ca7","2025-03-29 17:13:07",1
"Fantasy fiction, history and criticism","a2bec9ef-28a6-41cb-937b-adaf51dd5ca7","2025-03-29 17:13:07","a2bec9ef-28a6-41cb-937b-adaf51dd5ca7","2025-03-29 17:13:07",1
"Literary recreations","a2bec9ef-28a6-41cb-937b-adaf51dd5ca7","2025-03-29 17:13:07","a2bec9ef-28a6-41cb-937b-adaf51dd5ca7","2025-03-29 17:13:07",1
"Questions and answers","a2bec9ef-28a6-41cb-937b-adaf51dd5ca7","2025-03-29 17:13:07","a2bec9ef-28a6-41cb-937b-adaf51dd5ca7","2025-03-29 17:13:07",1
"Princesses, fiction","a2bec9ef-28a6-41cb-937b-adaf51dd5ca7","2025-03-29 17:13:07","a2bec9ef-28a6-41cb-937b-adaf51dd5ca7","2025-03-29 17:13:07",1
"monorails","a2bec9ef-28a6-41cb-937b-adaf51dd5ca7","2025-03-29 17:13:07","a2bec9ef-28a6-41cb-937b-adaf51dd5ca7","2025-03-29 17:13:07",1
"artificial intelligence","a2bec9ef-28a6-41cb-937b-adaf51dd5ca7","2025-03-29 17:13:07","a2bec9ef-28a6-41cb-937b-adaf51dd5ca7","2025-03-29 17:13:07",1
"Velcro Fly","a2bec9ef-28a6-41cb-937b-adaf51dd5ca7","2025-03-29 17:13:07","a2bec9ef-28a6-41cb-937b-adaf51dd5ca7","2025-03-29 17:13:07",1
"ka-tet","a2bec9ef-28a6-41cb-937b-adaf51dd5ca7","2025-03-29 17:13:07","a2bec9ef-28a6-41cb-937b-adaf51dd5ca7","2025-03-29 17:13:07",1
"cyborgs","a2bec9ef-28a6-41cb-937b-adaf51dd5ca7","2025-03-29 17:13:07","a2bec9ef-28a6-41cb-937b-adaf51dd5ca7","2025-03-29 17:13:07",1
"Dark Tower Series","a2bec9ef-28a6-41cb-937b-adaf51dd5ca7","2025-03-29 17:13:07","a2bec9ef-28a6-41cb-937b-adaf51dd5ca7","2025-03-29 17:13:07",1
"Literatura norte-americana","a2bec9ef-28a6-41cb-937b-adaf51dd5ca7","2025-03-29 17:13:07","a2bec9ef-28a6-41cb-937b-adaf51dd5ca7","2025-03-29 17:13:07",1
"American Prose poems","a2bec9ef-28a6-41cb-937b-adaf51dd5ca7","2025-03-29 17:13:07","a2bec9ef-28a6-41cb-937b-adaf51dd5ca7","2025-03-29 17:13:07",1
"Lebanese","a2bec9ef-28a6-41cb-937b-adaf51dd5ca7","2025-03-29 17:13:07","a2bec9ef-28a6-41cb-937b-adaf51dd5ca7","2025-03-29 17:13:07",1
"Prose","a2bec9ef-28a6-41cb-937b-adaf51dd5ca7","2025-03-29 17:13:07","a2bec9ef-28a6-41cb-937b-adaf51dd5ca7","2025-03-29 17:13:07",1
"Essays Classic Literature","a2bec9ef-28a6-41cb-937b-adaf51dd5ca7","2025-03-29 17:13:07","a2bec9ef-28a6-41cb-937b-adaf51dd5ca7","2025-03-29 17:13:07",1
"Mysticism","a2bec9ef-28a6-41cb-937b-adaf51dd5ca7","2025-03-29 17:13:07","a2bec9ef-28a6-41cb-937b-adaf51dd5ca7","2025-03-29 17:13:07",1
"Translations into Arabic","a2bec9ef-28a6-41cb-937b-adaf51dd5ca7","2025-03-29 17:13:07","a2bec9ef-28a6-41cb-937b-adaf51dd5ca7","2025-03-29 17:13:07",1
"existentialism","a2bec9ef-28a6-41cb-937b-adaf51dd5ca7","2025-03-29 17:13:07","a2bec9ef-28a6-41cb-937b-adaf51dd5ca7","2025-03-29 17:13:07",1
"existential","a2bec9ef-28a6-41cb-937b-adaf51dd5ca7","2025-03-29 17:13:07","a2bec9ef-28a6-41cb-937b-adaf51dd5ca7","2025-03-29 17:13:07",1
"philosophy","a2bec9ef-28a6-41cb-937b-adaf51dd5ca7","2025-03-29 17:13:07","a2bec9ef-28a6-41cb-937b-adaf51dd5ca7","2025-03-29 17:13:07",1
"philosophical","a2bec9ef-28a6-41cb-937b-adaf51dd5ca7","2025-03-29 17:13:07","a2bec9ef-28a6-41cb-937b-adaf51dd5ca7","2025-03-29 17:13:07",1
"Prose poems, American","a2bec9ef-28a6-41cb-937b-adaf51dd5ca7","2025-03-29 17:13:07","a2bec9ef-28a6-41cb-937b-adaf51dd5ca7","2025-03-29 17:13:07",1
"Mysticism, poetry","a2bec9ef-28a6-41cb-937b-adaf51dd5ca7","2025-03-29 17:13:07","a2bec9ef-28a6-41cb-937b-adaf51dd5ca7","2025-03-29 17:13:07",1
"Translation into Italian","a2bec9ef-28a6-41cb-937b-adaf51dd5ca7","2025-03-29 17:13:07","a2bec9ef-28a6-41cb-937b-adaf51dd5ca7","2025-03-29 17:13:07",1
"LITERATURA LIBANESA","a2bec9ef-28a6-41cb-937b-adaf51dd5ca7","2025-03-29 17:13:07","a2bec9ef-28a6-41cb-937b-adaf51dd5ca7","2025-03-29 17:13:07",1
"POESIAS LIBANESAS","a2bec9ef-28a6-41cb-937b-adaf51dd5ca7","2025-03-29 17:13:07","a2bec9ef-28a6-41cb-937b-adaf51dd5ca7","2025-03-29 17:13:07",1
"PROSA LIBANESA","a2bec9ef-28a6-41cb-937b-adaf51dd5ca7","2025-03-29 17:13:07","a2bec9ef-28a6-41cb-937b-adaf51dd5ca7","2025-03-29 17:13:07",1
"Poemas en prosa estadounidenses","a2bec9ef-28a6-41cb-937b-adaf51dd5ca7","2025-03-29 17:13:07","a2bec9ef-28a6-41cb-937b-adaf51dd5ca7","2025-03-29 17:13:07",1
"Misticismo","a2bec9ef-28a6-41cb-937b-adaf51dd5ca7","2025-03-29 17:13:07","a2bec9ef-28a6-41cb-937b-adaf51dd5ca7","2025-03-29 17:13:07",1
"Poesía","a2bec9ef-28a6-41cb-937b-adaf51dd5ca7","2025-03-29 17:13:07","a2bec9ef-28a6-41cb-937b-adaf51dd5ca7","2025-03-29 17:13:07",1
"Arabic poetry","a2bec9ef-28a6-41cb-937b-adaf51dd5ca7","2025-03-29 17:13:07","a2bec9ef-28a6-41cb-937b-adaf51dd5ca7","2025-03-29 17:13:07",1
"Religious","a2bec9ef-28a6-41cb-937b-adaf51dd5ca7","2025-03-29 17:13:07","a2bec9ef-28a6-41cb-937b-adaf51dd5ca7","2025-03-29 17:13:07",1
"Inspirational","a2bec9ef-28a6-41cb-937b-adaf51dd5ca7","2025-03-29 17:13:07","a2bec9ef-28a6-41cb-937b-adaf51dd5ca7","2025-03-29 17:13:07",1
"Philosophy and religion","a2bec9ef-28a6-41cb-937b-adaf51dd5ca7","2025-03-29 17:13:07","a2bec9ef-28a6-41cb-937b-adaf51dd5ca7","2025-03-29 17:13:07",1
"reason","a2bec9ef-28a6-41cb-937b-adaf51dd5ca7","2025-03-29 17:13:07","a2bec9ef-28a6-41cb-937b-adaf51dd5ca7","2025-03-29 17:13:07",1
"passion","a2bec9ef-28a6-41cb-937b-adaf51dd5ca7","2025-03-29 17:13:07","a2bec9ef-28a6-41cb-937b-adaf51dd5ca7","2025-03-29 17:13:07",1
"pain","a2bec9ef-28a6-41cb-937b-adaf51dd5ca7","2025-03-29 17:13:07","a2bec9ef-28a6-41cb-937b-adaf51dd5ca7","2025-03-29 17:13:07",1
"self-knowledge","a2bec9ef-28a6-41cb-937b-adaf51dd5ca7","2025-03-29 17:13:07","a2bec9ef-28a6-41cb-937b-adaf51dd5ca7","2025-03-29 17:13:07",1
"Lebensphilosophie","a2bec9ef-28a6-41cb-937b-adaf51dd5ca7","2025-03-29 17:13:07","a2bec9ef-28a6-41cb-937b-adaf51dd5ca7","2025-03-29 17:13:07",1
"adventure and adventurers","a2bec9ef-28a6-41cb-937b-adaf51dd5ca7","2025-03-29 17:13:07","a2bec9ef-28a6-41cb-937b-adaf51dd5ca7","2025-03-29 17:13:07",1
"adventure and adventurers, fiction","a2bec9ef-28a6-41cb-937b-adaf51dd5ca7","2025-03-29 17:13:07","a2bec9ef-28a6-41cb-937b-adaf51dd5ca7","2025-03-29 17:13:07",1
"adventure travel","a2bec9ef-28a6-41cb-937b-adaf51dd5ca7","2025-03-29 17:13:07","a2bec9ef-28a6-41cb-937b-adaf51dd5ca7","2025-03-29 17:13:07",1
"anthropomorphism","a2bec9ef-28a6-41cb-937b-adaf51dd5ca7","2025-03-29 17:13:07","a2bec9ef-28a6-41cb-937b-adaf51dd5ca7","2025-03-29 17:13:07",1
"artists' illustrated books","a2bec9ef-28a6-41cb-937b-adaf51dd5ca7","2025-03-29 17:13:07","a2bec9ef-28a6-41cb-937b-adaf51dd5ca7","2025-03-29 17:13:07",1
"books and reading","a2bec9ef-28a6-41cb-937b-adaf51dd5ca7","2025-03-29 17:13:07","a2bec9ef-28a6-41cb-937b-adaf51dd5ca7","2025-03-29 17:13:07",1
"british and irish fiction (fictional works by one author)","a2bec9ef-28a6-41cb-937b-adaf51dd5ca7","2025-03-29 17:13:07","a2bec9ef-28a6-41cb-937b-adaf51dd5ca7","2025-03-29 17:13:07",1
"child and youth fiction","a2bec9ef-28a6-41cb-937b-adaf51dd5ca7","2025-03-29 17:13:07","a2bec9ef-28a6-41cb-937b-adaf51dd5ca7","2025-03-29 17:13:07",1
"children's fiction","a2bec9ef-28a6-41cb-937b-adaf51dd5ca7","2025-03-29 17:13:07","a2bec9ef-28a6-41cb-937b-adaf51dd5ca7","2025-03-29 17:13:07",1
"children's literature, english","a2bec9ef-28a6-41cb-937b-adaf51dd5ca7","2025-03-29 17:13:07","a2bec9ef-28a6-41cb-937b-adaf51dd5ca7","2025-03-29 17:13:07",1
"children's stories, english","a2bec9ef-28a6-41cb-937b-adaf51dd5ca7","2025-03-29 17:13:07","a2bec9ef-28a6-41cb-937b-adaf51dd5ca7","2025-03-29 17:13:07",1
"classic literature","a2bec9ef-28a6-41cb-937b-adaf51dd5ca7","2025-03-29 17:13:07","a2bec9ef-28a6-41cb-937b-adaf51dd5ca7","2025-03-29 17:13:07",1
"croquet","a2bec9ef-28a6-41cb-937b-adaf51dd5ca7","2025-03-29 17:13:07","a2bec9ef-28a6-41cb-937b-adaf51dd5ca7","2025-03-29 17:13:07",1
"curiosity","a2bec9ef-28a6-41cb-937b-adaf51dd5ca7","2025-03-29 17:13:07","a2bec9ef-28a6-41cb-937b-adaf51dd5ca7","2025-03-29 17:13:07",1
"curiosity in children","a2bec9ef-28a6-41cb-937b-adaf51dd5ca7","2025-03-29 17:13:07","a2bec9ef-28a6-41cb-937b-adaf51dd5ca7","2025-03-29 17:13:07",1
"english","a2bec9ef-28a6-41cb-937b-adaf51dd5ca7","2025-03-29 17:13:07","a2bec9ef-28a6-41cb-937b-adaf51dd5ca7","2025-03-29 17:13:07",1
"english adventure stories","a2bec9ef-28a6-41cb-937b-adaf51dd5ca7","2025-03-29 17:13:07","a2bec9ef-28a6-41cb-937b-adaf51dd5ca7","2025-03-29 17:13:07",1
"english fantastic fiction","a2bec9ef-28a6-41cb-937b-adaf51dd5ca7","2025-03-29 17:13:07","a2bec9ef-28a6-41cb-937b-adaf51dd5ca7","2025-03-29 17:13:07",1
"english fantasy fiction","a2bec9ef-28a6-41cb-937b-adaf51dd5ca7","2025-03-29 17:13:07","a2bec9ef-28a6-41cb-937b-adaf51dd5ca7","2025-03-29 17:13:07",1
"english fantasy literature","a2bec9ef-28a6-41cb-937b-adaf51dd5ca7","2025-03-29 17:13:07","a2bec9ef-28a6-41cb-937b-adaf51dd5ca7","2025-03-29 17:13:07",1
"english language","a2bec9ef-28a6-41cb-937b-adaf51dd5ca7","2025-03-29 17:13:07","a2bec9ef-28a6-41cb-937b-adaf51dd5ca7","2025-03-29 17:13:07",1
"english literature","a2bec9ef-28a6-41cb-937b-adaf51dd5ca7","2025-03-29 17:13:07","a2bec9ef-28a6-41cb-937b-adaf51dd5ca7","2025-03-29 17:13:07",1
"english nonsense verses","a2bec9ef-28a6-41cb-937b-adaf51dd5ca7","2025-03-29 17:13:07","a2bec9ef-28a6-41cb-937b-adaf51dd5ca7","2025-03-29 17:13:07",1
"fairy tales","a2bec9ef-28a6-41cb-937b-adaf51dd5ca7","2025-03-29 17:13:07","a2bec9ef-28a6-41cb-937b-adaf51dd5ca7","2025-03-29 17:13:07",1
"fantasy & magic","a2bec9ef-28a6-41cb-937b-adaf51dd5ca7","2025-03-29 17:13:07","a2bec9ef-28a6-41cb-937b-adaf51dd5ca7","2025-03-29 17:13:07",1
"fantasy in fiction","a2bec9ef-28a6-41cb-937b-adaf51dd5ca7","2025-03-29 17:13:07","a2bec9ef-28a6-41cb-937b-adaf51dd5ca7","2025-03-29 17:13:07",1
"fantasy  magic","a2bec9ef-28a6-41cb-937b-adaf51dd5ca7","2025-03-29 17:13:07","a2bec9ef-28a6-41cb-937b-adaf51dd5ca7","2025-03-29 17:13:07",1
"girls","a2bec9ef-28a6-41cb-937b-adaf51dd5ca7","2025-03-29 17:13:07","a2bec9ef-28a6-41cb-937b-adaf51dd5ca7","2025-03-29 17:13:07",1
"girls, fiction","a2bec9ef-28a6-41cb-937b-adaf51dd5ca7","2025-03-29 17:13:07","a2bec9ef-28a6-41cb-937b-adaf51dd5ca7","2025-03-29 17:13:07",1
"hookahs","a2bec9ef-28a6-41cb-937b-adaf51dd5ca7","2025-03-29 17:13:07","a2bec9ef-28a6-41cb-937b-adaf51dd5ca7","2025-03-29 17:13:07",1
"humorous stories","a2bec9ef-28a6-41cb-937b-adaf51dd5ca7","2025-03-29 17:13:07","a2bec9ef-28a6-41cb-937b-adaf51dd5ca7","2025-03-29 17:13:07",1
"illustrations","a2bec9ef-28a6-41cb-937b-adaf51dd5ca7","2025-03-29 17:13:07","a2bec9ef-28a6-41cb-937b-adaf51dd5ca7","2025-03-29 17:13:07",1
"imagination & play","a2bec9ef-28a6-41cb-937b-adaf51dd5ca7","2025-03-29 17:13:07","a2bec9ef-28a6-41cb-937b-adaf51dd5ca7","2025-03-29 17:13:07",1
"legends","a2bec9ef-28a6-41cb-937b-adaf51dd5ca7","2025-03-29 17:13:07","a2bec9ef-28a6-41cb-937b-adaf51dd5ca7","2025-03-29 17:13:07",1
"literary nonsense","a2bec9ef-28a6-41cb-937b-adaf51dd5ca7","2025-03-29 17:13:07","a2bec9ef-28a6-41cb-937b-adaf51dd5ca7","2025-03-29 17:13:07",1
"logic","a2bec9ef-28a6-41cb-937b-adaf51dd5ca7","2025-03-29 17:13:07","a2bec9ef-28a6-41cb-937b-adaf51dd5ca7","2025-03-29 17:13:07",1
"mythical animals","a2bec9ef-28a6-41cb-937b-adaf51dd5ca7","2025-03-29 17:13:07","a2bec9ef-28a6-41cb-937b-adaf51dd5ca7","2025-03-29 17:13:07",1
"nonsense verses","a2bec9ef-28a6-41cb-937b-adaf51dd5ca7","2025-03-29 17:13:07","a2bec9ef-28a6-41cb-937b-adaf51dd5ca7","2025-03-29 17:13:07",1
"playing cards","a2bec9ef-28a6-41cb-937b-adaf51dd5ca7","2025-03-29 17:13:07","a2bec9ef-28a6-41cb-937b-adaf51dd5ca7","2025-03-29 17:13:07",1
"rabbits","a2bec9ef-28a6-41cb-937b-adaf51dd5ca7","2025-03-29 17:13:07","a2bec9ef-28a6-41cb-937b-adaf51dd5ca7","2025-03-29 17:13:07",1
"readers","a2bec9ef-28a6-41cb-937b-adaf51dd5ca7","2025-03-29 17:13:07","a2bec9ef-28a6-41cb-937b-adaf51dd5ca7","2025-03-29 17:13:07",1
"reading materials","a2bec9ef-28a6-41cb-937b-adaf51dd5ca7","2025-03-29 17:13:07","a2bec9ef-28a6-41cb-937b-adaf51dd5ca7","2025-03-29 17:13:07",1
"short novel","a2bec9ef-28a6-41cb-937b-adaf51dd5ca7","2025-03-29 17:13:07","a2bec9ef-28a6-41cb-937b-adaf51dd5ca7","2025-03-29 17:13:07",1
"tea","a2bec9ef-28a6-41cb-937b-adaf51dd5ca7","2025-03-29 17:13:07","a2bec9ef-28a6-41cb-937b-adaf51dd5ca7","2025-03-29 17:13:07",1
"texts","a2bec9ef-28a6-41cb-937b-adaf51dd5ca7","2025-03-29 17:13:07","a2bec9ef-28a6-41cb-937b-adaf51dd5ca7","2025-03-29 17:13:07",1
"CHR 1960","a2bec9ef-28a6-41cb-937b-adaf51dd5ca7","2025-03-29 17:13:07","a2bec9ef-28a6-41cb-937b-adaf51dd5ca7","2025-03-29 17:13:07",1
"PRO Tehon, Susan (donor)","a2bec9ef-28a6-41cb-937b-adaf51dd5ca7","2025-03-29 17:13:07","a2bec9ef-28a6-41cb-937b-adaf51dd5ca7","2025-03-29 17:13:07",1
"Alice (Fictitious character : Carroll)","a2bec9ef-28a6-41cb-937b-adaf51dd5ca7","2025-03-29 17:13:07","a2bec9ef-28a6-41cb-937b-adaf51dd5ca7","2025-03-29 17:13:07",1
"PRO Tehon, Atha (former owner) (Tehon Collection copy)","a2bec9ef-28a6-41cb-937b-adaf51dd5ca7","2025-03-29 17:13:07","a2bec9ef-28a6-41cb-937b-adaf51dd5ca7","2025-03-29 17:13:07",1
"18.05 English literature","a2bec9ef-28a6-41cb-937b-adaf51dd5ca7","2025-03-29 17:13:07","a2bec9ef-28a6-41cb-937b-adaf51dd5ca7","2025-03-29 17:13:07",1
"Alice (fictitious character : carroll), fiction","a2bec9ef-28a6-41cb-937b-adaf51dd5ca7","2025-03-29 17:13:07","a2bec9ef-28a6-41cb-937b-adaf51dd5ca7","2025-03-29 17:13:07",1
"Carroll, lewis, 1832-1898","a2bec9ef-28a6-41cb-937b-adaf51dd5ca7","2025-03-29 17:13:07","a2bec9ef-28a6-41cb-937b-adaf51dd5ca7","2025-03-29 17:13:07",1
"JUVENILE FICTION / Fairy Tales & Folklore / Adaptations","a2bec9ef-28a6-41cb-937b-adaf51dd5ca7","2025-03-29 17:13:07","a2bec9ef-28a6-41cb-937b-adaf51dd5ca7","2025-03-29 17:13:07",1
"English fiction (collections), 20th century","a2bec9ef-28a6-41cb-937b-adaf51dd5ca7","2025-03-29 17:13:07","a2bec9ef-28a6-41cb-937b-adaf51dd5ca7","2025-03-29 17:13:07",1
"Alice (Fictitious character)","a2bec9ef-28a6-41cb-937b-adaf51dd5ca7","2025-03-29 17:13:07","a2bec9ef-28a6-41cb-937b-adaf51dd5ca7","2025-03-29 17:13:07",1
"Condensed books","a2bec9ef-28a6-41cb-937b-adaf51dd5ca7","2025-03-29 17:13:07","a2bec9ef-28a6-41cb-937b-adaf51dd5ca7","2025-03-29 17:13:07",1
"Through the looking glass","a2bec9ef-28a6-41cb-937b-adaf51dd5ca7","2025-03-29 17:13:07","a2bec9ef-28a6-41cb-937b-adaf51dd5ca7","2025-03-29 17:13:07",1
"Alice's adventures in Wonderland (Carroll, Lewis)","a2bec9ef-28a6-41cb-937b-adaf51dd5ca7","2025-03-29 17:13:07","a2bec9ef-28a6-41cb-937b-adaf51dd5ca7","2025-03-29 17:13:07",1
"Through the looking-glass (Carroll, Lewis)","a2bec9ef-28a6-41cb-937b-adaf51dd5ca7","2025-03-29 17:13:07","a2bec9ef-28a6-41cb-937b-adaf51dd5ca7","2025-03-29 17:13:07",1
"Literatură engleză","a2bec9ef-28a6-41cb-937b-adaf51dd5ca7","2025-03-29 17:13:07","a2bec9ef-28a6-41cb-937b-adaf51dd5ca7","2025-03-29 17:13:07",1
"Literatură pentru copii","a2bec9ef-28a6-41cb-937b-adaf51dd5ca7","2025-03-29 17:13:07","a2bec9ef-28a6-41cb-937b-adaf51dd5ca7","2025-03-29 17:13:07",1
"Novela fantástica inglesa","a2bec9ef-28a6-41cb-937b-adaf51dd5ca7","2025-03-29 17:13:07","a2bec9ef-28a6-41cb-937b-adaf51dd5ca7","2025-03-29 17:13:07",1
"Flickor","a2bec9ef-28a6-41cb-937b-adaf51dd5ca7","2025-03-29 17:13:07","a2bec9ef-28a6-41cb-937b-adaf51dd5ca7","2025-03-29 17:13:07",1
"Barn- och ungdomslitteratur","a2bec9ef-28a6-41cb-937b-adaf51dd5ca7","2025-03-29 17:13:07","a2bec9ef-28a6-41cb-937b-adaf51dd5ca7","2025-03-29 17:13:07",1
"Drömmar","a2bec9ef-28a6-41cb-937b-adaf51dd5ca7","2025-03-29 17:13:07","a2bec9ef-28a6-41cb-937b-adaf51dd5ca7","2025-03-29 17:13:07",1
"Fantasiresor","a2bec9ef-28a6-41cb-937b-adaf51dd5ca7","2025-03-29 17:13:07","a2bec9ef-28a6-41cb-937b-adaf51dd5ca7","2025-03-29 17:13:07",1
"Parallella världar","a2bec9ef-28a6-41cb-937b-adaf51dd5ca7","2025-03-29 17:13:07","a2bec9ef-28a6-41cb-937b-adaf51dd5ca7","2025-03-29 17:13:07",1
"Tong hua","a2bec9ef-28a6-41cb-937b-adaf51dd5ca7","2025-03-29 17:13:07","a2bec9ef-28a6-41cb-937b-adaf51dd5ca7","2025-03-29 17:13:07",1
"Zuo pin ji","a2bec9ef-28a6-41cb-937b-adaf51dd5ca7","2025-03-29 17:13:07","a2bec9ef-28a6-41cb-937b-adaf51dd5ca7","2025-03-29 17:13:07",1
"Philosophy in literature","a2bec9ef-28a6-41cb-937b-adaf51dd5ca7","2025-03-29 17:13:07","a2bec9ef-28a6-41cb-937b-adaf51dd5ca7","2025-03-29 17:13:07",1
"Charity schools, fiction","a2bec9ef-28a6-41cb-937b-adaf51dd5ca7","2025-03-29 17:13:07","a2bec9ef-28a6-41cb-937b-adaf51dd5ca7","2025-03-29 17:13:07",1
"Country homes, fiction","a2bec9ef-28a6-41cb-937b-adaf51dd5ca7","2025-03-29 17:13:07","a2bec9ef-28a6-41cb-937b-adaf51dd5ca7","2025-03-29 17:13:07",1
"Married men in fiction","a2bec9ef-28a6-41cb-937b-adaf51dd5ca7","2025-03-29 17:13:07","a2bec9ef-28a6-41cb-937b-adaf51dd5ca7","2025-03-29 17:13:07",1
"Mentally ill women, fiction","a2bec9ef-28a6-41cb-937b-adaf51dd5ca7","2025-03-29 17:13:07","a2bec9ef-28a6-41cb-937b-adaf51dd5ca7","2025-03-29 17:13:07",1
"Jane Eyre (Fictitious character)","a2bec9ef-28a6-41cb-937b-adaf51dd5ca7","2025-03-29 17:13:07","a2bec9ef-28a6-41cb-937b-adaf51dd5ca7","2025-03-29 17:13:07",1
"Manners and customs, fiction","a2bec9ef-28a6-41cb-937b-adaf51dd5ca7","2025-03-29 17:13:07","a2bec9ef-28a6-41cb-937b-adaf51dd5ca7","2025-03-29 17:13:07",1
"Married men","a2bec9ef-28a6-41cb-937b-adaf51dd5ca7","2025-03-29 17:13:07","a2bec9ef-28a6-41cb-937b-adaf51dd5ca7","2025-03-29 17:13:07",1
"Upper class, fiction","a2bec9ef-28a6-41cb-937b-adaf51dd5ca7","2025-03-29 17:13:07","a2bec9ef-28a6-41cb-937b-adaf51dd5ca7","2025-03-29 17:13:07",1
"Governesses","a2bec9ef-28a6-41cb-937b-adaf51dd5ca7","2025-03-29 17:13:07","a2bec9ef-28a6-41cb-937b-adaf51dd5ca7","2025-03-29 17:13:07",1
"Detente","a2bec9ef-28a6-41cb-937b-adaf51dd5ca7","2025-03-29 17:13:07","a2bec9ef-28a6-41cb-937b-adaf51dd5ca7","2025-03-29 17:13:07",1
"Landowners","a2bec9ef-28a6-41cb-937b-adaf51dd5ca7","2025-03-29 17:13:07","a2bec9ef-28a6-41cb-937b-adaf51dd5ca7","2025-03-29 17:13:07",1
"Governesses in fiction","a2bec9ef-28a6-41cb-937b-adaf51dd5ca7","2025-03-29 17:13:07","a2bec9ef-28a6-41cb-937b-adaf51dd5ca7","2025-03-29 17:13:07",1
"New School for Social Research (New York, N.Y. : 1919-1997)","a2bec9ef-28a6-41cb-937b-adaf51dd5ca7","2025-03-29 17:13:07","a2bec9ef-28a6-41cb-937b-adaf51dd5ca7","2025-03-29 17:13:07",1
"Charity-schools in fiction","a2bec9ef-28a6-41cb-937b-adaf51dd5ca7","2025-03-29 17:13:07","a2bec9ef-28a6-41cb-937b-adaf51dd5ca7","2025-03-29 17:13:07",1
"Vietnamese language books","a2bec9ef-28a6-41cb-937b-adaf51dd5ca7","2025-03-29 17:13:07","a2bec9ef-28a6-41cb-937b-adaf51dd5ca7","2025-03-29 17:13:07",1
"Jane Eyre (Bronte, Charlotte)","a2bec9ef-28a6-41cb-937b-adaf51dd5ca7","2025-03-29 17:13:07","a2bec9ef-28a6-41cb-937b-adaf51dd5ca7","2025-03-29 17:13:07",1
"Bronte, charlotte, 1816-1855","a2bec9ef-28a6-41cb-937b-adaf51dd5ca7","2025-03-29 17:13:07","a2bec9ef-28a6-41cb-937b-adaf51dd5ca7","2025-03-29 17:13:07",1
"Teddy bears","a2bec9ef-28a6-41cb-937b-adaf51dd5ca7","2025-03-29 17:13:07","a2bec9ef-28a6-41cb-937b-adaf51dd5ca7","2025-03-29 17:13:07",1
"Study guides","a2bec9ef-28a6-41cb-937b-adaf51dd5ca7","2025-03-29 17:13:07","a2bec9ef-28a6-41cb-937b-adaf51dd5ca7","2025-03-29 17:13:07",1
"Examinations","a2bec9ef-28a6-41cb-937b-adaf51dd5ca7","2025-03-29 17:13:07","a2bec9ef-28a6-41cb-937b-adaf51dd5ca7","2025-03-29 17:13:07",1
"Frau","a2bec9ef-28a6-41cb-937b-adaf51dd5ca7","2025-03-29 17:13:07","a2bec9ef-28a6-41cb-937b-adaf51dd5ca7","2025-03-29 17:13:07",1
"Jane Eyre (Brontë, Charlotte)","a2bec9ef-28a6-41cb-937b-adaf51dd5ca7","2025-03-29 17:13:07","a2bec9ef-28a6-41cb-937b-adaf51dd5ca7","2025-03-29 17:13:07",1
"Literature and fiction, women authors","a2bec9ef-28a6-41cb-937b-adaf51dd5ca7","2025-03-29 17:13:07","a2bec9ef-28a6-41cb-937b-adaf51dd5ca7","2025-03-29 17:13:07",1
"English literature, outlines, syllabi, etc.","a2bec9ef-28a6-41cb-937b-adaf51dd5ca7","2025-03-29 17:13:07","a2bec9ef-28a6-41cb-937b-adaf51dd5ca7","2025-03-29 17:13:07",1
"English literature, history and criticism","a2bec9ef-28a6-41cb-937b-adaf51dd5ca7","2025-03-29 17:13:07","a2bec9ef-28a6-41cb-937b-adaf51dd5ca7","2025-03-29 17:13:07",1
"Great britain, social life and customs, fiction","a2bec9ef-28a6-41cb-937b-adaf51dd5ca7","2025-03-29 17:13:07","a2bec9ef-28a6-41cb-937b-adaf51dd5ca7","2025-03-29 17:13:07",1
"Mentally ill, fiction","a2bec9ef-28a6-41cb-937b-adaf51dd5ca7","2025-03-29 17:13:07","a2bec9ef-28a6-41cb-937b-adaf51dd5ca7","2025-03-29 17:13:07",1
"Governesses in literature","a2bec9ef-28a6-41cb-937b-adaf51dd5ca7","2025-03-29 17:13:07","a2bec9ef-28a6-41cb-937b-adaf51dd5ca7","2025-03-29 17:13:07",1
"Japanese fiction","a2bec9ef-28a6-41cb-937b-adaf51dd5ca7","2025-03-29 17:13:07","a2bec9ef-28a6-41cb-937b-adaf51dd5ca7","2025-03-29 17:13:07",1
"Gouvernantes","a2bec9ef-28a6-41cb-937b-adaf51dd5ca7","2025-03-29 17:13:07","a2bec9ef-28a6-41cb-937b-adaf51dd5ca7","2025-03-29 17:13:07",1
"Governesses--england--fiction","a2bec9ef-28a6-41cb-937b-adaf51dd5ca7","2025-03-29 17:13:07","a2bec9ef-28a6-41cb-937b-adaf51dd5ca7","2025-03-29 17:13:07",1
"Pr4167.j5 d38 2006","a2bec9ef-28a6-41cb-937b-adaf51dd5ca7","2025-03-29 17:13:07","a2bec9ef-28a6-41cb-937b-adaf51dd5ca7","2025-03-29 17:13:07",1
"823.8","a2bec9ef-28a6-41cb-937b-adaf51dd5ca7","2025-03-29 17:13:07","a2bec9ef-28a6-41cb-937b-adaf51dd5ca7","2025-03-29 17:13:07",1
"Governesses--fiction","a2bec9ef-28a6-41cb-937b-adaf51dd5ca7","2025-03-29 17:13:07","a2bec9ef-28a6-41cb-937b-adaf51dd5ca7","2025-03-29 17:13:07",1
"Mentally ill women--fiction","a2bec9ef-28a6-41cb-937b-adaf51dd5ca7","2025-03-29 17:13:07","a2bec9ef-28a6-41cb-937b-adaf51dd5ca7","2025-03-29 17:13:07",1
"Fathers and daughters--fiction","a2bec9ef-28a6-41cb-937b-adaf51dd5ca7","2025-03-29 17:13:07","a2bec9ef-28a6-41cb-937b-adaf51dd5ca7","2025-03-29 17:13:07",1
"Charity-schools--fiction","a2bec9ef-28a6-41cb-937b-adaf51dd5ca7","2025-03-29 17:13:07","a2bec9ef-28a6-41cb-937b-adaf51dd5ca7","2025-03-29 17:13:07",1
"Country homes--fiction","a2bec9ef-28a6-41cb-937b-adaf51dd5ca7","2025-03-29 17:13:07","a2bec9ef-28a6-41cb-937b-adaf51dd5ca7","2025-03-29 17:13:07",1
"Young women--fiction","a2bec9ef-28a6-41cb-937b-adaf51dd5ca7","2025-03-29 17:13:07","a2bec9ef-28a6-41cb-937b-adaf51dd5ca7","2025-03-29 17:13:07",1
"Pr4167 .j3 2000","a2bec9ef-28a6-41cb-937b-adaf51dd5ca7","2025-03-29 17:13:07","a2bec9ef-28a6-41cb-937b-adaf51dd5ca7","2025-03-29 17:13:07",1
"Brontë, charlotte , 1816-1855","a2bec9ef-28a6-41cb-937b-adaf51dd5ca7","2025-03-29 17:13:07","a2bec9ef-28a6-41cb-937b-adaf51dd5ca7","2025-03-29 17:13:07",1
"Pr4167.j5 l88 2016","a2bec9ef-28a6-41cb-937b-adaf51dd5ca7","2025-03-29 17:13:07","a2bec9ef-28a6-41cb-937b-adaf51dd5ca7","2025-03-29 17:13:07",1
"Fiction, sagas","a2bec9ef-28a6-41cb-937b-adaf51dd5ca7","2025-03-29 17:13:07","a2bec9ef-28a6-41cb-937b-adaf51dd5ca7","2025-03-29 17:13:07",1
"Mentally ill women","a2bec9ef-28a6-41cb-937b-adaf51dd5ca7","2025-03-29 17:13:07","a2bec9ef-28a6-41cb-937b-adaf51dd5ca7","2025-03-29 17:13:07",1
"Charity-schools","a2bec9ef-28a6-41cb-937b-adaf51dd5ca7","2025-03-29 17:13:07","a2bec9ef-28a6-41cb-937b-adaf51dd5ca7","2025-03-29 17:13:07",1
"Country homes","a2bec9ef-28a6-41cb-937b-adaf51dd5ca7","2025-03-29 17:13:07","a2bec9ef-28a6-41cb-937b-adaf51dd5ca7","2025-03-29 17:13:07",1
"Family & Relationships","a2bec9ef-28a6-41cb-937b-adaf51dd5ca7","2025-03-29 17:13:07","a2bec9ef-28a6-41cb-937b-adaf51dd5ca7","2025-03-29 17:13:07",1
"Entertainment & Performing Arts","a2bec9ef-28a6-41cb-937b-adaf51dd5ca7","2025-03-29 17:13:07","a2bec9ef-28a6-41cb-937b-adaf51dd5ca7","2025-03-29 17:13:07",1
"Biography & Autobiography / Personal Memoirs","a2bec9ef-28a6-41cb-937b-adaf51dd5ca7","2025-03-29 17:13:07","a2bec9ef-28a6-41cb-937b-adaf51dd5ca7","2025-03-29 17:13:07",1
"TELEVISION ACTORS AND ACTRESSES","a2bec9ef-28a6-41cb-937b-adaf51dd5ca7","2025-03-29 17:13:07","a2bec9ef-28a6-41cb-937b-adaf51dd5ca7","2025-03-29 17:13:07",1
"Adult child abuse victims' writings, American","a2bec9ef-28a6-41cb-937b-adaf51dd5ca7","2025-03-29 17:13:07","a2bec9ef-28a6-41cb-937b-adaf51dd5ca7","2025-03-29 17:13:07",1
"Anorexia nervosa patients' writings, American","a2bec9ef-28a6-41cb-937b-adaf51dd5ca7","2025-03-29 17:13:07","a2bec9ef-28a6-41cb-937b-adaf51dd5ca7","2025-03-29 17:13:07",1
"autobiographies","a2bec9ef-28a6-41cb-937b-adaf51dd5ca7","2025-03-29 17:13:07","a2bec9ef-28a6-41cb-937b-adaf51dd5ca7","2025-03-29 17:13:07",1
"biographies","a2bec9ef-28a6-41cb-937b-adaf51dd5ca7","2025-03-29 17:13:07","a2bec9ef-28a6-41cb-937b-adaf51dd5ca7","2025-03-29 17:13:07",1
"child actors","a2bec9ef-28a6-41cb-937b-adaf51dd5ca7","2025-03-29 17:13:07","a2bec9ef-28a6-41cb-937b-adaf51dd5ca7","2025-03-29 17:13:07",1
"Health & Fitness","a2bec9ef-28a6-41cb-937b-adaf51dd5ca7","2025-03-29 17:13:07","a2bec9ef-28a6-41cb-937b-adaf51dd5ca7","2025-03-29 17:13:07",1
"Singers","a2bec9ef-28a6-41cb-937b-adaf51dd5ca7","2025-03-29 17:13:07","a2bec9ef-28a6-41cb-937b-adaf51dd5ca7","2025-03-29 17:13:07",1
"Sieges","a2bec9ef-28a6-41cb-937b-adaf51dd5ca7","2025-03-29 17:13:07","a2bec9ef-28a6-41cb-937b-adaf51dd5ca7","2025-03-29 17:13:07",1
"Courts and courtiers -- Fiction","a2bec9ef-28a6-41cb-937b-adaf51dd5ca7","2025-03-29 17:13:07","a2bec9ef-28a6-41cb-937b-adaf51dd5ca7","2025-03-29 17:13:07",1
"Sieges -- Fiction","a2bec9ef-28a6-41cb-937b-adaf51dd5ca7","2025-03-29 17:13:07","a2bec9ef-28a6-41cb-937b-adaf51dd5ca7","2025-03-29 17:13:07",1
"Cours et courtisans -- Romans, nouvelles, etc","a2bec9ef-28a6-41cb-937b-adaf51dd5ca7","2025-03-29 17:13:07","a2bec9ef-28a6-41cb-937b-adaf51dd5ca7","2025-03-29 17:13:07",1
"Sièges (Histoire) -- Romans, nouvelles, etc","a2bec9ef-28a6-41cb-937b-adaf51dd5ca7","2025-03-29 17:13:07","a2bec9ef-28a6-41cb-937b-adaf51dd5ca7","2025-03-29 17:13:07",1
"Lieux imaginaires -- Romans, nouvelles, etc","a2bec9ef-28a6-41cb-937b-adaf51dd5ca7","2025-03-29 17:13:07","a2bec9ef-28a6-41cb-937b-adaf51dd5ca7","2025-03-29 17:13:07",1
"Imagination & Play","a2bec9ef-28a6-41cb-937b-adaf51dd5ca7","2025-03-29 17:13:07","a2bec9ef-28a6-41cb-937b-adaf51dd5ca7","2025-03-29 17:13:07",1
"coloring books","a2bec9ef-28a6-41cb-937b-adaf51dd5ca7","2025-03-29 17:13:07","a2bec9ef-28a6-41cb-937b-adaf51dd5ca7","2025-03-29 17:13:07",1
"cuentos infantiles ingleses","a2bec9ef-28a6-41cb-937b-adaf51dd5ca7","2025-03-29 17:13:07","a2bec9ef-28a6-41cb-937b-adaf51dd5ca7","2025-03-29 17:13:07",1
"curiosidad","a2bec9ef-28a6-41cb-937b-adaf51dd5ca7","2025-03-29 17:13:07","a2bec9ef-28a6-41cb-937b-adaf51dd5ca7","2025-03-29 17:13:07",1
"curiosidad en los niños","a2bec9ef-28a6-41cb-937b-adaf51dd5ca7","2025-03-29 17:13:07","a2bec9ef-28a6-41cb-937b-adaf51dd5ca7","2025-03-29 17:13:07",1
"fantasía","a2bec9ef-28a6-41cb-937b-adaf51dd5ca7","2025-03-29 17:13:07","a2bec9ef-28a6-41cb-937b-adaf51dd5ca7","2025-03-29 17:13:07",1
"ficción juvenil","a2bec9ef-28a6-41cb-937b-adaf51dd5ca7","2025-03-29 17:13:07","a2bec9ef-28a6-41cb-937b-adaf51dd5ca7","2025-03-29 17:13:07",1
"lugares imaginarios","a2bec9ef-28a6-41cb-937b-adaf51dd5ca7","2025-03-29 17:13:07","a2bec9ef-28a6-41cb-937b-adaf51dd5ca7","2025-03-29 17:13:07",1
"niñas","a2bec9ef-28a6-41cb-937b-adaf51dd5ca7","2025-03-29 17:13:07","a2bec9ef-28a6-41cb-937b-adaf51dd5ca7","2025-03-29 17:13:07",1
"novela","a2bec9ef-28a6-41cb-937b-adaf51dd5ca7","2025-03-29 17:13:07","a2bec9ef-28a6-41cb-937b-adaf51dd5ca7","2025-03-29 17:13:07",1
"novela fantástica","a2bec9ef-28a6-41cb-937b-adaf51dd5ca7","2025-03-29 17:13:07","a2bec9ef-28a6-41cb-937b-adaf51dd5ca7","2025-03-29 17:13:07",1
"novela juvenil","a2bec9ef-28a6-41cb-937b-adaf51dd5ca7","2025-03-29 17:13:07","a2bec9ef-28a6-41cb-937b-adaf51dd5ca7","2025-03-29 17:13:07",1
"open library staff picks","a2bec9ef-28a6-41cb-937b-adaf51dd5ca7","2025-03-29 17:13:07","a2bec9ef-28a6-41cb-937b-adaf51dd5ca7","2025-03-29 17:13:07",1
"Fantastique","a2bec9ef-28a6-41cb-937b-adaf51dd5ca7","2025-03-29 17:13:07","a2bec9ef-28a6-41cb-937b-adaf51dd5ca7","2025-03-29 17:13:07",1
"Affirmation de soi","a2bec9ef-28a6-41cb-937b-adaf51dd5ca7","2025-03-29 17:13:07","a2bec9ef-28a6-41cb-937b-adaf51dd5ca7","2025-03-29 17:13:07",1
"Alicia (Personaje literario : Carroll)","a2bec9ef-28a6-41cb-937b-adaf51dd5ca7","2025-03-29 17:13:07","a2bec9ef-28a6-41cb-937b-adaf51dd5ca7","2025-03-29 17:13:07",1
"nyt:chapter-books=2010-02-21","a2bec9ef-28a6-41cb-937b-adaf51dd5ca7","2025-03-29 17:13:07","a2bec9ef-28a6-41cb-937b-adaf51dd5ca7","2025-03-29 17:13:07",1
"Literatura infanto-juvenil","a2bec9ef-28a6-41cb-937b-adaf51dd5ca7","2025-03-29 17:13:07","a2bec9ef-28a6-41cb-937b-adaf51dd5ca7","2025-03-29 17:13:07",1
"Children, books and reading","a2bec9ef-28a6-41cb-937b-adaf51dd5ca7","2025-03-29 17:13:07","a2bec9ef-28a6-41cb-937b-adaf51dd5ca7","2025-03-29 17:13:07",1
"Crocheting","a2bec9ef-28a6-41cb-937b-adaf51dd5ca7","2025-03-29 17:13:07","a2bec9ef-28a6-41cb-937b-adaf51dd5ca7","2025-03-29 17:13:07",1
"Textbooks for foreign speakers","a2bec9ef-28a6-41cb-937b-adaf51dd5ca7","2025-03-29 17:13:07","a2bec9ef-28a6-41cb-937b-adaf51dd5ca7","2025-03-29 17:13:07",1
"CUENTO INFANTIL INGLES","a2bec9ef-28a6-41cb-937b-adaf51dd5ca7","2025-03-29 17:13:07","a2bec9ef-28a6-41cb-937b-adaf51dd5ca7","2025-03-29 17:13:07",1
"Irish literature","a2bec9ef-28a6-41cb-937b-adaf51dd5ca7","2025-03-29 17:13:07","a2bec9ef-28a6-41cb-937b-adaf51dd5ca7","2025-03-29 17:13:07",1
"Swahili language","a2bec9ef-28a6-41cb-937b-adaf51dd5ca7","2025-03-29 17:13:07","a2bec9ef-28a6-41cb-937b-adaf51dd5ca7","2025-03-29 17:13:07",1
"Ficc ʹa o (ge nero)","a2bec9ef-28a6-41cb-937b-adaf51dd5ca7","2025-03-29 17:13:07","a2bec9ef-28a6-41cb-937b-adaf51dd5ca7","2025-03-29 17:13:07",1
"Shi jie wen xue","a2bec9ef-28a6-41cb-937b-adaf51dd5ca7","2025-03-29 17:13:07","a2bec9ef-28a6-41cb-937b-adaf51dd5ca7","2025-03-29 17:13:07",1
"Xiao shuo","a2bec9ef-28a6-41cb-937b-adaf51dd5ca7","2025-03-29 17:13:07","a2bec9ef-28a6-41cb-937b-adaf51dd5ca7","2025-03-29 17:13:07",1
"Fantasi a","a2bec9ef-28a6-41cb-937b-adaf51dd5ca7","2025-03-29 17:13:07","a2bec9ef-28a6-41cb-937b-adaf51dd5ca7","2025-03-29 17:13:07",1
"Shao er du wu","a2bec9ef-28a6-41cb-937b-adaf51dd5ca7","2025-03-29 17:13:07","a2bec9ef-28a6-41cb-937b-adaf51dd5ca7","2025-03-29 17:13:07",1
"Pin yin du wu","a2bec9ef-28a6-41cb-937b-adaf51dd5ca7","2025-03-29 17:13:07","a2bec9ef-28a6-41cb-937b-adaf51dd5ca7","2025-03-29 17:13:07",1
"Ying yu","a2bec9ef-28a6-41cb-937b-adaf51dd5ca7","2025-03-29 17:13:07","a2bec9ef-28a6-41cb-937b-adaf51dd5ca7","2025-03-29 17:13:07",1
"Yu yan du wu","a2bec9ef-28a6-41cb-937b-adaf51dd5ca7","2025-03-29 17:13:07","a2bec9ef-28a6-41cb-937b-adaf51dd5ca7","2025-03-29 17:13:07",1
"Illusion (Philosophy)","a2bec9ef-28a6-41cb-937b-adaf51dd5ca7","2025-03-29 17:13:07","a2bec9ef-28a6-41cb-937b-adaf51dd5ca7","2025-03-29 17:13:07",1
"Innocence (Psychology)","a2bec9ef-28a6-41cb-937b-adaf51dd5ca7","2025-03-29 17:13:07","a2bec9ef-28a6-41cb-937b-adaf51dd5ca7","2025-03-29 17:13:07",1
"Courts","a2bec9ef-28a6-41cb-937b-adaf51dd5ca7","2025-03-29 17:13:07","a2bec9ef-28a6-41cb-937b-adaf51dd5ca7","2025-03-29 17:13:07",1
"Curiosité","a2bec9ef-28a6-41cb-937b-adaf51dd5ca7","2025-03-29 17:13:07","a2bec9ef-28a6-41cb-937b-adaf51dd5ca7","2025-03-29 17:13:07",1
"Humour pour la jeunesse","a2bec9ef-28a6-41cb-937b-adaf51dd5ca7","2025-03-29 17:13:07","a2bec9ef-28a6-41cb-937b-adaf51dd5ca7","2025-03-29 17:13:07",1
"Lieux imaginaires","a2bec9ef-28a6-41cb-937b-adaf51dd5ca7","2025-03-29 17:13:07","a2bec9ef-28a6-41cb-937b-adaf51dd5ca7","2025-03-29 17:13:07",1
"Illusion (Philosophie)","a2bec9ef-28a6-41cb-937b-adaf51dd5ca7","2025-03-29 17:13:07","a2bec9ef-28a6-41cb-937b-adaf51dd5ca7","2025-03-29 17:13:07",1
"Rêves","a2bec9ef-28a6-41cb-937b-adaf51dd5ca7","2025-03-29 17:13:07","a2bec9ef-28a6-41cb-937b-adaf51dd5ca7","2025-03-29 17:13:07",1
"Cartes à jouer","a2bec9ef-28a6-41cb-937b-adaf51dd5ca7","2025-03-29 17:13:07","a2bec9ef-28a6-41cb-937b-adaf51dd5ca7","2025-03-29 17:13:07",1
"Croquet (Jeu)","a2bec9ef-28a6-41cb-937b-adaf51dd5ca7","2025-03-29 17:13:07","a2bec9ef-28a6-41cb-937b-adaf51dd5ca7","2025-03-29 17:13:07",1
"Vol (Droit)","a2bec9ef-28a6-41cb-937b-adaf51dd5ca7","2025-03-29 17:13:07","a2bec9ef-28a6-41cb-937b-adaf51dd5ca7","2025-03-29 17:13:07",1
"Tribunaux","a2bec9ef-28a6-41cb-937b-adaf51dd5ca7","2025-03-29 17:13:07","a2bec9ef-28a6-41cb-937b-adaf51dd5ca7","2025-03-29 17:13:07",1
"Histoires pour enfants anglaises","a2bec9ef-28a6-41cb-937b-adaf51dd5ca7","2025-03-29 17:13:07","a2bec9ef-28a6-41cb-937b-adaf51dd5ca7","2025-03-29 17:13:07",1
"Contes de fées","a2bec9ef-28a6-41cb-937b-adaf51dd5ca7","2025-03-29 17:13:07","a2bec9ef-28a6-41cb-937b-adaf51dd5ca7","2025-03-29 17:13:07",1
"Translations into Ladino","a2bec9ef-28a6-41cb-937b-adaf51dd5ca7","2025-03-29 17:13:07","a2bec9ef-28a6-41cb-937b-adaf51dd5ca7","2025-03-29 17:13:07",1
"Nonsense literature","a2bec9ef-28a6-41cb-937b-adaf51dd5ca7","2025-03-29 17:13:07","a2bec9ef-28a6-41cb-937b-adaf51dd5ca7","2025-03-29 17:13:07",1
"Dinosaurier","a2bec9ef-28a6-41cb-937b-adaf51dd5ca7","2025-03-29 17:13:07","a2bec9ef-28a6-41cb-937b-adaf51dd5ca7","2025-03-29 17:13:07",1
"Utdöda djur","a2bec9ef-28a6-41cb-937b-adaf51dd5ca7","2025-03-29 17:13:07","a2bec9ef-28a6-41cb-937b-adaf51dd5ca7","2025-03-29 17:13:07",1
"Urtidsdjur","a2bec9ef-28a6-41cb-937b-adaf51dd5ca7","2025-03-29 17:13:07","a2bec9ef-28a6-41cb-937b-adaf51dd5ca7","2025-03-29 17:13:07",1
"Forntiden","a2bec9ef-28a6-41cb-937b-adaf51dd5ca7","2025-03-29 17:13:07","a2bec9ef-28a6-41cb-937b-adaf51dd5ca7","2025-03-29 17:13:07",1
"Geologi","a2bec9ef-28a6-41cb-937b-adaf51dd5ca7","2025-03-29 17:13:07","a2bec9ef-28a6-41cb-937b-adaf51dd5ca7","2025-03-29 17:13:07",1
"Jorden","a2bec9ef-28a6-41cb-937b-adaf51dd5ca7","2025-03-29 17:13:07","a2bec9ef-28a6-41cb-937b-adaf51dd5ca7","2025-03-29 17:13:07",1
"Fantastiske fortællinger","a2bec9ef-28a6-41cb-937b-adaf51dd5ca7","2025-03-29 17:13:07","a2bec9ef-28a6-41cb-937b-adaf51dd5ca7","2025-03-29 17:13:07",1
"Alice in Wonderland;","a2bec9ef-28a6-41cb-937b-adaf51dd5ca7","2025-03-29 17:13:07","a2bec9ef-28a6-41cb-937b-adaf51dd5ca7","2025-03-29 17:13:07",1
"North","a2bec9ef-28a6-41cb-937b-adaf51dd5ca7","2025-03-29 17:13:07","a2bec9ef-28a6-41cb-937b-adaf51dd5ca7","2025-03-29 17:13:07",1
"Rural-urban migration","a2bec9ef-28a6-41cb-937b-adaf51dd5ca7","2025-03-29 17:13:07","a2bec9ef-28a6-41cb-937b-adaf51dd5ca7","2025-03-29 17:13:07",1
"award:hugo_award=1970","a2bec9ef-28a6-41cb-937b-adaf51dd5ca7","2025-03-29 17:13:07","a2bec9ef-28a6-41cb-937b-adaf51dd5ca7","2025-03-29 17:13:07",1
"human nature","a2bec9ef-28a6-41cb-937b-adaf51dd5ca7","2025-03-29 17:13:07","a2bec9ef-28a6-41cb-937b-adaf51dd5ca7","2025-03-29 17:13:07",1
"gender","a2bec9ef-28a6-41cb-937b-adaf51dd5ca7","2025-03-29 17:13:07","a2bec9ef-28a6-41cb-937b-adaf51dd5ca7","2025-03-29 17:13:07",1
"space travel","a2bec9ef-28a6-41cb-937b-adaf51dd5ca7","2025-03-29 17:13:07","a2bec9ef-28a6-41cb-937b-adaf51dd5ca7","2025-03-29 17:13:07",1
"ice age","a2bec9ef-28a6-41cb-937b-adaf51dd5ca7","2025-03-29 17:13:07","a2bec9ef-28a6-41cb-937b-adaf51dd5ca7","2025-03-29 17:13:07",1
"LGBTQ gender identity","a2bec9ef-28a6-41cb-937b-adaf51dd5ca7","2025-03-29 17:13:07","a2bec9ef-28a6-41cb-937b-adaf51dd5ca7","2025-03-29 17:13:07",1
"collection:otherwise_tiptree_award=winner","a2bec9ef-28a6-41cb-937b-adaf51dd5ca7","2025-03-29 17:13:07","a2bec9ef-28a6-41cb-937b-adaf51dd5ca7","2025-03-29 17:13:07",1
"Extraterrestrial anthropology","a2bec9ef-28a6-41cb-937b-adaf51dd5ca7","2025-03-29 17:13:07","a2bec9ef-28a6-41cb-937b-adaf51dd5ca7","2025-03-29 17:13:07",1
"Fiction, Romance, Historical, Regency","a2bec9ef-28a6-41cb-937b-adaf51dd5ca7","2025-03-29 17:13:07","a2bec9ef-28a6-41cb-937b-adaf51dd5ca7","2025-03-29 17:13:07",1
"Family relations","a2bec9ef-28a6-41cb-937b-adaf51dd5ca7","2025-03-29 17:13:07","a2bec9ef-28a6-41cb-937b-adaf51dd5ca7","2025-03-29 17:13:07",1
"love stories","a2bec9ef-28a6-41cb-937b-adaf51dd5ca7","2025-03-29 17:13:07","a2bec9ef-28a6-41cb-937b-adaf51dd5ca7","2025-03-29 17:13:07",1
"Upper class","a2bec9ef-28a6-41cb-937b-adaf51dd5ca7","2025-03-29 17:13:07","a2bec9ef-28a6-41cb-937b-adaf51dd5ca7","2025-03-29 17:13:07",1
"wealth","a2bec9ef-28a6-41cb-937b-adaf51dd5ca7","2025-03-29 17:13:07","a2bec9ef-28a6-41cb-937b-adaf51dd5ca7","2025-03-29 17:13:07",1
"Women in England","a2bec9ef-28a6-41cb-937b-adaf51dd5ca7","2025-03-29 17:13:07","a2bec9ef-28a6-41cb-937b-adaf51dd5ca7","2025-03-29 17:13:07",1
"young ladies","a2bec9ef-28a6-41cb-937b-adaf51dd5ca7","2025-03-29 17:13:07","a2bec9ef-28a6-41cb-937b-adaf51dd5ca7","2025-03-29 17:13:07",1
"entail","a2bec9ef-28a6-41cb-937b-adaf51dd5ca7","2025-03-29 17:13:07","a2bec9ef-28a6-41cb-937b-adaf51dd5ca7","2025-03-29 17:13:07",1
"Mœurs et coutumes'","a2bec9ef-28a6-41cb-937b-adaf51dd5ca7","2025-03-29 17:13:07","a2bec9ef-28a6-41cb-937b-adaf51dd5ca7","2025-03-29 17:13:07",1
"Cortejo amoroso","a2bec9ef-28a6-41cb-937b-adaf51dd5ca7","2025-03-29 17:13:07","a2bec9ef-28a6-41cb-937b-adaf51dd5ca7","2025-03-29 17:13:07",1
"Cuentos de amor","a2bec9ef-28a6-41cb-937b-adaf51dd5ca7","2025-03-29 17:13:07","a2bec9ef-28a6-41cb-937b-adaf51dd5ca7","2025-03-29 17:13:07",1
"Women, fiction","a2bec9ef-28a6-41cb-937b-adaf51dd5ca7","2025-03-29 17:13:07","a2bec9ef-28a6-41cb-937b-adaf51dd5ca7","2025-03-29 17:13:07",1
"Gentry","a2bec9ef-28a6-41cb-937b-adaf51dd5ca7","2025-03-29 17:13:07","a2bec9ef-28a6-41cb-937b-adaf51dd5ca7","2025-03-29 17:13:07",1
"Mate selection","a2bec9ef-28a6-41cb-937b-adaf51dd5ca7","2025-03-29 17:13:07","a2bec9ef-28a6-41cb-937b-adaf51dd5ca7","2025-03-29 17:13:07",1
"English literature (collections)","a2bec9ef-28a6-41cb-937b-adaf51dd5ca7","2025-03-29 17:13:07","a2bec9ef-28a6-41cb-937b-adaf51dd5ca7","2025-03-29 17:13:07",1
"Language and languages, study and teaching","a2bec9ef-28a6-41cb-937b-adaf51dd5ca7","2025-03-29 17:13:07","a2bec9ef-28a6-41cb-937b-adaf51dd5ca7","2025-03-29 17:13:07",1
"Emoticons","a2bec9ef-28a6-41cb-937b-adaf51dd5ca7","2025-03-29 17:13:07","a2bec9ef-28a6-41cb-937b-adaf51dd5ca7","2025-03-29 17:13:07",1
"Feelings","a2bec9ef-28a6-41cb-937b-adaf51dd5ca7","2025-03-29 17:13:07","a2bec9ef-28a6-41cb-937b-adaf51dd5ca7","2025-03-29 17:13:07",1
"Class","a2bec9ef-28a6-41cb-937b-adaf51dd5ca7","2025-03-29 17:13:07","a2bec9ef-28a6-41cb-937b-adaf51dd5ca7","2025-03-29 17:13:07",1
"Englisch","a2bec9ef-28a6-41cb-937b-adaf51dd5ca7","2025-03-29 17:13:07","a2bec9ef-28a6-41cb-937b-adaf51dd5ca7","2025-03-29 17:13:07",1
"Sociala klasser i litteraturen","a2bec9ef-28a6-41cb-937b-adaf51dd5ca7","2025-03-29 17:13:07","a2bec9ef-28a6-41cb-937b-adaf51dd5ca7","2025-03-29 17:13:07",1
"Great britain","a2bec9ef-28a6-41cb-937b-adaf51dd5ca7","2025-03-29 17:13:07","a2bec9ef-28a6-41cb-937b-adaf51dd5ca7","2025-03-29 17:13:07",1
"Reading level-grade 9","a2bec9ef-28a6-41cb-937b-adaf51dd5ca7","2025-03-29 17:13:07","a2bec9ef-28a6-41cb-937b-adaf51dd5ca7","2025-03-29 17:13:07",1
"Reading level-grade 11","a2bec9ef-28a6-41cb-937b-adaf51dd5ca7","2025-03-29 17:13:07","a2bec9ef-28a6-41cb-937b-adaf51dd5ca7","2025-03-29 17:13:07",1
"Reading level-grade 10","a2bec9ef-28a6-41cb-937b-adaf51dd5ca7","2025-03-29 17:13:07","a2bec9ef-28a6-41cb-937b-adaf51dd5ca7","2025-03-29 17:13:07",1
"Reading level-grade 12","a2bec9ef-28a6-41cb-937b-adaf51dd5ca7","2025-03-29 17:13:07","a2bec9ef-28a6-41cb-937b-adaf51dd5ca7","2025-03-29 17:13:07",1
"Fiction, romance, historical","a2bec9ef-28a6-41cb-937b-adaf51dd5ca7","2025-03-29 17:13:07","a2bec9ef-28a6-41cb-937b-adaf51dd5ca7","2025-03-29 17:13:07",1
"Austen, jane, 1775-1817","a2bec9ef-28a6-41cb-937b-adaf51dd5ca7","2025-03-29 17:13:07","a2bec9ef-28a6-41cb-937b-adaf51dd5ca7","2025-03-29 17:13:07",1
"Художественная литература -- Великобритания -- Английская литература -- 1-ая пол. 19 в. -- Романы","a2bec9ef-28a6-41cb-937b-adaf51dd5ca7","2025-03-29 17:13:07","a2bec9ef-28a6-41cb-937b-adaf51dd5ca7","2025-03-29 17:13:07",1
"Habit","a2bec9ef-28a6-41cb-937b-adaf51dd5ca7","2025-03-29 17:13:07","a2bec9ef-28a6-41cb-937b-adaf51dd5ca7","2025-03-29 17:13:07",1
"Habit breaking","a2bec9ef-28a6-41cb-937b-adaf51dd5ca7","2025-03-29 17:13:07","a2bec9ef-28a6-41cb-937b-adaf51dd5ca7","2025-03-29 17:13:07",1
"BUSINESS & ECONOMICS / Organizational Behavior","a2bec9ef-28a6-41cb-937b-adaf51dd5ca7","2025-03-29 17:13:07","a2bec9ef-28a6-41cb-937b-adaf51dd5ca7","2025-03-29 17:13:07",1
"PSYCHOLOGY / Social Psychology","a2bec9ef-28a6-41cb-937b-adaf51dd5ca7","2025-03-29 17:13:07","a2bec9ef-28a6-41cb-937b-adaf51dd5ca7","2025-03-29 17:13:07",1
"SELF-HELP / Personal Growth / General.","a2bec9ef-28a6-41cb-937b-adaf51dd5ca7","2025-03-29 17:13:07","a2bec9ef-28a6-41cb-937b-adaf51dd5ca7","2025-03-29 17:13:07",1
"Self-help / personal growth / general","a2bec9ef-28a6-41cb-937b-adaf51dd5ca7","2025-03-29 17:13:07","a2bec9ef-28a6-41cb-937b-adaf51dd5ca7","2025-03-29 17:13:07",1
"dichogamy","a2bec9ef-28a6-41cb-937b-adaf51dd5ca7","2025-03-29 17:13:07","a2bec9ef-28a6-41cb-937b-adaf51dd5ca7","2025-03-29 17:13:07",1
"corporate espionage","a2bec9ef-28a6-41cb-937b-adaf51dd5ca7","2025-03-29 17:13:07","a2bec9ef-28a6-41cb-937b-adaf51dd5ca7","2025-03-29 17:13:07",1
"cautionary tale","a2bec9ef-28a6-41cb-937b-adaf51dd5ca7","2025-03-29 17:13:07","a2bec9ef-28a6-41cb-937b-adaf51dd5ca7","2025-03-29 17:13:07",1
"amusement parks","a2bec9ef-28a6-41cb-937b-adaf51dd5ca7","2025-03-29 17:13:07","a2bec9ef-28a6-41cb-937b-adaf51dd5ca7","2025-03-29 17:13:07",1
"dinosaurs","a2bec9ef-28a6-41cb-937b-adaf51dd5ca7","2025-03-29 17:13:07","a2bec9ef-28a6-41cb-937b-adaf51dd5ca7","2025-03-29 17:13:07",1
"chaos theory","a2bec9ef-28a6-41cb-937b-adaf51dd5ca7","2025-03-29 17:13:07","a2bec9ef-28a6-41cb-937b-adaf51dd5ca7","2025-03-29 17:13:07",1
"Procompsognathus","a2bec9ef-28a6-41cb-937b-adaf51dd5ca7","2025-03-29 17:13:07","a2bec9ef-28a6-41cb-937b-adaf51dd5ca7","2025-03-29 17:13:07",1
"paleontologists","a2bec9ef-28a6-41cb-937b-adaf51dd5ca7","2025-03-29 17:13:07","a2bec9ef-28a6-41cb-937b-adaf51dd5ca7","2025-03-29 17:13:07",1
"paleobotanists","a2bec9ef-28a6-41cb-937b-adaf51dd5ca7","2025-03-29 17:13:07","a2bec9ef-28a6-41cb-937b-adaf51dd5ca7","2025-03-29 17:13:07",1
"theme parks","a2bec9ef-28a6-41cb-937b-adaf51dd5ca7","2025-03-29 17:13:07","a2bec9ef-28a6-41cb-937b-adaf51dd5ca7","2025-03-29 17:13:07",1
"cloning","a2bec9ef-28a6-41cb-937b-adaf51dd5ca7","2025-03-29 17:13:07","a2bec9ef-28a6-41cb-937b-adaf51dd5ca7","2025-03-29 17:13:07",1
"ancient DNA","a2bec9ef-28a6-41cb-937b-adaf51dd5ca7","2025-03-29 17:13:07","a2bec9ef-28a6-41cb-937b-adaf51dd5ca7","2025-03-29 17:13:07",1
"lysine","a2bec9ef-28a6-41cb-937b-adaf51dd5ca7","2025-03-29 17:13:07","a2bec9ef-28a6-41cb-937b-adaf51dd5ca7","2025-03-29 17:13:07",1
"auxotrophy","a2bec9ef-28a6-41cb-937b-adaf51dd5ca7","2025-03-29 17:13:07","a2bec9ef-28a6-41cb-937b-adaf51dd5ca7","2025-03-29 17:13:07",1
"chaos theorists","a2bec9ef-28a6-41cb-937b-adaf51dd5ca7","2025-03-29 17:13:07","a2bec9ef-28a6-41cb-937b-adaf51dd5ca7","2025-03-29 17:13:07",1
"complex systems","a2bec9ef-28a6-41cb-937b-adaf51dd5ca7","2025-03-29 17:13:07","a2bec9ef-28a6-41cb-937b-adaf51dd5ca7","2025-03-29 17:13:07",1
"velociraptors","a2bec9ef-28a6-41cb-937b-adaf51dd5ca7","2025-03-29 17:13:07","a2bec9ef-28a6-41cb-937b-adaf51dd5ca7","2025-03-29 17:13:07",1
"backdoor","a2bec9ef-28a6-41cb-937b-adaf51dd5ca7","2025-03-29 17:13:07","a2bec9ef-28a6-41cb-937b-adaf51dd5ca7","2025-03-29 17:13:07",1
"Tyrannosaurus","a2bec9ef-28a6-41cb-937b-adaf51dd5ca7","2025-03-29 17:13:07","a2bec9ef-28a6-41cb-937b-adaf51dd5ca7","2025-03-29 17:13:07",1
"biotechnologists","a2bec9ef-28a6-41cb-937b-adaf51dd5ca7","2025-03-29 17:13:07","a2bec9ef-28a6-41cb-937b-adaf51dd5ca7","2025-03-29 17:13:07",1
"napalm","a2bec9ef-28a6-41cb-937b-adaf51dd5ca7","2025-03-29 17:13:07","a2bec9ef-28a6-41cb-937b-adaf51dd5ca7","2025-03-29 17:13:07",1
"Clones and cloning","a2bec9ef-28a6-41cb-937b-adaf51dd5ca7","2025-03-29 17:13:07","a2bec9ef-28a6-41cb-937b-adaf51dd5ca7","2025-03-29 17:13:07",1
"Fiction, technological","a2bec9ef-28a6-41cb-937b-adaf51dd5ca7","2025-03-29 17:13:07","a2bec9ef-28a6-41cb-937b-adaf51dd5ca7","2025-03-29 17:13:07",1
"Jurassic park (imaginary place), fiction","a2bec9ef-28a6-41cb-937b-adaf51dd5ca7","2025-03-29 17:13:07","a2bec9ef-28a6-41cb-937b-adaf51dd5ca7","2025-03-29 17:13:07",1
"Malcolm, ian (fictitious character), fiction","a2bec9ef-28a6-41cb-937b-adaf51dd5ca7","2025-03-29 17:13:07","a2bec9ef-28a6-41cb-937b-adaf51dd5ca7","2025-03-29 17:13:07",1
"Dinosaurs, fiction","a2bec9ef-28a6-41cb-937b-adaf51dd5ca7","2025-03-29 17:13:07","a2bec9ef-28a6-41cb-937b-adaf51dd5ca7","2025-03-29 17:13:07",1
"Fiction, thrillers, technological","a2bec9ef-28a6-41cb-937b-adaf51dd5ca7","2025-03-29 17:13:07","a2bec9ef-28a6-41cb-937b-adaf51dd5ca7","2025-03-29 17:13:07",1
"Dinosaurios","a2bec9ef-28a6-41cb-937b-adaf51dd5ca7","2025-03-29 17:13:07","a2bec9ef-28a6-41cb-937b-adaf51dd5ca7","2025-03-29 17:13:07",1
"Parques de diversiones","a2bec9ef-28a6-41cb-937b-adaf51dd5ca7","2025-03-29 17:13:07","a2bec9ef-28a6-41cb-937b-adaf51dd5ca7","2025-03-29 17:13:07",1
"Animal genetic engineering","a2bec9ef-28a6-41cb-937b-adaf51dd5ca7","2025-03-29 17:13:07","a2bec9ef-28a6-41cb-937b-adaf51dd5ca7","2025-03-29 17:13:07",1
"Thrillers (Fiction)","a2bec9ef-28a6-41cb-937b-adaf51dd5ca7","2025-03-29 17:13:07","a2bec9ef-28a6-41cb-937b-adaf51dd5ca7","2025-03-29 17:13:07",1
"Amusement parks, fiction","a2bec9ef-28a6-41cb-937b-adaf51dd5ca7","2025-03-29 17:13:07","a2bec9ef-28a6-41cb-937b-adaf51dd5ca7","2025-03-29 17:13:07",1
"Scientists, fiction","a2bec9ef-28a6-41cb-937b-adaf51dd5ca7","2025-03-29 17:13:07","a2bec9ef-28a6-41cb-937b-adaf51dd5ca7","2025-03-29 17:13:07",1
"Novela de misterio","a2bec9ef-28a6-41cb-937b-adaf51dd5ca7","2025-03-29 17:13:07","a2bec9ef-28a6-41cb-937b-adaf51dd5ca7","2025-03-29 17:13:07",1
"Monasticismo y vida religiosa","a2bec9ef-28a6-41cb-937b-adaf51dd5ca7","2025-03-29 17:13:07","a2bec9ef-28a6-41cb-937b-adaf51dd5ca7","2025-03-29 17:13:07",1
"Bibliotecas monásticas","a2bec9ef-28a6-41cb-937b-adaf51dd5ca7","2025-03-29 17:13:07","a2bec9ef-28a6-41cb-937b-adaf51dd5ca7","2025-03-29 17:13:07",1
"Monastic and religious life","a2bec9ef-28a6-41cb-937b-adaf51dd5ca7","2025-03-29 17:13:07","a2bec9ef-28a6-41cb-937b-adaf51dd5ca7","2025-03-29 17:13:07",1
"Church history","a2bec9ef-28a6-41cb-937b-adaf51dd5ca7","2025-03-29 17:13:07","a2bec9ef-28a6-41cb-937b-adaf51dd5ca7","2025-03-29 17:13:07",1
"Historia eclesiástica","a2bec9ef-28a6-41cb-937b-adaf51dd5ca7","2025-03-29 17:13:07","a2bec9ef-28a6-41cb-937b-adaf51dd5ca7","2025-03-29 17:13:07",1
"Monastic libraries","a2bec9ef-28a6-41cb-937b-adaf51dd5ca7","2025-03-29 17:13:07","a2bec9ef-28a6-41cb-937b-adaf51dd5ca7","2025-03-29 17:13:07",1
"Medieval Libraries","a2bec9ef-28a6-41cb-937b-adaf51dd5ca7","2025-03-29 17:13:07","a2bec9ef-28a6-41cb-937b-adaf51dd5ca7","2025-03-29 17:13:07",1
"Monasticism and religious orders","a2bec9ef-28a6-41cb-937b-adaf51dd5ca7","2025-03-29 17:13:07","a2bec9ef-28a6-41cb-937b-adaf51dd5ca7","2025-03-29 17:13:07",1
"Semiotics","a2bec9ef-28a6-41cb-937b-adaf51dd5ca7","2025-03-29 17:13:07","a2bec9ef-28a6-41cb-937b-adaf51dd5ca7","2025-03-29 17:13:07",1
"Hermetism","a2bec9ef-28a6-41cb-937b-adaf51dd5ca7","2025-03-29 17:13:07","a2bec9ef-28a6-41cb-937b-adaf51dd5ca7","2025-03-29 17:13:07",1
"Italian fiction","a2bec9ef-28a6-41cb-937b-adaf51dd5ca7","2025-03-29 17:13:07","a2bec9ef-28a6-41cb-937b-adaf51dd5ca7","2025-03-29 17:13:07",1
"William of Baskerville (Fictitious character)","a2bec9ef-28a6-41cb-937b-adaf51dd5ca7","2025-03-29 17:13:07","a2bec9ef-28a6-41cb-937b-adaf51dd5ca7","2025-03-29 17:13:07",1
"Sémiotique","a2bec9ef-28a6-41cb-937b-adaf51dd5ca7","2025-03-29 17:13:07","a2bec9ef-28a6-41cb-937b-adaf51dd5ca7","2025-03-29 17:13:07",1
"William, of baskerville (fictitious character), fiction","a2bec9ef-28a6-41cb-937b-adaf51dd5ca7","2025-03-29 17:13:07","a2bec9ef-28a6-41cb-937b-adaf51dd5ca7","2025-03-29 17:13:07",1
"Kriminalfall","a2bec9ef-28a6-41cb-937b-adaf51dd5ca7","2025-03-29 17:13:07","a2bec9ef-28a6-41cb-937b-adaf51dd5ca7","2025-03-29 17:13:07",1
"Benediktinerkloster","a2bec9ef-28a6-41cb-937b-adaf51dd5ca7","2025-03-29 17:13:07","a2bec9ef-28a6-41cb-937b-adaf51dd5ca7","2025-03-29 17:13:07",1
"Nome della rosa (Eco, Umberto)","a2bec9ef-28a6-41cb-937b-adaf51dd5ca7","2025-03-29 17:13:07","a2bec9ef-28a6-41cb-937b-adaf51dd5ca7","2025-03-29 17:13:07",1
"Monks","a2bec9ef-28a6-41cb-937b-adaf51dd5ca7","2025-03-29 17:13:07","a2bec9ef-28a6-41cb-937b-adaf51dd5ca7","2025-03-29 17:13:07",1
"Monasticismo y órdenes religiosas","a2bec9ef-28a6-41cb-937b-adaf51dd5ca7","2025-03-29 17:13:07","a2bec9ef-28a6-41cb-937b-adaf51dd5ca7","2025-03-29 17:13:07",1
"Powieść włoska","a2bec9ef-28a6-41cb-937b-adaf51dd5ca7","2025-03-29 17:13:07","a2bec9ef-28a6-41cb-937b-adaf51dd5ca7","2025-03-29 17:13:07",1
"Millennialism","a2bec9ef-28a6-41cb-937b-adaf51dd5ca7","2025-03-29 17:13:07","a2bec9ef-28a6-41cb-937b-adaf51dd5ca7","2025-03-29 17:13:07",1
"Hand-to-hand fighting","a2bec9ef-28a6-41cb-937b-adaf51dd5ca7","2025-03-29 17:13:07","a2bec9ef-28a6-41cb-937b-adaf51dd5ca7","2025-03-29 17:13:07",1
"Boxing","a2bec9ef-28a6-41cb-937b-adaf51dd5ca7","2025-03-29 17:13:07","a2bec9ef-28a6-41cb-937b-adaf51dd5ca7","2025-03-29 17:13:07",1
"Aggressiveness","a2bec9ef-28a6-41cb-937b-adaf51dd5ca7","2025-03-29 17:13:07","a2bec9ef-28a6-41cb-937b-adaf51dd5ca7","2025-03-29 17:13:07",1
"United states, fiction","a2bec9ef-28a6-41cb-937b-adaf51dd5ca7","2025-03-29 17:13:07","a2bec9ef-28a6-41cb-937b-adaf51dd5ca7","2025-03-29 17:13:07",1
"Milenarismo","a2bec9ef-28a6-41cb-937b-adaf51dd5ca7","2025-03-29 17:13:07","a2bec9ef-28a6-41cb-937b-adaf51dd5ca7","2025-03-29 17:13:07",1
"Hombres jóvenes","a2bec9ef-28a6-41cb-937b-adaf51dd5ca7","2025-03-29 17:13:07","a2bec9ef-28a6-41cb-937b-adaf51dd5ca7","2025-03-29 17:13:07",1
"Millénarisme","a2bec9ef-28a6-41cb-937b-adaf51dd5ca7","2025-03-29 17:13:07","a2bec9ef-28a6-41cb-937b-adaf51dd5ca7","2025-03-29 17:13:07",1
"Jeunes hommes","a2bec9ef-28a6-41cb-937b-adaf51dd5ca7","2025-03-29 17:13:07","a2bec9ef-28a6-41cb-937b-adaf51dd5ca7","2025-03-29 17:13:07",1
"Apocalyptic fantasies","a2bec9ef-28a6-41cb-937b-adaf51dd5ca7","2025-03-29 17:13:07","a2bec9ef-28a6-41cb-937b-adaf51dd5ca7","2025-03-29 17:13:07",1
"Politics and government","a2bec9ef-28a6-41cb-937b-adaf51dd5ca7","2025-03-29 17:13:07","a2bec9ef-28a6-41cb-937b-adaf51dd5ca7","2025-03-29 17:13:07",1
"Anarchism","a2bec9ef-28a6-41cb-937b-adaf51dd5ca7","2025-03-29 17:13:07","a2bec9ef-28a6-41cb-937b-adaf51dd5ca7","2025-03-29 17:13:07",1
"Great Britain in fiction","a2bec9ef-28a6-41cb-937b-adaf51dd5ca7","2025-03-29 17:13:07","a2bec9ef-28a6-41cb-937b-adaf51dd5ca7","2025-03-29 17:13:07",1
"Totalitarianism in fiction","a2bec9ef-28a6-41cb-937b-adaf51dd5ca7","2025-03-29 17:13:07","a2bec9ef-28a6-41cb-937b-adaf51dd5ca7","2025-03-29 17:13:07",1
"Anarchism in fiction","a2bec9ef-28a6-41cb-937b-adaf51dd5ca7","2025-03-29 17:13:07","a2bec9ef-28a6-41cb-937b-adaf51dd5ca7","2025-03-29 17:13:07",1
"nyt:paperback-graphic-books=2009-03-29","a2bec9ef-28a6-41cb-937b-adaf51dd5ca7","2025-03-29 17:13:07","a2bec9ef-28a6-41cb-937b-adaf51dd5ca7","2025-03-29 17:13:07",1
"nyt:hardcover-graphic-books=2009-09-27","a2bec9ef-28a6-41cb-937b-adaf51dd5ca7","2025-03-29 17:13:07","a2bec9ef-28a6-41cb-937b-adaf51dd5ca7","2025-03-29 17:13:07",1
"Comics & graphic novels, dystopian","a2bec9ef-28a6-41cb-937b-adaf51dd5ca7","2025-03-29 17:13:07","a2bec9ef-28a6-41cb-937b-adaf51dd5ca7","2025-03-29 17:13:07",1
"Anarchism--fiction","a2bec9ef-28a6-41cb-937b-adaf51dd5ca7","2025-03-29 17:13:07","a2bec9ef-28a6-41cb-937b-adaf51dd5ca7","2025-03-29 17:13:07",1
"Vendetta","a2bec9ef-28a6-41cb-937b-adaf51dd5ca7","2025-03-29 17:13:07","a2bec9ef-28a6-41cb-937b-adaf51dd5ca7","2025-03-29 17:13:07",1
"Vendetta--england--comic books, strips, etc","a2bec9ef-28a6-41cb-937b-adaf51dd5ca7","2025-03-29 17:13:07","a2bec9ef-28a6-41cb-937b-adaf51dd5ca7","2025-03-29 17:13:07",1
"Anarchism--comic books, strips, etc","a2bec9ef-28a6-41cb-937b-adaf51dd5ca7","2025-03-29 17:13:07","a2bec9ef-28a6-41cb-937b-adaf51dd5ca7","2025-03-29 17:13:07",1
"Totalitarianism--comic books, strips, etc","a2bec9ef-28a6-41cb-937b-adaf51dd5ca7","2025-03-29 17:13:07","a2bec9ef-28a6-41cb-937b-adaf51dd5ca7","2025-03-29 17:13:07",1
"Basic reader","a2bec9ef-28a6-41cb-937b-adaf51dd5ca7","2025-03-29 17:13:07","a2bec9ef-28a6-41cb-937b-adaf51dd5ca7","2025-03-29 17:13:07",1
"Pn6737.m66 v2 2005","a2bec9ef-28a6-41cb-937b-adaf51dd5ca7","2025-03-29 17:13:07","a2bec9ef-28a6-41cb-937b-adaf51dd5ca7","2025-03-29 17:13:07",1
"741.5/941","a2bec9ef-28a6-41cb-937b-adaf51dd5ca7","2025-03-29 17:13:07","a2bec9ef-28a6-41cb-937b-adaf51dd5ca7","2025-03-29 17:13:07",1
"Series","a2bec9ef-28a6-41cb-937b-adaf51dd5ca7","2025-03-29 17:13:07","a2bec9ef-28a6-41cb-937b-adaf51dd5ca7","2025-03-29 17:13:07",1
"&#35;13","a2bec9ef-28a6-41cb-937b-adaf51dd5ca7","2025-03-29 17:13:07","a2bec9ef-28a6-41cb-937b-adaf51dd5ca7","2025-03-29 17:13:07",1
"British","a2bec9ef-28a6-41cb-937b-adaf51dd5ca7","2025-03-29 17:13:07","a2bec9ef-28a6-41cb-937b-adaf51dd5ca7","2025-03-29 17:13:07",1
"Serial murders","a2bec9ef-28a6-41cb-937b-adaf51dd5ca7","2025-03-29 17:13:07","a2bec9ef-28a6-41cb-937b-adaf51dd5ca7","2025-03-29 17:13:07",1
"Poirot, Hercule (Personaje literario), Inglaterra","a2bec9ef-28a6-41cb-937b-adaf51dd5ca7","2025-03-29 17:13:07","a2bec9ef-28a6-41cb-937b-adaf51dd5ca7","2025-03-29 17:13:07",1
"Asesinatos seriales","a2bec9ef-28a6-41cb-937b-adaf51dd5ca7","2025-03-29 17:13:07","a2bec9ef-28a6-41cb-937b-adaf51dd5ca7","2025-03-29 17:13:07",1
"Investigadores privados","a2bec9ef-28a6-41cb-937b-adaf51dd5ca7","2025-03-29 17:13:07","a2bec9ef-28a6-41cb-937b-adaf51dd5ca7","2025-03-29 17:13:07",1
"Belgians","a2bec9ef-28a6-41cb-937b-adaf51dd5ca7","2025-03-29 17:13:07","a2bec9ef-28a6-41cb-937b-adaf51dd5ca7","2025-03-29 17:13:07",1
"Zhen tan xiao shuo","a2bec9ef-28a6-41cb-937b-adaf51dd5ca7","2025-03-29 17:13:07","a2bec9ef-28a6-41cb-937b-adaf51dd5ca7","2025-03-29 17:13:07",1
"Gift books","a2bec9ef-28a6-41cb-937b-adaf51dd5ca7","2025-03-29 17:13:07","a2bec9ef-28a6-41cb-937b-adaf51dd5ca7","2025-03-29 17:13:07",1
"Филологические науки. Художественная литература -- Великобритания -- Английская литература -- с 1945 г. -- Произведения художественной литературы -- Художественная проза -- Романы. Повести. Рассказы -- Фантастические и мистические романы, повести, рассказы. Романы ужасов","a2bec9ef-28a6-41cb-937b-adaf51dd5ca7","2025-03-29 17:13:07","a2bec9ef-28a6-41cb-937b-adaf51dd5ca7","2025-03-29 17:13:07",1
"Baggins, frodo","a2bec9ef-28a6-41cb-937b-adaf51dd5ca7","2025-03-29 17:13:07","a2bec9ef-28a6-41cb-937b-adaf51dd5ca7","2025-03-29 17:13:07",1
"Middle earth (imaginary place)--fiction","a2bec9ef-28a6-41cb-937b-adaf51dd5ca7","2025-03-29 17:13:07","a2bec9ef-28a6-41cb-937b-adaf51dd5ca7","2025-03-29 17:13:07",1
"Fantasy fiction, english","a2bec9ef-28a6-41cb-937b-adaf51dd5ca7","2025-03-29 17:13:07","a2bec9ef-28a6-41cb-937b-adaf51dd5ca7","2025-03-29 17:13:07",1
"Pr6039.o32 l6 2005","a2bec9ef-28a6-41cb-937b-adaf51dd5ca7","2025-03-29 17:13:07","a2bec9ef-28a6-41cb-937b-adaf51dd5ca7","2025-03-29 17:13:07",1
"823/.912","a2bec9ef-28a6-41cb-937b-adaf51dd5ca7","2025-03-29 17:13:07","a2bec9ef-28a6-41cb-937b-adaf51dd5ca7","2025-03-29 17:13:07",1
"Spanish language books","a2bec9ef-28a6-41cb-937b-adaf51dd5ca7","2025-03-29 17:13:07","a2bec9ef-28a6-41cb-937b-adaf51dd5ca7","2025-03-29 17:13:07",1
"Pigeons","a2bec9ef-28a6-41cb-937b-adaf51dd5ca7","2025-03-29 17:13:07","a2bec9ef-28a6-41cb-937b-adaf51dd5ca7","2025-03-29 17:13:07",1
"Spanish language -- Juvenile fiction","a2bec9ef-28a6-41cb-937b-adaf51dd5ca7","2025-03-29 17:13:07","a2bec9ef-28a6-41cb-937b-adaf51dd5ca7","2025-03-29 17:13:07",1
"Bus drivers","a2bec9ef-28a6-41cb-937b-adaf51dd5ca7","2025-03-29 17:13:07","a2bec9ef-28a6-41cb-937b-adaf51dd5ca7","2025-03-29 17:13:07",1
"Pigeons, fiction","a2bec9ef-28a6-41cb-937b-adaf51dd5ca7","2025-03-29 17:13:07","a2bec9ef-28a6-41cb-937b-adaf51dd5ca7","2025-03-29 17:13:07",1
"Bus drivers, fiction","a2bec9ef-28a6-41cb-937b-adaf51dd5ca7","2025-03-29 17:13:07","a2bec9ef-28a6-41cb-937b-adaf51dd5ca7","2025-03-29 17:13:07",1
"Frustration","a2bec9ef-28a6-41cb-937b-adaf51dd5ca7","2025-03-29 17:13:07","a2bec9ef-28a6-41cb-937b-adaf51dd5ca7","2025-03-29 17:13:07",1
"Wunsch","a2bec9ef-28a6-41cb-937b-adaf51dd5ca7","2025-03-29 17:13:07","a2bec9ef-28a6-41cb-937b-adaf51dd5ca7","2025-03-29 17:13:07",1
"Omnibusfahrer","a2bec9ef-28a6-41cb-937b-adaf51dd5ca7","2025-03-29 17:13:07","a2bec9ef-28a6-41cb-937b-adaf51dd5ca7","2025-03-29 17:13:07",1
"Complaints (Rhetoric)","a2bec9ef-28a6-41cb-937b-adaf51dd5ca7","2025-03-29 17:13:07","a2bec9ef-28a6-41cb-937b-adaf51dd5ca7","2025-03-29 17:13:07",1
"Tauben","a2bec9ef-28a6-41cb-937b-adaf51dd5ca7","2025-03-29 17:13:07","a2bec9ef-28a6-41cb-937b-adaf51dd5ca7","2025-03-29 17:13:07",1
"Pleading","a2bec9ef-28a6-41cb-937b-adaf51dd5ca7","2025-03-29 17:13:07","a2bec9ef-28a6-41cb-937b-adaf51dd5ca7","2025-03-29 17:13:07",1
"Persuasion (Rhetoric)","a2bec9ef-28a6-41cb-937b-adaf51dd5ca7","2025-03-29 17:13:07","a2bec9ef-28a6-41cb-937b-adaf51dd5ca7","2025-03-29 17:13:07",1
"Trucks","a2bec9ef-28a6-41cb-937b-adaf51dd5ca7","2025-03-29 17:13:07","a2bec9ef-28a6-41cb-937b-adaf51dd5ca7","2025-03-29 17:13:07",1
"Buses","a2bec9ef-28a6-41cb-937b-adaf51dd5ca7","2025-03-29 17:13:07","a2bec9ef-28a6-41cb-937b-adaf51dd5ca7","2025-03-29 17:13:07",1
"Begging","a2bec9ef-28a6-41cb-937b-adaf51dd5ca7","2025-03-29 17:13:07","a2bec9ef-28a6-41cb-937b-adaf51dd5ca7","2025-03-29 17:13:07",1
"Bribery","a2bec9ef-28a6-41cb-937b-adaf51dd5ca7","2025-03-29 17:13:07","a2bec9ef-28a6-41cb-937b-adaf51dd5ca7","2025-03-29 17:13:07",1
"Conducteurs d'autobus","a2bec9ef-28a6-41cb-937b-adaf51dd5ca7","2025-03-29 17:13:07","a2bec9ef-28a6-41cb-937b-adaf51dd5ca7","2025-03-29 17:13:07",1
"Disappointment","a2bec9ef-28a6-41cb-937b-adaf51dd5ca7","2025-03-29 17:13:07","a2bec9ef-28a6-41cb-937b-adaf51dd5ca7","2025-03-29 17:13:07",1
"Palomas","a2bec9ef-28a6-41cb-937b-adaf51dd5ca7","2025-03-29 17:13:07","a2bec9ef-28a6-41cb-937b-adaf51dd5ca7","2025-03-29 17:13:07",1
"Conductores de autobús","a2bec9ef-28a6-41cb-937b-adaf51dd5ca7","2025-03-29 17:13:07","a2bec9ef-28a6-41cb-937b-adaf51dd5ca7","2025-03-29 17:13:07",1
"collectionID:caldecotthonor00","a2bec9ef-28a6-41cb-937b-adaf51dd5ca7","2025-03-29 17:13:07","a2bec9ef-28a6-41cb-937b-adaf51dd5ca7","2025-03-29 17:13:07",1
"succubus","a2bec9ef-28a6-41cb-937b-adaf51dd5ca7","2025-03-29 17:13:07","a2bec9ef-28a6-41cb-937b-adaf51dd5ca7","2025-03-29 17:13:07",1
"nyt:combined-print-and-e-book-fiction=2017-07-30","a2bec9ef-28a6-41cb-937b-adaf51dd5ca7","2025-03-29 17:13:07","a2bec9ef-28a6-41cb-937b-adaf51dd5ca7","2025-03-29 17:13:07",1
"Imaginary Places","a2bec9ef-28a6-41cb-937b-adaf51dd5ca7","2025-03-29 17:13:07","a2bec9ef-28a6-41cb-937b-adaf51dd5ca7","2025-03-29 17:13:07",1
"Cell culture","a2bec9ef-28a6-41cb-937b-adaf51dd5ca7","2025-03-29 17:13:07","a2bec9ef-28a6-41cb-937b-adaf51dd5ca7","2025-03-29 17:13:07",1
"Research","a2bec9ef-28a6-41cb-937b-adaf51dd5ca7","2025-03-29 17:13:07","a2bec9ef-28a6-41cb-937b-adaf51dd5ca7","2025-03-29 17:13:07",1
"Health","a2bec9ef-28a6-41cb-937b-adaf51dd5ca7","2025-03-29 17:13:07","a2bec9ef-28a6-41cb-937b-adaf51dd5ca7","2025-03-29 17:13:07",1
"HeLa cells","a2bec9ef-28a6-41cb-937b-adaf51dd5ca7","2025-03-29 17:13:07","a2bec9ef-28a6-41cb-937b-adaf51dd5ca7","2025-03-29 17:13:07",1
"Medical ethics","a2bec9ef-28a6-41cb-937b-adaf51dd5ca7","2025-03-29 17:13:07","a2bec9ef-28a6-41cb-937b-adaf51dd5ca7","2025-03-29 17:13:07",1
"Human experimentation in medicine","a2bec9ef-28a6-41cb-937b-adaf51dd5ca7","2025-03-29 17:13:07","a2bec9ef-28a6-41cb-937b-adaf51dd5ca7","2025-03-29 17:13:07",1
"Lacks, Henrietta, -- 1920-1951 -- Health","a2bec9ef-28a6-41cb-937b-adaf51dd5ca7","2025-03-29 17:13:07","a2bec9ef-28a6-41cb-937b-adaf51dd5ca7","2025-03-29 17:13:07",1
"Cancer -- Patients -- Virginia -- Biography","a2bec9ef-28a6-41cb-937b-adaf51dd5ca7","2025-03-29 17:13:07","a2bec9ef-28a6-41cb-937b-adaf51dd5ca7","2025-03-29 17:13:07",1
"African American women -- History","a2bec9ef-28a6-41cb-937b-adaf51dd5ca7","2025-03-29 17:13:07","a2bec9ef-28a6-41cb-937b-adaf51dd5ca7","2025-03-29 17:13:07",1
"Human experimentation in medicine -- United States -- History","a2bec9ef-28a6-41cb-937b-adaf51dd5ca7","2025-03-29 17:13:07","a2bec9ef-28a6-41cb-937b-adaf51dd5ca7","2025-03-29 17:13:07",1
"Cancer -- Research","a2bec9ef-28a6-41cb-937b-adaf51dd5ca7","2025-03-29 17:13:07","a2bec9ef-28a6-41cb-937b-adaf51dd5ca7","2025-03-29 17:13:07",1
"Tissue Donors","a2bec9ef-28a6-41cb-937b-adaf51dd5ca7","2025-03-29 17:13:07","a2bec9ef-28a6-41cb-937b-adaf51dd5ca7","2025-03-29 17:13:07",1
"Patienter","a2bec9ef-28a6-41cb-937b-adaf51dd5ca7","2025-03-29 17:13:07","a2bec9ef-28a6-41cb-937b-adaf51dd5ca7","2025-03-29 17:13:07",1
"Forskning","a2bec9ef-28a6-41cb-937b-adaf51dd5ca7","2025-03-29 17:13:07","a2bec9ef-28a6-41cb-937b-adaf51dd5ca7","2025-03-29 17:13:07",1
"Cancerpatienter","a2bec9ef-28a6-41cb-937b-adaf51dd5ca7","2025-03-29 17:13:07","a2bec9ef-28a6-41cb-937b-adaf51dd5ca7","2025-03-29 17:13:07",1
"Zellkultur","a2bec9ef-28a6-41cb-937b-adaf51dd5ca7","2025-03-29 17:13:07","a2bec9ef-28a6-41cb-937b-adaf51dd5ca7","2025-03-29 17:13:07",1
"History, 20th Century","a2bec9ef-28a6-41cb-937b-adaf51dd5ca7","2025-03-29 17:13:07","a2bec9ef-28a6-41cb-937b-adaf51dd5ca7","2025-03-29 17:13:07",1
"Medicinska experiment på människor","a2bec9ef-28a6-41cb-937b-adaf51dd5ca7","2025-03-29 17:13:07","a2bec9ef-28a6-41cb-937b-adaf51dd5ca7","2025-03-29 17:13:07",1
"Cellodling","a2bec9ef-28a6-41cb-937b-adaf51dd5ca7","2025-03-29 17:13:07","a2bec9ef-28a6-41cb-937b-adaf51dd5ca7","2025-03-29 17:13:07",1
"Afro-amerikanskor","a2bec9ef-28a6-41cb-937b-adaf51dd5ca7","2025-03-29 17:13:07","a2bec9ef-28a6-41cb-937b-adaf51dd5ca7","2025-03-29 17:13:07",1
"Medicinsk teknik","a2bec9ef-28a6-41cb-937b-adaf51dd5ca7","2025-03-29 17:13:07","a2bec9ef-28a6-41cb-937b-adaf51dd5ca7","2025-03-29 17:13:07",1
"Cells","a2bec9ef-28a6-41cb-937b-adaf51dd5ca7","2025-03-29 17:13:07","a2bec9ef-28a6-41cb-937b-adaf51dd5ca7","2025-03-29 17:13:07",1
"Medicinhistoria","a2bec9ef-28a6-41cb-937b-adaf51dd5ca7","2025-03-29 17:13:07","a2bec9ef-28a6-41cb-937b-adaf51dd5ca7","2025-03-29 17:13:07",1
"Prejudice","a2bec9ef-28a6-41cb-937b-adaf51dd5ca7","2025-03-29 17:13:07","a2bec9ef-28a6-41cb-937b-adaf51dd5ca7","2025-03-29 17:13:07",1
"Hälsa","a2bec9ef-28a6-41cb-937b-adaf51dd5ca7","2025-03-29 17:13:07","a2bec9ef-28a6-41cb-937b-adaf51dd5ca7","2025-03-29 17:13:07",1
"HeLa-Zelle","a2bec9ef-28a6-41cb-937b-adaf51dd5ca7","2025-03-29 17:13:07","a2bec9ef-28a6-41cb-937b-adaf51dd5ca7","2025-03-29 17:13:07",1
"Human Experimentation","a2bec9ef-28a6-41cb-937b-adaf51dd5ca7","2025-03-29 17:13:07","a2bec9ef-28a6-41cb-937b-adaf51dd5ca7","2025-03-29 17:13:07",1
"Confidentiality","a2bec9ef-28a6-41cb-937b-adaf51dd5ca7","2025-03-29 17:13:07","a2bec9ef-28a6-41cb-937b-adaf51dd5ca7","2025-03-29 17:13:07",1
"Etik","a2bec9ef-28a6-41cb-937b-adaf51dd5ca7","2025-03-29 17:13:07","a2bec9ef-28a6-41cb-937b-adaf51dd5ca7","2025-03-29 17:13:07",1
"MEDICAL / Ethics","a2bec9ef-28a6-41cb-937b-adaf51dd5ca7","2025-03-29 17:13:07","a2bec9ef-28a6-41cb-937b-adaf51dd5ca7","2025-03-29 17:13:07",1
"Tissue and Organ Procurement","a2bec9ef-28a6-41cb-937b-adaf51dd5ca7","2025-03-29 17:13:07","a2bec9ef-28a6-41cb-937b-adaf51dd5ca7","2025-03-29 17:13:07",1
"Medizinische Ethik","a2bec9ef-28a6-41cb-937b-adaf51dd5ca7","2025-03-29 17:13:07","a2bec9ef-28a6-41cb-937b-adaf51dd5ca7","2025-03-29 17:13:07",1
"Cytologie","a2bec9ef-28a6-41cb-937b-adaf51dd5ca7","2025-03-29 17:13:07","a2bec9ef-28a6-41cb-937b-adaf51dd5ca7","2025-03-29 17:13:07",1
"Afro-amerikanska kvinnor","a2bec9ef-28a6-41cb-937b-adaf51dd5ca7","2025-03-29 17:13:07","a2bec9ef-28a6-41cb-937b-adaf51dd5ca7","2025-03-29 17:13:07",1
"medicine","a2bec9ef-28a6-41cb-937b-adaf51dd5ca7","2025-03-29 17:13:07","a2bec9ef-28a6-41cb-937b-adaf51dd5ca7","2025-03-29 17:13:07",1
"cervical cancer","a2bec9ef-28a6-41cb-937b-adaf51dd5ca7","2025-03-29 17:13:07","a2bec9ef-28a6-41cb-937b-adaf51dd5ca7","2025-03-29 17:13:07",1
"radiation","a2bec9ef-28a6-41cb-937b-adaf51dd5ca7","2025-03-29 17:13:07","a2bec9ef-28a6-41cb-937b-adaf51dd5ca7","2025-03-29 17:13:07",1
"effects of radiation","a2bec9ef-28a6-41cb-937b-adaf51dd5ca7","2025-03-29 17:13:07","a2bec9ef-28a6-41cb-937b-adaf51dd5ca7","2025-03-29 17:13:07",1
"polio","a2bec9ef-28a6-41cb-937b-adaf51dd5ca7","2025-03-29 17:13:07","a2bec9ef-28a6-41cb-937b-adaf51dd5ca7","2025-03-29 17:13:07",1
"vaccination","a2bec9ef-28a6-41cb-937b-adaf51dd5ca7","2025-03-29 17:13:07","a2bec9ef-28a6-41cb-937b-adaf51dd5ca7","2025-03-29 17:13:07",1
"nyt:combined_print_nonfiction=2012-03-03","a2bec9ef-28a6-41cb-937b-adaf51dd5ca7","2025-03-29 17:13:07","a2bec9ef-28a6-41cb-937b-adaf51dd5ca7","2025-03-29 17:13:07",1
"Hela Cells","a2bec9ef-28a6-41cb-937b-adaf51dd5ca7","2025-03-29 17:13:07","a2bec9ef-28a6-41cb-937b-adaf51dd5ca7","2025-03-29 17:13:07",1
"MEDICAL","a2bec9ef-28a6-41cb-937b-adaf51dd5ca7","2025-03-29 17:13:07","a2bec9ef-28a6-41cb-937b-adaf51dd5ca7","2025-03-29 17:13:07",1
"HeLa Cells","a2bec9ef-28a6-41cb-937b-adaf51dd5ca7","2025-03-29 17:13:07","a2bec9ef-28a6-41cb-937b-adaf51dd5ca7","2025-03-29 17:13:07",1
"University of South Alabama","a2bec9ef-28a6-41cb-937b-adaf51dd5ca7","2025-03-29 17:13:07","a2bec9ef-28a6-41cb-937b-adaf51dd5ca7","2025-03-29 17:13:07",1
"Cancer, patients, biography","a2bec9ef-28a6-41cb-937b-adaf51dd5ca7","2025-03-29 17:13:07","a2bec9ef-28a6-41cb-937b-adaf51dd5ca7","2025-03-29 17:13:07",1
"African american women","a2bec9ef-28a6-41cb-937b-adaf51dd5ca7","2025-03-29 17:13:07","a2bec9ef-28a6-41cb-937b-adaf51dd5ca7","2025-03-29 17:13:07",1
"Cancer, research","a2bec9ef-28a6-41cb-937b-adaf51dd5ca7","2025-03-29 17:13:07","a2bec9ef-28a6-41cb-937b-adaf51dd5ca7","2025-03-29 17:13:07",1
"Human experimentation in medicine, history","a2bec9ef-28a6-41cb-937b-adaf51dd5ca7","2025-03-29 17:13:07","a2bec9ef-28a6-41cb-937b-adaf51dd5ca7","2025-03-29 17:13:07",1
"Medical (incl. Patients)","a2bec9ef-28a6-41cb-937b-adaf51dd5ca7","2025-03-29 17:13:07","a2bec9ef-28a6-41cb-937b-adaf51dd5ca7","2025-03-29 17:13:07",1
"Cultural, Ethnic & Regional","a2bec9ef-28a6-41cb-937b-adaf51dd5ca7","2025-03-29 17:13:07","a2bec9ef-28a6-41cb-937b-adaf51dd5ca7","2025-03-29 17:13:07",1
"HEALTH & FITNESS","a2bec9ef-28a6-41cb-937b-adaf51dd5ca7","2025-03-29 17:13:07","a2bec9ef-28a6-41cb-937b-adaf51dd5ca7","2025-03-29 17:13:07",1
"Diseases","a2bec9ef-28a6-41cb-937b-adaf51dd5ca7","2025-03-29 17:13:07","a2bec9ef-28a6-41cb-937b-adaf51dd5ca7","2025-03-29 17:13:07",1
"44.01 history of medicine","a2bec9ef-28a6-41cb-937b-adaf51dd5ca7","2025-03-29 17:13:07","a2bec9ef-28a6-41cb-937b-adaf51dd5ca7","2025-03-29 17:13:07",1
"44.02 philosophy and ethics of medicine","a2bec9ef-28a6-41cb-937b-adaf51dd5ca7","2025-03-29 17:13:07","a2bec9ef-28a6-41cb-937b-adaf51dd5ca7","2025-03-29 17:13:07",1
"Hela cells","a2bec9ef-28a6-41cb-937b-adaf51dd5ca7","2025-03-29 17:13:07","a2bec9ef-28a6-41cb-937b-adaf51dd5ca7","2025-03-29 17:13:07",1
"Bioethics","a2bec9ef-28a6-41cb-937b-adaf51dd5ca7","2025-03-29 17:13:07","a2bec9ef-28a6-41cb-937b-adaf51dd5ca7","2025-03-29 17:13:07",1
"Human genetics","a2bec9ef-28a6-41cb-937b-adaf51dd5ca7","2025-03-29 17:13:07","a2bec9ef-28a6-41cb-937b-adaf51dd5ca7","2025-03-29 17:13:07",1
"Translational Medical Research","a2bec9ef-28a6-41cb-937b-adaf51dd5ca7","2025-03-29 17:13:07","a2bec9ef-28a6-41cb-937b-adaf51dd5ca7","2025-03-29 17:13:07",1
"Informed Consent","a2bec9ef-28a6-41cb-937b-adaf51dd5ca7","2025-03-29 17:13:07","a2bec9ef-28a6-41cb-937b-adaf51dd5ca7","2025-03-29 17:13:07",1
"Research Ethics","a2bec9ef-28a6-41cb-937b-adaf51dd5ca7","2025-03-29 17:13:07","a2bec9ef-28a6-41cb-937b-adaf51dd5ca7","2025-03-29 17:13:07",1
"Medical Ethics","a2bec9ef-28a6-41cb-937b-adaf51dd5ca7","2025-03-29 17:13:07","a2bec9ef-28a6-41cb-937b-adaf51dd5ca7","2025-03-29 17:13:07",1
"Cell Line","a2bec9ef-28a6-41cb-937b-adaf51dd5ca7","2025-03-29 17:13:07","a2bec9ef-28a6-41cb-937b-adaf51dd5ca7","2025-03-29 17:13:07",1
"HeLa-cellen","a2bec9ef-28a6-41cb-937b-adaf51dd5ca7","2025-03-29 17:13:07","a2bec9ef-28a6-41cb-937b-adaf51dd5ca7","2025-03-29 17:13:07",1
"Bio-ethiek","a2bec9ef-28a6-41cb-937b-adaf51dd5ca7","2025-03-29 17:13:07","a2bec9ef-28a6-41cb-937b-adaf51dd5ca7","2025-03-29 17:13:07",1
"Zwarten","a2bec9ef-28a6-41cb-937b-adaf51dd5ca7","2025-03-29 17:13:07","a2bec9ef-28a6-41cb-937b-adaf51dd5ca7","2025-03-29 17:13:07",1
"Antropogenetica","a2bec9ef-28a6-41cb-937b-adaf51dd5ca7","2025-03-29 17:13:07","a2bec9ef-28a6-41cb-937b-adaf51dd5ca7","2025-03-29 17:13:07",1
"Lacks, henrietta, -- 1920-1951 -- health","a2bec9ef-28a6-41cb-937b-adaf51dd5ca7","2025-03-29 17:13:07","a2bec9ef-28a6-41cb-937b-adaf51dd5ca7","2025-03-29 17:13:07",1
"Cancer -- patients -- virginia -- biography","a2bec9ef-28a6-41cb-937b-adaf51dd5ca7","2025-03-29 17:13:07","a2bec9ef-28a6-41cb-937b-adaf51dd5ca7","2025-03-29 17:13:07",1
"African american women -- history","a2bec9ef-28a6-41cb-937b-adaf51dd5ca7","2025-03-29 17:13:07","a2bec9ef-28a6-41cb-937b-adaf51dd5ca7","2025-03-29 17:13:07",1
"Human experimentation in medicine -- united states -- history","a2bec9ef-28a6-41cb-937b-adaf51dd5ca7","2025-03-29 17:13:07","a2bec9ef-28a6-41cb-937b-adaf51dd5ca7","2025-03-29 17:13:07",1
"Cancer -- research","a2bec9ef-28a6-41cb-937b-adaf51dd5ca7","2025-03-29 17:13:07","a2bec9ef-28a6-41cb-937b-adaf51dd5ca7","2025-03-29 17:13:07",1
"Tissue donors","a2bec9ef-28a6-41cb-937b-adaf51dd5ca7","2025-03-29 17:13:07","a2bec9ef-28a6-41cb-937b-adaf51dd5ca7","2025-03-29 17:13:07",1
"History, 20th century","a2bec9ef-28a6-41cb-937b-adaf51dd5ca7","2025-03-29 17:13:07","a2bec9ef-28a6-41cb-937b-adaf51dd5ca7","2025-03-29 17:13:07",1
"Hela-zelle","a2bec9ef-28a6-41cb-937b-adaf51dd5ca7","2025-03-29 17:13:07","a2bec9ef-28a6-41cb-937b-adaf51dd5ca7","2025-03-29 17:13:07",1
"Human experimentation","a2bec9ef-28a6-41cb-937b-adaf51dd5ca7","2025-03-29 17:13:07","a2bec9ef-28a6-41cb-937b-adaf51dd5ca7","2025-03-29 17:13:07",1
"Medical / ethics","a2bec9ef-28a6-41cb-937b-adaf51dd5ca7","2025-03-29 17:13:07","a2bec9ef-28a6-41cb-937b-adaf51dd5ca7","2025-03-29 17:13:07",1
"Tissue and organ procurement","a2bec9ef-28a6-41cb-937b-adaf51dd5ca7","2025-03-29 17:13:07","a2bec9ef-28a6-41cb-937b-adaf51dd5ca7","2025-03-29 17:13:07",1
"Medizinische ethik","a2bec9ef-28a6-41cb-937b-adaf51dd5ca7","2025-03-29 17:13:07","a2bec9ef-28a6-41cb-937b-adaf51dd5ca7","2025-03-29 17:13:07",1
"Cervical cancer","a2bec9ef-28a6-41cb-937b-adaf51dd5ca7","2025-03-29 17:13:07","a2bec9ef-28a6-41cb-937b-adaf51dd5ca7","2025-03-29 17:13:07",1
"Radiation","a2bec9ef-28a6-41cb-937b-adaf51dd5ca7","2025-03-29 17:13:07","a2bec9ef-28a6-41cb-937b-adaf51dd5ca7","2025-03-29 17:13:07",1
"Effects of radiation","a2bec9ef-28a6-41cb-937b-adaf51dd5ca7","2025-03-29 17:13:07","a2bec9ef-28a6-41cb-937b-adaf51dd5ca7","2025-03-29 17:13:07",1
"Polio","a2bec9ef-28a6-41cb-937b-adaf51dd5ca7","2025-03-29 17:13:07","a2bec9ef-28a6-41cb-937b-adaf51dd5ca7","2025-03-29 17:13:07",1
"Vaccination","a2bec9ef-28a6-41cb-937b-adaf51dd5ca7","2025-03-29 17:13:07","a2bec9ef-28a6-41cb-937b-adaf51dd5ca7","2025-03-29 17:13:07",1
"Nyt:combined_print_nonfiction=2012-03-03","a2bec9ef-28a6-41cb-937b-adaf51dd5ca7","2025-03-29 17:13:07","a2bec9ef-28a6-41cb-937b-adaf51dd5ca7","2025-03-29 17:13:07",1
"Medical","a2bec9ef-28a6-41cb-937b-adaf51dd5ca7","2025-03-29 17:13:07","a2bec9ef-28a6-41cb-937b-adaf51dd5ca7","2025-03-29 17:13:07",1
"University of south alabama","a2bec9ef-28a6-41cb-937b-adaf51dd5ca7","2025-03-29 17:13:07","a2bec9ef-28a6-41cb-937b-adaf51dd5ca7","2025-03-29 17:13:07",1
"Nature","a2bec9ef-28a6-41cb-937b-adaf51dd5ca7","2025-03-29 17:13:07","a2bec9ef-28a6-41cb-937b-adaf51dd5ca7","2025-03-29 17:13:07",1
"Psychotherapist and patient","a2bec9ef-28a6-41cb-937b-adaf51dd5ca7","2025-03-29 17:13:07","a2bec9ef-28a6-41cb-937b-adaf51dd5ca7","2025-03-29 17:13:07",1
"Social change","a2bec9ef-28a6-41cb-937b-adaf51dd5ca7","2025-03-29 17:13:07","a2bec9ef-28a6-41cb-937b-adaf51dd5ca7","2025-03-29 17:13:07",1
"Effect of human beings on","a2bec9ef-28a6-41cb-937b-adaf51dd5ca7","2025-03-29 17:13:07","a2bec9ef-28a6-41cb-937b-adaf51dd5ca7","2025-03-29 17:13:07",1
"Dreams -- Fiction","a2bec9ef-28a6-41cb-937b-adaf51dd5ca7","2025-03-29 17:13:07","a2bec9ef-28a6-41cb-937b-adaf51dd5ca7","2025-03-29 17:13:07",1
"Greek mythology","a2bec9ef-28a6-41cb-937b-adaf51dd5ca7","2025-03-29 17:13:07","a2bec9ef-28a6-41cb-937b-adaf51dd5ca7","2025-03-29 17:13:07",1
"Roman mythology","a2bec9ef-28a6-41cb-937b-adaf51dd5ca7","2025-03-29 17:13:07","a2bec9ef-28a6-41cb-937b-adaf51dd5ca7","2025-03-29 17:13:07",1
"Jackson, Percy (Fictitious character)","a2bec9ef-28a6-41cb-937b-adaf51dd5ca7","2025-03-29 17:13:07","a2bec9ef-28a6-41cb-937b-adaf51dd5ca7","2025-03-29 17:13:07",1
"giants","a2bec9ef-28a6-41cb-937b-adaf51dd5ca7","2025-03-29 17:13:07","a2bec9ef-28a6-41cb-937b-adaf51dd5ca7","2025-03-29 17:13:07",1
"Death (fictitious character : pratchett), fiction","a2bec9ef-28a6-41cb-937b-adaf51dd5ca7","2025-03-29 17:13:07","a2bec9ef-28a6-41cb-937b-adaf51dd5ca7","2025-03-29 17:13:07",1
"Comics & Graphic Novels - General","a2bec9ef-28a6-41cb-937b-adaf51dd5ca7","2025-03-29 17:13:07","a2bec9ef-28a6-41cb-937b-adaf51dd5ca7","2025-03-29 17:13:07",1
"JUVENILE FICTION / Social Themes / Friendship","a2bec9ef-28a6-41cb-937b-adaf51dd5ca7","2025-03-29 17:13:07","a2bec9ef-28a6-41cb-937b-adaf51dd5ca7","2025-03-29 17:13:07",1
"Halloween","a2bec9ef-28a6-41cb-937b-adaf51dd5ca7","2025-03-29 17:13:07","a2bec9ef-28a6-41cb-937b-adaf51dd5ca7","2025-03-29 17:13:07",1
"Production and direction","a2bec9ef-28a6-41cb-937b-adaf51dd5ca7","2025-03-29 17:13:07","a2bec9ef-28a6-41cb-937b-adaf51dd5ca7","2025-03-29 17:13:07",1
"Cloth or Hardcover","a2bec9ef-28a6-41cb-937b-adaf51dd5ca7","2025-03-29 17:13:07","a2bec9ef-28a6-41cb-937b-adaf51dd5ca7","2025-03-29 17:13:07",1
"Halloween, fiction","a2bec9ef-28a6-41cb-937b-adaf51dd5ca7","2025-03-29 17:13:07","a2bec9ef-28a6-41cb-937b-adaf51dd5ca7","2025-03-29 17:13:07",1
"Games, fiction","a2bec9ef-28a6-41cb-937b-adaf51dd5ca7","2025-03-29 17:13:07","a2bec9ef-28a6-41cb-937b-adaf51dd5ca7","2025-03-29 17:13:07",1
"Motion pictures, fiction","a2bec9ef-28a6-41cb-937b-adaf51dd5ca7","2025-03-29 17:13:07","a2bec9ef-28a6-41cb-937b-adaf51dd5ca7","2025-03-29 17:13:07",1
"Diary Fiction","a2bec9ef-28a6-41cb-937b-adaf51dd5ca7","2025-03-29 17:13:07","a2bec9ef-28a6-41cb-937b-adaf51dd5ca7","2025-03-29 17:13:07",1
"Diary Of A Wimpy Kid Book 11 Double Down","a2bec9ef-28a6-41cb-937b-adaf51dd5ca7","2025-03-29 17:13:07","a2bec9ef-28a6-41cb-937b-adaf51dd5ca7","2025-03-29 17:13:07",1
"Motion pictures -- Production and direction -- Fiction","a2bec9ef-28a6-41cb-937b-adaf51dd5ca7","2025-03-29 17:13:07","a2bec9ef-28a6-41cb-937b-adaf51dd5ca7","2025-03-29 17:13:07",1
"Halloween -- Fiction","a2bec9ef-28a6-41cb-937b-adaf51dd5ca7","2025-03-29 17:13:07","a2bec9ef-28a6-41cb-937b-adaf51dd5ca7","2025-03-29 17:13:07",1
"Motion pictures -- Production and direction -- Juvenile fiction","a2bec9ef-28a6-41cb-937b-adaf51dd5ca7","2025-03-29 17:13:07","a2bec9ef-28a6-41cb-937b-adaf51dd5ca7","2025-03-29 17:13:07",1
"Halloween -- Juvenile fiction","a2bec9ef-28a6-41cb-937b-adaf51dd5ca7","2025-03-29 17:13:07","a2bec9ef-28a6-41cb-937b-adaf51dd5ca7","2025-03-29 17:13:07",1
"Habitable planets","a2bec9ef-28a6-41cb-937b-adaf51dd5ca7","2025-03-29 17:13:07","a2bec9ef-28a6-41cb-937b-adaf51dd5ca7","2025-03-29 17:13:07",1
"nyt:combined-print-and-e-book-fiction=2020-05-24","a2bec9ef-28a6-41cb-937b-adaf51dd5ca7","2025-03-29 17:13:07","a2bec9ef-28a6-41cb-937b-adaf51dd5ca7","2025-03-29 17:13:07",1
"award:hugo_award=2021","a2bec9ef-28a6-41cb-937b-adaf51dd5ca7","2025-03-29 17:13:07","a2bec9ef-28a6-41cb-937b-adaf51dd5ca7","2025-03-29 17:13:07",1
"Brothers and sisters -- Juvenile fiction","a2bec9ef-28a6-41cb-937b-adaf51dd5ca7","2025-03-29 17:13:07","a2bec9ef-28a6-41cb-937b-adaf51dd5ca7","2025-03-29 17:13:07",1
"Violet Baudelaire (Fictional character)","a2bec9ef-28a6-41cb-937b-adaf51dd5ca7","2025-03-29 17:13:07","a2bec9ef-28a6-41cb-937b-adaf51dd5ca7","2025-03-29 17:13:07",1
"Récits humoristiques anglais","a2bec9ef-28a6-41cb-937b-adaf51dd5ca7","2025-03-29 17:13:07","a2bec9ef-28a6-41cb-937b-adaf51dd5ca7","2025-03-29 17:13:07",1
"Sunny Baudelaire (Fictional character)","a2bec9ef-28a6-41cb-937b-adaf51dd5ca7","2025-03-29 17:13:07","a2bec9ef-28a6-41cb-937b-adaf51dd5ca7","2025-03-29 17:13:07",1
"Klaus Baudelaire (Fictional character)","a2bec9ef-28a6-41cb-937b-adaf51dd5ca7","2025-03-29 17:13:07","a2bec9ef-28a6-41cb-937b-adaf51dd5ca7","2025-03-29 17:13:07",1
"Violet Baudelaire (Fictitious character)","a2bec9ef-28a6-41cb-937b-adaf51dd5ca7","2025-03-29 17:13:07","a2bec9ef-28a6-41cb-937b-adaf51dd5ca7","2025-03-29 17:13:07",1
"Klaus Baudelaire (Fictitious character)","a2bec9ef-28a6-41cb-937b-adaf51dd5ca7","2025-03-29 17:13:07","a2bec9ef-28a6-41cb-937b-adaf51dd5ca7","2025-03-29 17:13:07",1
"Sunny Baudelaire (Fictitious character)","a2bec9ef-28a6-41cb-937b-adaf51dd5ca7","2025-03-29 17:13:07","a2bec9ef-28a6-41cb-937b-adaf51dd5ca7","2025-03-29 17:13:07",1
"Foster home care, fiction","a2bec9ef-28a6-41cb-937b-adaf51dd5ca7","2025-03-29 17:13:07","a2bec9ef-28a6-41cb-937b-adaf51dd5ca7","2025-03-29 17:13:07",1
"Hermanos e hermanas","a2bec9ef-28a6-41cb-937b-adaf51dd5ca7","2025-03-29 17:13:07","a2bec9ef-28a6-41cb-937b-adaf51dd5ca7","2025-03-29 17:13:07",1
"Huerfanos","a2bec9ef-28a6-41cb-937b-adaf51dd5ca7","2025-03-29 17:13:07","a2bec9ef-28a6-41cb-937b-adaf51dd5ca7","2025-03-29 17:13:07",1
"Diffusion of innovations","a2bec9ef-28a6-41cb-937b-adaf51dd5ca7","2025-03-29 17:13:07","a2bec9ef-28a6-41cb-937b-adaf51dd5ca7","2025-03-29 17:13:07",1
"New products","a2bec9ef-28a6-41cb-937b-adaf51dd5ca7","2025-03-29 17:13:07","a2bec9ef-28a6-41cb-937b-adaf51dd5ca7","2025-03-29 17:13:07",1
"BUSINESS & ECONOMICS / Small Business","a2bec9ef-28a6-41cb-937b-adaf51dd5ca7","2025-03-29 17:13:07","a2bec9ef-28a6-41cb-937b-adaf51dd5ca7","2025-03-29 17:13:07",1
"POLITICAL SCIENCE / Public Policy / Economic Policy","a2bec9ef-28a6-41cb-937b-adaf51dd5ca7","2025-03-29 17:13:07","a2bec9ef-28a6-41cb-937b-adaf51dd5ca7","2025-03-29 17:13:07",1
"Small Business","a2bec9ef-28a6-41cb-937b-adaf51dd5ca7","2025-03-29 17:13:07","a2bec9ef-28a6-41cb-937b-adaf51dd5ca7","2025-03-29 17:13:07",1
"POLITICAL SCIENCE","a2bec9ef-28a6-41cb-937b-adaf51dd5ca7","2025-03-29 17:13:07","a2bec9ef-28a6-41cb-937b-adaf51dd5ca7","2025-03-29 17:13:07",1
"Public Policy","a2bec9ef-28a6-41cb-937b-adaf51dd5ca7","2025-03-29 17:13:07","a2bec9ef-28a6-41cb-937b-adaf51dd5ca7","2025-03-29 17:13:07",1
"Economic Policy","a2bec9ef-28a6-41cb-937b-adaf51dd5ca7","2025-03-29 17:13:07","a2bec9ef-28a6-41cb-937b-adaf51dd5ca7","2025-03-29 17:13:07",1
"Unternehmensgründung","a2bec9ef-28a6-41cb-937b-adaf51dd5ca7","2025-03-29 17:13:07","a2bec9ef-28a6-41cb-937b-adaf51dd5ca7","2025-03-29 17:13:07",1
"Geschäftsidee","a2bec9ef-28a6-41cb-937b-adaf51dd5ca7","2025-03-29 17:13:07","a2bec9ef-28a6-41cb-937b-adaf51dd5ca7","2025-03-29 17:13:07",1
"Produktinnovation","a2bec9ef-28a6-41cb-937b-adaf51dd5ca7","2025-03-29 17:13:07","a2bec9ef-28a6-41cb-937b-adaf51dd5ca7","2025-03-29 17:13:07",1
"Pionierunternehmen","a2bec9ef-28a6-41cb-937b-adaf51dd5ca7","2025-03-29 17:13:07","a2bec9ef-28a6-41cb-937b-adaf51dd5ca7","2025-03-29 17:13:07",1
"Företagsetablering","a2bec9ef-28a6-41cb-937b-adaf51dd5ca7","2025-03-29 17:13:07","a2bec9ef-28a6-41cb-937b-adaf51dd5ca7","2025-03-29 17:13:07",1
"Entreprenörskap","a2bec9ef-28a6-41cb-937b-adaf51dd5ca7","2025-03-29 17:13:07","a2bec9ef-28a6-41cb-937b-adaf51dd5ca7","2025-03-29 17:13:07",1
"Innovationsspridning","a2bec9ef-28a6-41cb-937b-adaf51dd5ca7","2025-03-29 17:13:07","a2bec9ef-28a6-41cb-937b-adaf51dd5ca7","2025-03-29 17:13:07",1
"nyt:advice-how-to-and-miscellaneous=2014-10-05","a2bec9ef-28a6-41cb-937b-adaf51dd5ca7","2025-03-29 17:13:07","a2bec9ef-28a6-41cb-937b-adaf51dd5ca7","2025-03-29 17:13:07",1
"Hd62.5 .t525 2014","a2bec9ef-28a6-41cb-937b-adaf51dd5ca7","2025-03-29 17:13:07","a2bec9ef-28a6-41cb-937b-adaf51dd5ca7","2025-03-29 17:13:07",1
"658.1/1","a2bec9ef-28a6-41cb-937b-adaf51dd5ca7","2025-03-29 17:13:07","a2bec9ef-28a6-41cb-937b-adaf51dd5ca7","2025-03-29 17:13:07",1
"Bus025000 bus060000 pol024000","a2bec9ef-28a6-41cb-937b-adaf51dd5ca7","2025-03-29 17:13:07","a2bec9ef-28a6-41cb-937b-adaf51dd5ca7","2025-03-29 17:13:07",1
"western cattle drives","a2bec9ef-28a6-41cb-937b-adaf51dd5ca7","2025-03-29 17:13:07","a2bec9ef-28a6-41cb-937b-adaf51dd5ca7","2025-03-29 17:13:07",1
"cowboys","a2bec9ef-28a6-41cb-937b-adaf51dd5ca7","2025-03-29 17:13:07","a2bec9ef-28a6-41cb-937b-adaf51dd5ca7","2025-03-29 17:13:07",1
"Western Fiction","a2bec9ef-28a6-41cb-937b-adaf51dd5ca7","2025-03-29 17:13:07","a2bec9ef-28a6-41cb-937b-adaf51dd5ca7","2025-03-29 17:13:07",1
"Fiction - Historical","a2bec9ef-28a6-41cb-937b-adaf51dd5ca7","2025-03-29 17:13:07","a2bec9ef-28a6-41cb-937b-adaf51dd5ca7","2025-03-29 17:13:07",1
"Texas Rangers","a2bec9ef-28a6-41cb-937b-adaf51dd5ca7","2025-03-29 17:13:07","a2bec9ef-28a6-41cb-937b-adaf51dd5ca7","2025-03-29 17:13:07",1
"Cattle drives","a2bec9ef-28a6-41cb-937b-adaf51dd5ca7","2025-03-29 17:13:07","a2bec9ef-28a6-41cb-937b-adaf51dd5ca7","2025-03-29 17:13:07",1
"Western stories","a2bec9ef-28a6-41cb-937b-adaf51dd5ca7","2025-03-29 17:13:07","a2bec9ef-28a6-41cb-937b-adaf51dd5ca7","2025-03-29 17:13:07",1
"Roman américain","a2bec9ef-28a6-41cb-937b-adaf51dd5ca7","2025-03-29 17:13:07","a2bec9ef-28a6-41cb-937b-adaf51dd5ca7","2025-03-29 17:13:07",1
"Cattle drives -- Fiction","a2bec9ef-28a6-41cb-937b-adaf51dd5ca7","2025-03-29 17:13:07","a2bec9ef-28a6-41cb-937b-adaf51dd5ca7","2025-03-29 17:13:07",1
"Fiction, westerns","a2bec9ef-28a6-41cb-937b-adaf51dd5ca7","2025-03-29 17:13:07","a2bec9ef-28a6-41cb-937b-adaf51dd5ca7","2025-03-29 17:13:07",1
"West (u.s.), fiction","a2bec9ef-28a6-41cb-937b-adaf51dd5ca7","2025-03-29 17:13:07","a2bec9ef-28a6-41cb-937b-adaf51dd5ca7","2025-03-29 17:13:07",1
"Call, woodrow (fictitious character), fiction","a2bec9ef-28a6-41cb-937b-adaf51dd5ca7","2025-03-29 17:13:07","a2bec9ef-28a6-41cb-937b-adaf51dd5ca7","2025-03-29 17:13:07",1
"Mccrae, augustus (fictitious character), fiction","a2bec9ef-28a6-41cb-937b-adaf51dd5ca7","2025-03-29 17:13:07","a2bec9ef-28a6-41cb-937b-adaf51dd5ca7","2025-03-29 17:13:07",1
"Fiction, romance, western","a2bec9ef-28a6-41cb-937b-adaf51dd5ca7","2025-03-29 17:13:07","a2bec9ef-28a6-41cb-937b-adaf51dd5ca7","2025-03-29 17:13:07",1
"nyt:childrens-middle-grade-hardcover=2016-09-18","a2bec9ef-28a6-41cb-937b-adaf51dd5ca7","2025-03-29 17:13:07","a2bec9ef-28a6-41cb-937b-adaf51dd5ca7","2025-03-29 17:13:07",1
"nyt:graphic-books-and-manga=2021-09-12","a2bec9ef-28a6-41cb-937b-adaf51dd5ca7","2025-03-29 17:13:07","a2bec9ef-28a6-41cb-937b-adaf51dd5ca7","2025-03-29 17:13:07",1
"comic","a2bec9ef-28a6-41cb-937b-adaf51dd5ca7","2025-03-29 17:13:07","a2bec9ef-28a6-41cb-937b-adaf51dd5ca7","2025-03-29 17:13:07",1
"Policia","a2bec9ef-28a6-41cb-937b-adaf51dd5ca7","2025-03-29 17:13:07","a2bec9ef-28a6-41cb-937b-adaf51dd5ca7","2025-03-29 17:13:07",1
"nyt:childrens-middle-grade-e-book=2016-09-18","a2bec9ef-28a6-41cb-937b-adaf51dd5ca7","2025-03-29 17:13:07","a2bec9ef-28a6-41cb-937b-adaf51dd5ca7","2025-03-29 17:13:07",1
"Materiał w Języku Polskim","a2bec9ef-28a6-41cb-937b-adaf51dd5ca7","2025-03-29 17:13:07","a2bec9ef-28a6-41cb-937b-adaf51dd5ca7","2025-03-29 17:13:07",1
"Polish language","a2bec9ef-28a6-41cb-937b-adaf51dd5ca7","2025-03-29 17:13:07","a2bec9ef-28a6-41cb-937b-adaf51dd5ca7","2025-03-29 17:13:07",1
"JUVENILE FICTION -- Social Issues -- Friendship","a2bec9ef-28a6-41cb-937b-adaf51dd5ca7","2025-03-29 17:13:07","a2bec9ef-28a6-41cb-937b-adaf51dd5ca7","2025-03-29 17:13:07",1
"Wimpy kid","a2bec9ef-28a6-41cb-937b-adaf51dd5ca7","2025-03-29 17:13:07","a2bec9ef-28a6-41cb-937b-adaf51dd5ca7","2025-03-29 17:13:07",1
"official","a2bec9ef-28a6-41cb-937b-adaf51dd5ca7","2025-03-29 17:13:07","a2bec9ef-28a6-41cb-937b-adaf51dd5ca7","2025-03-29 17:13:07",1
"jeff kinney","a2bec9ef-28a6-41cb-937b-adaf51dd5ca7","2025-03-29 17:13:07","a2bec9ef-28a6-41cb-937b-adaf51dd5ca7","2025-03-29 17:13:07",1
"Holocaust survivors","a2bec9ef-28a6-41cb-937b-adaf51dd5ca7","2025-03-29 17:13:07","a2bec9ef-28a6-41cb-937b-adaf51dd5ca7","2025-03-29 17:13:07",1
"Children of holocaust survivors","a2bec9ef-28a6-41cb-937b-adaf51dd5ca7","2025-03-29 17:13:07","a2bec9ef-28a6-41cb-937b-adaf51dd5ca7","2025-03-29 17:13:07",1
"Holocaust, jewish (1939-1945)","a2bec9ef-28a6-41cb-937b-adaf51dd5ca7","2025-03-29 17:13:07","a2bec9ef-28a6-41cb-937b-adaf51dd5ca7","2025-03-29 17:13:07",1
"Nazis","a2bec9ef-28a6-41cb-937b-adaf51dd5ca7","2025-03-29 17:13:07","a2bec9ef-28a6-41cb-937b-adaf51dd5ca7","2025-03-29 17:13:07",1
"Jewish Personal narratives","a2bec9ef-28a6-41cb-937b-adaf51dd5ca7","2025-03-29 17:13:07","a2bec9ef-28a6-41cb-937b-adaf51dd5ca7","2025-03-29 17:13:07",1
"Survivors","a2bec9ef-28a6-41cb-937b-adaf51dd5ca7","2025-03-29 17:13:07","a2bec9ef-28a6-41cb-937b-adaf51dd5ca7","2025-03-29 17:13:07",1
"Überlebender","a2bec9ef-28a6-41cb-937b-adaf51dd5ca7","2025-03-29 17:13:07","a2bec9ef-28a6-41cb-937b-adaf51dd5ca7","2025-03-29 17:13:07",1
"Pariser Friedenskonferenz 1919-1920 Paris Polish Delegation gnd","a2bec9ef-28a6-41cb-937b-adaf51dd5ca7","2025-03-29 17:13:07","a2bec9ef-28a6-41cb-937b-adaf51dd5ca7","2025-03-29 17:13:07",1
"World war, 1939-1945, personal narratives, jewish","a2bec9ef-28a6-41cb-937b-adaf51dd5ca7","2025-03-29 17:13:07","a2bec9ef-28a6-41cb-937b-adaf51dd5ca7","2025-03-29 17:13:07",1
"nyt:hardcover-graphic-books=2012-08-19","a2bec9ef-28a6-41cb-937b-adaf51dd5ca7","2025-03-29 17:13:07","a2bec9ef-28a6-41cb-937b-adaf51dd5ca7","2025-03-29 17:13:07",1
"Comicbooks, strips","a2bec9ef-28a6-41cb-937b-adaf51dd5ca7","2025-03-29 17:13:07","a2bec9ef-28a6-41cb-937b-adaf51dd5ca7","2025-03-29 17:13:07",1
"Collections from individual artists","a2bec9ef-28a6-41cb-937b-adaf51dd5ca7","2025-03-29 17:13:07","a2bec9ef-28a6-41cb-937b-adaf51dd5ca7","2025-03-29 17:13:07",1
"American strip cartoons","a2bec9ef-28a6-41cb-937b-adaf51dd5ca7","2025-03-29 17:13:07","a2bec9ef-28a6-41cb-937b-adaf51dd5ca7","2025-03-29 17:13:07",1
"nyt:paperback_graphic_books=2011-09-17","a2bec9ef-28a6-41cb-937b-adaf51dd5ca7","2025-03-29 17:13:07","a2bec9ef-28a6-41cb-937b-adaf51dd5ca7","2025-03-29 17:13:07",1
"Bandes dessinées","a2bec9ef-28a6-41cb-937b-adaf51dd5ca7","2025-03-29 17:13:07","a2bec9ef-28a6-41cb-937b-adaf51dd5ca7","2025-03-29 17:13:07",1
"Poland","a2bec9ef-28a6-41cb-937b-adaf51dd5ca7","2025-03-29 17:13:07","a2bec9ef-28a6-41cb-937b-adaf51dd5ca7","2025-03-29 17:13:07",1
"Survivants de l'Holocauste","a2bec9ef-28a6-41cb-937b-adaf51dd5ca7","2025-03-29 17:13:07","a2bec9ef-28a6-41cb-937b-adaf51dd5ca7","2025-03-29 17:13:07",1
"Comics & graphic novels, religious","a2bec9ef-28a6-41cb-937b-adaf51dd5ca7","2025-03-29 17:13:07","a2bec9ef-28a6-41cb-937b-adaf51dd5ca7","2025-03-29 17:13:07",1
"collectionID:MausBan","a2bec9ef-28a6-41cb-937b-adaf51dd5ca7","2025-03-29 17:13:07","a2bec9ef-28a6-41cb-937b-adaf51dd5ca7","2025-03-29 17:13:07",1
"Banned books","a2bec9ef-28a6-41cb-937b-adaf51dd5ca7","2025-03-29 17:13:07","a2bec9ef-28a6-41cb-937b-adaf51dd5ca7","2025-03-29 17:13:07",1
"Comic","a2bec9ef-28a6-41cb-937b-adaf51dd5ca7","2025-03-29 17:13:07","a2bec9ef-28a6-41cb-937b-adaf51dd5ca7","2025-03-29 17:13:07",1
"moving on","a2bec9ef-28a6-41cb-937b-adaf51dd5ca7","2025-03-29 17:13:07","a2bec9ef-28a6-41cb-937b-adaf51dd5ca7","2025-03-29 17:13:07",1
"healing","a2bec9ef-28a6-41cb-937b-adaf51dd5ca7","2025-03-29 17:13:07","a2bec9ef-28a6-41cb-937b-adaf51dd5ca7","2025-03-29 17:13:07",1
"Historias de amor","a2bec9ef-28a6-41cb-937b-adaf51dd5ca7","2025-03-29 17:13:07","a2bec9ef-28a6-41cb-937b-adaf51dd5ca7","2025-03-29 17:13:07",1
"Ficció histórica","a2bec9ef-28a6-41cb-937b-adaf51dd5ca7","2025-03-29 17:13:07","a2bec9ef-28a6-41cb-937b-adaf51dd5ca7","2025-03-29 17:13:07",1
"Colombian fiction","a2bec9ef-28a6-41cb-937b-adaf51dd5ca7","2025-03-29 17:13:07","a2bec9ef-28a6-41cb-937b-adaf51dd5ca7","2025-03-29 17:13:07",1
"Cuentos del amor","a2bec9ef-28a6-41cb-937b-adaf51dd5ca7","2025-03-29 17:13:07","a2bec9ef-28a6-41cb-937b-adaf51dd5ca7","2025-03-29 17:13:07",1
"Reading Group Guide","a2bec9ef-28a6-41cb-937b-adaf51dd5ca7","2025-03-29 17:13:07","a2bec9ef-28a6-41cb-937b-adaf51dd5ca7","2025-03-29 17:13:07",1
"Novela española","a2bec9ef-28a6-41cb-937b-adaf51dd5ca7","2025-03-29 17:13:07","a2bec9ef-28a6-41cb-937b-adaf51dd5ca7","2025-03-29 17:13:07",1
"Amor no correspondido","a2bec9ef-28a6-41cb-937b-adaf51dd5ca7","2025-03-29 17:13:07","a2bec9ef-28a6-41cb-937b-adaf51dd5ca7","2025-03-29 17:13:07",1
"Unrequited love","a2bec9ef-28a6-41cb-937b-adaf51dd5ca7","2025-03-29 17:13:07","a2bec9ef-28a6-41cb-937b-adaf51dd5ca7","2025-03-29 17:13:07",1
"Latin American fiction","a2bec9ef-28a6-41cb-937b-adaf51dd5ca7","2025-03-29 17:13:07","a2bec9ef-28a6-41cb-937b-adaf51dd5ca7","2025-03-29 17:13:07",1
"Spanish-American literature","a2bec9ef-28a6-41cb-937b-adaf51dd5ca7","2025-03-29 17:13:07","a2bec9ef-28a6-41cb-937b-adaf51dd5ca7","2025-03-29 17:13:07",1
"Translations from Spanish","a2bec9ef-28a6-41cb-937b-adaf51dd5ca7","2025-03-29 17:13:07","a2bec9ef-28a6-41cb-937b-adaf51dd5ca7","2025-03-29 17:13:07",1
"Oprah's Reading Book Club selection","a2bec9ef-28a6-41cb-937b-adaf51dd5ca7","2025-03-29 17:13:07","a2bec9ef-28a6-41cb-937b-adaf51dd5ca7","2025-03-29 17:13:07",1
"Nouvelles","a2bec9ef-28a6-41cb-937b-adaf51dd5ca7","2025-03-29 17:13:07","a2bec9ef-28a6-41cb-937b-adaf51dd5ca7","2025-03-29 17:13:07",1
"Fiction (fictional works by one author)","a2bec9ef-28a6-41cb-937b-adaf51dd5ca7","2025-03-29 17:13:07","a2bec9ef-28a6-41cb-937b-adaf51dd5ca7","2025-03-29 17:13:07",1
"Colombia, fiction","a2bec9ef-28a6-41cb-937b-adaf51dd5ca7","2025-03-29 17:13:07","a2bec9ef-28a6-41cb-937b-adaf51dd5ca7","2025-03-29 17:13:07",1
"hunting","a2bec9ef-28a6-41cb-937b-adaf51dd5ca7","2025-03-29 17:13:07","a2bec9ef-28a6-41cb-937b-adaf51dd5ca7","2025-03-29 17:13:07",1
"foodies","a2bec9ef-28a6-41cb-937b-adaf51dd5ca7","2025-03-29 17:13:07","a2bec9ef-28a6-41cb-937b-adaf51dd5ca7","2025-03-29 17:13:07",1
"feral pigs","a2bec9ef-28a6-41cb-937b-adaf51dd5ca7","2025-03-29 17:13:07","a2bec9ef-28a6-41cb-937b-adaf51dd5ca7","2025-03-29 17:13:07",1
"wild mushrooms","a2bec9ef-28a6-41cb-937b-adaf51dd5ca7","2025-03-29 17:13:07","a2bec9ef-28a6-41cb-937b-adaf51dd5ca7","2025-03-29 17:13:07",1
"abalone","a2bec9ef-28a6-41cb-937b-adaf51dd5ca7","2025-03-29 17:13:07","a2bec9ef-28a6-41cb-937b-adaf51dd5ca7","2025-03-29 17:13:07",1
"salads","a2bec9ef-28a6-41cb-937b-adaf51dd5ca7","2025-03-29 17:13:07","a2bec9ef-28a6-41cb-937b-adaf51dd5ca7","2025-03-29 17:13:07",1
"leaf vegetables","a2bec9ef-28a6-41cb-937b-adaf51dd5ca7","2025-03-29 17:13:07","a2bec9ef-28a6-41cb-937b-adaf51dd5ca7","2025-03-29 17:13:07",1
"sourdough","a2bec9ef-28a6-41cb-937b-adaf51dd5ca7","2025-03-29 17:13:07","a2bec9ef-28a6-41cb-937b-adaf51dd5ca7","2025-03-29 17:13:07",1
"wild yeast","a2bec9ef-28a6-41cb-937b-adaf51dd5ca7","2025-03-29 17:13:07","a2bec9ef-28a6-41cb-937b-adaf51dd5ca7","2025-03-29 17:13:07",1
"cherries","a2bec9ef-28a6-41cb-937b-adaf51dd5ca7","2025-03-29 17:13:07","a2bec9ef-28a6-41cb-937b-adaf51dd5ca7","2025-03-29 17:13:07",1
"Whole Foods Market","a2bec9ef-28a6-41cb-937b-adaf51dd5ca7","2025-03-29 17:13:07","a2bec9ef-28a6-41cb-937b-adaf51dd5ca7","2025-03-29 17:13:07",1
"omnivores","a2bec9ef-28a6-41cb-937b-adaf51dd5ca7","2025-03-29 17:13:07","a2bec9ef-28a6-41cb-937b-adaf51dd5ca7","2025-03-29 17:13:07",1
"food chains","a2bec9ef-28a6-41cb-937b-adaf51dd5ca7","2025-03-29 17:13:07","a2bec9ef-28a6-41cb-937b-adaf51dd5ca7","2025-03-29 17:13:07",1
"organic food","a2bec9ef-28a6-41cb-937b-adaf51dd5ca7","2025-03-29 17:13:07","a2bec9ef-28a6-41cb-937b-adaf51dd5ca7","2025-03-29 17:13:07",1
"American cuisine","a2bec9ef-28a6-41cb-937b-adaf51dd5ca7","2025-03-29 17:13:07","a2bec9ef-28a6-41cb-937b-adaf51dd5ca7","2025-03-29 17:13:07",1
"nyt:paperback_nonfiction=2008-10-04","a2bec9ef-28a6-41cb-937b-adaf51dd5ca7","2025-03-29 17:13:07","a2bec9ef-28a6-41cb-937b-adaf51dd5ca7","2025-03-29 17:13:07",1
"GT2850","a2bec9ef-28a6-41cb-937b-adaf51dd5ca7","2025-03-29 17:13:07","a2bec9ef-28a6-41cb-937b-adaf51dd5ca7","2025-03-29 17:13:07",1
"Habitudes alimentaires","a2bec9ef-28a6-41cb-937b-adaf51dd5ca7","2025-03-29 17:13:07","a2bec9ef-28a6-41cb-937b-adaf51dd5ca7","2025-03-29 17:13:07",1
"Feeding Behavior","a2bec9ef-28a6-41cb-937b-adaf51dd5ca7","2025-03-29 17:13:07","a2bec9ef-28a6-41cb-937b-adaf51dd5ca7","2025-03-29 17:13:07",1
"Ernährungsgewohnheit","a2bec9ef-28a6-41cb-937b-adaf51dd5ca7","2025-03-29 17:13:07","a2bec9ef-28a6-41cb-937b-adaf51dd5ca7","2025-03-29 17:13:07",1
"Préférences alimentaires","a2bec9ef-28a6-41cb-937b-adaf51dd5ca7","2025-03-29 17:13:07","a2bec9ef-28a6-41cb-937b-adaf51dd5ca7","2025-03-29 17:13:07",1
"Ernährungsökologie","a2bec9ef-28a6-41cb-937b-adaf51dd5ca7","2025-03-29 17:13:07","a2bec9ef-28a6-41cb-937b-adaf51dd5ca7","2025-03-29 17:13:07",1
"Eating customs","a2bec9ef-28a6-41cb-937b-adaf51dd5ca7","2025-03-29 17:13:07","a2bec9ef-28a6-41cb-937b-adaf51dd5ca7","2025-03-29 17:13:07",1
"Nahrungskette","a2bec9ef-28a6-41cb-937b-adaf51dd5ca7","2025-03-29 17:13:07","a2bec9ef-28a6-41cb-937b-adaf51dd5ca7","2025-03-29 17:13:07",1
"Food chains (ecology)","a2bec9ef-28a6-41cb-937b-adaf51dd5ca7","2025-03-29 17:13:07","a2bec9ef-28a6-41cb-937b-adaf51dd5ca7","2025-03-29 17:13:07",1
"COOKING","a2bec9ef-28a6-41cb-937b-adaf51dd5ca7","2025-03-29 17:13:07","a2bec9ef-28a6-41cb-937b-adaf51dd5ca7","2025-03-29 17:13:07",1
"Diet & Nutrition","a2bec9ef-28a6-41cb-937b-adaf51dd5ca7","2025-03-29 17:13:07","a2bec9ef-28a6-41cb-937b-adaf51dd5ca7","2025-03-29 17:13:07",1
"Nutrition","a2bec9ef-28a6-41cb-937b-adaf51dd5ca7","2025-03-29 17:13:07","a2bec9ef-28a6-41cb-937b-adaf51dd5ca7","2025-03-29 17:13:07",1
"Agriculture & Food","a2bec9ef-28a6-41cb-937b-adaf51dd5ca7","2025-03-29 17:13:07","a2bec9ef-28a6-41cb-937b-adaf51dd5ca7","2025-03-29 17:13:07",1
"Essgewohnheit","a2bec9ef-28a6-41cb-937b-adaf51dd5ca7","2025-03-29 17:13:07","a2bec9ef-28a6-41cb-937b-adaf51dd5ca7","2025-03-29 17:13:07",1
"Kochen","a2bec9ef-28a6-41cb-937b-adaf51dd5ca7","2025-03-29 17:13:07","a2bec9ef-28a6-41cb-937b-adaf51dd5ca7","2025-03-29 17:13:07",1
"COOKING / History","a2bec9ef-28a6-41cb-937b-adaf51dd5ca7","2025-03-29 17:13:07","a2bec9ef-28a6-41cb-937b-adaf51dd5ca7","2025-03-29 17:13:07",1
"HEALTH & FITNESS / Diet & Nutrition / Nutrition","a2bec9ef-28a6-41cb-937b-adaf51dd5ca7","2025-03-29 17:13:07","a2bec9ef-28a6-41cb-937b-adaf51dd5ca7","2025-03-29 17:13:07",1
"SOCIAL SCIENCE / Agriculture & Food","a2bec9ef-28a6-41cb-937b-adaf51dd5ca7","2025-03-29 17:13:07","a2bec9ef-28a6-41cb-937b-adaf51dd5ca7","2025-03-29 17:13:07",1
"Biological evolution","a2bec9ef-28a6-41cb-937b-adaf51dd5ca7","2025-03-29 17:13:07","a2bec9ef-28a6-41cb-937b-adaf51dd5ca7","2025-03-29 17:13:07",1
"Maaltijden","a2bec9ef-28a6-41cb-937b-adaf51dd5ca7","2025-03-29 17:13:07","a2bec9ef-28a6-41cb-937b-adaf51dd5ca7","2025-03-29 17:13:07",1
"Eetcultuur","a2bec9ef-28a6-41cb-937b-adaf51dd5ca7","2025-03-29 17:13:07","a2bec9ef-28a6-41cb-937b-adaf51dd5ca7","2025-03-29 17:13:07",1
"Hábitos alimentares","a2bec9ef-28a6-41cb-937b-adaf51dd5ca7","2025-03-29 17:13:07","a2bec9ef-28a6-41cb-937b-adaf51dd5ca7","2025-03-29 17:13:07",1
"Gt2850 .p65 2006","a2bec9ef-28a6-41cb-937b-adaf51dd5ca7","2025-03-29 17:13:07","a2bec9ef-28a6-41cb-937b-adaf51dd5ca7","2025-03-29 17:13:07",1
"Gt 2850 p65 2006","a2bec9ef-28a6-41cb-937b-adaf51dd5ca7","2025-03-29 17:13:07","a2bec9ef-28a6-41cb-937b-adaf51dd5ca7","2025-03-29 17:13:07",1
"394.1/2","a2bec9ef-28a6-41cb-937b-adaf51dd5ca7","2025-03-29 17:13:07","a2bec9ef-28a6-41cb-937b-adaf51dd5ca7","2025-03-29 17:13:07",1
"Food supply","a2bec9ef-28a6-41cb-937b-adaf51dd5ca7","2025-03-29 17:13:07","a2bec9ef-28a6-41cb-937b-adaf51dd5ca7","2025-03-29 17:13:07",1
"Food supply -- Juvenile literature","a2bec9ef-28a6-41cb-937b-adaf51dd5ca7","2025-03-29 17:13:07","a2bec9ef-28a6-41cb-937b-adaf51dd5ca7","2025-03-29 17:13:07",1
"Food chains (Ecology) -- Juvenile literature","a2bec9ef-28a6-41cb-937b-adaf51dd5ca7","2025-03-29 17:13:07","a2bec9ef-28a6-41cb-937b-adaf51dd5ca7","2025-03-29 17:13:07",1
"Food supply, juvenile literature","a2bec9ef-28a6-41cb-937b-adaf51dd5ca7","2025-03-29 17:13:07","a2bec9ef-28a6-41cb-937b-adaf51dd5ca7","2025-03-29 17:13:07",1
"Ecology","a2bec9ef-28a6-41cb-937b-adaf51dd5ca7","2025-03-29 17:13:07","a2bec9ef-28a6-41cb-937b-adaf51dd5ca7","2025-03-29 17:13:07",1
"Ecology, juvenile literature","a2bec9ef-28a6-41cb-937b-adaf51dd5ca7","2025-03-29 17:13:07","a2bec9ef-28a6-41cb-937b-adaf51dd5ca7","2025-03-29 17:13:07",1
"Food industry and trade","a2bec9ef-28a6-41cb-937b-adaf51dd5ca7","2025-03-29 17:13:07","a2bec9ef-28a6-41cb-937b-adaf51dd5ca7","2025-03-29 17:13:07",1
"Aliments","a2bec9ef-28a6-41cb-937b-adaf51dd5ca7","2025-03-29 17:13:07","a2bec9ef-28a6-41cb-937b-adaf51dd5ca7","2025-03-29 17:13:07",1
"Foods","a2bec9ef-28a6-41cb-937b-adaf51dd5ca7","2025-03-29 17:13:07","a2bec9ef-28a6-41cb-937b-adaf51dd5ca7","2025-03-29 17:13:07",1
"Feeding habits","a2bec9ef-28a6-41cb-937b-adaf51dd5ca7","2025-03-29 17:13:07","a2bec9ef-28a6-41cb-937b-adaf51dd5ca7","2025-03-29 17:13:07",1
"Matkultur","a2bec9ef-28a6-41cb-937b-adaf51dd5ca7","2025-03-29 17:13:07","a2bec9ef-28a6-41cb-937b-adaf51dd5ca7","2025-03-29 17:13:07",1
"Livsmedelskonsumtion","a2bec9ef-28a6-41cb-937b-adaf51dd5ca7","2025-03-29 17:13:07","a2bec9ef-28a6-41cb-937b-adaf51dd5ca7","2025-03-29 17:13:07",1
"Préférences alimentaires","a2bec9ef-28a6-41cb-937b-adaf51dd5ca7","2025-03-29 17:13:07","a2bec9ef-28a6-41cb-937b-adaf51dd5ca7","2025-03-29 17:13:07",1
"Alimentos -- Preferencias","a2bec9ef-28a6-41cb-937b-adaf51dd5ca7","2025-03-29 17:13:07","a2bec9ef-28a6-41cb-937b-adaf51dd5ca7","2025-03-29 17:13:07",1
"COOKING -- History","a2bec9ef-28a6-41cb-937b-adaf51dd5ca7","2025-03-29 17:13:07","a2bec9ef-28a6-41cb-937b-adaf51dd5ca7","2025-03-29 17:13:07",1
"HEALTH & FITNESS -- Diet & Nutrition -- Nutrition","a2bec9ef-28a6-41cb-937b-adaf51dd5ca7","2025-03-29 17:13:07","a2bec9ef-28a6-41cb-937b-adaf51dd5ca7","2025-03-29 17:13:07",1
"SOCIAL SCIENCE -- Anthropology","a2bec9ef-28a6-41cb-937b-adaf51dd5ca7","2025-03-29 17:13:07","a2bec9ef-28a6-41cb-937b-adaf51dd5ca7","2025-03-29 17:13:07",1
"Hábitos alimenticios","a2bec9ef-28a6-41cb-937b-adaf51dd5ca7","2025-03-29 17:13:07","a2bec9ef-28a6-41cb-937b-adaf51dd5ca7","2025-03-29 17:13:07",1
"Werewolves","a2bec9ef-28a6-41cb-937b-adaf51dd5ca7","2025-03-29 17:13:07","a2bec9ef-28a6-41cb-937b-adaf51dd5ca7","2025-03-29 17:13:07",1
"Vampiros","a2bec9ef-28a6-41cb-937b-adaf51dd5ca7","2025-03-29 17:13:07","a2bec9ef-28a6-41cb-937b-adaf51dd5ca7","2025-03-29 17:13:07",1
"Hombres lobo","a2bec9ef-28a6-41cb-937b-adaf51dd5ca7","2025-03-29 17:13:07","a2bec9ef-28a6-41cb-937b-adaf51dd5ca7","2025-03-29 17:13:07",1
"Washington (State)","a2bec9ef-28a6-41cb-937b-adaf51dd5ca7","2025-03-29 17:13:07","a2bec9ef-28a6-41cb-937b-adaf51dd5ca7","2025-03-29 17:13:07",1
"nyt:series_books=2008-03-15","a2bec9ef-28a6-41cb-937b-adaf51dd5ca7","2025-03-29 17:13:07","a2bec9ef-28a6-41cb-937b-adaf51dd5ca7","2025-03-29 17:13:07",1
"Vampires -- Fiction","a2bec9ef-28a6-41cb-937b-adaf51dd5ca7","2025-03-29 17:13:07","a2bec9ef-28a6-41cb-937b-adaf51dd5ca7","2025-03-29 17:13:07",1
"Werewolves -- Fiction","a2bec9ef-28a6-41cb-937b-adaf51dd5ca7","2025-03-29 17:13:07","a2bec9ef-28a6-41cb-937b-adaf51dd5ca7","2025-03-29 17:13:07",1
"High schools -- Fiction","a2bec9ef-28a6-41cb-937b-adaf51dd5ca7","2025-03-29 17:13:07","a2bec9ef-28a6-41cb-937b-adaf51dd5ca7","2025-03-29 17:13:07",1
"Vampires -- Juvenile fiction","a2bec9ef-28a6-41cb-937b-adaf51dd5ca7","2025-03-29 17:13:07","a2bec9ef-28a6-41cb-937b-adaf51dd5ca7","2025-03-29 17:13:07",1
"Werewolves -- Juvenile fiction","a2bec9ef-28a6-41cb-937b-adaf51dd5ca7","2025-03-29 17:13:07","a2bec9ef-28a6-41cb-937b-adaf51dd5ca7","2025-03-29 17:13:07",1
"High schools -- Juvenile fiction","a2bec9ef-28a6-41cb-937b-adaf51dd5ca7","2025-03-29 17:13:07","a2bec9ef-28a6-41cb-937b-adaf51dd5ca7","2025-03-29 17:13:07",1
"Washington (State) -- Fiction","a2bec9ef-28a6-41cb-937b-adaf51dd5ca7","2025-03-29 17:13:07","a2bec9ef-28a6-41cb-937b-adaf51dd5ca7","2025-03-29 17:13:07",1
"Washington (State) -- Juvenile fiction","a2bec9ef-28a6-41cb-937b-adaf51dd5ca7","2025-03-29 17:13:07","a2bec9ef-28a6-41cb-937b-adaf51dd5ca7","2025-03-29 17:13:07",1
"Skolan","a2bec9ef-28a6-41cb-937b-adaf51dd5ca7","2025-03-29 17:13:07","a2bec9ef-28a6-41cb-937b-adaf51dd5ca7","2025-03-29 17:13:07",1
"Kärlek","a2bec9ef-28a6-41cb-937b-adaf51dd5ca7","2025-03-29 17:13:07","a2bec9ef-28a6-41cb-937b-adaf51dd5ca7","2025-03-29 17:13:07",1
"Vampyrer","a2bec9ef-28a6-41cb-937b-adaf51dd5ca7","2025-03-29 17:13:07","a2bec9ef-28a6-41cb-937b-adaf51dd5ca7","2025-03-29 17:13:07",1
"Paranormal, Occult & Supernatural","a2bec9ef-28a6-41cb-937b-adaf51dd5ca7","2025-03-29 17:13:07","a2bec9ef-28a6-41cb-937b-adaf51dd5ca7","2025-03-29 17:13:07",1
"Vampires, fiction","a2bec9ef-28a6-41cb-937b-adaf51dd5ca7","2025-03-29 17:13:07","a2bec9ef-28a6-41cb-937b-adaf51dd5ca7","2025-03-29 17:13:07",1
"Werewolves, fiction","a2bec9ef-28a6-41cb-937b-adaf51dd5ca7","2025-03-29 17:13:07","a2bec9ef-28a6-41cb-937b-adaf51dd5ca7","2025-03-29 17:13:07",1
"Washington (state), fiction","a2bec9ef-28a6-41cb-937b-adaf51dd5ca7","2025-03-29 17:13:07","a2bec9ef-28a6-41cb-937b-adaf51dd5ca7","2025-03-29 17:13:07",1
"School & Education","a2bec9ef-28a6-41cb-937b-adaf51dd5ca7","2025-03-29 17:13:07","a2bec9ef-28a6-41cb-937b-adaf51dd5ca7","2025-03-29 17:13:07",1
"nyt:series_books=2010-07-11","a2bec9ef-28a6-41cb-937b-adaf51dd5ca7","2025-03-29 17:13:07","a2bec9ef-28a6-41cb-937b-adaf51dd5ca7","2025-03-29 17:13:07",1
"Edward Cullen (Fictitious character)","a2bec9ef-28a6-41cb-937b-adaf51dd5ca7","2025-03-29 17:13:07","a2bec9ef-28a6-41cb-937b-adaf51dd5ca7","2025-03-29 17:13:07",1
"Bella Swan (Fictitious character)","a2bec9ef-28a6-41cb-937b-adaf51dd5ca7","2025-03-29 17:13:07","a2bec9ef-28a6-41cb-937b-adaf51dd5ca7","2025-03-29 17:13:07",1
"Vietnamese fiction","a2bec9ef-28a6-41cb-937b-adaf51dd5ca7","2025-03-29 17:13:07","a2bec9ef-28a6-41cb-937b-adaf51dd5ca7","2025-03-29 17:13:07",1
"Cullen, Edward (Personnage fictif)","a2bec9ef-28a6-41cb-937b-adaf51dd5ca7","2025-03-29 17:13:07","a2bec9ef-28a6-41cb-937b-adaf51dd5ca7","2025-03-29 17:13:07",1
"Young adult fiction, romance, general","a2bec9ef-28a6-41cb-937b-adaf51dd5ca7","2025-03-29 17:13:07","a2bec9ef-28a6-41cb-937b-adaf51dd5ca7","2025-03-29 17:13:07",1
"Young adult fiction, fantasy, general","a2bec9ef-28a6-41cb-937b-adaf51dd5ca7","2025-03-29 17:13:07","a2bec9ef-28a6-41cb-937b-adaf51dd5ca7","2025-03-29 17:13:07",1
"Loups-garous","a2bec9ef-28a6-41cb-937b-adaf51dd5ca7","2025-03-29 17:13:07","a2bec9ef-28a6-41cb-937b-adaf51dd5ca7","2025-03-29 17:13:07",1
"nyt:combined-print-and-e-book-fiction=2014-03-23","a2bec9ef-28a6-41cb-937b-adaf51dd5ca7","2025-03-29 17:13:07","a2bec9ef-28a6-41cb-937b-adaf51dd5ca7","2025-03-29 17:13:07",1
"Great powers","a2bec9ef-28a6-41cb-937b-adaf51dd5ca7","2025-03-29 17:13:07","a2bec9ef-28a6-41cb-937b-adaf51dd5ca7","2025-03-29 17:13:07",1
"Grandes puissances","a2bec9ef-28a6-41cb-937b-adaf51dd5ca7","2025-03-29 17:13:07","a2bec9ef-28a6-41cb-937b-adaf51dd5ca7","2025-03-29 17:13:07",1
"Aslan the Lion (Fictitious character)","a2bec9ef-28a6-41cb-937b-adaf51dd5ca7","2025-03-29 17:13:07","a2bec9ef-28a6-41cb-937b-adaf51dd5ca7","2025-03-29 17:13:07",1
"JUVENILE FICTION / Action & Adventure","a2bec9ef-28a6-41cb-937b-adaf51dd5ca7","2025-03-29 17:13:07","a2bec9ef-28a6-41cb-937b-adaf51dd5ca7","2025-03-29 17:13:07",1
"Lion, fiction","a2bec9ef-28a6-41cb-937b-adaf51dd5ca7","2025-03-29 17:13:07","a2bec9ef-28a6-41cb-937b-adaf51dd5ca7","2025-03-29 17:13:07",1
"romans","a2bec9ef-28a6-41cb-937b-adaf51dd5ca7","2025-03-29 17:13:07","a2bec9ef-28a6-41cb-937b-adaf51dd5ca7","2025-03-29 17:13:07",1
"magie","a2bec9ef-28a6-41cb-937b-adaf51dd5ca7","2025-03-29 17:13:07","a2bec9ef-28a6-41cb-937b-adaf51dd5ca7","2025-03-29 17:13:07",1
"Scottish Children’s Book Award winner","a2bec9ef-28a6-41cb-937b-adaf51dd5ca7","2025-03-29 17:13:07","a2bec9ef-28a6-41cb-937b-adaf51dd5ca7","2025-03-29 17:13:07",1
"British Book of the Year Award winner","a2bec9ef-28a6-41cb-937b-adaf51dd5ca7","2025-03-29 17:13:07","a2bec9ef-28a6-41cb-937b-adaf51dd5ca7","2025-03-29 17:13:07",1
"nyt:series_books=2006-07-15","a2bec9ef-28a6-41cb-937b-adaf51dd5ca7","2025-03-29 17:13:07","a2bec9ef-28a6-41cb-937b-adaf51dd5ca7","2025-03-29 17:13:07",1
"Bengali Detective and mystery stories","a2bec9ef-28a6-41cb-937b-adaf51dd5ca7","2025-03-29 17:13:07","a2bec9ef-28a6-41cb-937b-adaf51dd5ca7","2025-03-29 17:13:07",1
"Fantasiewelt","a2bec9ef-28a6-41cb-937b-adaf51dd5ca7","2025-03-29 17:13:07","a2bec9ef-28a6-41cb-937b-adaf51dd5ca7","2025-03-29 17:13:07",1
"Warlocks","a2bec9ef-28a6-41cb-937b-adaf51dd5ca7","2025-03-29 17:13:07","a2bec9ef-28a6-41cb-937b-adaf51dd5ca7","2025-03-29 17:13:07",1
"Slaughtering and slaughter-houses","a2bec9ef-28a6-41cb-937b-adaf51dd5ca7","2025-03-29 17:13:07","a2bec9ef-28a6-41cb-937b-adaf51dd5ca7","2025-03-29 17:13:07",1
"Lithuanian Americans","a2bec9ef-28a6-41cb-937b-adaf51dd5ca7","2025-03-29 17:13:07","a2bec9ef-28a6-41cb-937b-adaf51dd5ca7","2025-03-29 17:13:07",1
"Historical Fiction","a2bec9ef-28a6-41cb-937b-adaf51dd5ca7","2025-03-29 17:13:07","a2bec9ef-28a6-41cb-937b-adaf51dd5ca7","2025-03-29 17:13:07",1
"Emigration and immigration","a2bec9ef-28a6-41cb-937b-adaf51dd5ca7","2025-03-29 17:13:07","a2bec9ef-28a6-41cb-937b-adaf51dd5ca7","2025-03-29 17:13:07",1
"Packing-houses","a2bec9ef-28a6-41cb-937b-adaf51dd5ca7","2025-03-29 17:13:07","a2bec9ef-28a6-41cb-937b-adaf51dd5ca7","2025-03-29 17:13:07",1
"Stockyards","a2bec9ef-28a6-41cb-937b-adaf51dd5ca7","2025-03-29 17:13:07","a2bec9ef-28a6-41cb-937b-adaf51dd5ca7","2025-03-29 17:13:07",1
"Meat industry and trade","a2bec9ef-28a6-41cb-937b-adaf51dd5ca7","2025-03-29 17:13:07","a2bec9ef-28a6-41cb-937b-adaf51dd5ca7","2025-03-29 17:13:07",1
"Working class","a2bec9ef-28a6-41cb-937b-adaf51dd5ca7","2025-03-29 17:13:07","a2bec9ef-28a6-41cb-937b-adaf51dd5ca7","2025-03-29 17:13:07",1
"Beef industry","a2bec9ef-28a6-41cb-937b-adaf51dd5ca7","2025-03-29 17:13:07","a2bec9ef-28a6-41cb-937b-adaf51dd5ca7","2025-03-29 17:13:07",1
"Immigrants","a2bec9ef-28a6-41cb-937b-adaf51dd5ca7","2025-03-29 17:13:07","a2bec9ef-28a6-41cb-937b-adaf51dd5ca7","2025-03-29 17:13:07",1
"Meat industry","a2bec9ef-28a6-41cb-937b-adaf51dd5ca7","2025-03-29 17:13:07","a2bec9ef-28a6-41cb-937b-adaf51dd5ca7","2025-03-29 17:13:07",1
"Capitalism","a2bec9ef-28a6-41cb-937b-adaf51dd5ca7","2025-03-29 17:13:07","a2bec9ef-28a6-41cb-937b-adaf51dd5ca7","2025-03-29 17:13:07",1
"Trade unions","a2bec9ef-28a6-41cb-937b-adaf51dd5ca7","2025-03-29 17:13:07","a2bec9ef-28a6-41cb-937b-adaf51dd5ca7","2025-03-29 17:13:07",1
"Lithuanians in the United States","a2bec9ef-28a6-41cb-937b-adaf51dd5ca7","2025-03-29 17:13:07","a2bec9ef-28a6-41cb-937b-adaf51dd5ca7","2025-03-29 17:13:07",1
"Law and legislation","a2bec9ef-28a6-41cb-937b-adaf51dd5ca7","2025-03-29 17:13:07","a2bec9ef-28a6-41cb-937b-adaf51dd5ca7","2025-03-29 17:13:07",1
"Slaughtering and slaughterhouses","a2bec9ef-28a6-41cb-937b-adaf51dd5ca7","2025-03-29 17:13:07","a2bec9ef-28a6-41cb-937b-adaf51dd5ca7","2025-03-29 17:13:07",1
"Corruption (in politics)","a2bec9ef-28a6-41cb-937b-adaf51dd5ca7","2025-03-29 17:13:07","a2bec9ef-28a6-41cb-937b-adaf51dd5ca7","2025-03-29 17:13:07",1
"Illinois, fiction","a2bec9ef-28a6-41cb-937b-adaf51dd5ca7","2025-03-29 17:13:07","a2bec9ef-28a6-41cb-937b-adaf51dd5ca7","2025-03-29 17:13:07",1
"Lithuania, fiction","a2bec9ef-28a6-41cb-937b-adaf51dd5ca7","2025-03-29 17:13:07","a2bec9ef-28a6-41cb-937b-adaf51dd5ca7","2025-03-29 17:13:07",1
"Fiction, history and criticism, 20th century","a2bec9ef-28a6-41cb-937b-adaf51dd5ca7","2025-03-29 17:13:07","a2bec9ef-28a6-41cb-937b-adaf51dd5ca7","2025-03-29 17:13:07",1
"Chinese","a2bec9ef-28a6-41cb-937b-adaf51dd5ca7","2025-03-29 17:13:07","a2bec9ef-28a6-41cb-937b-adaf51dd5ca7","2025-03-29 17:13:07",1
"Korean","a2bec9ef-28a6-41cb-937b-adaf51dd5ca7","2025-03-29 17:13:07","a2bec9ef-28a6-41cb-937b-adaf51dd5ca7","2025-03-29 17:13:07",1
"Labor laws and legislation","a2bec9ef-28a6-41cb-937b-adaf51dd5ca7","2025-03-29 17:13:07","a2bec9ef-28a6-41cb-937b-adaf51dd5ca7","2025-03-29 17:13:07",1
"Labor supply","a2bec9ef-28a6-41cb-937b-adaf51dd5ca7","2025-03-29 17:13:07","a2bec9ef-28a6-41cb-937b-adaf51dd5ca7","2025-03-29 17:13:07",1
"Lithuanians","a2bec9ef-28a6-41cb-937b-adaf51dd5ca7","2025-03-29 17:13:07","a2bec9ef-28a6-41cb-937b-adaf51dd5ca7","2025-03-29 17:13:07",1
"Marchés aux bestiaux","a2bec9ef-28a6-41cb-937b-adaf51dd5ca7","2025-03-29 17:13:07","a2bec9ef-28a6-41cb-937b-adaf51dd5ca7","2025-03-29 17:13:07",1
"Travailleurs","a2bec9ef-28a6-41cb-937b-adaf51dd5ca7","2025-03-29 17:13:07","a2bec9ef-28a6-41cb-937b-adaf51dd5ca7","2025-03-29 17:13:07",1
"Américains d'origine lituanienne","a2bec9ef-28a6-41cb-937b-adaf51dd5ca7","2025-03-29 17:13:07","a2bec9ef-28a6-41cb-937b-adaf51dd5ca7","2025-03-29 17:13:07",1
"Sinclair, upton, 1878-1968","a2bec9ef-28a6-41cb-937b-adaf51dd5ca7","2025-03-29 17:13:07","a2bec9ef-28a6-41cb-937b-adaf51dd5ca7","2025-03-29 17:13:07",1
"Working class, fiction","a2bec9ef-28a6-41cb-937b-adaf51dd5ca7","2025-03-29 17:13:07","a2bec9ef-28a6-41cb-937b-adaf51dd5ca7","2025-03-29 17:13:07",1
"COMICS & GRAPHIC NOVELS / Historical Fiction","a2bec9ef-28a6-41cb-937b-adaf51dd5ca7","2025-03-29 17:13:07","a2bec9ef-28a6-41cb-937b-adaf51dd5ca7","2025-03-29 17:13:07",1
"COMICS & GRAPHIC NOVELS / Adaptations","a2bec9ef-28a6-41cb-937b-adaf51dd5ca7","2025-03-29 17:13:07","a2bec9ef-28a6-41cb-937b-adaf51dd5ca7","2025-03-29 17:13:07",1
"Bolivia, description and travel","a2bec9ef-28a6-41cb-937b-adaf51dd5ca7","2025-03-29 17:13:07","a2bec9ef-28a6-41cb-937b-adaf51dd5ca7","2025-03-29 17:13:07",1
"Lithuanian americans--comic books, strips, etc","a2bec9ef-28a6-41cb-937b-adaf51dd5ca7","2025-03-29 17:13:07","a2bec9ef-28a6-41cb-937b-adaf51dd5ca7","2025-03-29 17:13:07",1
"Working class--comic books, strips, etc","a2bec9ef-28a6-41cb-937b-adaf51dd5ca7","2025-03-29 17:13:07","a2bec9ef-28a6-41cb-937b-adaf51dd5ca7","2025-03-29 17:13:07",1
"Meat industry and trade--comic books, strips, etc","a2bec9ef-28a6-41cb-937b-adaf51dd5ca7","2025-03-29 17:13:07","a2bec9ef-28a6-41cb-937b-adaf51dd5ca7","2025-03-29 17:13:07",1
"Stockyards--comic books, strips, etc","a2bec9ef-28a6-41cb-937b-adaf51dd5ca7","2025-03-29 17:13:07","a2bec9ef-28a6-41cb-937b-adaf51dd5ca7","2025-03-29 17:13:07",1
"Immigrants--comic books, strips, etc","a2bec9ef-28a6-41cb-937b-adaf51dd5ca7","2025-03-29 17:13:07","a2bec9ef-28a6-41cb-937b-adaf51dd5ca7","2025-03-29 17:13:07",1
"Pn6790.g43 g44 2019","a2bec9ef-28a6-41cb-937b-adaf51dd5ca7","2025-03-29 17:13:07","a2bec9ef-28a6-41cb-937b-adaf51dd5ca7","2025-03-29 17:13:07",1
"741.5/943","a2bec9ef-28a6-41cb-937b-adaf51dd5ca7","2025-03-29 17:13:07","a2bec9ef-28a6-41cb-937b-adaf51dd5ca7","2025-03-29 17:13:07",1
"watchdogs","a2bec9ef-28a6-41cb-937b-adaf51dd5ca7","2025-03-29 17:13:07","a2bec9ef-28a6-41cb-937b-adaf51dd5ca7","2025-03-29 17:13:07",1
"motorcycling","a2bec9ef-28a6-41cb-937b-adaf51dd5ca7","2025-03-29 17:13:07","a2bec9ef-28a6-41cb-937b-adaf51dd5ca7","2025-03-29 17:13:07",1
"camping","a2bec9ef-28a6-41cb-937b-adaf51dd5ca7","2025-03-29 17:13:07","a2bec9ef-28a6-41cb-937b-adaf51dd5ca7","2025-03-29 17:13:07",1
"running away","a2bec9ef-28a6-41cb-937b-adaf51dd5ca7","2025-03-29 17:13:07","a2bec9ef-28a6-41cb-937b-adaf51dd5ca7","2025-03-29 17:13:07",1
"summer camp","a2bec9ef-28a6-41cb-937b-adaf51dd5ca7","2025-03-29 17:13:07","a2bec9ef-28a6-41cb-937b-adaf51dd5ca7","2025-03-29 17:13:07",1
"summer","a2bec9ef-28a6-41cb-937b-adaf51dd5ca7","2025-03-29 17:13:07","a2bec9ef-28a6-41cb-937b-adaf51dd5ca7","2025-03-29 17:13:07",1
"Mice -- Fiction","a2bec9ef-28a6-41cb-937b-adaf51dd5ca7","2025-03-29 17:13:07","a2bec9ef-28a6-41cb-937b-adaf51dd5ca7","2025-03-29 17:13:07",1
"camps","a2bec9ef-28a6-41cb-937b-adaf51dd5ca7","2025-03-29 17:13:07","a2bec9ef-28a6-41cb-937b-adaf51dd5ca7","2025-03-29 17:13:07",1
"Chapter Books","a2bec9ef-28a6-41cb-937b-adaf51dd5ca7","2025-03-29 17:13:07","a2bec9ef-28a6-41cb-937b-adaf51dd5ca7","2025-03-29 17:13:07",1
"social themes","a2bec9ef-28a6-41cb-937b-adaf51dd5ca7","2025-03-29 17:13:07","a2bec9ef-28a6-41cb-937b-adaf51dd5ca7","2025-03-29 17:13:07",1
"runaways","a2bec9ef-28a6-41cb-937b-adaf51dd5ca7","2025-03-29 17:13:07","a2bec9ef-28a6-41cb-937b-adaf51dd5ca7","2025-03-29 17:13:07",1
"Souris","a2bec9ef-28a6-41cb-937b-adaf51dd5ca7","2025-03-29 17:13:07","a2bec9ef-28a6-41cb-937b-adaf51dd5ca7","2025-03-29 17:13:07",1
"Runaways, fiction","a2bec9ef-28a6-41cb-937b-adaf51dd5ca7","2025-03-29 17:13:07","a2bec9ef-28a6-41cb-937b-adaf51dd5ca7","2025-03-29 17:13:07",1
"Suicide","a2bec9ef-28a6-41cb-937b-adaf51dd5ca7","2025-03-29 17:13:07","a2bec9ef-28a6-41cb-937b-adaf51dd5ca7","2025-03-29 17:13:07",1
"Suicide, fiction","a2bec9ef-28a6-41cb-937b-adaf51dd5ca7","2025-03-29 17:13:07","a2bec9ef-28a6-41cb-937b-adaf51dd5ca7","2025-03-29 17:13:07",1
"Indiana, fiction","a2bec9ef-28a6-41cb-937b-adaf51dd5ca7","2025-03-29 17:13:07","a2bec9ef-28a6-41cb-937b-adaf51dd5ca7","2025-03-29 17:13:07",1
"Manic-depressive illness in adolescence","a2bec9ef-28a6-41cb-937b-adaf51dd5ca7","2025-03-29 17:13:07","a2bec9ef-28a6-41cb-937b-adaf51dd5ca7","2025-03-29 17:13:07",1
"Emotional problems of teenagers","a2bec9ef-28a6-41cb-937b-adaf51dd5ca7","2025-03-29 17:13:07","a2bec9ef-28a6-41cb-937b-adaf51dd5ca7","2025-03-29 17:13:07",1
"Traffic accident victims","a2bec9ef-28a6-41cb-937b-adaf51dd5ca7","2025-03-29 17:13:07","a2bec9ef-28a6-41cb-937b-adaf51dd5ca7","2025-03-29 17:13:07",1
"Depression","a2bec9ef-28a6-41cb-937b-adaf51dd5ca7","2025-03-29 17:13:07","a2bec9ef-28a6-41cb-937b-adaf51dd5ca7","2025-03-29 17:13:07",1
"nyt:young-adult-paperback-monthly=2020-03-08","a2bec9ef-28a6-41cb-937b-adaf51dd5ca7","2025-03-29 17:13:07","a2bec9ef-28a6-41cb-937b-adaf51dd5ca7","2025-03-29 17:13:07",1
"Young adult fiction, social themes, death, grief, bereavement","a2bec9ef-28a6-41cb-937b-adaf51dd5ca7","2025-03-29 17:13:07","a2bec9ef-28a6-41cb-937b-adaf51dd5ca7","2025-03-29 17:13:07",1
"Young adult fiction, social themes, depression","a2bec9ef-28a6-41cb-937b-adaf51dd5ca7","2025-03-29 17:13:07","a2bec9ef-28a6-41cb-937b-adaf51dd5ca7","2025-03-29 17:13:07",1
"nyt:trade-fiction-paperback=2020-09-13","a2bec9ef-28a6-41cb-937b-adaf51dd5ca7","2025-03-29 17:13:07","a2bec9ef-28a6-41cb-937b-adaf51dd5ca7","2025-03-29 17:13:07",1
"Faith","a2bec9ef-28a6-41cb-937b-adaf51dd5ca7","2025-03-29 17:13:07","a2bec9ef-28a6-41cb-937b-adaf51dd5ca7","2025-03-29 17:13:07",1
"Black Teenage girls","a2bec9ef-28a6-41cb-937b-adaf51dd5ca7","2025-03-29 17:13:07","a2bec9ef-28a6-41cb-937b-adaf51dd5ca7","2025-03-29 17:13:07",1
"Environmental disasters","a2bec9ef-28a6-41cb-937b-adaf51dd5ca7","2025-03-29 17:13:07","a2bec9ef-28a6-41cb-937b-adaf51dd5ca7","2025-03-29 17:13:07",1
"COMICS & GRAPHIC NOVELS / Science Fiction","a2bec9ef-28a6-41cb-937b-adaf51dd5ca7","2025-03-29 17:13:07","a2bec9ef-28a6-41cb-937b-adaf51dd5ca7","2025-03-29 17:13:07",1
"African americans--fiction","a2bec9ef-28a6-41cb-937b-adaf51dd5ca7","2025-03-29 17:13:07","a2bec9ef-28a6-41cb-937b-adaf51dd5ca7","2025-03-29 17:13:07",1
"Twenty-first century--fiction","a2bec9ef-28a6-41cb-937b-adaf51dd5ca7","2025-03-29 17:13:07","a2bec9ef-28a6-41cb-937b-adaf51dd5ca7","2025-03-29 17:13:07",1
"Ps3552.u827 p37 2000","a2bec9ef-28a6-41cb-937b-adaf51dd5ca7","2025-03-29 17:13:07","a2bec9ef-28a6-41cb-937b-adaf51dd5ca7","2025-03-29 17:13:07",1
"investigation","a2bec9ef-28a6-41cb-937b-adaf51dd5ca7","2025-03-29 17:13:07","a2bec9ef-28a6-41cb-937b-adaf51dd5ca7","2025-03-29 17:13:07",1
"victim","a2bec9ef-28a6-41cb-937b-adaf51dd5ca7","2025-03-29 17:13:07","a2bec9ef-28a6-41cb-937b-adaf51dd5ca7","2025-03-29 17:13:07",1
"Mystery & Detective fiction","a2bec9ef-28a6-41cb-937b-adaf51dd5ca7","2025-03-29 17:13:07","a2bec9ef-28a6-41cb-937b-adaf51dd5ca7","2025-03-29 17:13:07",1
"crime fiction","a2bec9ef-28a6-41cb-937b-adaf51dd5ca7","2025-03-29 17:13:07","a2bec9ef-28a6-41cb-937b-adaf51dd5ca7","2025-03-29 17:13:07",1
"Unreliable Narrator","a2bec9ef-28a6-41cb-937b-adaf51dd5ca7","2025-03-29 17:13:07","a2bec9ef-28a6-41cb-937b-adaf51dd5ca7","2025-03-29 17:13:07",1
"Detective and mystery comic books, strips","a2bec9ef-28a6-41cb-937b-adaf51dd5ca7","2025-03-29 17:13:07","a2bec9ef-28a6-41cb-937b-adaf51dd5ca7","2025-03-29 17:13:07",1
"Poirot, Hercule (Personaje literaria)","a2bec9ef-28a6-41cb-937b-adaf51dd5ca7","2025-03-29 17:13:07","a2bec9ef-28a6-41cb-937b-adaf51dd5ca7","2025-03-29 17:13:07",1
"Detective and mystery stories, English","a2bec9ef-28a6-41cb-937b-adaf51dd5ca7","2025-03-29 17:13:07","a2bec9ef-28a6-41cb-937b-adaf51dd5ca7","2025-03-29 17:13:07",1
"Belgians -- England -- Fiction","a2bec9ef-28a6-41cb-937b-adaf51dd5ca7","2025-03-29 17:13:07","a2bec9ef-28a6-41cb-937b-adaf51dd5ca7","2025-03-29 17:13:07",1
"Poirot, Hercule (Fictitious character) -- Fiction","a2bec9ef-28a6-41cb-937b-adaf51dd5ca7","2025-03-29 17:13:07","a2bec9ef-28a6-41cb-937b-adaf51dd5ca7","2025-03-29 17:13:07",1
"Fiction, mystery & detective, cozy, general","a2bec9ef-28a6-41cb-937b-adaf51dd5ca7","2025-03-29 17:13:07","a2bec9ef-28a6-41cb-937b-adaf51dd5ca7","2025-03-29 17:13:07",1
"Fiction, mystery & detective, private investigators","a2bec9ef-28a6-41cb-937b-adaf51dd5ca7","2025-03-29 17:13:07","a2bec9ef-28a6-41cb-937b-adaf51dd5ca7","2025-03-29 17:13:07",1
"Tradition (Theology)","a2bec9ef-28a6-41cb-937b-adaf51dd5ca7","2025-03-29 17:13:07","a2bec9ef-28a6-41cb-937b-adaf51dd5ca7","2025-03-29 17:13:07",1
"Development of Dogma","a2bec9ef-28a6-41cb-937b-adaf51dd5ca7","2025-03-29 17:13:07","a2bec9ef-28a6-41cb-937b-adaf51dd5ca7","2025-03-29 17:13:07",1
"Church polity","a2bec9ef-28a6-41cb-937b-adaf51dd5ca7","2025-03-29 17:13:07","a2bec9ef-28a6-41cb-937b-adaf51dd5ca7","2025-03-29 17:13:07",1
"Life on other planets in fiction","a2bec9ef-28a6-41cb-937b-adaf51dd5ca7","2025-03-29 17:13:07","a2bec9ef-28a6-41cb-937b-adaf51dd5ca7","2025-03-29 17:13:07",1
"Soldiers in fiction","a2bec9ef-28a6-41cb-937b-adaf51dd5ca7","2025-03-29 17:13:07","a2bec9ef-28a6-41cb-937b-adaf51dd5ca7","2025-03-29 17:13:07",1
"Older men in fiction","a2bec9ef-28a6-41cb-937b-adaf51dd5ca7","2025-03-29 17:13:07","a2bec9ef-28a6-41cb-937b-adaf51dd5ca7","2025-03-29 17:13:07",1
"Space colonies in fiction","a2bec9ef-28a6-41cb-937b-adaf51dd5ca7","2025-03-29 17:13:07","a2bec9ef-28a6-41cb-937b-adaf51dd5ca7","2025-03-29 17:13:07",1
"black lives matter","a2bec9ef-28a6-41cb-937b-adaf51dd5ca7","2025-03-29 17:13:07","a2bec9ef-28a6-41cb-937b-adaf51dd5ca7","2025-03-29 17:13:07",1
"National Book Awards Longlist","a2bec9ef-28a6-41cb-937b-adaf51dd5ca7","2025-03-29 17:13:07","a2bec9ef-28a6-41cb-937b-adaf51dd5ca7","2025-03-29 17:13:07",1
"African American teenagers","a2bec9ef-28a6-41cb-937b-adaf51dd5ca7","2025-03-29 17:13:07","a2bec9ef-28a6-41cb-937b-adaf51dd5ca7","2025-03-29 17:13:07",1
"Police shootings","a2bec9ef-28a6-41cb-937b-adaf51dd5ca7","2025-03-29 17:13:07","a2bec9ef-28a6-41cb-937b-adaf51dd5ca7","2025-03-29 17:13:07",1
"Witnesses","a2bec9ef-28a6-41cb-937b-adaf51dd5ca7","2025-03-29 17:13:07","a2bec9ef-28a6-41cb-937b-adaf51dd5ca7","2025-03-29 17:13:07",1
"Police-community relations","a2bec9ef-28a6-41cb-937b-adaf51dd5ca7","2025-03-29 17:13:07","a2bec9ef-28a6-41cb-937b-adaf51dd5ca7","2025-03-29 17:13:07",1
"Prejudice & Racism","a2bec9ef-28a6-41cb-937b-adaf51dd5ca7","2025-03-29 17:13:07","a2bec9ef-28a6-41cb-937b-adaf51dd5ca7","2025-03-29 17:13:07",1
"racism","a2bec9ef-28a6-41cb-937b-adaf51dd5ca7","2025-03-29 17:13:07","a2bec9ef-28a6-41cb-937b-adaf51dd5ca7","2025-03-29 17:13:07",1
"social issues","a2bec9ef-28a6-41cb-937b-adaf51dd5ca7","2025-03-29 17:13:07","a2bec9ef-28a6-41cb-937b-adaf51dd5ca7","2025-03-29 17:13:07",1
"teen","a2bec9ef-28a6-41cb-937b-adaf51dd5ca7","2025-03-29 17:13:07","a2bec9ef-28a6-41cb-937b-adaf51dd5ca7","2025-03-29 17:13:07",1
"Race relations, fiction","a2bec9ef-28a6-41cb-937b-adaf51dd5ca7","2025-03-29 17:13:07","a2bec9ef-28a6-41cb-937b-adaf51dd5ca7","2025-03-29 17:13:07",1
"nyt:young-adult-hardcover=2017-03-19","a2bec9ef-28a6-41cb-937b-adaf51dd5ca7","2025-03-29 17:13:07","a2bec9ef-28a6-41cb-937b-adaf51dd5ca7","2025-03-29 17:13:07",1
"YOUNG ADULT FICTION / People & Places / United States / African American","a2bec9ef-28a6-41cb-937b-adaf51dd5ca7","2025-03-29 17:13:07","a2bec9ef-28a6-41cb-937b-adaf51dd5ca7","2025-03-29 17:13:07",1
"YOUNG ADULT FICTION / Social Themes / Emotions & Feelings","a2bec9ef-28a6-41cb-937b-adaf51dd5ca7","2025-03-29 17:13:07","a2bec9ef-28a6-41cb-937b-adaf51dd5ca7","2025-03-29 17:13:07",1
"YOUNG ADULT FICTION / Social Themes / Prejudice & Racism","a2bec9ef-28a6-41cb-937b-adaf51dd5ca7","2025-03-29 17:13:07","a2bec9ef-28a6-41cb-937b-adaf51dd5ca7","2025-03-29 17:13:07",1
"Computer programming","a2bec9ef-28a6-41cb-937b-adaf51dd5ca7","2025-03-29 17:13:07","a2bec9ef-28a6-41cb-937b-adaf51dd5ca7","2025-03-29 17:13:07",1
"Vocational education","a2bec9ef-28a6-41cb-937b-adaf51dd5ca7","2025-03-29 17:13:07","a2bec9ef-28a6-41cb-937b-adaf51dd5ca7","2025-03-29 17:13:07",1
"Projectmanagement","a2bec9ef-28a6-41cb-937b-adaf51dd5ca7","2025-03-29 17:13:07","a2bec9ef-28a6-41cb-937b-adaf51dd5ca7","2025-03-29 17:13:07",1
"Métodos ágeis","a2bec9ef-28a6-41cb-937b-adaf51dd5ca7","2025-03-29 17:13:07","a2bec9ef-28a6-41cb-937b-adaf51dd5ca7","2025-03-29 17:13:07",1
"Programmeren (computers)","a2bec9ef-28a6-41cb-937b-adaf51dd5ca7","2025-03-29 17:13:07","a2bec9ef-28a6-41cb-937b-adaf51dd5ca7","2025-03-29 17:13:07",1
"Beroepskwalificaties","a2bec9ef-28a6-41cb-937b-adaf51dd5ca7","2025-03-29 17:13:07","a2bec9ef-28a6-41cb-937b-adaf51dd5ca7","2025-03-29 17:13:07",1
"Engenharia de programas","a2bec9ef-28a6-41cb-937b-adaf51dd5ca7","2025-03-29 17:13:07","a2bec9ef-28a6-41cb-937b-adaf51dd5ca7","2025-03-29 17:13:07",1
"Qa76.6 .h857 1999","a2bec9ef-28a6-41cb-937b-adaf51dd5ca7","2025-03-29 17:13:07","a2bec9ef-28a6-41cb-937b-adaf51dd5ca7","2025-03-29 17:13:07",1
"005.1","a2bec9ef-28a6-41cb-937b-adaf51dd5ca7","2025-03-29 17:13:07","a2bec9ef-28a6-41cb-937b-adaf51dd5ca7","2025-03-29 17:13:07",1
"juvenile fantasy fiction","a2bec9ef-28a6-41cb-937b-adaf51dd5ca7","2025-03-29 17:13:07","a2bec9ef-28a6-41cb-937b-adaf51dd5ca7","2025-03-29 17:13:07",1
"Whitbread Book Award winner","a2bec9ef-28a6-41cb-937b-adaf51dd5ca7","2025-03-29 17:13:07","a2bec9ef-28a6-41cb-937b-adaf51dd5ca7","2025-03-29 17:13:07",1
"Potter, Harry (Caracter ficticio)","a2bec9ef-28a6-41cb-937b-adaf51dd5ca7","2025-03-29 17:13:07","a2bec9ef-28a6-41cb-937b-adaf51dd5ca7","2025-03-29 17:13:07",1
"Hogwarts School of Witchcraft and Wizardry (Lugar imaginario)","a2bec9ef-28a6-41cb-937b-adaf51dd5ca7","2025-03-29 17:13:07","a2bec9ef-28a6-41cb-937b-adaf51dd5ca7","2025-03-29 17:13:07",1
"Schulferien","a2bec9ef-28a6-41cb-937b-adaf51dd5ca7","2025-03-29 17:13:07","a2bec9ef-28a6-41cb-937b-adaf51dd5ca7","2025-03-29 17:13:07",1
"Verrat","a2bec9ef-28a6-41cb-937b-adaf51dd5ca7","2025-03-29 17:13:07","a2bec9ef-28a6-41cb-937b-adaf51dd5ca7","2025-03-29 17:13:07",1
"Lüge","a2bec9ef-28a6-41cb-937b-adaf51dd5ca7","2025-03-29 17:13:07","a2bec9ef-28a6-41cb-937b-adaf51dd5ca7","2025-03-29 17:13:07",1
"Rache","a2bec9ef-28a6-41cb-937b-adaf51dd5ca7","2025-03-29 17:13:07","a2bec9ef-28a6-41cb-937b-adaf51dd5ca7","2025-03-29 17:13:07",1
"Children stories","a2bec9ef-28a6-41cb-937b-adaf51dd5ca7","2025-03-29 17:13:07","a2bec9ef-28a6-41cb-937b-adaf51dd5ca7","2025-03-29 17:13:07",1
